cnpj_investidor,DENOM_SOCIAL,vl_cotas_fidc,n_fidcs_investidos,n_posicoes_ligadas,n_posicoes_ligacao_nao_informada
01597187000115,SPECIAL RENDA FIXA REFERENCIADO DI FUNDO DE INVESTIMENTO FINANCEIRO RESPONSABILIDADE LIMITADA,7539992037.84,22,0,0
26812171000109,MERCADO LIVRE FUNDO DE INVESTIMENTO FINANCEIRO MULTIMERCADO CRÉDITO PRIVADO RESPONSABILIDADE LIMITAD,6323662727.59,6,6,0
55859549000128,ZETA FUNDO DE INVESTIMENTO FINANCEIRO MULTIMERCADO,5165514461.120001,6,5,0
03389374000139,BB TOP RF ARROJADO FUNDO DE INVESTIMENTO FINANCEIRO RENDA FIXA LONGO PRAZO RESPONSABILIDADE LIMITADA,4410243232.780001,21,0,0
36643527000181,ATUAL - FUNDO DE INVESTIMENTO MULTIMERCADO CREDITO PRIVADO INVESTIMENTO NO EXTERIOR,3450813903.5,2,0,0
24018842000139,SCORPIO FIF MULTIMERCADO CRÉDITO PRIVADO INVESTIMENTO NO EXTERIOR,3421196658.78,3,0,0
25341064000187,ITAÚ WEALTH MASTER RENDA FIXA REFERENCIADO DI FUNDO DE INVESTIMENTO FINANCEIRO RESP LIMITADA,2795688274.4700003,20,0,0
46135530000148,EUV MASTER FUND FUNDO DE INVESTIMENTO FINANCEIRO,2178946912.83,1,1,0
26803603000115,SUNFLOWER FUNDO DE INVESTIMENTO FINANCEIRO MULTIMERCADO,2119565445.26,5,2,0
53293875000195,ITAÚ FUNDO DE INVESTIMENTO FINANCEIRO RENDA FIXA CRÉDITO PRIVADO - RESPONSABILIDADE LIMITADA,1955800615.92,1,0,0
28951125000116,PEROLA NEGRA FUNDO DE INVESTIMENTO FINANCEIRO MULTIMERCADO CRÉDITO PRIVADO RESPONSABILIDADE LIMITADA,1763260208.63,5,1,0
24774957000153,GAZIN FUNDO DE INVESTIMENTO MULTIMERCADO CRÉDITO PRIVADO,1685981886.42,1,1,0
61414981000108,ASPIS FUNDO DE INVESTIMENTO MULTIMERCADO CRÉDITO PRIVADO LONGO PRAZO,1546482099.75,1,0,0
23034819000175,ANGÁ CRÉDITO ESTRUTURADO FIC FIF MULTI CP RESP LIMITADA,1523230871.8100002,37,25,0
18599004000101,SANTANDER PREV CRESCIMENTO RENDA FIXA CRÉDITO PRIVADO - FIF RESP LIMITADA,1428940392.8700001,37,0,0
32312678000104,ARX DENALI PREVIDÊNCIA FI FINANCEIRO RENDA FIXA CRÉDITO PRIVADO - RESPONSABILIDADE LIMITADA,1421889233.13,62,0,0
38658114000104,TARUMÃ FIF FUNDO INCENTIVADO EM INVESTIMENTO EM DEBÊNTURES DE INFRA RF CRED PRIV RESP LIMITADA,1391099575.13,1,0,0
10264255000115,ITAÚ RENDA FIXA CRÉDITO PRIVADO DIFERENCIADO FIF RESP LIMITADA,1320762338.3700001,3,0,0
46879248000175,STATE CAPITAL FUNDO DE INVESTIMENTO FINANCEIRO MULTIMERCADO,1299037542.35,1,1,0
41756159000118,KINEA ALPES PREV RENDA FIXA CRÉDITO PRIVADO FUNDO DE INVESTIMENTO FINANCEIRO RESP LIMITADA,1267050220.53,25,0,0
22380316000199,JIVE DISTRESSED II FUNDO DE INVESTIMENTO FINANCEIRO MULTIMERCADO CP - RESPONSABILIDADE LIMITADA,1266715161.77,1,1,0
01630558000113,SANTANDER RENDA FIXA REFERENCIADO DI - FIF RESP LIMITADA,1228242204.25,18,0,0
05832360000173,BB ATACADO MISTO FUNDO DE INVESTIMENTO FINANCEIRO RENDA FIXA LONGO PRAZO CRÉDITO PRIVADO RESP LIM,1203060026.68,20,0,0
45616130000191,CREDIT OPS FUNDO DE INVESTIMENTO MULTIMERCADO,1177031022.4,1,1,0
54218313000140,BELLAGIO FUNDO DE INVESTIMENTO EM COTAS DE FUNDOS DE INVESTIMENTO MULTIMERCADO CRÉDITO PRIVADO,1001551356.43,1,1,0
44347431000102,DESTINO FUNDO DE INVESTIMENTO FINANCEIRO MULTIMERCADO,969334453.14,1,1,0
35819708000153,JIVE DISTRESSED III FUNDO DE INVESTIMENTO FINANCEIRO MULTIMERCADO - CP RESP LIMITADA,935921577.72,2,2,0
42229399000127,KINEA ANDES PREV RENDA FIXA CRÉDITO PRIVADO FIF RESP LIMITADA,917519722.98,25,0,0
29044649000196,BRISA FUNDO DE INVESTIMENTO FINANCEIRO MULTIMERCADO,905079782.26,2,2,0
31963650000166,VALUTE FUNDO DE INVESTIMENTO FINANCEIRO MULTIMERCADO CRÉDITO PRIVADO,890688835.14,1,1,0
45646162000130,BTG PACTUAL CRÉDITO CORPORATIVO II PREVIDÊNCIA FUNDO DE INVESTIMENTO FINANCEIRO RENDA FIXA,878234154.69,36,5,0
34867354000150,HOD MULTIPLICA HIGH YIELD FUNDO DE INVESTIMENTO MULTIMERCADO CRÉDITO PRIVADO IE,848685140.8,2,2,0
22003930000131,XP CRÉDITO ESTRUTURADO 120 FUNDO DE INVESTIMENTO FINANCEIRO MULTIMERCADO CRÉD PRIV - RESP LIMITADA,835601858.53,9,7,0
60605708000106,ZURIQUE FUNDO DE INVESTIMENTO MULTIMERCADO CRÉDITO PRIVADO,829628458.67,3,3,0
04871799000142,BRASIL FUNDO DE INVESTIMENTO FINANCEIRO MULTIMERCADO CRÉDITO PRIVADO RESPONSABILIDADE LIMITADA,821812153.7299999,2,0,0
35410929000173,COLISEU FIF MULTIMERCADO CRÉDITO PRIVADO INVESTIMENTO NO EXTERIOR,783868599.17,1,1,0
52196750000184,TUNGSTEN FUNDO DE INVESTIMENTO FINANCEIRO MULTIMERCADO CRÉDITO PRIVADO,760159746.8299999,2,2,0
07455507000189,VERDE MASTER FUNDO DE INVESTIMENTO FINANCEIRO MULTIMERCADO RESPONSABILIDADE LIMITADA,754427141.52,2,0,0
47350379000123,MF HOLDING GROUP FUNDO DE INVESTIMENTO EM COTAS DE FIM CRÉDITO PRIVADO,705176359.6600001,2,2,0
35950535000108,JIVE SPV FUNDO DE INVESTIMENTO FINANCEIRO MULTIMERCADO CRÉDITO PRIVADO - RESPONSABILIDADE LIMITADA,694793402.11,1,1,0
44674282000188,JIVE DISTRESSED & SPECIAL SITS IV (QUALIFICADO) FIC DE FIF MULTI CP RESPONSABILIDADE LIMITADA,677301499.72,6,5,0
18428655000120,BB TOP RENDA FIXA CREDITO PRIVADO ALTO RENDIMENTO LONGO PRAZO FIF RESPONSABILIDADE LIMITADA,653784324.41,23,0,0
41922684000166,HOTMART FI FINANCEIRO CLASSE DE INVESTIMENTO EM COTAS DE CLASSES DE INVESTIMENTO MULTIMERCADO CP,650448526.57,1,1,0
63813282000166,CTG FUNDO DE INVESTIMENTO FINANCEIRO MULTIMERCADO - RESPONSABILIDADE LIMITADA,627050174.79,1,0,0
29088383000183,MK NM FUNDO DE INVESTIMENTO FINANCEIRO MULTIMERCADO,626124755.45,3,1,0
54755971000170,ITAÚ PIRINEUS II PRIVATE MARKETS FIF INCENTIVADO EM INFRA DA CICI RENDA FIXA CRED PRIV RESP LIMITADA,625546258.1,1,0,0
09589223000100,SALUS FUNDO DE INVESTIMENTO FINANCEIRO MULTIMERCADO - CRÉDITO PRIVADO,620016202.99,1,0,0
33521273000130,FERA12 95 FUNDO DE INVESTIMENTO EM COTAS DE FUNDO DE INVESTIMENTO FINANCEIRO MULTIMERCADO,619398893.79,3,3,0
34706460000151,FERA20 95 FUNDO DE INVESTIMENTO EM COTAS DE FUNDO DE INVESTIMENTO FINANCEIRO MULTIMER,612381955.18,1,1,0
42814769000193,ITAÚ FLEXPREV PRIVILÈGE FUNDO DE INVESTIMENTO FINANCEIRO RENDA FIXA REFERENCIADO DI - RESP LIMITADA,607388842.21,12,0,0
02224382000162,SANTANDER  EQUILÍBRIO RENDA FIXA REF DI CRÉDITO PRIVADO - FIF RESP LIMITADA,604226875.71,26,0,0
21205477000183,LONGEVITY FUNDO DE INVESTIMENTO  MULTIMERCADO CRÉDITO PRIVADO,590129661.12,1,1,0
29492992000101,JP MM FUNDO DE INVESTIMENTO MULTIMERCADO CRÉDITO PRIVADO,586585013.85,1,1,0
62751424000145,VITEX FIF FUNDO INCENTIVADO EM INVESTIMENTO EM DEBÊNTURES DE INFRA RF CRED PRIV RESP LIMITADA,586278842.93,1,0,0
41978506000157,KINEA FUNDO DE INVESTIMENTO FINANCEIRO RENDA FIXA CRÉDITO PRIVADO RESPONSABILIDADE LIMITADA,574214122.59,25,0,0
49766297000190,JIVE DISTRESSED & SPECIAL SITS IV (OFFSHORE) FIF MULTIMERCADO - CRÉDITO PRIVADO RESP LIMITADA,573329095.11,5,4,0
12013309000103,BB TOP JUROS E MOEDAS LP FIF MULTIMERCADO RESPONSABILIDADE LIMITADA,570726751.41,1,0,0
26491419000187,KINEA CRÉDITO PRIVADO PREV RENDA FIXA FUNDO DE INVESTIMENTO FINANCEIRO RESPONSABILIDADE LIMITADA,555848894.08,26,0,0
25234711000151,BB TOP DI RENDA FIXA REFERENCIADO DI CRÉDITO PRIVADO LONGO PRAZO FIF RESPONSABILIDADE LIMITADA,552675607.36,21,0,0
57570655000112,REIMS FUNDO DE INVESTIMENTO FINANCEIRO,547437699.81,1,1,0
48279484000186,SAPPHIRE I FUNDO DE INVESTIMENTO FINANCEIRO MULTIMERCADO CRÉDITO PRIVADO,538763999.5500001,2,1,0
34081680000137,FIC FIM XP SPECIAL SITUATIONS I CAPITAL CRÉDITO PRIVADO LONGO PRAZO,523590889.75,1,0,0
51781614000199,ITAÚ PIRINEUS FIF CIC DE FUNDOS INCENTIVADOS DE INVESTIMENTO EM INFRA RF CRED PRIV RESP LIMITADA,521660565.57,1,0,0
38136992000151,AXXIA INVESTIMENTO FUNDO DE INVESTIMENTO EM COTAS DE FUNDO DE INVESTIMENTO MUTIMERCADO CP,519684271.23,2,1,0
57449291000117,PES FUNDO DE  INVESTIMENTO FINANCEIRO MULTIMERCADO - CRÉDITO PRIVADO,518000319.36,1,1,0
53760057000155,SAPPHIRE II FUNDO DE INVESTIMENTO FINANCEIRO MULTIMERCADO CRÉDITO PRIVADO,517071597.46,2,1,0
54487736000165,SANTANDER HERA RENDA FIXA FUNDO INCENTIVADO DE INVESTIMENTO EM INFRAESTRUTURA RESP LIMITADA,511741022.82,1,1,0
42418908000160,XP CRÉDITO ESTRUTURADO HIGH YIELD SEGUROS MASTER PREV FIF MULTIMERCADO CRÉD PRIV - RESP LTDA,510252256.64,12,7,0
42404779000150,SPS III FEEDER B FUNDO  DE INVESTIMENTO FINANCEIRO,507366188.03,4,4,0
44429101000158,JIVE DISTRESSED & SPECIAL SITS IV (PROFISSIONAL) FIF MULTIMERCADO - CP RESPONSABILIDADE LIMITADA,498814141.41,5,4,0
27945264000174,KINEA ABSOLUTO FUNDO DE INVESTIMENTO FINANCEIRO RENDA FIXA LONGO PRAZO RESPONSABILIDADE LIMITADA,497354912.78,28,0,0
09625909000100,ARTESANAL D+2 FUNDO DE INVESTIMENTO MULTIMERCADO,494449471.0,12,0,0
34081651000175,XP SPECIAL SITUATIONS FUNDO DE INVESTIMENTO FINANCEIRO,488822083.04,19,2,0
00840011000180,BTG PACTUAL YIELD DI FUNDO DE INVESTIMENTO FINANCEIRO RENDA FIXA,484912144.58,12,5,0
28320857000108,WESTERN ASSET TOTAL CREDIT RENDA FIXA CRÉDITO PRIVADO FUNDO DE INVESTIMENTO FINANCEIRO RESP LIMITADA,480886391.56,45,0,0
63839114000140,SPECIALE SELEZIONE IF FUNDO DE INVESTIMENTO MULTIMERCADO,464470708.57,3,1,0
30982709000109,XPCE INFRA FUNDO DE INVESTIMENTO EM COTAS DE FUNDO DE INVESTIMENTO MULTIMERCADO CRÉDITO PRIVADO,463070912.18,1,1,0
10948577000183,CAIXA MASTER FUNDO DE INVESTIMENTO FINANCEIRO RENDA FIXA CRÉDITO PRIVADO LONGO PRAZO - RESP LIMITADA,458007629.87999994,6,1,0
56431727000188,VINLAND CORE CRÉDITO III N FIFE FUNDO DE INVESTIMENTO FINANCEIRO RENDA FIXA CRÉD PRIV RESP LIMITADA,456086606.99,37,0,0
42405550000130,SPS III FEEDER A FUNDO DE INVESTIMENTO FINANCEIRO,454686094.04,4,4,0
46778677000156,MIDGARD FUNDO DE INVESTIMENTO MULTIMERCADO CRÉDITO PRIVADO,452546273.76,1,0,0
47166927000160,SOMME FUNDO DE INVESTIMENTO MULTIMERCADO  CRÉDITO PRIVADO,446717388.73,1,1,0
34474470000109,ARX VINSON MASTER FI FINANCEIRO RENDA FIXA CRÉDITO PRIVADO - RESPONSABILIDADE LIMITADA,434791656.17,60,0,0
47409947000114,SPECIALE 180 FUNDO DE INVESTIMENTO FINANCEIRO MULTIMERCADO,433806244.78,33,6,0
12766824000156,JBFO ESTRUTURADO 120 FI FINANCEIRO - CI MULT CRED PRIV - RESP LIMITADA,433494656.95000005,7,5,0
28951141000109,AMBAR BRANCO FUNDO DE INVESTIMENTO FINANCEIRO MULTIMERCADO CRÉDITO PRIVADO RESPONSABILIDADE LIMITADA,429544287.65000004,5,1,0
50651069000153,QISTA CASH FUNDO DE INVESTIMENTO FINANCEIRO MULTIMERCADO,429268860.18,1,1,0
40054757000182,RUMBA FUNDO DE INVESTIMENTO FINANCEIRO MULTIMERCADO CRÉDITO PRIVADO  RESPONSABILIDADE LIMITADA,424575799.25,1,1,0
18719154000101,PORTO SEGURO FUNDO DE INVESTIMENTO FINANCEIRO RENDA FIXA REFERENCIADO DI CRED PRIV RESP LIMITADA,424541292.95,24,0,0
49438428000100,AZ QUEST LUCE PREVIDENCIARIO MASTER II FIFE FIF RENDA FIXA CRÉDITO PRIVADO - RESP LTDA,419617113.64,12,0,0
35819455000118,MACADÂMIA FUNDO DE INVESTIMENTO MULTIMERCADO CRÉDITO PRIVADO,417590757.97,1,1,0
63675030000118,POSITIVO V FUNDO DE INVESTIMENTO FINANCEIRO MULTIMERCADO RESPONSABILIDADE  LIMITADA,414407777.37,1,1,0
56954946000141,LUMINA FEEDER OFFSHORE II FUNDO DE INVESTIMENTO MULTIMERCADO CRÉDITO PRIVADO RESP LIMITADA,401401627.2,6,0,0
33588784000170,FRADE III FUNDO DE INVESTIMENTO EM COTAS DE FUNDO DE INVESTIMENTO MULTIMERCADO CRED PRIV IE,390210571.94,5,4,0
34474989000197,ARX DENALI MASTER FIF RENDA FIXA CRÉDITO PRIVADO - RESP LTDA,386025838.57,58,0,0
60887520000190,QP11 FUNDO DE INVESTIMENTO FINANCEIRO RENDA FIXA,384581054.2,19,0,0
55594748000151,VINCI SPS IV LOCAL FUNDO DE INVESTIMENTO FINANCEIRO,382042857.75,1,1,0
53760107000102,SAPPHIRE III FUNDO DE INVESTIMENTO FINANCEIRO MULTIMERCADO CRÉDITO PRIVADO,379636874.75,2,1,0
38649102000105,PINOT FUNDO DE INVESTIMENTO FINANCEIRO EM COTAS DE FUNDOS DE INVESTIMENTO MULTIMERCADO,378539696.2,1,0,0
44680491000134,GALAXY FUNDO DE INVESTIMENTO EM COTAS DE FUNDOS DE INVESTIMENTO MULTIMERCADO CRED PRIV RESP LIMITADA,374027262.47999996,3,3,0
39978940000195,ATIVOS JUDICIAIS FUNDO DE INVESTIMENTO FINANCEIRO MULTIMERCADO CRÉDITO PRIVADO LP DE RESP LIMITADA,370684052.83000004,8,8,0
23556204000109,AZ QUEST LUCE MASTER FIF RENDA FIXA CRÉDITO PRIVADO LONGO PRAZO - RESPONSABILIDADE LIMITADA,355412591.55,11,1,0
41167190000113,PORTO SEGURO CONSOLIDADOR FIF MULTIMERCADO CRÉDITO PRIVADO - RESPONSABILIDADE LIMITADA,354703634.93,4,0,0
41736872000108,SPS III FEEDER C FUNDO DE INVESTIMENTO FINANCEIRO,353524508.19,4,4,0
41373619000129,TREEFOLK 95 FUNDO DE INVESTIMENTO FINANCEIRO MULTIMERCADO,350749144.74,10,1,0
35178253000134,MARACA FUNDO DE INVESTIMENTO MULTIMERCADO INVESTIMENTO NO EXTERIOR  E CRÉDITO PRIVADO,350156583.46999997,2,2,0
36521721000194,BRAIN DC FI FINANCEIRO - CIC MULT CRED PRIV - RESP LIMITADA,334176218.2,11,0,0
25140632000181,PUNA FIF MULTIMERCADO INVESTIMENTO NO EXTERIOR CRÉDITO PRIVADO RESPONSABILIDADE LIMITADA,333330812.71,5,0,0
34218864000104,CLASSE ÚNICA MULTIMERCADO DO FUNDO DE INVESTIMENTO FINANCEIRO MOTO-HONDA,331166871.61,1,1,0
32471636000108,BRL-BRL FUNDO DE INVESTIMENTO FINANCEIRO MULTIMERCADO,328764276.54999995,3,0,0
34431868000168,ROOT CAPITAL HIGH YIELD FI FINANCEIRO MULTIMERCADO CRÉDITO PRIVADO - RESPONSABILIDADE LIMITADA,318390739.3,8,2,0
34599295000186,LATACHE CRÉDITO ESTRUTURADO 95 FUNDO DE INVESTIMENTO FINANCEIRO MULTIMERCADO CRÉDITO PRIVADO,317272576.32,1,1,0
15059057000133,FATOR FUNDO DE INVESTIMENTO MULTIMERCADO CRÉDITO PRIVADO,312762330.43,9,0,0
40994846000109,CSHG JIVE III COINVESTIMENTO FUNDO DE INVESTIMENTO FINANCEIRO - MULTIMERCADO CRED PRIV RESP LIMITADA,311917007.57,1,0,0
55419784000189,ITAÚ DOLOMITAS CENTRALIZADOR FIF DA CIC MULTIMERCADO CRÉDITO PRIVADO RESPONSABILIDADE LIMITADA,309675039.42,1,0,0
53318953000169,EAN FUNDO DE INVESTIMENTO MULTIMERCADO CRÉDITO PRIVADO RESPONSABILIDADE LIMITADA,308493277.66,1,1,0
42405028000159,ROOT CAPITAL CRÉDITO HG PLUS FIC DE FIF MULTIMERCADO CRÉDITO PRIVADO - RESPONSABILIDADE LIMITADA,307615040.25,27,0,0
36243944000137,FIC FIM XP SPECIAL SITUATIONS II CAPITAL CRÉDITO PRIVADO LONGO PRAZO,307332929.44,1,1,0
18351057000109,CRETA FUNDO DE INVESTIMENTO MULTIMERCADO CRÉDITO PRIVADO,302828738.75,7,7,0
55274875000173,SANTANDER PREV RENDA FIXA REFERENCIADO DI CRÉDITO PRIVADO EQUILIBRIO FIF RESP LIMITADA,298359240.95,20,0,0
50679546000199,SPECIALE BRAVE 30 HIGH GRADE FUNDO DE INVESTIMENTO FINANCEIRO MULTIMERCADO,297113463.17,1,1,0
41128444000194,VALORA PREVIDÊNCIA FIFE FIF RENDA FIXA CRÉDITO PRIVADO - RESPONSABILIDADE LIMITADA,295062676.58,63,4,0
30654823000100,SPS II FEEDER B FUNDO DE INVESTIMENTO FINANCEIRO,291911345.76,4,1,0
46786029000141,LUMINA FEEDER OFFSHORE I FI FINANCEIRO MULTIMERCADO CRÉDITO PRIVADO RESPONSABILIDADE LIMITADA,291091687.99,4,1,0
45645905000157,FIM TESOURARIA 2A MASTER - FUNDO DE INVESTIMENTO MULTIMERCADO - CRÉDITO PRIVADO,290631470.25,3,3,0
37719452000138,FIM MILAS II MASTER - FUNDO DE INVESTIMENTO MULTIMERCADO CRÉDITO PRIVADO RESPONSABILIDADE LIMITADA,287303370.89,4,4,0
46098916000127,OCCAM LIQUIDEZ MASTER FI FINANCEIRO RENDA FIXA CRÉDITO PRIVADO - RESPONSABILIDADE LIMITADA,272635760.96999997,23,1,0
62191942000151,BIAGRO FUNDO DE INVESTIMENTO FINANCEIRO,271150971.44,1,1,0
66806454000162,OWEN FUNDO DE INVESTIMENTO EM COTAS DE FUNDO DE INVESTIMENTO FINANCEIRO MULTIMERCADO CRÉDITO PRIVADO,257424949.39,2,2,0
52561627000115,UBS CASSOLA II EI FUNDO DE INVESTIMENTO FINANCEIRO - MULTIMERCADO CRÉDITO PRIVADO RESP LIMITADA,257406030.02,1,0,0
44230168000169,UBS ROKA 95 EI FUNDO DE INVESTIMENTO EM COTAS DE FIF - MULTIMERCADO CREDITO PRIVADO RESP LIMITADA,255310383.6,3,0,0
47936696000126,COMPASS HIGH YIELD 180 MASTER FI FINANCEIRO EM COTAS DE FUNDOS DE INVESTIMENTO MULTIMERCADO,254538272.37,38,1,0
51356793000117,ÁTICO FUNDO DE INVESTIMENTO EM COTAS DE FUNDOS DE INVESTIMENTO MULTIMERCADO,248784407.17,1,0,0
41575809000129,ARX PREVIDENCIÁRIO FIFE FIF RENDA FIXA CRÉDITO PRIVADO RESPONSABILIDADE LIMITADA,245366038.94,52,0,0
49328341000180,SAFRA PREV VITESSE MASTER FIF PREVIDENCIÁRIO CI RENDA FIXA CRÉDITO PRIVADO PREV RESP LIMITADA,240300562.06,6,0,0
36233973000118,SANTANDER PREV DINÂMICO RENDA FIXA CRÉDITO PRIVADO - FIF RESP LIMITADA,240169477.43,36,1,0
30618614000100,G5 ALLOCATION HY DIREITOS CREDITÓRIOS FUNDO DE INVESTIMENTO FINANCEIRO MULTIMERCADO,238618420.48,26,12,0
30830302000158,BW GSS FUNDO DE INVESTIMENTO FINANCEIRO MULTIMERCADO CRÉDITO PRIVADO RESPONSABILIDADE LIMITADA,238043883.56,4,0,0
46099626000106,ARX PREVIDENCIÁRIO S FI FINANCEIRO RENDA FIXA CRÉDITO PRIVADO - RESPONSABILIDADE LIMITADA,233177345.01,56,0,0
22652091000182,EMPIRICA LOTUS IPCA FUNDO DE INVESTIMENTO FINANCEIRO EM COTAS DE FUNDOS DE INVESTIMENTO MULTIMERCADO,232897014.89000002,14,2,0
43164554000137,ABX9 FUNDO DE INVESTIMENTO MULTIMERCADO,226050361.19,15,2,0
64862157000109,ADVENTURE 2 FUNDO DE INVESTIMENTO MULTIMERCADO CRÉDITO PRIVADO INVESTIMENTO NO EXTERIOR,225700864.8,6,5,0
23738226000190,AZ QUEST ICATU MASTER FIFE CONSERVADOR FIF RENDA FIXA PREVIDENCIÁRIO CRÉD PRIV - RESP LTDA,222370027.74,12,0,0
27347344000128,AUGME MRT II CLASSE DE INVESTIMENTO RENDA FIXA CRÉDITO PRIVADO - RESP LIMITADA,217990901.29,39,13,0
14188164000107,SPARTA TOP MASTER CRÉDITO PRIVADO FIF RENDA FIXA LONGO PRAZO - RESPONSABILIDADE LIMITADA,217485421.24,34,0,0
63485280000195,STRATA FLAGSHIP FUND 2 FUNDO DE INVESTIMENTO FINANCEIRO,214871614.16,5,4,0
34687633000131,KINEA APOLO FUNDO DE INVESTIMENTO FINANCEIRO MULTIMERCADO RESPONSABILIDADE LIMITADA,213597665.98,28,0,0
53872754000106,ARAGUAIA FUNDO DE INVESTIMENTO MULTIMERCADO CRÉDITO PRIVADO RESPONSABILIDADE LIMITADA,211646021.72,2,2,0
29881003000163,SILEX FUNDO DE INVESTIMENTO MULTIMERCADO CRÉDITO PRIVADO INVESTIMENTO NO EXTERIOR,210828548.97,1,1,0
48658513000110,XP CORPORATE TOP PREV XP SEGUROS MASTER FIF RF CRÉDITO PRIVADO RESPONSABILIDADE LIMITADA,210160910.51999998,14,1,0
63141868000121,BRADESCO LUCANIA IP FIF - CLASSE DE INVESTIMENTO MULTIMERCADO CRED PRIV - RESPONSABILIDADE LIMITADA,209411753.2,30,2,0
52901043000141,ALPE II FUNDO DE INVESTIMENTO MULTIMERCADO CRÉDITO PRIVADO,207107128.29,1,1,0
53291467000102,2 ROCKS MENESTYS FUNDO DE INVESTIMENTO EM COTAS DE FUNDOS DE INVESTIMENTO MULTIMERCADO,206258260.94,5,1,0
21336440000194,BTG PACTUAL CRÉDITO CORPORATIVO PREVIDÊNCIA FUNDO DE INVESTIMENTO FINANCEIRO MULTIMERCADO,203375587.51,34,5,0
33701527000100,ENCONTRO DAS ÁGUAS FUNDO DE INVESTIMENTO FINANCEIRO MULTIMERCADO CRÉDITO PRIVADO,201303149.81,1,1,0
29196718000187,ITAÚ WEALTH IQ MASTER RENDA FIXA REFERENCIADO DI FIF RESP LIMITADA,200827586.3,19,0,0
17138500000197,SANTANDER AMAZONAS MULTIMERCADO CRÉDITO PRIVADO - FIF,199102360.73000002,2,0,0
18716322000105,PORTO SEGURO FUNDO DE INVESTIMENTO EM COTAS DE FUNDO DE INVESTIMENTO RENDA FIXA REFERENCIADO DI,196901654.81,7,1,0
22232878000195,BTG PACTUAL ANS RF FUNDO DE INVESTIMENTO FINANCEIRO RENDA FIXA,194365025.5,29,4,0
35755797000111,ARCTURUS FUNDO DE INVESTIMENTO MULTIMERCADO CRÉDITO PRIVADO INVESTIMENTO NO EXTERIOR,191675125.31,2,2,0
58735449000188,SAFRA GRAND VITESSE MASTER FIF CLASSE DE INVESTIMENTO RENDA FIXA CRÉDITO PRIVADO RESP LIMITADA,191468613.32,5,0,0
32274586000179,CAHALF FUNDO DE INVESTIMENTO FINANCEIRO MULTIMERCADO CREDITO PRIVADO LONGO PRAZO,190552939.42,2,0,0
45683320000121,JGP CRÉDITO ECOSSISTEMA MASTER FIC DE FIF MULTIMERCADO CRÉDITO PRIVADO - RESPONSABILIDADE LIMITADA,187327915.48000002,3,3,0
35755861000164,GOLIATH FUNDO DE INVESTIMENTO MULTIMERCADO CRÉDITO PRIVADO INVESTIMENTO NO EXTERIOR,187175701.05,2,2,0
52918426000122,AMC FUNDO DE INVESTIMENTO EM COTAS FUNDO DE INVESTIMENTO MULTIMERCADO CRÉDITO PRIVADO,184119304.38,1,1,0
55913983000149,PS CRED POS D45 FUNDO DE INVESTIMENTO FINANCEIRO EM COTAS DE FUNDOS DE INVESTIMENTO MULTIMERCADO,182513813.78,5,4,0
65189035000166,LUMINA FEEDER OFFSHORE III FIM CRÉDITO PRIVADO RESPONSABILIDADE LIMITADA,176133971.92,2,2,0
46246696000131,CASTELO DE BEAUFORT FUNDO DE INVESTIMENTO FINANCEIRO MULTIMERCADO,174014758.89,5,2,0
46373760000145,ROOT CAPITAL CRÉDITO HG PREVIDÊNCIA FIF RENDA FIXA CRÉDITO PRIVADO - RESPONSABILIDADE LIMITADA,170640006.59,15,0,0
32905253000109,KINEA PREV APOLO MULTIMERCADO FUNDO DE INVESTIMENTO FINANCEIRO RESP LIMITADA,169053984.44,25,0,0
41351565000109,OCTOPUS FUNDO DE INVESTIMENTO MULTIMERCADO CRÉDITO PRIVADO INVESTIMENTO NO EXTERIOR,165480322.57999998,3,3,0
63423574000192,MONUMENTAL FUNDO DE INVESTIMENTO FINANCEIRO RENDA FIXA CRÉDITO PRIVADO - RESPONSABILIDADE LIMITADA,164825570.75,6,6,0
57886546000109,DIRECT PLGN FUNDO DE INVESTIMENTO FINANCEIRO MULTIMERCADO,164220579.43,1,1,0
53116234000165,HARPA FUNDO DE INVESTIMENTO MULTIMERCADO CRÉDITO PRIVADO,163941486.23999998,11,1,0
19412991000148,FACT SEED FUNDO DE INVESTIMENTO FINANCEIRO MULTIMERCADO RESPONSABILIDADE LIMITADA,163016190.01,5,0,0
55634848000164,FACT PREMIUM FUNDO DE INVESTIMENTO FINANCEIRO MULTIMERCADO RESPONSABILIDADE LIMITADA,162628755.64,5,0,0
37553253000100,NIMROD FIF MULTIMERCADO CRÉDITO PRIVADO INVESTIMENTO NO EXTERIOR,161560692.82,1,0,0
65537155000107,ESPECTRUM FUNDO DE INVESTIMENTO FINANCEIRO CIC MULTIMERCADO CRÉDITO PRIVADO - RESP LIMITADA,160351284.3,5,5,0
36554406000163,XP LITIGATION FUND S1 - FUNDO DE INVESTIMENTO EM COTAS DE FUNDO DE INVESTIMENTO FINANCEIRO,160223095.43,2,0,0
58377616000166,ARTESANAL FEEDER ST FUNDO DE INVESTIMENTO FINANCEIRO MULTIMERCADO,159429800.53,1,1,0
17251743000137,EMPIRICA LOTUS FUNDO DE INVESTIMENTO FINANCEIRO EM COTAS DE FUNDOS DE INVESTIMENTO MULTIMERCADO,159037328.51000002,9,2,0
06084861000181,SANTANDER PREV EQUILÍBRIO RENDA FIXA - FIF RESP LIMITADA,156622148.26,3,0,0
32990051000102,KINEA OPORTUNIDADE FUNDO DE INVESTIMENTO FINANCEIRO RENDA FIXA CRÉDITO PRIVADO RESP LIMITADA,154054726.14000002,26,0,0
46729344000137,MÖBIUS TOTAL RETURN 1 - FIM CRÉD PRIV - RESP LIMITADA,153174039.26,3,3,0
36554324000119,XP LITIGATION FUND FUNDO DE INVESTIMENTO EM COTAS DE FUNDO DE  INVESTIMENTO FINANCEIRO,152790677.53,6,6,0
48962597000181,BTW 001 FUNDO DE INVESTIMENTO FINANCEIRO MULTIMERCADO CRÉDITO PRIVADO,152431979.46,1,1,0
63613229000111,DURLI FAMILY FUND FUNDO DE INVESTIMENTO EM COTAS DE FUNDOS DE INVESTIMENTO MULTIMERCADO,152114009.74,1,1,0
63394057000132,MULTICONSIGNADO FUNDO DE INVESTIMENTO FINANCEIRO MULTIMERCADO,150502554.70000002,9,0,0
34508396000102,SPS II FEEDER A FUNDO DE INVESTIMENTO FINANCEIRO,150471714.26000002,4,1,0
55334418000127,LUMINA FEEDER BRASIL II FUNDO DE INVESTIMENTO FINANCEIRO,150265983.14,6,0,0
36821794000100,WESTERN ASSET PREV STRUCTURED CREDIT III CRÉDITO PRIVADO FIF RENDA FIXA RESPONSABILIDADE LIMITADA,150101467.23,18,0,0
42479952000180,GMOT FUNDO DE INVESTIMENTO FINANCEIRO EM COTAS DE FUNDOS DE INVESTIMENTO MULTIMERCADO,149796547.21,25,4,0
30910036000173,ANGÁ HIGH YIELD FUNDO DE INVESTIMENTO FINANCEIRO RENDA FIXA,149666282.32,27,0,0
18814287000159,FAIRFIELD FUNDO DE INVESTIMENTO FINANCEIRO RENDA FIXA CRÉDITO PRIVADO RESPONSABILIDADE LIMITADA,149284525.98,22,0,0
52163456000176,CHIMERA NPL & SPECIAL OPPORTUNITIES II FUNDO DE INVESTIMENTO FINANCEIRO,148570609.43,1,1,0
11275055000120,MALUBI FUNDO DE INVESTIMENTO FINANCEIRO MULTIMERCADO,148536050.24,10,2,0
46385847000132,NOVO HORIZONTE FUNDO DE INVESTIMENTO FINANCEIRO MULTIMERCADO,148370880.53,1,1,0
19390898000180,SAFRA PREV CAPITAL MARKET FIF PREVIDENCIÁRIO CI RENDA FIXA CRÉDITO PRIVADO PREV RESP LIMITADA,147883036.34,3,0,0
38949009000116,OPUS ONE II FUNDO DE INVESTIMENTO FINANCEIRO MULTIMERCADO,147664846.56,2,0,0
46130763000158,LUMINA FEEDER BRASIL I FUNDO DE INVESTIMENTO FINANCEIRO,145227370.81,4,1,0
20833920000106,JGP CORPORATE MASTER FIF RENDA FIXA CRÉDITO PRIVADO LONGO PRAZO - RESPONSABILIDADE LIMITADA,145042249.35999998,18,3,0
20889217000101,PORTO SEGURO MASTER PREVIDENCIÁRIO FIF RENDA FIXA CRÉD PRIV RESP  LIMITADA,144185362.14000002,28,0,0
58991723000180,MCPG FUNDO DE INVESTIMENTO FINANCEIRO MULTIMERCADO CRÉDITO PRIVADO - RESPONSABILIDADE LIMITADA,143789130.97,1,1,0
48887275000115,IFC II FICFI FINANCEIRO MULTIMERCADO CREDITO PRIVADO RESPONSABILIDADE LIMITADA,143715839.49,2,2,0
19213262000162,AGG FUNDO DE INVESTIMENTO FINANCEIRO MULTIMERCADO,142187321.51,1,0,0
26687447000174,M40 FUNDO DE INVESTIMENTO FINANCEIRO MULTIMERCADO,141334993.98999998,7,1,0
46329395000171,SPECIAL SITUATIONS III FIF MULTIMERCADO CRÉDITO PRIVADO IE - RESPONSABILIDADE LIMITADA,141251007.66,8,2,0
51328993000166,NINE CAPITAL FUNDO DE INVESTIMENTO EM COTAS DE FUNDO DE INVESTIMENTO MULTIMERCADO CRÉDITO PRIVADO,139826739.89,1,1,0
51304974000108,ARTE LW FUNDO DE INVESTIMENTO FINANCEIRO MULTIMERCADO - RESPONSABILIDADE LIMITADA,138920655.54,7,7,0
50440386000120,TMKN FUNDO DE INVESTIMENTO MULTIMERCADO CRÉDITO PRIVADO,137213936.17,1,1,0
59349920000162,AUGME 90 II FUNDO DE INVESTIMENTO FINANCEIRO MULTIMERCADO,135027011.95000002,36,0,0
56844612000115,PROGENIES FUNDO DE INVESTIMENTO FINANCEIRO MULTIMERCADO,134076387.17,1,1,0
04621721000170,XP CORPORATE TOP CRÉDITO PRIVADO FI FINANCEIRO EM RENDA FIXA LONGO PRAZO - RESPONSABILIDADE LIMITADA,133495609.35000001,16,1,0
53828295000155,RÉGIA EQUILÍBRIO FIF IS RENDA FIXA CRÉDITO PRIVADO LONGO PRAZO - RESPONSABILIDADE LIMITADA,133356611.92,9,0,0
58256126000101,CETERI - FUNDO DE INVESTIMENTO FINANCEIRO MULTIMERCADO --- CRÉDITO PRIVADO,132949634.13,1,1,0
31544553000139,IC PARTICIPAÇÕES FUNDO DE INVESTIMENTO MULTIMERCADO,132483588.39,12,12,0
45646019000148,LIFT SPECIAL OPPORTUNITIES I FUNDO DE INVESTIMENTO MULTIMERCADO CRÉDITO PRIVADO,132473974.14,1,0,0
34218331000114,ACR FUNDO DE INVESTIMENTO FINANCEIRO MULTIMERCADO,132410176.74,1,0,0
53184860000199,MAFFER II FUNDO DE INVESTIMENTO MULTIMERCADO CRÉDITO PRIVADO,132264798.98,1,1,0
23781736000140,BELEZURA FUNDO DE INVESTIMENTO MULTIMERCADO,131452541.72,3,1,0
52272574000112,ROOT CAPITAL CRÉDITO HG BRASILPREV FIF RENDA FIXA CRÉDITO PRIVADO - RESPONSABILIDADE LIMITADA,131295800.44999999,20,0,0
47812244000132,GO TOGETHER FUNDO DE INVESTIMENTO FINANCEIRO EM COTAS DE FUNDOS DE INVESTIMENTO MULTIMERCADO,131073482.42,1,0,0
56914660000132,INTRA 7 FUNDO DE INVESTIMENTO MULTIMERCADO CRÉDITO PRIVADO,131047940.7,1,1,0
46332105000149,KINEA BVP FIFE FI FINANCEIRO - CI MULT CRED PRIV - RESP LIMITADA,130958193.82,25,3,0
51730916000138,SIGULER GUFF ATIVOS JUDICIAIS III FUNDO DE INVESTIMENTO MULTIMERCADO,128364947.67,6,6,0
50051913000105,NXC FUNDO DE INVESTIMENTO MULTIMERCADO  CRÉDITO PRIVADO,128297905.47999999,3,3,0
35755734000165,ARTANIS FUNDO DE INVESTIMENTO MULTIMERCADO CRÉDITO PRIVADO INVESTIMENTO NO EXTERIOR,127635333.75,2,2,0
53190611000106,FUNDO DE INVESTIMENTO MULTIMERCADO CRÉDITO PRIVADO DOREL L,127408732.33,11,3,0
09468618000155,CAIXA MASTER PLUS 50 FIF RENDA FIXA REFERENCIADO DI LONGO PRAZO - RESPONSABILIDADE LIMITADA,125752298.72999999,3,1,0
63395612000140,MAXIMUS LEGACY FUNDO DE INVESTIMENTO EM COTAS DE FUNDOS DE INVESTIMENTO MULTIMERCADO,125248171.14,1,1,0
46328602000173,AZ QUEST ALTRO PREV MASTER FIFE FIF MULTIMERCADO CRÉDITO PRIVADO - RESPONSABILIDADE LIMITADA,125068132.28999999,11,0,0
59895251000124,TRITON FUNDO DE INVESTIMENTO FINANCEIRO RENDA FIXA CRÉDITO PRIVADO LONGO  PRAZO RESP LIMITADA,124673272.16,5,5,0
64347179000130,TFO CRÉDITO ESTRUTURADO FUNDO DE INVESTIMENTO FINANCEIRO MULTIMERCADO,124666673.24000001,6,2,0
26324274000120,MULTICOOP FUNDO DE INVESTIMENTO FINANCEIRO RENDA FIXA CRÉDITO PRIVADO RESPONSABILIDADE LIMITADA,124593305.13,12,0,0
63449787000193,CLASSE ÚNICA DO FIBRA GOLEM D360 FUNDO DE INVESTIMENTO EM COTAS DE FUNDOS DE INVESTIMENTO FINANCEIRO,124524464.75999999,6,0,0
41736548000181,ITAÚ BTG PACTUAL CRÉDITO CORPORATIVO PREVIDÊNCIA FIF RENDA FIXA CRÉDITO PRIVADO LP RESP LIMITADA,123955589.32,29,0,0
56377520000172,BP DSA FUNDO DE INVESTIMENTO MULTIMERCADO,123496506.57,1,1,0
63188089000181,LATACHE SIRIUS FUNDO DE INVESTIMENTO FINANCEIRO MULTIMERCADO CRÉDITO PRIVADO,123267118.23,1,1,0
46041024000190,VIT SPECIAL SITS FUNDO DE INVESTIMENTO EM COTAS DE FUNDOS DE INVESTIMENTO MULTIMERCADO,121591151.47,4,1,0
23556180000198,AZ QUEST ALTRO MASTER FUNDO DE INVESTIMENTO FINANCEIRO MULTIMERCADO CRÉDITO PRIVADO,121143125.79,6,2,0
34962302000162,ARX EVEREST MASTER FIF RENDA FIXA CRÉDITO PRIVADO - RESPONSABILIDADE LIMITADA,119945400.28999999,39,0,0
51102305000145,MCA INSTITUCIONAL FUNDO DE INVESTIMENTO FINANCEIRO EM COTAS DE FUNDOS DE INVESTIMENTO MULTIMERCADO,119486634.75,15,0,0
59678131000175,HB FUNDO DE INVESTIMENTO EM COTAS DE FUNDOS DE INVESTIMENTO MULTIMERCADO CRÉDITO PRIVADO,117538310.94,1,1,0
09620860000100,ANGÁ PORTFÓLIO FI FINANCEIRO MULTIMERCADO CRÉDITO PRIVADO - RESPONSABILIDADE LIMITADA,117199787.15,29,1,0
46079429000117,FUCHSIA II FUNDO DE INVESTIMENTO FINANCEIRO MULTIMERCADO CRÉDITO PRIVADO,117019057.16,1,1,0
41820144000171,TRINDADE FUNDO DE INVESTIMENTO FINANCEIRO MULTIMERCADO RESPONSABILIDADE  LIMITADA,114092066.14,1,1,0
54218786000147,ABIATAR FUNDO DE INVESTIMENTO EM COTAS DE FUNDOS DE INVESTIMENTO MULTIMERCADO CRÉDITO PRIVADO,113705933.44,1,1,0
23339924000112,VERDE AM ICATU PREVIDÊNCIA MASTER FUNDO DE INVESTIMENTO FINANCEIRO MULTIMERCADO RESP LIMITADA,113562638.28999999,26,0,0
21336427000135,BTG PACTUAL YIELD PREVIDÊNCIA FUNDO DE INVESTIMENTO FINANCEIRO RENDA FIXA,113403796.57000001,12,5,0
49426637000133,VINLAND CRÉDITO PREV MASTER FUNDO DE INVESTIMENTO FINANCEIRO MULTIMERCADO CRÉD PRIV RESP LIMITADA,112639317.14,16,0,0
31551353000103,SYMPHONY FUNDO DE INVESTIMENTO MULTIMERCADO CREDITO PRIVADO  LONGO PRAZO INVESTIMENTO NO EXTERIOR,112575042.23,1,1,0
53078660000151,BOXER F FUNDO DE INVESTIMENTO MULTIMERCADO CRÉDITO PRIVADO,111053848.88,1,0,0
55952408000155,JAQUIM FUNDO DE INVESTIMENTO EM COTAS DE FUNDOS DE INVESTIMENTO MULTIMERCADO CRÉDITO PRIVADO,110927390.02,1,1,0
49721561000179,CAPITANIA MULTI RECEBIVEIS FI FINANCEIRO RENDA FIXA CRÉDITO PRIVADO - RESPONSABILIDADE LIMITADA,110516713.88,42,0,0
26786783000174,ZW INVESTIMENTOS FUNDO DE INVESTIMENTO FINANCEIRO EM COTAS DE FUNDOS DE INVESTIMENTO MULTIMERCADO,110433180.31,1,0,0
59333727000133,CORE IV CREDITO FUNDO DE INVESTIMENTO FINANCEIRO RENDA FIXA CRÉDITO PRIVADO RESP LIMITADA,109608757.11,6,0,0
46628666000190,GS HERITAGE FUNDO DE INVESTIMENTO MULTIMERCADO CRÉDITO PRIVADO LONGO PRAZO RESPONSABILIDADE LIMITADA,109430557.38,1,1,0
55928061000105,RÉGIA EQUILÍBRIO BRASILPREV FUNDO DE INVESTIMENTO FINANCEIRO IS RENDA FIXA CRÉD PRIV - RESP LIMITADA,108949537.27,8,0,0
33055657000105,PLANALTO MÉDIO FUNDO DE INVESTIMENTO FINANCEIRO,108820121.29,1,0,0
60605611000195,PORTFOLIO ESTRUTURADO PLUS FI FINANCEIRO EM COTAS DE FUNDOS DE INVEST MULTIMERCADO,107910163.92999999,4,2,0
31713958000153,AXSP FUNDO DE INVESTIMENTO EM COTAS DE FUNDOS DE INVESTIMENTO MULTIMERCADO CP - RESP LTDA,107660185.16,1,1,0
38653627000114,GUNNAR FUNDO DE INVESTIMENTO FINANCEIRO MULTIMERCADO CRÉDITO PRIVADO INVESTIMENTO NO EX,107602189.88,10,10,0
28296477000185,RIO GUAIMBE FUNDO DE INVESTIMENTO FINANCEIRO MULTIMERCADO CRÉDITO PRIVADO  RESPONSABILIDADE LIMITADA,107490224.26,6,1,0
65028465000104,CAPITÂNIA MASTER INFRA GERAL ADVISORY RENDA FIXA FUNDO DE INVESTIMENTO EM INFRAESTRUTURA RL,107440889.01,35,1,0
62209138000152,BRAM WAREHOUSE FIF - CLASSE DE INVESTIMENTO RENDA FIXA CRÉDITO PRIVADO - RESPONSABILIDADE LIMITADA,107335763.59,17,1,0
56914505000116,INTRA M FUNDO DE INVESTIMENTO MULTIMERCADO CRÉDITO PRIVADO,106918415.1,1,1,0
45642714000131,SULAMÉRICA PREV CRÉDITO ESG ITAÚ MASTER INVESTIMENTO SUSTENTÁVEL FIF RF CRÉD PRIV RESP LIMITADA,106884735.11,13,0,0
10326625000100,VALORA ABSOLUTE FIF RENDA FIXA CRÉD PRIV LONGO PRAZO - RESPONSABILIDADE LIMITADA,105506795.15,76,8,0
64152146000135,ONZE ONZE FUNDO DE INVESTIMENTO FINANCEIRO MULTIMERCADO CRÉDITO PRIVADO RESPONSABILIDADE LIMITADA,105212662.05,3,0,0
59018715000114,OMEGA FUNDO DE INVESTIMENTO FINANCEIRO MULTIMERCADO - CRÉDITO PRIVADO - RESPONSABILIDADE  LIMITADA,104809770.54,1,0,0
15477864000176,WESTERN ASSET PPW FIF MULTIMERCADO CRÉDITO PRIVADO RESPONSABILIDADE LIMITADA,104661065.93,44,0,0
62318181000156,ALLIANCE FUNDO DE INVESTIMENTO FINANCEIRO CREDITO PRIVADO RESPONSABILIDADE LIMITADA,103983880.55000001,4,4,0
47586388000118,OCCAM CRÉDITO CORPORATIVO 30 MASTER FIF RENDA FIXA CRED PRIV LONGO PRAZO - RESPONSABILIDADE LIMITADA,103699570.33,23,1,0
57070106000189,QUARTER PRECATÓRIOS FUNDO DE INVESTIMENTO EM  COTAS DE FUNDOS DE INVESTIMENTO FINANCEIRO,103645533.74,1,0,0
17012208000123,AUGME 90 FUNDO DE INVESTIMENTO FINANCEIRO EM COTAS DE FUNDOS DE INVESTIMENTO MULTIMERCADO,103574832.31,6,1,0
36498197000188,RIZA MEYENII 180 MASTER FI FINANCEIRO EM COTAS DE FUNDOS DE INVESTIMENTO MULTIMERCADO,103413256.6,1,1,0
39316270000141,FEGIK FUNDO DE INVESTIMENTO EM COTAS DE FUNDOS DE INVESTIMENTO MULTIMERCADO - CRÉDITO PRIVADO,102356568.44999999,15,2,0
42261269000171,OIKOS FI EM COTAS DE FUNDOS DE INVESTIMENTO MULTIMERCADO CRÉDITO PRIVADO RESPONSABILIDADE LIMITADA,101589977.46000001,2,0,0
31551438000191,BOOT FUNDO DE INVESTIMENTO EM COTAS DE FUNDOS DE INVESTIMENTO MULTIMERCADO CP-RESP. LTDA,101403759.85,2,2,0
49692303000101,SOLUTIONS OPTIMUM CDI FUNDO DE INVESTIMENTO EM COTAS DE FUNDOS DE INVESTIMENTO MULTIMERCADO,101090048.72,20,1,0
51247291000158,SSG FUNDO DE INVESTIMENTO MULTIMERCADO,98371843.0,1,1,0
61707959000156,SPECIALE SPECIAL SITS HIGH YIELD 360 FUNDO DE INVESTIMENTO FINANCEIRO MULTIMERCADO,97980406.82000001,20,1,0
63739043000103,CRISTAL INVEST FIF - CLASSE DE INVESTIMENTO MULTIMERCADO CRÉDITO PRIVADO,97846315.41,1,0,0
58039379000123,VEGA SPECIAL OPPORTUNITIES I FUNDO DE INVESTIMENTO MULTIMERCADO RESPONSABILIDADE LIMITADA,97209755.92,1,1,0
18990334000115,JGP CORPORATE PLUS MASTER FUNDO DE INVESTIMENTO FINANCEIRO MULTIMERCADO CRÉDITO PRIVADO RESP LTDA,97085506.91,11,4,0
50707385000108,SILVERSTONE FUNDO DE INVESTIMENTO FINANCEIRO EM COTAS DE  FUNDO DE INVESTIMENTO MULTIMERCADO CRÉDITO,96379154.02,1,1,0
22041234000110,BLC FUNDO DE INVESTIMENTO FINANCEIRO MULTIMERCADO CRÉDITO PRIVADO INVESTIMENTO NO EXTERIOR,96269463.17,1,1,0
55393379000139,PARIS FUNDO DE INVESTIMENTO FINANCEIRO MULTIMERCADO CRÉDITO PRIVADO,95801016.37,1,0,0
48978417000150,PS SOLAR FUNDO DE INVESTIMENTO FINANCEIRO EM COTAS DE FUNDOS DE INVESTIMENTO MULTIMERCADO,95701271.85,4,1,0
39774164000101,LEXUS FUNDO DE INVESTIMENTO FINANCEIRO,95097530.69,1,1,0
62506471000123,ARES ENYO FUNDO DE INVESTIMENTO FINANCEIRO MULTIMERCADO CRÉDITO PRIVADO,94137873.73,1,1,0
64001026000137,JIVE PULSE OPPORTUNA PREVIDÊNCIA FIFE FUNDO DE INVESTIMENTO MULTIMERCADO CRED PRIV RESP LIMITADA,93801258.59,7,1,0
51538282000116,OCCAM BRASILPREV PREVIDÊNCIA FI FINANCEIRO RENDA FIXA CRÉDITO PRIVADO - RESPONSABILIDADE LIMITADA,93572393.23,18,1,0
09577500000165,SANTANDER CRESCIMENTO RF CRÉD PRIV LONGO PRAZO - FIF RESP LIMITADA,93290532.91,19,0,0
36643493000125,XP LITIGATION FUND I1 - FUNDO DE INVESTIMENTO EM COTAS DE FUNDO DE INVESTIMENTO FINANCEIRO,92740808.55,6,6,0
64008119000193,SANTANDER DC RENDA FIXA CRÉDITO PRIVADO - FIF RESP LIMITADA,90409918.2,17,0,0
13614687000105,TOKYO ESTRUTURADO FUNDO DE INVESTIMENTO MULTIMERCADO CRÉDITO PRIVADO,90324719.18,4,0,0
47629385000114,FERT - AGRO FUNDO DE INVESTIMENTO EM COTAS DE FUNDO DE INVESTIMENTO MULTIMERCADO CRÉDITO PRIVADO,90123447.91,1,1,0
33632727000140,ONE FUNDO DE INVESTIMENTO FINANCEIRO  MULTIMERCADO CRÉDITO PRIVADO,88994928.73,4,0,0
57227105000103,BOSS II FUNDO DE INVESTIMENTO FINANCEIRO MULTIMERCADO,88163184.06,9,0,0
27924223000100,CCMP FUNDO DE INVESTIMENTO MULTIMERCADO CRÉDITO PRIVADO,88091733.53,1,1,0
51238218000110,BTG PACTUAL CREDITO CORPORATIVO BRASILPREV PREVIDENCIA FUNDO DE INVESTIMENTO FINANCEIRO MULTIMERCADO,87980253.56,32,4,0
43778949000120,XP CORPORATE LIGHT CRÉDITO PRIVADO XP SEGUROS MASTER FI FINANCEIRO RENDA FIXA RESP LIMITADA,87921554.16,9,0,0
48411732000109,ROOT CAPITAL HIGH YIELD RADICE FIF MULTIMERCADO CRÉDITO PRIVADO IE - RESPONSABILIDADE LIMITADA,87561733.24,7,2,0
32770526000147,ARX K2 INFLAÇÃO CURTA FI FINANCEIRO MULTIMERCADO CRÉDITO PRIVADO- RESPONSABILIDADE LIMITADA,87353133.92,45,0,0
41906968000169,OMNIA FUNDO DE INVESTIMENTO MULTIMERCADO CRÉDITO PRIVADO,87184529.65,1,1,0
67542501000170,GRENADE FUNDO DE INVESTIMENTO EM COTAS DE FUNDOS DE INVESTIMENTO MULTIMERCADO,86785594.31,7,2,0
41709727000120,CAPITÂNIA PREV ITAÚ FIFE FUNDO DE INVESTIMENTO FINANCEIRO MULTIMERCADO CRÉDITO PRIVADO RESP LIMITADA,85323679.83,44,0,0
44680466000150,LGG INVEST FI EM COTAS DE FUNDO DE INVESTIMENTO MULTIMERCADO - CRÉDITO PRIVADO RESP LIMITADA,85308887.78,1,1,0
62759963000120,SPECIALE DC FEEDER FUNDO DE INVESTIMENTO FINANCEIRO MULTIMERCADO CRÉDITO PRIVADO RESP LIMITADA,84517765.37,1,0,0
35001550000100,CORAGEM FIF MULTIMERCADO CP INVESTIMENTO NO EXTERIOR - RESPONSABILIDADE LIMITADA,84369269.14,6,6,0
13812187000170,G5 ÁGUAS CLARAS CLASSE DE INVESTIMENTO MULTIMERCADO CRÉDITO PRIVADO,84218188.88,6,5,0
34218678000167,AUGME 180 FUNDO DE INVESTIMENTO FINANCEIRO EM COTAS DE FUNDOS DE INVESTIMENTO MULTIMERCADO,83989588.79,6,1,0
46539671000126,PS CRÉDITO ESTRUTURADO FUNDO DE INVESTIMENTO FINANCEIRO MULTIMERCADO,83933549.54,9,6,0
63449393000135,CLASSE ÚNICA DO BRAFINCAP FUNDO DE INVESTIMENTO FINANCEIRO MULTIMERCADO DE RESPONSABILIDADE LIMITADA,83722146.23,3,0,0
30493276000110,KONDOR ALLOCATION TRADING FI FINANCEIRO - CI MULT CRED PRIV - RESP LIMITADA,83624628.44,1,1,0
46785411000130,FIM SINAI BRASIL -FUNDO DE INVESTIMENTO MULTIMERCADO,83436109.45,5,0,0
47155712000143,TIGRIS FUNDO DE INVESTIMENTO FINANCEIRO RENDA FIXA,82787561.23,1,1,0
50874219000198,BTG PACTUAL CRÉDITO CORPORATIVO MASTER III FUNDO DE INVESTIMENTO RENDA FIXA CRÉDITO PRIVADO,82577441.56,31,4,0
57216218000103,P MULTIGESTOR FUNDO DE INVESTIMENTO FINANCEIRO MULTIMERCADO,82338440.01,1,1,0
62298601000180,ATENAS FUNDO DE INVESTIMENTO EM COTAS DE FUNDOS DE INVESTIMENTO MULTIMERCADO,82093594.05,1,1,0
50871810000191,CHIMERA ALTERNATIVE ASSETS II FUNDO DE INVESTIMENTO MULTIMERCADO,81508513.01,1,1,0
53360213000190,FUNDO DE INVESTIMENTO EM COTAS MULTIMERCADO CRÉDITO PRIVADO ORIZ ALBRIGHT CORPORATE DISTRESS,81402095.95,1,1,0
20230719000126,BANESTES LIQUIDEZ FIF RENDA FIXA REFERENCIADO DI RESPONSABILIDADE LIMITADA,80502183.14,4,0,0
30282270000101,CLASSE ÚNICA DO IMOLA FUNDO DE INVESTIMENTO EM COTAS  FINANCEIRO MULTIMERCADO CRÉDITO PRIVADO,79700366.49,1,1,0
18814964000139,XP HORIZONTE PREV MASTER FUNDO DE INVESTIMENTO FINANCEIRO RENDA FIXA - RESPONSABILIDADE LIMITADA,78874673.3,8,1,0
33055124000123,SOLUÇÃO FUNDO DE INVESTIMENTO FINANCEIRO,78698564.76,1,0,0
54505100000107,ARLES FUNDO DE INVESTIMENTO MULTIMERCADO - CRÉDITO PRIVADO  INVESTIMENTO NO EXTERIOR,78692977.85,2,2,0
37053678000142,ACTIUM FUNDO DE INVESTIMENTO FINANCEIRO MULTIMERCADO CRÉDITO PRIVADO INVESTIMENTO NO EXTERIOR,78497956.11,1,1,0
08608370000118,SABESPREV CRÉDITO PRIVADO PPM FUNDO DE INVESTIMENTO FINANCEIRO RENDA FIXA RESPONSABILIDADE LIMITADA,78047371.47,20,0,0
02296928000190,BB INSTITUCIONAL FUNDO DE INVESTIMENTO FINANCEIRO RENDA FIXA RESPONSABILIDADE LIMITADA,77915017.51,9,0,0
52985351000100,UBS GJS B FUNDO DE INVESTIMENTO FINANCEIRO - MULTIMERCADO CRÉDITO PRIVADO RESPONSABILIDADE LIMITADA,77714851.08,2,0,0
62638042000100,CATAR FUNDO DE INVESTIMENTO EM COTAS DE FUNDOS DE INVESTIMENTO MULTIMERCADO,77673321.21,1,1,0
55466651000163,UBS NTSC EI FUNDO DE INVESTIMENTO EM COTAS DE FIF - MULTIMERCADO CREDITO PRIVADO RESP LIMITADA,77257367.69,3,0,0
45103998000198,JIVE SOUL 177 PREV FIFE FUNDO DE INVESTIMENTO MULTIMERCADO CRÉDITO PRIVADO RESP LIMITADA,77216699.96000001,12,3,0
41424279000118,DGI EDELWEISS FUNDO DE INVESTIMENTO MULTIMERCADO CRÉDITO PRIVADO INVESTIMENTO NO EXTERIOR,76852904.46,1,1,0
34803938000161,ITAÚ DUAL PRIVATE MARKETS MULTIMERCADO CRÉDITO PRIVADO FIF RESP LIMITADA,76300890.45,3,0,0
55947120000192,GENEBRA FUNDO DE INVESTIMENTO FINANCEIRO CIC MULTIMERCADO CRED PRIV RESP LIMITADA,75960651.15,14,0,0
43274947000101,MILLENNIUM FUNDO DE INVESTIMENTO RENDA FIXA CRÉDITO PRIVADO,75743394.07,1,1,0
39993664000134,ITAÚ PREV MASTER VERDE AM FUNDO DE INVESTIMENTO FINANCEIRO MULTIMERCADO RESPONSABILIDADE LIMITADA,75219466.21000001,26,0,0
35001250000120,FCOPEL FUNDO DE INVESTIMENTO FINANCEIRO RENDA FIXA CRÉDITO PRIVADO RESPONSABILIDADE LIMITADA,75211640.62,4,2,0
55984221000133,VINCI SPS IV OFFSHORE FUNDO DE INVESTIMENTO FINANCEIRO,75076876.34,1,1,0
63404696000131,IPÊ DO CERRADO FUNDO DE INVESTIMENTO FINANCEIRO RENDA FIXA CRÉDITO PRIVADO - RESP LIMITADA,74959155.08,9,0,0
51891082000142,PLATINA IV FUNDO DE INVESTIMENTO FINANCEIRO RENDA FIXA CRÉDITO PRIVADO - RESPONSABILIDADE LIMITADA,74888036.03999999,6,2,0
12322010000122,VINCI FUNDO DE INVESTIMENTO FINANCEIRO EM COTAS DE FUNDOS DE INVESTIMENTO MULTIMERCADO,74606343.94,1,1,0
37011641000151,SIGULER GUFF BSSF II FUNDO DE INVESTIMENTO FINANCEIRO MULTIMERCADO,74475993.86,19,15,0
32274211000109,DELTA ENERGIA STRATEGY FUNDO DE INVESTIMENTO MULTIMERCADO CRÉDITO PRIVADO LONGO PRAZO,74347020.27,1,0,0
26253900000134,INSIGHTS FUNDO DE INVESTIMENTO FINANCEIRO MULTIMERCADO,74187822.05,7,0,0
29970149000185,PORTO FINO FUNDO DE INVESTIMENTO MULTIMERCADO CRÉDITO PRIVADO,74182396.4,4,1,0
36499460000153,GALAPAGOS FUNDO DE INVESTIMENTO MULTIMERCADO,74180321.89,11,0,0
55122120000153,APW FUNDO DE INVESTIMENTO FINANCEIRO EM COTAS DE FUNDOS DE INVESTIMENTO MULTIMERCADO,73982372.74,1,0,0
45121247000102,MANCHESTER FUNDO DE INVESTIMENTO FINANCEIRO,73978620.86,5,0,0
60276138000140,MERCURY FIC FIF MULTIMERCADO,73377138.13,17,2,0
48005014000124,GRIF OPPORTUNITIES FI EM COTAS DE FUNDOS DE INVESTIMENTO MULTIMERCADO CRÉDITO PRIVADO,73292246.6,1,0,0
65927708000138,CAPITÂNIA MULTI RECEBÍVEIS II FIF RENDA FIXA CRÉDITO PRIVADO RESP LIMITADA,72915665.78,34,0,0
53323398000163,AGM FUNDO DE INVESTIMENTO MULTIMERCADO CRÉDITO PRIVADO RESPONSABILIDADE LIMITADA,72815383.27,1,1,0
35377796000180,PORTO SEGURO MASTER FIF RENDA FIXA CRÉDITO PRIVADO LONGO PRAZO RESPONSABILIDADE LIMITADA,70938996.62,26,0,0
50114051000112,HARVEST FUNDO DE INVESTIMENTO FINANCEIRO,70876875.7,1,0,0
59698615000186,MTZ CAPITAL FUNDO DE INVESTIMENTO EM COTAS DE FUNDOS DE INVESTIMENTO MULTIMERCADO CRÉDITO PRIVADO,70713081.2,1,1,0
41601781000157,AMW ARTEMIS FIFE FIF RF PREVIDENCIÁRIO CRÉDITO PRIVADO - RESPONSABILIDADE LIMITADA,70299624.56,12,0,0
50803290000180,NEPTURE FUNDO DE INVESTIMENTO MULTIMERCADO CREDITO PRIVADO INVESTIMENTO NO EXTERIOR,69819668.39,2,0,0
34957512000162,SELECTION RF HIGH YIELD FUNDO DE INVESTIMENTO EM COTAS MULTIMERCADO CRÉDITO PRIVADO LONGO PRAZO,69460812.06,6,2,0
30332614000131,FORTRESS FUNDO DE INVESTIMENTO MULTIMERCADO CREDITO PRIVADO,68849863.35,2,0,0
43450518000130,AMW VÊNUS MASTER CRÉDITO FUNDO DE INVESTIMENTO FINANCEIRO MULTIMERCADO,68605599.6,10,0,0
41090889000122,ASSAY 95 FIF MULTIMERCADO CRÉDITO PRIVADO INVESTIMENTO NO EXTERIOR - RESPONSABILIDADE LIMITADA,68358039.88,2,2,0
66275639000198,BRAM WAREHOUSE 2 FIF - CLASSE DE INVESTIMENTO RENDA FIXA CRÉDITO PRIVADO - RESPONSABILIDADE LIMITADA,67643886.92,9,1,0
57466264000152,FECOM FUNDO DE INVESTIMENTO FINANCEIRO MULTIMERCADO CRÉDITO PRIVADO RESPONSABILIDADE LIMITADA,67410736.8,10,0,0
42754444000162,ISTAMBUL FUNDO DE INVESTIMENTO MULTIMERCADO LONGO PRAZO INVESTIMENTO NO EXTERIOR,67257035.51,1,1,0
26978438000132,IRIDIUM APOLLO FIF RENDA FIXA CRÉDITO PRIVADO LONGO PRAZO - RESPONSABILIDADE LIMITADA,66938012.739999995,6,0,0
07892341000168,MULTIPREV II FIF RENDA FIXA CRÉDITO PRIVADO RESPONSABILIDADE LIMITADA,66931139.15,6,0,0
51623321000183,BTG LEGATO L FUNDO DE INVESTIMENTO FINANCEIRO MULTIMERCADO,66356322.7,30,4,0
24444154000130,SPARTA MAX MASTER FIF RENDA FIXA CRÉDITO PRIVADO LONGO PRAZO - RESPONSABILIDADE LIMITADA,66026692.54,32,0,0
19782311000188,AZ QUEST VALORE FUNDO DE INVESTIMENTO FINANCEIRO RENDA FIXA CRÉDITO PRIVADO,65674310.87,4,2,0
00832435000100,ITAÚ INSTITUCIONAL RENDA FIXA REFERENCIADO DI FIF RESP LIMITADA,65249659.37,3,0,0
43584552000105,RIZA MEYENII 360 MASTER FI FINANCEIRO EM COTAS DE FUNDOS DE INVESTIMENTO MULTIMERCADO,65010145.52,1,1,0
53145202000198,CREDI PLUS FUNDO DE INVESTIMENTO EM COTAS DE FUNDO DE INVESTIMENTO MULTIMERCADO CRÉDITO PRIVADO,64832754.99,1,0,0
49429700000195,SILVES FUNDO DE INVESTIMENTO MULTIMERCADO CRÉDITO PRIVADO,64705025.67,1,1,0
42777239000112,PORTO PREVIDENCIÁRIO FIFE FUNDO DE INVESTIMENTO FINANCEIRO RENDA  FIXA CRÉDITO PRIVADO RESP LIMITADA,63977945.4,27,0,0
41574909000130,PEN BRASIL FUNDO DE INVESTIMENTO FINANCEIRO MULTIMERCADO,63971125.79,4,3,0
36440431000116,GALAPAGOS EVOLUTION FUNDO DE INVESTIMENTO FINANCEIRO EM COTAS DE FUNDOS DE INVESTIMENTO MULTIMERCADO,63692046.41,8,0,0
46098423000197,AVANTE FUNDO DE INVESTIMENTO EM COTAS DE FUNDOS DE INVESTIMENTO MULTIMERCADO CRÉDITO PRIVADO,63290516.54,1,1,0
21762085000115,JGP SELECT MASTER FUNDO DE INVESTIMENTO FINANCEIRO MULTIMERCADO CRÉDITO PRIVADO RESP LTDA,63139610.72,12,4,0
41609901000162,RAYAS FUNDO DE INVESTIMENTO MULTIMERCADO CRÉDITO PRIVADO NO EXTERIOR,62643994.76,1,1,0
32771072000129,XP CORPORATE PLUS MASTER FI FINANCEIRO MULTIMERCADO CRÉDITO PRIVADO -  RESPONSABILIDADE LIMITADA,62203635.6,12,1,0
56055581000113,SMT AGRO HOLDING FUNDO DE INVESTIMENTO EM COTAS DE FIM CRÉDITO PRIVADO,62062683.96,1,1,0
45019235000163,BINVEST Fundo de Investimento em Cotas de Fundos de Investimento Multimercado Credito Privado,61572314.36,2,2,0
44211989000158,BNP PARIBAS FIFE FI FINANCEIRO - CI MULT CRED PRIV - RESP LIMITADA,61034201.54,15,1,0
19351264000118,FPRF4 ÁGUIA PREVIDENCIÁRIO FIF MULTIMERCADO CRÉDITO PRIVADO RESPONSABILIDADE LIMITADA,60987746.32,2,0,0
34370376000100,CUPERTINO LITIGATION FINANCE FUNDO DE INVESTIMENTO MULTIMERCADO CRÉDITO PRIVADO,60861485.25,1,1,0
22003797000113,BS ALPHA CLASSE DE INVESTIMENTO  MULTIMERCADO CRÉDITO PRIVADO - RESP LIMITADA,60733612.82,14,0,0
61831273000172,ADRANO FUNDO DE INVESTIMENTO FINANCEIRO,60558921.17,1,1,0
51851605000127,SAÚDE NACIONAL FUNDO DE INVESTIMENTO FINANCEIRO MULTIMERCADO CRÉDITO,60361381.739999995,4,2,0
52966476000185,AVANT FINTECH FIC DE FUNDO DE INVESTIMENTO MULTIMERCADO CRÉDITO PRIVADO RESPONSABILIDADE LIMITADA,60156745.37,1,1,0
48312800000174,SQUARE FUNDO DE INVESTIMENTO EM COTAS DE FUNDOS DE INVESTIMENTO MULTIMERCADO CRÉDITO PRIVADO,60119135.9,2,1,0
45104170000154,VICTOREM FUNDO DE INVESTIMENTO FINANCEIRO,59775607.660000004,11,1,0
49270021000116,SBPREV I MASTER RENDA FIXA CRÉDITO PRIVADO - FIF RESP LIMITADA,59757297.980000004,23,0,0
45295157000120,VALORA ARKA FUNDO DE INVESTIMENTO FINANCEIRO MULTIMERCADO,59705369.44,57,0,0
59714471000104,CAPITÂNIA INFRA YIELD MASTER FUNDO INCENTIVADO DE INVESTIMENTO FINANCEIRO EM INFRA RENDA FIXA,59356427.87,33,0,0
30568172000127,AUGME HIGH GRADE FUNDO DE INVESTIMENTO RENDA FIXA,58939112.379999995,17,0,0
10322633000170,CAIXA MEGA FUNDO DE INVESTIMENTO FINANCEIRO RENDA FIXA REFERENCIADO DI LONGO PRAZO - RESP LIMITADA,58889529.269999996,3,1,0
08680812000137,VERDE EQUITY MASTER FUNDO DE INVESTIMENTO FINANCEIRO EM AÇÕES RESPONSABILIDADE LIMITADA,58506788.17,2,0,0
03233076000155,PORTO SEGURO EMPRESARIAL RENDA FIXA FUNDO DE INVESTIMENTO FINANCEIRO CRÉDITO PRIVADO RESP LIMITADA,58233995.12,1,0,0
59081423000126,ZAFIRA FUNDO DE INVESTIMENTO  FINANCEIRO RENDA FIXA CRÉDITO PRIVADO LONGO PRAZO RESP  LIMITADA,57933821.86,3,3,0
31962100000122,SPARTA PREVIDÊNCIA MASTER FUNDO DE INVESTIMENTO FINANCEIRO RENDA FIXA CRÉDITO PRIVADO RESP LTDA,57800269.65,26,0,0
50587789000105,HT3 FUNDO DE INVESTIMENTO MULTIMERCADO CRÉDITO PRIVADO IE,57675252.879999995,2,2,0
55689417000103,POLÍGONO CHARLIE PREVIDÊNCIA FUNDO DE INVESTIMENTO FINANCEIRO,57558963.94,15,2,0
49584285000144,MAV ALTERNATIVE CREDIT FUNDO DE INVESTIMENTO FINANCEIRO MULTIMERCADO,57427904.07000001,2,0,0
61290059000156,XP CORPORATE LIGHT MASTER FIF RENDA FIXA CRÉDITO PRIVADO LONGO PRAZO IS - RESPONSABILIDADE LIMITADA,56915806.81,8,0,0
33599991000120,BTG PACTUAL CREDITO CORPORATIVO PLUS FUNDO DE INVESTIMENTO FINANCEIRO MULTIMERCADO,56908401.13,24,2,0
61327132000117,BRADESCO MÁSTER ULTRA II FIF - CLASSE DE INVESTIMENTO MULTIMERCADO CRED PRIV - RESP LIMITADA,56795632.87,19,3,0
32864267000113,ITAÚ FUNDO INCENTIVADO DE INVESTIMENTO FINANCEIRO EM INF RF CRÉD PRIVADO - RESP LIMITADA,56750953.74,1,0,0
47562385000144,SPECIALE MILENIO FUNDO DE INVESTIMENTO FINANCEIRO MULTIMERCADO,56682853.48,1,1,0
97543626000186,G5 FEJUCA 95 FUNDO DE INVESTIMENTO MULTIMERCADO,56187788.04000001,11,9,0
63441056000100,FIDELIS TEMPUS FUNDO DE INVESTIMENTO EM COTAS DE FUNDOS DE INVESTIMENTO MULTIMERCADO,56027465.85,1,1,0
12029811000102,WESTERN ASSET PREV STRUCTURED CREDIT CRÉDITO PRIVADO FIF RENDA FIXA RESP LIMITADA,55899894.46,25,0,0
38251322000186,G5 YAS MARINA FUNDO DE INVESTIMENTO FINANCEIRO MULTIMERCADO,55394941.44,13,7,0
41538891000111,SPECIAL SITUATIONS N1 FUNDO DE INVESTIMENTO MULTIMERCADO CREDITO PRIVADO LONGO PRAZO,55267671.61,3,2,0
45273911000120,SOLIS VNC FUNDO DE INVESTIMENTO FINANCEIRO EM COTAS DE FUNDOS DE INVESTIMENTO MULTIMERCADO,55244334.7,24,0,0
57212616000143,PODIUM FUNDO DE INVESTIMENTO MULTIMERCADO RESPONSABILIDADE LIMITADA CRÉDITO PRIVADO,55160027.48,1,1,0
23970201000117,OURO PRETO REAL FUNDO DE INVESTIMENTO EM COTAS DE FUNDOS DE INVESTIMENTO RENDA FIXA LONGO PRAZO,55011020.66,11,0,0
97525437000180,G5 SB 95 FUNDO DE INVESTIMENTO FINANCEIRO MULTIMERCADO,54927902.91,7,5,0
34218355000173,CROWN 2 FUNDO DE INVESTIMENTO MULTIMERCADO CRÉDITO PRIVADO INVESTIMENTO NO EXTERIOR,54691081.44,1,1,0
40634952000181,CORUMBAU FUNDO DE INVESTIMENTO FINANCEIRO MULTIMERCADO,54477302.160000004,3,0,0
54884180000140,ITAÚ FUNDO INCENTIVADO DE INVESTIMENTO FINANCEIRO EM INF IFRI CDI RF CRÉD PRIVADO - RESPE LIMITADA,54381766.17,2,0,0
61333973000137,CAPITÂNIA INFRA ADVISORY SÊNIOR I RENDA FIXA FUNDO DE INVESTIMENTO EM INFRAESTRUTURA,54146870.07,25,0,0
63938404000140,ARTESANAL 051 FUNDO DE  INVESTIMENTO FINANCEIRO MULTIMERCADO - RESPONSABILIDADE LIMITADA,54002439.48,1,1,0
40141299000119,ARABAN FUNDO DE INVESTIMENTO EM COTAS DE FUNDOS DE INVESTIMENTO MULTIMERCADO CRÉDITO PRIVADO,53980934.58,1,1,0
46590430000101,VILA NOVA DE GAIA FUNDO DE INVESTIMENTO FINANCEIRO EM COTAS DE FUNDOS DE INVESTIMENTO MULTIMERCADO,53754423.82,1,0,0
39254409000170,ANGÁ PREV EXCELLENCE FIFE FUNDO DE INVESTIMENTO FINANCEIRO MULTIMERCADO,53673144.690000005,13,0,0
61088250000110,ATLAS TRUST FUNDO DE INVESTIMENTO EM COTAS DE FUNDOS DE INVESTIMENTO MULTIMERCADO CP,53568407.95,1,1,0
58479912000178,VÉRTICE CASH ENHANCED FUNDO DE INVESTIMENTO FINANCEIRO MULTIMERCADO RESP LIMITADA,53544094.07,1,0,0
40456260000190,VALORA MASTER FIFE PREVIDENCIÁRIO FUNDO DE INVESTIMENTO RENDA FIXA CRÉDITO PRIVADO,53445355.47,52,0,0
30453289000165,G5 ALLOCATION FUNDO DE INVESTIMENTO FINANCEIRO MULTIMERCADO,53026848.35,7,3,0
42934049000161,CAPITÂNIA PREVIDENCE ITAÚ FIFE FIF RENDA FIXA CRÉDITO PRIVADO RESPONSABILIDADE LIMITADA,53006026.89,46,0,0
47102668000103,SIGNAL CAPITAL SPECIAL OPPORTUNITIES FI FINANCEIRO EM COTAS DE FUNDOS DE INVESTIMENTO MULTIMERCADO,52995482.550000004,5,3,0
11145288000109,TB PORTO FUNDO DE INVESTIMENTO EM COTAS DE FUNDOS DE INVESTIMENTO MULTIMERCADO,52750733.1,7,4,0
29720571000182,HECTARE REAL ESTATE  FUNDO DE INVESTIMENTO FINANCEIRO,52734899.93,1,1,0
29178353000168,AROEIRA FUNDO DE INVESTIMENTO EM COTAS DE FUNDOS DE INVESTIMENTO MULTIMERCADO,52666328.27,1,0,0
48886685000141,ZEFIROS 95 FUNDO DE INVESTIMENTO FINANCEIRO MULTIMERCADO CRÉDITO PRIVADO,52658706.2,1,1,0
45019629000111,ADJUD FUNDO DE INVESTIMENTO FINANCEIRO MULTIMERCADO CRÉDITO PRIVADO LONGO PRAZO DE RESP LIMITADA,52152173.45,3,3,0
41124588000172,CUTTER FUNDO DE INVESTIMENTO FINANCEIRO MULTIMERCADO,50956986.88,1,1,0
44417212000144,GEONIX 95 FUNDO DE INVESTIMENTO MULTIMERCADO,50819215.25,1,0,0
43584458000148,FFBANK FUNDO DE INVESTIMENTO EM COTAS DE FUNDOS DE INVESTIMENTO MULTIMERCADO CRÉDITO PRIVADO,50672201.68,2,2,0
34476006000151,SANTANDER DINÂMICO RENDA FIXA CRÉDITO PRIVADO - FUNDO DE INVESTIMENTO FINANCEIRO RESP LIMITADA,50623916.89,23,1,0
42133816000133,S.D.O. INVEST FUNDO DE INVESTIMENTO EM COTAS DE FUNDOS DE INVESTIMENTO MULTIMERCADO CRÉDITO PRIVADO,50572775.04,1,1,0
10643191000163,SAMAMBAIA MASTER FUNDO DE INVESTIMENTO FINANCEIRO EM AÇÕES RESPONSABILIDADE LIMITADA,50379251.41,1,0,0
15164899000155,PANTHER FUNDO DE INVESTIMENTO FINANCEIRO MULTIMERCADO,50361843.17,20,5,0
28767162000179,JGP CRÉDITO ADVISORY FI FINANCEIRO MULTIMERCADO CRÉDITO PRIVADO - RESPONSABILIDADE LIMITADA,50110632.62,11,4,0
32302132000164,M100 FUNDO DE INVESTIMENTO FINANCEIRO MULTIMERCADO CRÉDITO PRIVADO RESPONSABILIDADE LIMITADA,49791339.63,29,22,0
62604404000141,LIFT SO II FEEDER FUNDO DE INVESTIMENTO FINANCEIRO - RESPONSABILIDADE LIMITADA,49774461.94,1,0,0
36352610000100,XP CRÉDITO ESTRUTURADO SEGUROS PREV FIF RENDA FIXA CRÉDITO PRIVADO - RESPONSABILIDADE LIMITADA,49617570.410000004,6,4,0
17138011000135,UNIMED FUNDO DE INVESTIMENTO FINANCEIRO RENDA FIXA CRÉDITO PRIVADO PREVIDENCIÁRIO RESP LIMITADA,49612664.5,14,0,0
63918297000199,REVESTPAY  FUNDO DE INVESTIMENTO FINANCEIRO MULTIMERCADO - CRÉDITO PRIVADO  RESP LIMITADA,49582298.06,1,1,0
31108252000162,G5 ÁGUAS CLARAS II CIC CLASSES DE INVESTIMENTO MULTIMERCADO - CRÉDITO PRIVADO,49196845.36,1,1,0
63950243000100,KINEA SPECIAL OPPORTUNITIES FIF MULTIMERCADO CRÉDITO PRIVADO RESPONSABILIDADE LIMITADA,49014959.95,1,0,0
50687171000109,ANDBANK DANTE LIQUIDEZ FUNDO DE INVESTIMENTO EM COTAS DE FUNDOS DE INVESTIMENTO MULTIMERCADO,48935888.550000004,9,0,0
56976377000135,WE CRÉDITO OPEN FUNDO DE INVESTIMENTO EM COTAS DE FUNDOS DE INVESTIMENTO MULTIMERCADO,48891770.66,1,1,0
62388803000112,STEM FUNDO DE INVESTIMENTO EM COTAS DE FUNDOS DE INVESTIMENTO MULTIMERCADO CRÉDITO PRIVADO,48664128.3,1,1,0
32319373000116,ARX ELBRUS MASTER II FUNDO INCENTIVADO DE INVESTIMENTO FINANCEIRO EM INFRA RENDA FIXA  - RESP LTDA,48638432.29,4,0,0
66144931000171,DASI X FUNDO DE INVESTIMENTO MULTIMERCADO ESTRUTURADO,48410268.18,3,0,0
37440121000164,AUGME PRO VC FUNDO DE INVESTIMENTO FINANCEIRO MULTIMERCADO,48332197.42,37,0,0
55726312000179,TIVIO BVP FUNDO DE INVESTIMENTO FINANCEIRO RENDA FIXA CRÉDITO PRIVADO FIFE RESPONSABILIDADE LIMITADA,48246704.96,17,2,0
29852912000173,LW FUNDO DE INVESTIMENTO FINANCEIRO EM COTAS DE FUNDOS DE INVESTIMENTO MULTIMERCADO,48212294.04,1,1,0
29909331000120,INFINITU FUNDO DE INVESTIMENTO FINANCEIRO,48169308.84,1,1,0
35255308000162,SEQUOIA CAPITAL FUNDO DE INVESTIMENTO MULTIMERCADO CREDITO PRIVADO RESPONSABILIDADE LIMITADA,48144173.76,1,0,0
65838693000131,HERITAGE RUBY MASTER OFFSHORE FIF RF INVESTIMENTO EM INFRA CRÉDITO  PRIVADO RESP LIMITADA,48015437.58,10,0,0
57031665000180,DIRECT ORRAM ESTRUTURADO FUNDO DE INVESTIMENTO FINANCEIRO MULTIMERCADO,47850895.03,1,0,0
36436773000162,GPW INVESTIMENTOS FUNDO DE INVESTIMENTO FINANCEIRO EM COTAS DE FUNDOS DE INVESTIMENTO MULTIMERCADO,47794143.95,1,0,0
18716552000166,RT 95 CLASSE DE INVESTIMENTO EM COTAS DE CLASSES DE INVESTIMENTO MULTIMERCADO CRÉDITO PRIVADO,47382439.129999995,8,5,0
49597996000153,FIM FITHER FUNDO DE INVESTIMENTO EM COTAS DE FUNDO DE INVESTIMENTO FINANCEIRO MULTIMERCADO,47060025.29,1,1,0
62232489000184,TIVIO INSTITUCIONAL MASTER FIF - CI RF CRÉDITO PRIVADO LONGO PRAZO - RESPONSABILIDADE LIMITADA,46821031.160000004,27,5,0
49289104000157,JGP CRÉDITO INFRA MASTER I FIF INCENTIVADO DE INVESTIMENTO EM INFRAESTRUTURA RENDA FIXA - RESP LTDA,46427869.019999996,5,4,0
61689590000104,G5 VEGAS 95 FUNDO DE INVESTIMENTO FINANCEIRO MULTIMERCADO,46413591.71,10,6,0
21307581000189,BNB INSTITUCIONAL CLASSE DE INVESTIMENTO RENDA FIXA - RESP LIMITADA,46395963.73,1,0,0
56974598000174,POLO CREDITO CORPORATIVO MASTER FI FINANCEIRO RENDA FIXA CREDITO PRIVADO LONGO PRAZO - RESP LIMITADA,46109401.379999995,8,0,0
30338838000150,CAPITÂNIA CREDPREVIDÊNCIA MÁSTER FI FINANCEIRO RENDA FIXA CRÉDITO PRIVADO RESP LTDA,45451568.56,14,0,0
13455189000159,SANTANDER ANS RENDA FIXA CRÉDITO PRIVADO - FIF RESP LIMITADA,45364635.44,22,0,0
27883656000156,DHF FUNDO DE INVESTIMENTO FINANCEIRO,45122806.63,18,6,0
51167855000142,VINLAND CRÉDITO ESTRUTURADO P MULTIMERCADO FIF EM COTAS DE FIM,45096322.81,1,1,0
49827939000113,SPIRIT FUNDO DE INVESTIMENTO FINANCEIRO MULTIMERCADO CP IE RESPONSABILIDADE LIMITADA,44985332.989999995,8,8,0
39586858000115,KINEA IPCA DINÂMICO II FUNDO DE INVESTIMENTO FINANCEIRO RENDA FIXA RESPONSABILIDADE LIMITADA,44983141.04,27,0,0
54293388000195,VALORA TITAN II RESPONSABILIDADE LIMITADA FIF MULTIMERCADO CRÉDITO PRIVADO LONGO PRAZO,44956544.17,60,2,0
41672242000109,CAPITÂNIA PREV ADVISORY XP SEGUROS FIFE FIF RENDA FIXA CRÉDITO PRIVADO - RESPONSABILIDADE LIMITADA,44676212.14,10,1,0
62701033000116,JGP DEBÊNTURES MASTER LAYERS RENDA FIXA FI FINANCEIRO EM INFRAESTRUTURA - RESPONSABILIDADE LIMITADA,44647440.22,5,0,0
38026869000188,SPARTA TOP INFLAÇÃO MASTER FIF RENDA FIXA CRÉDITO PRIVADO LONGO PRAZO - RESPONSABILIDADE LIMITADA,44569978.15,34,0,0
55968913000198,ANDIAMO FUNDO DE INVESTIMENTO MULTIMERCADO CRÉDITO  PRIVADO,44497528.56,1,1,0
13021642000119,KYKNOS FUNDO DE INVESTIMENTO FINANCEIRO MULTIMERCADO INVESTIMENTO EXTERIOR,44493332.19,9,5,0
17138466000150,SANTANDER ANS II RENDA FIXA CRÉDITO PRIVADO - FIF RESP LIMITADA,44479317.42,22,0,0
59682459000165,GRUPO LOPES FUNDO DE INVESTIMENTO EM COTAS DE FUNDOS DE INVESTIMENTO MULTIMERCADO CP,43959512.26,2,2,0
28079790000161,FUNDO DE INVESTIMENTO FINANCEIRO RENOVAR,43959180.79000001,3,2,0
48400668000152,PREVI CRÉDITO LIVRE II FUNDO DE INVESTIMENTO FINANCEIRO MULTIMERCADO CRÉDITO PRIVADO RESP LIMITADA,43908587.0,2,0,0
46962298000111,MILÊNIO SUPERNOVA FUNDO DE INVESTIMENTO FINANCEIRO EM COTAS DE FUNDOS DE INVESTIMENTO MULTIMERCADO,43695147.42,1,1,0
52203762000199,ROOT ANGELIM FIF MULTIMERCADO CRÉDITO PRIVADO INVESTIMENTO NO EXTERIOR - RESPONSABILIDADE LIMITADA,43678447.57,5,3,0
42043865000185,ALGARVE MALL FUNDO DE INVESTIMENTO EM COTAS DE FUNDOS DE INVESTIMENTO FINANCEIRO MULTIMERCADO,43501803.46,1,1,0
36947635000148,CAPITÂNIA FAPES FUNDO DE INVESTIMENTO FINANCEIRO MULT CRÉDITO PRIVADO - RESP LIMITADA,43325839.85,18,0,0
41630234000108,CSHG CROW TECH CAPITAL FUNDO DE INVESTIMENTO FINANCEIRO MULTIMERCADO - CRÉDITO PRIVADO RESP LIMITADA,43309465.34,1,1,0
22118303000146,CW1 CRÉDITO PRIVADO FUNDO DE INVESTIMENTO FINANCEIRO MULTIMERCADO - RESPONSABILIDADE LIMITADA,43174929.21,41,1,0
32041793000183,TJOEME FUNDO DE INVESTIMENTO MULTIMERCADO CREDITO PRIVADO INVESTIMENTO NO EXTERIOR,42711486.85,2,1,0
49366532000136,ROOT CAPITAL HIGH YIELD PREVIDÊNCIA FIF RENDA FIXA CRÉDITO PRIVADO - RESPONSABILIDADE LIMITADA,42696983.76,4,1,0
11695059000168,FUNDO DE INVESTIMENTO FINANCEIRO RENDA FIXA NEW LEAF I,42291283.12,1,1,0
49421809000186,XP SPECIAL SITUATIONS A1 FUNDO DE INVESTIMENTO FINANCEIRO,42211263.150000006,4,4,0
13547622000186,G5 BARDAUNI FIF - CLASSE DE INVESTIMENTO MULTIMERCADO CRÉDITO PRIVADO,42172306.75,9,8,0
51777660000114,ANZEN FUNDO DE INVESTIMENTO EM COTAS DE FUNDOS DE INVESTIMENTO MULTIMERCADO CRÉDITO PRIVADO,42144016.88,1,1,0
55751489000125,BB TOP RENDA FIXA DEBÊNTURES INCENTIVADAS CDI I FIF EM INFRAESTRUTURA RESPONSABILIDADE LIMITADA,42143637.03,3,0,0
12065790000172,LIZ FUNDO DE INVESTIMENTO MULTIMERCADO - CRÉDITO PRIVADO RESPONSABILIDADE LIMITADA,41975235.17,7,4,0
09489396000157,LIDIDU FUNDO DE INVESTIMENTO FINANCEIRO MULTIMERCADO CRÉDITO PRIVADO RESPONSABILIDADE LIMITADA,41920116.56,8,3,0
54072658000138,TRIUNFO FUNDO DE INVESTIMENTO FINANCEIRO RENDA FIXA CRÉDITO PRIVADO - RESPONSABILIDADE LIMITADA,41710360.81,10,0,0
55770799000197,ITAÚ PIRINEUS II DISTRIBUIDORES FIF CIC INCENTIVADO EM INVEST DEB  INFRA RF CRÉD PRIV RESP LIMITADA,41686015.57,1,0,0
43143750000125,FAR NIENTE FUNDO DE INVESTIMENTO FINANCEIRO - RESPONSABILIDADE LIMITADA,41612973.97,7,2,0
53322966000101,LGG INVEST II  FI EM COTAS DE FUNDOS DE INVESTIMENTO MULTIMERCADO - CRÉDITO PRIVADO RESP LIMITADA,41590426.12,1,1,0
34461914000171,ANGÁ MÃO AMIGA FI FINANCEIRO MULTIMERCADO CRÉDITO PRIVADO - RESPONSABILIDADE LIMITADA,41220213.879999995,26,0,0
17012112000165,G5 AETERNUS FIF - CLASSE DE INVESTIMENTO MULTIMERCADO CRÉDITO PRIVADO - RESPONSABILIDADE LIMITADA,41209328.15,8,8,0
41774687000108,BTG PACTUAL CORPORATIVO PLUS PREV FIFE FUNDO DE INVESTIMENTO FINANCEIRO MULTIMERCADO,41189941.77,21,2,0
36352509000140,AZ QUEST SUPRA MASTER FUNDO DE INVESTIMENTO FINANCEIRO MULTIMERCADO CREDITO PRIVADO,41086197.78,8,2,0
50442085000136,ENM FUNDO DE INVESTIMENTO MULTIMERCADO CRÉDITO PRIVADO,40998639.34,1,1,0
41954734000197,BRAVE TB FUNDO DE INVESTIMENTO FINANCEIRO MULTIMERCADO CRÉDITO PRIVADO,40658953.19,42,2,0
42379212000171,GAMG FUNDO DE INVESTIMENTO FINANCEIRO MULTIMERCADO INVESTIMENTO NO EXTERIOR,40635475.69,1,1,0
51081730000103,JEM CAPITAL 95 FUNDO DE INVESTIMENTO FINANCEIRO MULTIMERCADO CRÉDITO PRIVADO,40542073.32,1,1,0
50152676000179,INVESTMACH FUNDO DE INVESTIMENTO EM COTAS DE FUNDOS DE INVESTIMENTO MULTIMERCADO CREDITO PRIVADO,40443384.86,1,1,0
50269714000178,ID RF FUNDO DE  INVESTIMENTO FINANCEIRO RENDA FIXA LONGO PRAZO,40424445.89,5,5,0
52115449000107,ROOT CAPITAL CRÉDITO HG INSTITUCIONAL FIF RENDA FIXA CRÉDITO PRIVADO - RESPONSABILIDADE LIMITADA,40232460.23,21,0,0
49178674000170,BTG PACTUAL CONSÓRCIO FUNDO DE INVESTIMENTO FINANCEIRO RENDA FIXA REFERÊNCIA DI,40232226.01,13,5,0
55670650000136,LC AZUL FUNDO DE INVESTIMENTO EM COTAS DE FUNDOS DE INVESTIMENTO MULTIMERCADO CRÉDITO PRIVADO,40046133.31,1,1,0
16728467000192,MAR AZUL FUNDO DE INVESTIMENTO FINANCEIRO MULTIMERCADO INVESTIMENTO NO EXTERIOR - RESP LIMITADA,40001126.37,1,1,0
62993608000111,VIA FIF MULTIMERCADO CRÉDITO PRIVADO RESPONSABILIDADE LIMITADA,39999803.21,1,0,0
30258825000171,COLUMBIA FUNDO DE INVESTIMENTO FINANCEIRO MULTIMERCADO,39912263.21,4,4,0
55080073000122,ADCBANK FUNDO DE INVESTIMENTO EM COTAS DE FUNDOS DE INVESTIMENTO MULTIMERCADO CRÉDITO PRIVADO,39880147.38,1,1,0
45682244000130,PORTO RENDA FIXA SELECTION PREVIDÊNCIA FUNDO DE INVESTIMENTO RENDA FIXA,39494103.45,28,3,0
05642617000124,CHATEAUBRIAND PREVIDENCIÁRIO FI FINANCEIRO - CI RF - RESP LIMITADA,39434207.68,12,0,0
31551389000197,GRIF STRATEGY FUNDO DE INVESTIMENTO MULTIMERCADO,39141607.12,5,0,0
24012906000194,FMA QI FUNDO DE INVESTIMENTO FINANCEIRO MULTIMERCADO CRÉDITO PRIVADO - RESPONSABILIDADE LIMITADA,38921780.92,8,0,0
31964159000150,TYTON CRÉDITO FUNDO DE INVESTIMENTO FINANCEIRO MULTIMERCADO,38896300.57,13,0,0
62639823000119,VWD FUNDO DE INVESTIMENTO FINANCEIRO MULTIMERCADO,38743246.48,1,1,0
52955321000143,SVN PREV FUNDO DE INVESTIMENTO FINANCEIRO RENDA FIXA CRÉDITO PRIVADO - RESPONSABILIDADE LIMITADA,38651407.72,6,1,0
41097037000167,LARCA CAPITAL FI EM COTAS DE FI MULTIMERCADO - CRÉDITO PRIVADO RESPONSABILIDADE LIMITADA,38586029.81,5,0,0
42043782000196,FITI FUNDO DE INVESTIMENTO FINANCEIRO MULTIMERCADO CRÉDITO PRIVADO - RESPONSABILIDADE LIMITADA,38571868.71,2,2,0
49269925000121,SANTANDER PREV MULTIESTRATÉGIA RENDA FIXA CRÉDITO PRIVADO LONGO PRAZO - FIF RESP LIMITADA,38545411.870000005,5,0,0
53096329000164,SANTANDER PB ARANDIS III MULTIMERCADO CRÉDITO PRIVADO FUNDO DE INVESTIMENTO FINANCEIRO,38499446.260000005,3,2,0
42848014000100,BTG LEGATO VC FUNDO DE INVESTIMENTO FINANCEIRO MULTIMERCADO,38335773.29,26,3,0
41906865000107,ALR FC DE FUNDO DE INVESTIMENTO MULTIMERCADO CRÉDITO PRIVADO IE RESPONSABILIDADE LIMITADA,38181695.39,1,1,0
41906891000127,SAFE FC DE FUNDO DE INVESTIMENTO MULTIMERCADO CRÉDITO PRIVADO IE RESPONSABILIDADE LIMITADA,38175471.56,1,1,0
54366569000102,GALÉS FIF - CLASSE DE INVESTIMENTO RENDA FIXA CRÉDITO PRIVADO DI - RESPONSABILIDADE LIMITADA,38062018.07,11,8,0
59060765000160,GOLDEN GATE CRÉDITO ESTRUTURADO FIC DE FIF MULTIMERCADO,37910109.73,20,2,0
22003335000104,QI FUNDO DE INVESTIMENTO FINANCEIRO EM COTAS DE FUNDOS DE INVESTIMENTO MULTIMERCADO,37895156.3,3,0,0
55477809000109,JGP CRÉDITO INFRA MASTER II FUNDO INCENTIVADO DE INVEST INFRA RENDA FIXA RESPONSABILIDADE LIMITADA,37871177.480000004,4,3,0
47776754000100,G43 FUNDO DE INVESTIMENTO MULTIMERCADO,37842978.16,10,5,0
43313171000183,DINASTIA CLASSE DE INVESTIMENTO MULTIMERCADO CRÉDITO PRIVADO - RESP LIMITADA,37614730.83,12,4,0
31247970000110,JULIUS BAER GESTÃO DE CRÉDITO SELETIVO 120 CRED PRIV FIF MULTIMERCADO - RESPONSABILIDADE LIMITADA,37461956.669999994,2,1,0
26744808000177,VERDE AM SCENA MASTER FUNDO DE INVESTIMENTO FINANCEIRO MULTIMERCADO RESPONSABILIDADE LIMITADA,37248658.29,2,0,0
32244578000180,SUN FUNDO DE INVESTIMENTO MULTIMERCADO CRÉDITO PRIVADO,37208662.02,1,1,0
53078711000145,BOTIJA 95 FUNDO DE INVESTIMENTO MULTIMERCADO CRÉDITO PRIVADO,37036500.93,2,0,0
57449111000105,BRAM FIF - CLASSE DE  INVESTIMENTO RF DE INVESTIMENTO EM INFRA CDI  CRED PRIV RESP LIMITADA,36884357.51,4,0,0
65131307000177,VALORA OPPORTUNA PREVIDENCIÁRIO FI FINANCEIRO MULTIMERCADO CRÉDITO PRIVADO - RESPONSABILIDADE LIMITA,36833582.23,17,3,0
39753127000117,PLATINA III FUNDO DE INVESTIMENTO FINANCEIRO RENDA FIXA CRÉDITO PRIVADO - RESPONSABILIDADE LIMITADA,36739901.47,2,0,0
58824430000108,SANTANDER PB ATITUDE 95 MULTIMERCADO CRÉDITO PRIVADO - FIF,36611553.56,1,1,0
58649695000117,D28 FUNDO DE INVESTIMENTO FINANCEIRO MULTIMERCADO,36413512.56,1,1,0
59406338000190,INVISTA I FUNDO DE INVESTIMENTO FINANCEIRO,36287788.01,1,1,0
58174985000151,PORTO PREV BVP FIF RENDA FIXA CRÉDITO PRIVADO FIFE RESPONSABILIDADE LIMITADA,36220875.58,27,0,0
42887856000170,GALAPAGOS IGUANA FUNDO DE INVESTIMENTO FINANCEIRO RENDA FIXA,36174350.04,15,0,0
52857056000160,SANTANDER PB CALIFA III MULTIMERCADO CRÉDITO PRIVADO FUNDO DE INVESTIMENTO FINANCEIRO,36155359.730000004,3,2,0
27500639000192,UBS MONDRIAN EI FUNDO DE INVESTIMENTO FINANCEIRO  MULTIMERCADO CRÉDITO PRIVADO RESP LIMITADA,35936068.8,3,0,0
29044201000172,AGPJ2 FUNDO DE INVESTIMENTO EM AÇÕES,35895220.66,2,0,0
60752309000160,SPECTRA EVERGREEN LEGACY FEEDER FUNDO DE INVESTIMENTO FINANCEIRO MULTIMERCADO,35606943.43,1,0,0
60018029000122,BTG PACTUAL SYNERGY EQUITY HEDGE FUNDO DE INVESTIMENTO FINANCEIRO MULTIMERCADO,35494275.78,1,1,0
47715828000190,SETTE ARMONIA FUNDO DE INVESTIMENTO FINANCEIRO MULTIMERCADO CRÉDITO PRIVADO INVESTIMENTO NO EXTERIOR,35459056.8,2,2,0
53246272000132,ITAÚ PIRINEUS DISTRIBUIDORES FIF - CIC FI INCENTIVADO DEB INFRA RF CRED PRIV - RESP LIMITADA,35280648.88,1,0,0
41423809000103,GIVERNY ICATU PREV QUALIFICADO FIF - CI MULT CRED PRIV - RESP LIMITADA,35122711.51,5,0,0
57784933000134,FORTITUDO FUNDO DE INVESTIMENTO FINANCEIRO MULTIMERCADO CRÉDITO PRIVADO,35115709.85,1,1,0
65096801000148,AZ QUEST CONDOTTO FUNDO DE INVESTIMENTO FINANCEIRO MULTIMERCADO CRÉDITO PRIVADO,35108538.25,5,0,0
65673283000188,SOLIDUM FUNDO DE INVESTIMENTO FINANCEIRO MULTIMERCADO CRÉDITO PRIVADO RESP. ILIMITADA,34973593.87,1,1,0
56002195000163,ZURICH FUNDO DE INVESTIMENTO MULTIMERCADO CREDITO PRIVADO,34920954.34,2,2,0
97525445000127,JADE FUNDO DE INVESTIMENTO FINANCEIRO MULTIMERCADO,34912561.85,3,2,0
45829675000186,GMZ FUNDO DE INVESTIMENTO FINANCEIRO - CLASSE DE INVESTIMENTO MULTIMERCADO CP RESP LIMITADA,34773750.16,4,4,0
51729675000107,INOVA I FUNDO DE INVESTIMENTO FINANCEIRO,34754939.25,1,1,0
50492641000189,SPECIALE CONSIGNADO FG FUNDO DE INVESTIMENTO MULTIMERCADO,34738074.09,2,1,0
63942021000146,OCCAM BB INFRA LINEAR FI FINANCEIRO RENDA FIXA INVESTIMENTO EM INFRAESTRUTURA - RESP LIMITADA,34541074.33,9,0,0
01375954000141,PLANNER REDWOOD FUNDO DE INVESTIMENTO RENDA FIXA LONGO PRAZO RESPOSABILIDADE LIMITADA,34347075.31,4,0,0
35002519000193,EARNIER MAPS FUNDO DE INVESTIMENTO FINANCEIRO MULTIMERCADO,34333024.43,4,0,0
42814944000142,ITAÚ FLEXPREV HIGH YIELD II FUNDO DE INVESTIMENTO FINANCEIRO MULT CRÉD PRIV - RESP LIMITADA,34125166.15,1,0,0
65359339000124,TIVIO PREV MASTER FIF - CLASSE DE INVESTIMENTO MULTIMERCADO CRÉDITO PRIVADO - RESP LIMITADA,34017416.57,18,1,0
57815131000144,A1 HIGH GRADE POS FIXADO FUNDO DE INVESTIMENTO FINANCEIRO RENDA FIXA CRED PRIV RESP LIMITADA,33996243.019999996,11,0,0
55213551000125,ITAÚ FUNDO INCENTIVADO DE INVESTIMENTO FINANCEIRO INFRA III RF CRED PRIV - RESP LIMITADA,33764345.23,1,0,0
56067582000188,KINEA PREV EMPRESARIAL FUNDO DE INVESTIMENTO FINANCEIRO RENDA FIXA RESPONSABILIDADE LIMITADA,33643454.03,24,0,0
58451811000199,ARX BLANC FUNDO DE INVESTIMENTO FINANCEIRO MULTIMERCADO CRÉDITO PRIVADO - RESPONSABILIDADE LIMITADA,33462097.25,17,0,0
63422775000175,PROSPERUM FUNDO DE INVESTIMENTO MULTIMERCADO INVESTIMENTO NO EXTERIOR E CRÉDITO PRIVADO,33458288.49,1,1,0
60871165000160,SHOGUN FUNDO DE INVESTIMENTO EM COTAS DE FUNDOS DE INVESTIMENTO MULTIMERCADO RESP LIMITADA,33378038.9,9,0,0
65030262000144,CARAVAGGIO FUNDO DE INVESTIMENTO FINANCEIRO EM COTAS DE FUNDOS DE INVESTIMENTO MULTIMERCADO,33271790.98,13,2,0
14196834000129,BB MULTIMERCADO LP ALLOCATION PLUS PRIVATE FUNDO DE INVESTIMENTO EM COTAS FIF RESP LIMITADA,33201531.81,1,0,0
63033489000118,BDL FUNDO DE INVESTIMENTO EM COTAS DE FUNDOS DE INVESTIMENTO MULTIMERCADO RESPONSABILIDADE LIMITADA,32953406.33,1,1,0
63350724000185,LUMINA FEEDER BRASIL III FUNDO DE INVESTIMENTO FINANCEIRO MULTIMERCADO,32879652.64,2,2,0
49055479000152,DAYCOVAL TETRA FUNDO DE INVESTIMENTO FINANCEIRO,32820403.73,1,1,0
35342887000180,GLOBAL FUNDO DE INVESTIMENTO FINANCEIRO EM COTAS DE FUNDOS DE INVESTIMENTO MULTIMERCADO,32762232.58,1,0,0
04501865000192,BTG PACTUAL CAPITAL MARKETS FUNDO DE INVESTIMENTO FINANCEIRO RENDA FIXA,32700310.48,12,5,0
64581281000104,DASI ASSET FI MULTIMERCADO - CRÉDITO  PRIVADO INVESTIMENTO NO EXTERIOR RESPONSABILIDADE LIMITADA,32592706.7,1,1,0
52978073000156,VRE FUNDO DE INVESTIMENTO MULTIMERCADO,32474628.69,1,1,0
33498945000134,G5 HÉRCULES FIF - CLASSE DE INVESTIMENTO MULTIMERCADO CRÉDITO PRIVADO - RESPONSABILIDADE LIMITADA,32465822.319999997,10,7,0
61526773000109,AVGA CAPITAL WM AROEIRA FUNDO DE INVESTIMENTO MULTIMERCADO CRÉDITO  PRIVADO RESP LIMITADA,32303960.75,3,3,0
60775750000167,G5 ALLOCATION II FUNDO INCENTIVADO DE INVESTIMENTO FINANCEIRO EM INFRAESTRUTURA RENDA FIXA,32237064.95,5,2,0
60799183000189,EXES CRÉDITO DIRETO II FUNDO DE INVESTIMENTO FINANCEIRO MULTIMERCADO,32172496.22,2,1,0
29813596000120,XP CREDITO ESTRUTURADO 15 FIC DE FIF RENDA FIXA CRÉD PRIV LONGO PRAZO - RESPONSABILIDADE LIMITADA,32121391.18,5,4,0
63971151000107,TIVIO FOODS FUNDO DE INVESTIMENTO FINANCEIRO - CIC MULTIMERCADO CRÉDITO PRIVADO,32051355.13,1,1,0
37319367000182,UNIMED INVESTCOOP LIVRE I FIF RENDA FIXA CRÉDITO PRIVADO LP RESP LIMITADA,31963107.73,19,0,0
54660721000157,CORE II CRÉDITO FIF RF CRED PRIV LP - RESP LIMITADA,31917804.28,22,0,0
55911526000115,SPARTA PREVIDÊNCIA BB FIFE FI FINANCEIRO RENDA FIXA CRÉDITO PRIVADO - RESPONSABILIDADE LIMITADA,31771122.52,26,0,0
53148369000102,GDV CAPTA FUNDO DE INVESTIMENTO EM COTAS DE FUNDO DE INVESTIMENTO MULTIMERCADO CRÉDITO PRIVADO,31753730.17,1,1,0
57935598000128,MACANAN FUNDO DE INVESTIMENTO EM COTAS DE FUNDOS DE INVESTIMENTO MULTIMERCADO CRÉDITO PRIVADO,31727815.43,1,1,0
61141536000111,BB MASTER RENDA FIXA DEBÊNTURES INCENTIVADAS FIF INVESTIMENTO EM INFRAESTRUTURA RESP LIMITADA,31686397.44,3,1,0
64657733000186,VALONGO CLASSE DE FUNDO DE INVESTIMENTO MULTIMERCADO CRÉDITO PRIVADO RESPONSABILIDADE LIMITADA - CLA,31480248.0,1,1,0
27293743000153,SOMMA ANS FUNDO DE INVESTIMENTO FINANCEIRO RENDA FIXA,31311336.74,15,1,0
49600987000174,BTB FUNDO DE INVESTIMENTO MULTIMERCADO CRÉDITO PRIVADO LONGO PRAZO,31102992.12,1,0,0
38068830000123,KINEA PREV IPCA DINÂMICO FUNDO DE INVESTIMENTO FINANCEIRO RENDA FIXA RESP LIMITADA,31076799.25,25,0,0
47775977000144,MAF FUNDO DE INVESTIMENTO MULTIMERCADO CP RESPONSABILIDADE LIMITADA,31051233.81,1,1,0
55080475000127,CAP6 FUNDO DE INVESTIMENTO EM COTAS DE FUNDOS DE INVESTIMENTO MULTIMERCADO CRÉDITO PRIVADO,31019606.36,1,1,0
05307874000100,FIGO FUNDO DE INVESTIMENTO FINANCEIRO EM COTAS DE FUNDOS DE INVESTIMENTO MULTIMERCADO,30976191.16,2,2,0
65667790000109,EVORA FUNDO DE INVESTIMENTO EM COTAS FUNDO DE INVESTIMENTOS MULTIMERCADO CRÉDITO PRIVADO,30777009.19,1,1,0
15174629000125,INTEGRAL FUNDO DE INVESTIMENTO FINANCEIRO RENDA FIXA,30762068.38,27,0,0
48288660000146,GOLDFINCH FUNDO DE INVESTIMENTO FINANCEIRO  MULTIMERCADO,30736323.37,1,1,0
49014064000130,EXES PREVIDÊNCIA FIFE FUNDO DE INVESTIMENTO FINANCEIRO MULTIMERCADO,30629113.4,3,0,0
40413612000120,BRADESCO TITÂNIO INFLAÇÃO FI FINANCEIRO - CI RF CRED PRIV - RESP LIMITADA,30511548.95,1,0,0
34687399000142,VINLAND MASTER FUNDO DE INVESTIMENTO FINANCEIRO RENDA FIXA LONGO PRAZO RESPONSABILIDADE LIMITADA,30490798.13,20,0,0
57620173000120,SOLIS CORUJA FUNDO DE INVESTIMENTO FINANCEIRO EM COTAS DE FUNDOS DE INVESTIMENTO MULTIMERCADO,30429799.37,29,0,0
62334282000110,KRATOS FUNDO DE INVESTIMENTO MULTIMERCADO INVESTIMENTO NO EXTERIOR  RESPONSABILIDADE LIMITADA,30429226.88,1,1,0
28122220000107,PORTFOLIO FUNDO DE INVESTIMENTO FINANCEIRO EM COTAS DE FUNDOS DE INVESTIMENTO MULTIMERCADO,30407206.39,1,1,0
46323157000159,BLUE CAPITAL FUNDO DE INVESTIMENTO EM COTAS DE FUNDO DE INVESTIMENTO FINANCEIRO MULTIMERCADO,30315496.93,1,0,0
63706652000166,VINLAND INC XP FUNDO INCENTIVADO EM INVESTIMENTO EM DEB DE INFRA FIF RF CRED PRIV RESP LIMITADA,30173979.04,22,0,0
42174097000107,SMIRK FUNDO DE INVESTIMENTO MULTIMERCADO CREDITO PRIVADO-RESPONSABILIDADE LIMITADA,30154432.32,1,1,0
23035035000161,HONEYCOMB FUNDO DE INVESTIMENTO EM COTAS DE FUNDOS DE INVESTIMENTO MULTIMERCADO,29952235.880000003,8,2,0
60312851000100,A1 HIGH GRADE PÓS FIXADO PREVIDENCIA FIF RENDA FIXA CRÉDITO PRIVADO LP RESP LIMITADA,29727663.61,8,0,0
11839215000117,BB RF CRÉDITO PRIVADO LONGO PRAZO DEDICADO ANS FUNDO DE INVESTIMENTO FINANCEIRO RESP LIMITADA,29600335.77,6,0,0
48315004000195,JRRP FUNDO DE INVESTIMENTO FINANCEIRO MULTIMERCADO,29599893.12,11,7,0
58355283000174,GLOBEMASTER FUNDO DE INVESTIMENTO FINANCEIRO MULTIMERCADO,29369945.99,4,1,0
45295606000130,BRASILPREV TOP TP III FIF RENDA FIXA CRÉDITO PRIVADO RESPONSABILIDADE LIMITADA,29365565.65,3,0,0
52273340000190,CORE CRÉDITO N FIFE FUNDO DE INV FIN RF CRÉDITO PRIV LONGO PRAZO - RESP LIMITADA,29304428.14,8,0,0
48263146000156,BDR VENEZIA FUNDO DE INVESTIMENTO FINANCEIRO EM COTAS DE FUNDOS DE INVESTIMENTO MULTIMERCADO,29254495.65,1,0,0
55080368000107,CAP4 FUNDO DE INVESTIMENTO EM COTAS DE FUNDOS DE INVESTIMENTO MULTIMERCADO CRÉDITO PRIVADO,29157285.23,1,1,0
50820465000167,BTG LEGATO PREV FIFE FUNDO DE INVESTIMENTO FINANCEIRO MULTIMERCADO,29126837.81,17,1,0
29576047000180,DONABECA FUNDO DE INVESTIMENTO FINANCEIRO MULTIMERCADO,28944110.43,25,0,0
66356404000120,VINLAND OPPORTUNA FIFE FIF MULTIMERCADO CRÉDITO PRIVADO RESP LIMITADA,28844262.509999998,8,0,0
62183303000144,PRINZ DISCOVERY WEALTH FUNDO DE INVESTIMENTO EM COTAS MULTIMERCADO CRÉDITO PRIVADO,28803947.42,1,1,0
60886808000140,G5 ALLOCATION SEMILÍQUIDOS FUNDO DE INVESTIMENTO FINANCEIRO MULTIMERCADO,28772586.81,11,4,0
09136668000135,SAFRA CAPITAL MARKET FIF CLASSE DE INVESTIMENTO RENDA FIXA CRÉDITO PRIVADO RESPONSABILIDADE LIMITADA,28573961.480000004,3,0,0
44761636000121,WARREN  MULTIGESTORES CRÉDITO FUNDO DE INVESTIMENTO FINANCEIRO,28535890.68,2,0,0
64029353000105,OC DIAMOND ASSET MANAGEMENT FUNDO DE INVESTIMENTO FINANCEIRO MULTIMERCADO  RESPONSABILIDADE LIMITADA,28508845.2,1,1,0
19531929000175,BANESES FUNDO DE INVESTIMENTO  FINANCEIRO RENDA FIXA CRÉDITO PRIVADO - RESPONSABILIDADE LIMITADA,28471300.740000002,5,4,0
48979409000128,BELMONTE FUNDO DE INVESTIMENTO MULTIMERCADO CRÉDITO PRIVADO,28447171.03,1,1,0
66632272000112,AZ QUEST AZRF MASTER 01/2033 FIF INCENTIVADO EM INFRA RF RESP LIMITADA,28374435.45,4,2,0
32312343000188,IRIDIUM APOLLO MASTER PREV FI FINANCEIRO RENDA FIXA CRÉDITO PRIVADO -  RESPONSABILIDADE LIMITADA,28338115.06,8,0,0
10918523000175,VERITAS FUNDO DE INVESTIMENTO FINANCEIRO MULTIMERCADO,28309176.79,4,0,0
29178386000108,SÉCULO FUNDO DE INVESTIMENTO EM COTAS DE FUNDOS DE INVESTIMENTO MULTIMERCADO,28262256.56,1,0,0
21006934000100,LESTE GLOBAL MULTISTRATEGY PLUS FUNDO DE INVESTIMENTO FINANCEIRO EM COTAS DE FIM,28109962.05,3,1,0
23714055000169,RRBL FUNDO DE INVESTIMENTO MULTIMERCADO CRÉDITO PRIVADO INVESTIMENTO NO EXTERIOR,27559807.48,3,3,0
40832863000140,CAIXA RM PREVINVEST PREVIDENCIARIO FIF RENDA FIXA CRÉDITO PRIVADO - RESPONSABILIDADE LIMITADA,27525341.52,5,0,0
20155921000130,METLIFE FUNDO DE INVESTIMENTO FINANCEIRO RENDA FIXA II RESPONSABILIDADE LIMITADA,27409633.47,7,0,0
30556696000106,G5 UCRÂNIA FIF - CLASSE DE INVESTIMENTO MULTIMERCADO CRÉDITO PRIVADO - RESP LIMITADA,27289185.81,10,8,0
41721530000106,SANTANDER PREV RENDA FIXA REFERENCIADO DI - FIF RESPONSABILIDADE LIMITADA,27228610.27,15,0,0
64087200000106,SOLIS RED FUNDO DE INVESTIMENTO FINANCEIRO EM COTAS DE FUNDOS DE INVESTIMENTO MULTIMERCADO,27089055.71,1,1,0
43597393000175,VERDE AM CARRY MASTER FUNDO DE INVESTIMENTO FINANCEIRO MULTIMERCADO CRÉDITO PRIVADO RESP LIMITADA,27067733.24,1,0,0
66318976000115,UBS PINHEIRO EI FUNDO DE INVESTIMENTO EM COTAS DE FIF - MULTIMERCADO CREDITO PRIVADO RESP LIMITADA,27051167.86,2,0,0
41033372000100,VIT HIGH YIELD 180 FUNDO DE INVESTIMENTO FINANCEIRO EM COTAS DE FUNDOS DE INVESTIMENTO MULTIMERCADO,27010816.369999997,4,2,0
61818758000126,UBS PROVENCE ASSETS II EI FUNDO DE INVESTIMENTO FINANCEIRO - MULTIMERCADO CRED PRIV RESP LIMITADA,27002822.97,11,0,0
26803233000116,XP DEB INCENT CDI CRÉD PRIV FIF INCENTIVADO DE INVESTIMENTO EM INFRAESTRUTURA RENDA FIXA - RESP LTDA,26926328.85,1,1,0
62333330000156,SAPECA 95 FIC DE FIF MULTIMERCADO CRÉDITO PRIVADO INVESTIMENTO NO EXTERIOR - RESP LIMITADA,26878646.52,11,2,0
38202194000180,LWTC FUNDO DE INVESTIMENTO FINANCEIRO MULTIMERCADO - RESPONSABILIDADE LIMITADA,26870835.32,1,1,0
06066907000130,ITAÚ RENDA FIXA CRED PRIV MASTER ACTIVE FIX FIF RESPONSABILIDADE LIMITADA,26830234.64,1,0,0
46539506000174,WISE CASH FUNDO DE INVESTIMENTO FINANCEIRO RENDA FIXA,26738956.43,8,1,0
49460236000108,CADENZA HIGH YIELD IQ MASTER FUNDO DE INVESTIMENTO FINANCEIRO MULTIMERCADO,26729113.23,15,1,0
57771660000193,BTG PACTUAL BVP CRÉD CORPORATIVO PREV FIFE FIF RF CRÉD PRIV - RESP LIMITADA,26700720.96,20,4,0
63729525000182,CAPITÂNIA INFRA ADVISORY SENIOR II FUNDO INCENTIVADO DE INVESTIMENTO FINANCEIRO EM INFRA RENDA FIXA,26494599.1,20,0,0
55259773000189,PRATA PRIVATE ESTRUTURADO FUNDO DE INVESTIMENTO EM COTAS MULTIMERCADO CRÉDITO PRIVADO,26473314.11,3,0,0
53861634000103,GRUPO PRIME AGRO FUNDO DE INVESTIMENTO EM COTAS DE FIM CRÉDITO PRIVADO,26394946.06,1,1,0
49411383000180,GOLDEN SKY FUNDO DE INVESTIMENTO MULTIMERCADO CRÉDITO PRIVADO,26368603.63,1,1,0
43584040000130,M INCOME PLUS FUNDO DE INVESTIMENTO EM COTAS DE FUNDOS DE INVESTIMENTO EM DIREITOS CREDITÓRIOS,26311942.839999996,2,1,0
34488907000163,BRASILPREV TOP TP II FUNDO DE INVESTIMENTO FINANCEIRO RENDA FIXA CRÉDITO PRIVADO RESP LIMITADA,26258621.67,3,0,0
58531139000141,SF58 FUNDO DE INVESTIMENTO FINANCEIRO MULTIMERCADO,26250108.51,1,0,0
01655956000194,SANTANDER PREMIUM RENDA FIXA REFERENCIADO DI - FIF RESP LIMITADA,26195931.96,15,0,0
58002802000110,WE CRÉDITO III FUNDO DE INVESTIMENTO EM COTAS DE FUNDOS DE INVESTIMENTO MULTIMERCADO,26186994.95,3,1,0
18007644000177,CAIXA MASTER PERFORMANCE 50 FUNDO DE INVESTIMENTO FINANCEIRO RENDA FIXA LONGO PRAZO - RESP LIMITADA,26164886.009999998,3,1,0
63807157000143,FLOATING HIGH YIELD FI EM COTAS DE FI MULTIMERCADO CRÉDITO PRIVADO - RESP. LIMITADA - CLASSE I,26109874.089999996,3,1,0
22314823000124,EW1 FUNDO DE INVESTIMENTO EM COTAS DE FUNDOS DE INVESTIMENTO MULTIMERCADO,26085265.27,12,0,0
50366549000172,MFM FUNDO DE INVESTIMENTO MULTIMERCADO CRÉDITO PRIVADO,26084695.69,1,1,0
42639270000197,AMW MULTIGESTORES CRÉDITO ESTRUTURADO PRO MASTER FUNDO DE INVESTIMENTO FINANCEIRO MULTIMERCADO,25973274.12,11,4,0
25424133000116,GATI QI FUNDO DE INVESTIMENTO FINANCEIRO MULTIMERCADO CRÉDITO PRIVADO RESPONSABILIDADE LIMITADA,25926496.7,8,0,0
57967789000171,VP ROOT FUNDO DE INVESTIMENTO FINANCEIRO EM COTAS DE FUNDOS DE INVESTIMENTO MULTIMERCADO,25898462.63,1,1,0
57106323000181,CONSTANZA FUNDO DE INVESTIMENTO MULTIMERCADO CRÉDITO PRIVADO,25870776.95,2,2,0
32889108000173,8 ESTRUTURADO FUNDO DE INVESTIMENTO MULTIMERCADO CRÉDITO PRIVADO,25740820.38,1,0,0
64001578000145,BOM DIA FIF - CLASSE DE  INVESTIMENTO EM COTAS MULTIMERCADO - CRÉDITO PRIVADO  RESP LIMITADA,25621339.64,3,0,0
63920768000101,ARX INFRA CDI DINÂMICO FUNDO INCENTIVADO DE INVEST FINANCEIRO EM INFRA CREDITO PRIVADO RENDA FIXA RL,25501789.63,3,0,0
42922149000178,DAY MAXX FUNDO DE INVESTIMENTO FINANCEIRO,25461513.63,1,1,0
33701534000102,ROSSOBLU 95 FUNDO DE INVESTIMENTO  FINANCEIRO MULTIMERCADO CRÉDITO PRIVADO,25370994.580000002,3,1,0
53315360000149,FCPM FUNDO DE INVESTIMENTO EM COTAS DE FUNDO DE INVESTIMENTO FINANCEIRO MULTIMERCADO,25210882.46,1,1,0
53076781000164,ST MORITZ LIQUIDEZ INSTITUCIONAL FUNDO DE INVESTIMENTO EM RENDA FIXA,24918475.28,21,1,0
04118325000124,OMEGA FIF MULTIMERCADO CRÉD PRIV - RESP LIMITADA,24821346.97,8,0,0
57830033000186,ZM43 FUNDO DE INVESTIMENTO FINANCEIRO MULTIMERCADO CRÉDITO PRIVADO,24737920.62,1,1,0
10322668000109,CAIXA FIDELIDADE II FUNDO DE INVESTIMENTO FINANCEIRO RENDA FIXA CRÉDITO PRIVADO LP - RESP LIMITADA,24513870.9,6,1,0
54787869000157,EB FUNDO DE INVESTIMENTO EM COTAS DE FUNDO DE INVESTIMENTO FINANCEIRO MULTIMERCADO CRÉDITO PRIVADO,24513422.59,1,1,0
52984855000106,JMP INVEST EI FUNDO DE INVESITMENTO FINANCEIRO - MULTIMERCADO CREDITO PRIVADO RESP LIMITADA,24500333.98,2,0,0
22985070000189,XPCE RF FUNDO DE INVESTIMENTO FINANCEIRO MULTIMERCADO CRÉDITO  PRIVADO - RESPONSABILIDADE LIMITADA,24460820.67,3,1,0
43164735000163,JGB I - FUNDO DE INVESTIMENTO FINANCEIRO MULTIMERCADO CRÉDITO PRIVADO RESPONSABILIDADE LIMITADA,24360707.91,3,0,0
37653910000183,PETTRA FUNDO DE INVESTIMENTO MULTIMERCADO CRÉDITO PRIVADO,24335449.73,1,1,0
37036451000199,G&G FUNDO DE INVESTIMENTO FINANCEIRO,24304174.95,1,0,0
42847342000191,CAPITÂNIA BWM FUNDO DE INVESTIMENTO FINANCEIRO MULTIMERCADO,24253589.55,50,1,0
60008150000173,KINEA ALPES 2 PREV FUNDO DE INVESTIMENTO FINANCEIRO RENDA FIXA CRÉDITO PRIVADO RESP LIMITADA,24237831.36,25,0,0
27477152000136,SPEYSIDE FI FINANCEIRO - CI MULT CRED PRIV - RESP LIMITADA,24228031.09,4,0,0
41906938000152,CANAÃ INVEST FUNDO DE INVESTIMENTO MULTIMERCADO CRÉDITO PRIVADO,24120332.31,1,1,0
62635770000168,A3 FUNDO DE INVESTIMENTO FINANCEIRO  MULTIMERCADO CRÉDITO PRIVADO,24002907.98,1,1,0
17433286000100,G5 TABOR FUNDO DE INVESTIMENTO FINANCEIRO MULTIMERCADO,23983661.490000002,9,7,0
17247835000143,SOCJOV FUNDO DE INVESTIMENTO FINANCEIRO,23963224.48,10,2,0
55259749000140,ALPHA APEX FUNDO DE INVESTIMENTO MULTIMERCADO,23943351.63,10,0,0
39793194000165,SPECTRA V SPECIAL SITUATIONS FUNDO DE INVESTIMENTO FINANCEIRO,23927619.32,4,1,0
33212334000188,NEXT GENERATION FUNDO DE INVESTIMENTO FINANCEIRO MULTIMERCADO CP RESPONSABILIDADE LIMITADA,23868374.049999997,4,4,0
39354788000170,AUGME PRO TB FUNDO DE INVESTIMENTO FINANCEIRO MULTIMERCADO,23655792.63,37,0,0
59768307000180,AWM LABOR CLAIM FUNDO DE INVESTIMENTO EM COTAS DE FUNDO DE INVESTIMENTO FINANCEIRO MULTIMERCADO,23593734.32,2,0,0
33212391000167,FUTURE FUNDO DE INVESTIMENTO FINANCEIRO MULTIMERCADO CRÉDITO PRIVADO RESPONSABILIDADE LIMITADA,23496062.069999997,3,3,0
54546664000180,CAPITÂNIA INFRA MASTER VI FUNDO INCENTIVADO DE INVESTIMENTO EM INFRAESTRUTURA RENDA FIXA,23322662.389999997,5,0,0
51479676000140,QI ALVORADA FUNDO DE INVESTIMENTO EM COTAS DE FUNDO DE INVESTIMENTO FINANCEIRO CREDITO PRIVADO,23309504.3,3,1,0
00977449000104,BNP PARIBAS GERDAU PREVIDÊNCIA 1 CLASSE DE INVESTIMENTO RENDA FIXA CREDITO PRIVADO RESP LIMITADA,23253619.46,8,0,0
34781329000159,BRAZIL SPECIAL OPPORTUNITIES FUND I FUNDO DE INVESTIMENTO FINANCEIRO CRÉDITO PRIVADO RESPONSABILIDAD,23236055.22,2,2,0
31159179000158,M3 FUTURA FUNDO DE INVESTIMENTO MULTIMERCADO,23203204.28,1,1,0
62670474000106,ROOT CAPITAL HG PREVIDENCIÁRIO PLUS XP FI FINANCEIRO MULTIMERCADO CRÉD PRIV - RESP LIMITADA,23169027.95,15,0,0
52997672000117,RLP FUNDO DE INVESTIMENTO MULTIMERCADO CRÉDITO PRIVADO,23083211.39,2,2,0
58140467000117,G5 MAKTUB I FIF - CLASSE DE INVESTIMENTO MULTIMERCADO CRÉDITO PRIVADO - RESPONSABILIDADE LIMITADA,23064693.74,5,4,0
30630186000123,VERDE AM SCENA ADVISORY XP SEGUROS PREV MASTER FIF MULTIMERCADO RESPONSABILIDADE LIMITADA,23048530.31,26,0,0
20701549000110,ELVIS FI FINANCEIRO - CI MULT CRED PRIV - RESP LIMITADA,23023892.65,3,0,0
30909999000157,POLO CRÉDITO PRIVADO MASTER II INVESTIMENTO NO EXTERIOR FIF MULTIMERCADO - RESPONSABILIDADE LIMITADA,22985344.12,1,1,0
65345198000190,CHAMELEON FUNDO DE INVESTIMENTO FINANCEIRO MULTIMERCADO,22884411.65,3,0,0
42195713000106,CARACAL NARWHAL FUNDO DE INVESTIMENTO FINANCEIRO MULTIMERCADO - RESPONSABILIDADE LIMITADA,22880150.8,4,0,0
35491278000193,BÚSSOLA FUNDO DE INVESTIMENTO FINANCEIRO MULTIMERCADO CRÉDITO PRIVADO RESPONSABILIDADE LIMITADA,22810058.64,4,0,0
37750625000180,G5 ARUBA FIF - CLASSE DE INVESTIMENTO MULTIMERCADO CRÉDITO PRIVADO - RESP LIMITADA,22792431.92,9,8,0
43121960000112,VERDE AM PATRIMONIO MASTER FUNDO DE INVESTIMENTO FINANCEIRO MULTIMERCADO RESPONSABILIDADE LIMITADA,22693301.41,2,0,0
35847519000194,G5 SANTORINI FIF - CLASSE DE INVESTIMENTO MULTIMERCADO CRÉDITO PRIVADO - RESPONSABILIDADE LIMITADA,22584491.509999998,9,9,0
43960245000173,AMW ÍSIS MASTER FUNDO DE INVESTIMENTO FINANCEIRO MULTIMERCADO,22420861.69,13,0,0
41594651000134,MAG ZONA DA MATA FI FINANCEIRO MULTIMERCADO CRÉDITO PRIVADO - RESPONSABILIDADE LIMITADA,22350536.86,1,0,0
53096365000128,SANTANDER PB SPUTNIK III MULTIMERCADO CRÉDITO PRIVADO FUNDO DE INVESTIMENTO FINANCEIRO,22276592.28,4,3,0
63321312000117,SICILIA 95  FUNDO DE INVESTIMENTO FINANCEIRO MULTIMERCADO,22264321.209999997,8,8,0
64958783000101,AZ QUEST AZRF MASTER 01/2032 FUNDO DE INVESTIMENTO FINANCEIRO INCENTIVADO EM INFRA RF RESP LIMITADA,22173040.9,4,1,0
15649578000140,G5 STARGATE 95 FIF - CLASSE DE INVESTIMENTO MULTIMERCADO CRÉDITO PRIVADO,22118059.28,15,10,0
42449526000101,ESMERALDA FUNDO DE INVESTIMENTO MULTIMERCADO CRÉDITO PRIVADO,22030778.35,1,1,0
28581145000142,VINLAND MACRO MASTER FUNDO DE INVESTIMENTO FINANCEIRO MULTIMERCADO RESPONSABILIDADE LIMITADA,22012911.34,17,0,0
65028745000104,XP DSA FUNDO DE INVESTIMENTO FINANCEIRO RENDA FIXA CRÉDITO PRIVADO - RESPONSABILIDADE LIMITADA,22007292.63,10,1,0
17898668000109,AQUILA 6 CRÉDITO PRIVADO FUNDO DE INVESTIMENTO FINANCEIRO RENDA FIXA - RESPONSABILIDADE LIMITADA,21951651.84,7,0,0
57795472000103,BRÉSCIA FUNDO DE INVESTIMENTO MULTIMERCADO CRÉDITO PRIVADO,21941286.96,1,0,0
21015780000113,Z4 FI FINANCEIRO - CI MULT CRED PRIV - RESP LIMITADA,21799392.349999998,4,0,0
60173255000188,CONEXÃO TIVIO ALT HIGH YIELD 180 FIF - CLASSE DE INVESTIMENTO MULTIMERCADO CRED PRIV - RESP LIMITADA,21763138.35,1,1,0
08817807000123,LYNX MULTIMERCADO CRÉDITO PRIVADO FIF DA CIC RESPONSABILIDADE LIMITADA,21748494.36,3,0,0
40413936000169,JDV FUNDO DE INVESTIMENTO MULTIMERCADO MULTIESTRATEGIA CREDITO PRIVADO IE,21734855.740000002,3,3,0
19726255000164,PRESERVAÇÃO FUNDO DE INVESTIMENTO EM COTAS DE FIF MULTI CP - RESPONSABILIDADE LTDA,21697102.71,1,0,0
36352346000104,ARX CREDIT OPPORTUNITIES K FIF MULTIMERCADO CRÉDITO PRIVADO - RESPONSABILIDADE LIMITADA,21628281.64,42,0,0
32225253000150,IRIDIUM TITAN MASTER FIF RENDA FIXA CRÉDITO PRIVADO - RESPONSABILIDADE LIMITADA,21500398.009999998,9,0,0
57055712000125,CUMARÚ FUNDO DE INVESTIMENTO MULTIMERCADO,21494436.98,5,5,0
26773370000155,CONTÍNUOS FUNDO DE INVESTIMENTO FINANCEIRO MULTIMERCADO,21479721.54,12,5,0
58733754000130,KINEA HIMALAIA PREV FUNDO DE INVESTIMENTO FINANCEIRO RENDA FIXA CRÉDITO PRIVADO RESP LIMITADA,21465815.66,25,0,0
08507696000159,VERDE AM MULTI ESTRATEGIA FUNDO DE INVESTIMENTO FINANCEIRO MULTIMERCADO RESPONSABILIDADE LIMITADA,21261520.62,2,0,0
14171959000102,G5 VEREDAS FIF - CLASSE DE INVESTIMENTO MULTIMERCADO CRÉDITO PRIVADO - RESPONSABILIDADE LIMITADA,21243040.37,10,7,0
58377889000100,G5 ARB FIF - CLASSE DE INVESTIMENTO MULTIMERCADO CRÉDITO PRIVADO RESP LIMITADA,21166383.740000002,5,5,0
58517187000185,TRIO III FUNDO DE INVESTIMENTO FINANCEIRO,21141522.21,1,0,0
45443993000104,NOVUS CRÉDITO HIGH GRADE FUNDO DE INVESTIMENTO MULTIMERCADO LONGO PRAZO,21052679.080000002,9,0,0
50697486000137,MAG HIGH GRADE PLUS 30 FIF RENDA FIXA CRÉDITO PRIVADO LONGO PRAZO - RESPONSABILIDADE LIMITADA,21035744.75,10,0,0
21791224000139,DESTERRO FIF RENDA FIXA CRÉDITO PRIVADO - RESP LIMITADA,21013354.01,9,7,0
58354005000100,CADENZA PREVIDÊNCIA FUNDO DE INVESTIMENTO FINANCEIRO MULTIMERCADO,20991414.880000003,13,1,0
55694682000171,ANTARES FUNDO DE INVESTIMENTO EM COTAS DE FUNDOS DE INVESTIMENTO MULTIMERCADO CRÉDITO PRIVADO,20911751.0,1,1,0
27292841000176,CIBRIUS FUNDO DE INVESTIMENTO FINANCEIRO RENDA FIXA RESPONSABILIDADE LIMITADA,20758112.65,1,0,0
07725510000175,NETTER FI FINANCEIRO - CI MULT CRED PRIV - RESP LIMITADA,20754108.9,10,9,0
59737857000131,MEDCASH FUNDO DE INVESTIMENTO EM COTAS DE FUNDOS DE INVESTIMENTO MULTIMERCADO CRÉDITO PRIVADO,20729640.83,1,1,0
01165780000192,CAIXA MASTER PERSONALIZADO 50 FUNDO DE INVESTIMENTO FINANCEIRO RENDA FIXA LONGO PRAZO-RESP LIMITADA,20703824.3,3,1,0
59878508000130,ARTESANAL  ALIANÇA FUNDO DE INVESTIMENTO  FINANCEIRO MULTIMERCADO  RESPONSABILIDADE LIMITADA,20599826.22,2,2,0
52891353000122,OAWM SC FUNDO DE INVESTIMENTO FINANCEIRO MULTIMERCADO CRÉDITO PRIVADO RESPONSABILIDADE LIMITADA,20474076.78,1,0,0
08853268000188,CARVOEIRO FI FINANCEIRO - CI MULT CRED PRIV - RESP LIMITADA,20387098.62,3,0,0
62546455000164,FOCUS FI FINANCEIRO RENDA FIXA LONGO PRAZO CRED PRIV RESP LIMITADA,20299877.029999997,2,2,0
29461997000169,BLP PCJ VII-FUNDO DE INVESTIMENTO FINANCEIRO MULTIMERCADO CRÉDITO PRIVADO RESPONSABILIDADE LIMITADA,20186766.38,1,0,0
57401238000146,NPMA FUNDO DE INVESTIMENTO FINANCEIRO MULTIMERCADO CRÉDITO PRIVADO - RESPONSABILIDADE LIMITADA,20180619.5,1,1,0
64071100000191,CAPITÂNIA INFRA CDI MASTER FUNDO DE INVESTIMENTO EM INFRAESTRUTURA RENDA FIXA - CRÉDITO PRIVADO,19947387.35,24,0,0
36521676000178,WESTERN B PREVIDÊNCIA FIFE MASTER FI FINANCEIRO - CI MULT CRED PRIV - RESP LIMITADA,19936880.25,7,1,0
11905638000198,GLPG GREY ROCK CONSOLIDADOR FUNDO DE INVESTIMENTO EM COTAS DE FUNDOS DE INVESTIMENTO MULTIMERCADO,19900783.18,6,1,0
41256601000147,MISSOURI II FUNDO DE INVESTIMENTO MULTIMERCADO CRÉDITO PRIVADO,19876308.34,5,5,0
38376552000171,HUDSON II FUNDO DE INVESTIMENTO FINANCEIRO MULTIMERCADO CRÉDITO PRIVADO RESPONSABILIDADE LIMITADA,19876308.34,5,5,0
59498375000176,LIMONE FUNDO DE INVESTIMENTO MULTIMERCADO INVESTIMENTO NO EXTERIOR CRÉDITO PRIVADO LONGO PRAZO,19851229.9,1,1,0
51733363000177,ITAÚ CRÉDITO ESTRUTURADO ALPES II FIF MULTIMERCADO CRÉDITO PRIVADO - RESPONSABILIDADE LIMITADA,19830582.31,1,0,0
18368524000103,DINO CLASSE DE INVESTIMENTO MULTIMERCADO CRÉDITO PRIVADO,19748191.6,3,0,0
55140702000162,AUGME PRO III FUNDO DE INVESTIMENTO FINANCEIRO MULTIMERCADO,19720111.31,37,0,0
53450033000108,SAFRA HIGH YIELD MASTER FIF CLASSE DE INVESTIMENTO RENDA FIXA CRÉDITO PRIVADO RESP LIMITADA,19686785.07,5,0,0
49458727000106,FIPAN FUNDO DE INVESTIMENTO MULTIMERCADO CRÉDITO PRIVADO,19573556.82,1,1,0
52852869000168,JIVE EVERGREEN FUNDO DE INVESTIMENTO FINANCEIRO,19552243.490000002,3,3,0
60291736000198,BTG LEGATO ST FUNDO DE INVESTIMENTO MULTIMERCADO,19460937.97,20,1,0
49915772000142,MYX CAPITAL FUNDO DE INVESTIMENTO MULTIMERCADO - CRÉDITO PRIVADO - RESPONSABILIDADE LIMITADA,19409160.14,2,1,0
62760294000107,SPECIALE FOF CRÉDITO ESTRUTURADO FIF MULTIMERCADO CRÉDITO PRIVADO RESPONSABILIDADE LIMITADA,19353386.46,2,0,0
42699050000159,ITAÚ FLEXPREV SINFONIA FIF MULTIMERCADO CRÉDITO PRIVADO - RESPONSABILIDE LIMITADA,19340785.2,1,0,0
64630647000180,VÉRTICE CASH ENHANCED IP FUNDO DE INVESTIMENTO FINANCEIRO MULT CRED PRIV RESP LIMITADA,19292260.85,1,0,0
24069506000115,YUNUS NEGÓCIOS SOCIAIS FUNDO DE INVESTIMENTO MULTIMERCADO CRÉDITO PRIVADO,19223345.82,1,0,0
20250623000120,MA MÁQUINAS FUNDO DE INVESTIMENTO MULTIMERCADO CRÉDITO PRIVADO,19216579.0,1,1,0
14196832000130,BB MULTIMERCADO LP ALLOCATION ADVANCED PRIVATE FUNDO DE INVESTIMENTO EM COTAS FIF RESP LIMITADA,19205668.5,1,0,0
49801583000149,VINLAND CREDIT ESTRUTURADO 2 FUNDO DE INVESTIMENTO FINANCEIRO EM COTAS DE FI MULTI,19080087.47,1,1,0
10264179000148,RT ENDURANCE FUNDO DE INVESTIMENTO FINANCEIRO MULTIMERCADO CRÉDITO PRIVADO RESP LIMITADA,18947471.69,7,0,0
49387146000120,MMDF FUNDO DE INVESTIMENTO FINANCEIRO MULTIMERCADO,18937094.849999998,3,0,0
52680601000196,LEME PACÍFICO CRÉDITO PRIVADO MULTIGESTORES  FIC FIF MULTIMERCADO,18819030.56,6,0,0
53819383000190,FPMFP FUNDO DE INVESTIMENTO MULTIMERCADO CRÉDITO PRIVADO,18791597.869999997,2,2,0
10265279000199,ETOILE FUNDO DE INVESTIMENTO FINANCEIRO MULTIMERCADO CRÉDITO PRIVADO RESPONSABILIDADE LIMITADA,18767960.91,4,0,0
14466898000100,BRASIL CORPORATE FIF RENDA FIXA CRÉDITO PRIVADO LONGO PRAZO - RESPONSABILIDADE LIMITADA,18735678.07,5,0,0
57776123000136,CSHG BRICK EQUITIES FUNDO DE INVESTIMENTO FINANCEIRO - MULTIMERCADO RESPONSABILIDADE LIMITADA,18645663.990000002,4,0,0
55893260000125,UJAY ABACI FUNDO DE INVESTIMENTO FINANCEIRO MULTIMERCADO,18630563.37,10,0,0
42865247000110,BRZ IRB FIF - CLASSE DE INVESTIMNTO RF CRÉDITO PRIVADO - RESPONSABILIDADE LIMITADA,18622453.02,7,5,0
63597812000186,SEAVIEW FUNDO DE INVESTIMENTO FINANCEIRO MULTIMERCADO CRÉDITO PRIVADO,18607293.7,5,5,0
63461001000153,JGP ESTRUTURADOS IV FUNDO DE INVESTIMENTO FINANCEIRO MULTIMERCADO CRÉDITO PRIVADO - RESP LIMITADA,18576561.82,1,1,0
36775910000193,GAMAFE 95 FUNDO DE INVESTIMENTO FINANCEIRO MULTIMERCADO INVESTIMENTO NO EXTERIOR CRÉDITO PRIVADO,18542450.82,3,1,0
08244589000185,MOMENTO FUNDO DE INVESTIMENTO FINANCEIRO MULTIMERCADO,18463353.58,1,0,0
18623821000140,ZR11 FUNDO DE INVESTIMENTO MULTIMERCADO CRÉDITO PRIVADO INVESTIMENTO NO EXTERIOR,18457995.069999997,3,3,0
08399467000168,ANGELIM PEDRA FI FINANCEIRO - CI MULT CRED PRIV - RESP LIMITADA,18453787.78,3,0,0
54026114000130,TRÍADE MASTER FUNDO DE INVESTIMENTO FINANCEIRO MULTIMERCADO,18343507.259999998,13,1,0
47280061000113,SPECTRA VI SPECIAL SITUATIONS FUNDO DE INVESTIMENTO FINANCEIRO,18337949.95,4,0,0
36017195000120,AUGME PREVIDÊNCIA FIFE CLASSE DE  INVESTIMENTO MULTIMERCADO CRÉDITO  PRIVADO - RESP LIMITADA,18298174.22,16,3,0
30102426000117,SANTANDER PREV ATIVO RENDA FIXA - FUNDO DE INVESTIMENTO FINANCEIRO RESPONSABILIDADE LIMITADA,18147790.91,5,0,0
32158830000138,G5 VERMILLION 95 FIF - CLASSE DE INVESTIMENTO MULTIMERCADO CRED PRIV - RESP LIMITADA,18099847.7,10,7,0
60774482000169,BNVT CASH 10 FUNDO DE INVESTIMENTO FINANCEIRO MULTIMERCADO,17925989.92,3,0,0
47122836000122,1122P FUNDO DE INVESTIMENTO FINANCEIRO MULTIMERCADO,17895292.9,5,1,0
38230040000100,RÉGIA CRÉDITO ESG MASTER FI FINANCEIRO MULTIMERCADO CRÉDITO PRIVADO IS - RESPONSABILIDADE LIMITADA,17893927.99,9,0,0
58443366000115,AUGME BB FUNDO INCENTIVADO DE INVESTIMENTO FINANCEIRO EM INFRAESTRUTURA RENDA FIXA,17866177.85,21,0,0
30057474000130,APOLO FUNDO DE INVESTIMENTO FINANCEIRO MULTIMERCADO,17812830.560000002,3,2,0
48004985000150,NARILA FUNDO DE INVESTIMENTO FINANCEIRO MULTIMERCADO,17727501.85,2,1,0
09633809000125,INTEGRAL PREVUNISUL FUNDO DE INVESTIMENTO FINANCEIRO MULTIMERCADO,17724166.200000003,5,0,0
10551353000133,CAIXA QUALIFICADO FUNDO DE INVESTIMENTO FINANCEIRO RENDA FIXA CRÉDITO PRIVADO LP - RESP LIMITADA,17722588.93,6,1,0
35820685000105,AUGME PREVIDÊNCIA XP SEGUROS FIFE CLASSE DE INVESTIMENTO MULTIMERCADO CRÉDITO PRIVADO  RESP LIMITADA,17686885.95,15,3,0
30642042000197,BARCELOS FUNDO DE INVESTIMENTO MULTIMERCADO CRÉDITO PRIVADO INVESTIMENTO NO EXTERIOR,17663846.05,19,5,0
49001106000107,AMPLA CAPITAL FUNDO DE INVESTIMENTO EM COTAS DE FUNDO DE INVESTIMENTO MULTIMERCADO CRÉDITO PRIVADO,17648524.66,3,2,0
43143786000109,INDIANAPOLIS FUNDO DE INVESTIMENTO FINANCEIRO - RESPONSABILIDADE LIMITADA,17647890.59,7,2,0
34218592000134,GUILE QI FUNDO DE INVESTIMENTO FINANCEIRO MULTIMERCADO CRÉDITO PRIVADO,17518288.2,7,0,0
46847516000177,STRIVO YIELD 40 FUNDO DE INVESTIMENTO FINANCEIRO,17446194.8,3,1,0
17329754000192,BNP PARIBAS CAMARO FIF RENDA FIXA PREVIDENCIÁRIO CRÉDITO PRIVADO - RESPONSABILIDADE LIMITADA,17405076.759999998,10,0,0
33304574000102,ETRUSCO 95 FUNDO DE INVESTIMENTO FINANCEIRO MULTIMERCADO CRÉDITO PRIVADO,17378015.52,1,1,0
39322671000104,TC FUNDO DE INVESTIMENTO FINANCEIRO MULTIMERCADO,17271415.47,1,0,0
53798986000153,VINLAND CRÉDITO MASTER INSTITUCIONAL FUNDO DE INVESTIMENTO RENDA FIXA,17068755.44,31,1,0
40988642000165,CHOBAI FUNDO DE INVESTIMENTO MULTIMERCADO CRÉDITO PRIVADO,16989532.46,1,1,0
55984282000109,BRAVE BRAIN PR FUNDO DE INVESTIMENTO FINANCEIRO,16975614.48,34,5,0
40122173000105,JUBIA QI FIF MULTIMERCADO CRÉDITO PRIVADO RESPONSABILIDADE LIMITADA,16954192.810000002,7,0,0
42102214000119,G5 TAPAJÓS FIF - CLASSE DE INVESTIMENTO MULTIMERCADO CRÉDITO PRIVADO,16917063.2,6,5,0
62253446000185,VINLAND INFRAESTRUTURA MASTER I FIF F INC EM INVEST EM DEB DE INFRAESTR RF RESP LIMITADA,16888572.24,10,0,0
46763172000118,MONTE AZUL ALOCAÇÃO CRÉDITO FIF - CIC MULT CRED PRIV - RESP LIMITADA,16826278.3,1,1,0
42827176000161,CAPITÂNIA REIT PREV ITAÚ FIFE FIF MULTIMERCADO CRÉDITO PRIVADO RESPONSABILIDADE LIMITADA,16696415.6,31,0,0
17134173000103,FUNDO DE INVESTIMENTO MULTIMERCADO CREDITO PRIVADO DIAMOND MOUNTAIN CORPORATIVO IV,16668992.3,1,1,0
21320476000180,CAUETUR FUNDO DE INVESTIMENTO MULTIMERCADO,16652989.100000001,10,7,0
17041023000147,HARPIA CRED PRIV FI FINANCEIRO - CI RF CRED PRIV - RESP LIMITADA,16610387.46,27,0,0
63137924000154,TACTO 95 FIF MULTIMERCADO CRÉDITO PRIVADO INVESTIMENTO NO EXTERIOR - RESPONSABILIDADE LIMITADA,16581786.239999998,6,1,0
19550100000110,SANTANDER FLEXÍVEL RF CRÉD PRIV - FIF RESP LIMITADA,16555237.08,28,0,0
64016911000190,GPMG FUNDO DE INVESTIMENTO FINANCEIRO MULTIMERCADO CRÉDITO PRIVADO - RESPONSABILIDADE LIMITADA,16455597.1,1,1,0
44702955000166,G5 LIBERTY FIF - CLASSE DE INVESTIMENTO MULTIMERCADO CRÉDITO PRIVADO - RESPONSABILIDADE LIMITADA,16421839.059999999,7,7,0
61136998000140,KINEA PREV MONT BLANC FUNDO DE INVESTIMENTO FINANCEIRO RENDA FIXA CRÉDITO PRIVADO RESP LIMITADA,16420474.4,24,0,0
19941929000143,ZANIAH FUNDO DE INVESTIMENTO FINANCEIRO MULTIMERCADO CRÉDITO PRIVADO RESPONSABILIDADE LIMITADA,16370393.44,12,0,0
41333023000103,HYDRA FUNDO DE INVESTIMENTO  MULTIMERCADO CRÉDITO PRIVADO,16076450.99,2,0,0
30259209000135,FUNDO DE INVESTIMENTO MULTIMERCADO FT2LL,16073022.07,3,2,0
61112252000105,EXES PREVIDÊNCIA FIFE II FUNDO DE INVESTIMENTO FINANCEIRO MULTIMERCADO,16039924.0,3,0,0
63569176000189,BNB EXCELÊNCIA CLASSE DE INVESTIMENTO RENDA FIXA CRÉDITO PRIVADO - RESPONSABILIDADE LIMITADA,16000806.72,3,1,0
43809116000189,SARABI FUNDO DE INVESTIMENTO MULTIMERCADO CRÉDITO PRIVADO,15997543.57,1,1,0
45726917000106,SUL AMÉRICA PRESTIGE STRATEGIE ITAÚ MASTER FIF RENDA FIXA CRÉDITO PRIVADO RESP LIMITADA,15903660.79,9,0,0
35927331000156,SPARTA PREVIDENCIA FIFE D45 FUNDO DE INVESTIMENTO FINANCEIRO RENDA FIXA CRÉDITO PRIVADO RESP LTDA,15894464.76,31,0,0
43985450000193,CHM CREDITO HIGH YIELD FI FINANCEIRO EM COTAS DE FUNDOS DE INVESTIMENTO MULTIMERCADO CRÉDITO PRIVADO,15860304.94,6,6,0
61584502000100,BB TOP RENDA FIXA DEBÊNTURES INCENTIVADAS CDI III FIF EM INFRAESTRUTURA RESPONSABILIDADE LIMITADA,15847083.38,1,0,0
58341091000109,BB TOP RENDA FIXA DEBÊNTURES INCENTIVADAS CDI II FIF EM INFRAESTRUTURA RESPONSABILIDADE LIMITADA,15847083.38,1,0,0
59055352000197,AUGME VP FUNDO DE INVESTIMENTO FINANCEIRO RENDA FIXA,15816346.84,19,0,0
54776180000127,AUGME FRG CLASSE DE INVESTIMENTO MULTIMERCADO CRÉDITO PRIVADO - RESP LIMITADA,15812509.309999999,17,6,0
37503473000111,ARTOS FUNDO DE INVESTIMENTO MULTIMERCADO,15640011.15,16,2,0
57813684000168,OCCAM FIF RENDA FIXA INVESTIMENTO EM INFRAESTRUTURA CDI 30 CREDITO PRIVADO RESPONSABILIDADE LIMITADA,15606799.41,5,1,0
11419555000199,RT RELIANT FIF MULT CRED PRIV - RESP LIMITADA,15579476.78,13,0,0
55666433000172,CLUSTER CRED FUNDS FI EM COTAS DE FI MULTIMERCADO CREDITO PRIVADO RESPONSABILIDADE LIMITADA,15570671.26,3,0,0
47102539000115,GLOBAL CREDIT ALLOCATION V FIF EM COTAS DE FUNDOS DE INVESTIMENTO MULTIMERCADO,15487718.95,4,1,0
56955612000192,LCM FUND B-2 FUNDO DE INVESTIMENTO MULTIMERCADO CRÉDITO PRIVADO RESPONSABILIDADE LIMITADA,15232264.73,6,0,0
39723613000192,RADAR FUNDO DE INVESTIMENTO FINANCEIRO MULTIMERCADO,15170867.389999999,16,0,0
44903494000190,WP FUNDO DE INVESTIMENTO FINANCEIRO,15168388.13,1,0,0
34867818000128,GEBSAPREV LARANJA FIF DA CLASSE DE INVESTIMENTO EM COTAS MULTIMERCADO RESPONSABILIDADE LIMITADA,15162381.39,1,0,0
27825138000186,ESTEIO FUNDO DE  INVESTIMENTO FINANCEIRO MULTIMERCADO  CRÉDITO PRIVADO,15123615.129999999,4,0,0
17138356000199,G5 GRIMALDI CLASSE DE INVESTIMENTO EM COTAS DE CLASSES DE INVESTIMENTO MULTIMERCADO CRÉDITO PRIVADO,15105346.4,9,7,0
31006404000116,CAFÉ VELHO FUNDO DE INVESTIMENTO FINANCEIRO MULTIMERCADO CRÉDITO PRIVADO - INVESTIMENTO NO EXTERIOR,14988326.95,1,1,0
41734999000180,ITAÚ BTG PACTUAL CORPORATIVO PLUS FIFE PREV FIF MULTIMERCADO CRÉDITO PRIVADO RESP LIMITADA,14982615.540000001,16,0,0
39834711000105,CREDIT HY FI FINANCEIRO - CIC MULT CRED PRIV - RESP LIMITADA,14892406.94,4,3,0
54217318000158,G5 ALLOCATION DISTRESSED E LEGAL CLAIMS II FUNDO DE INVESTIMENTO MULTIMERCADO,14844512.22,2,0,0
32398423000106,VELA FUNDO DE INVESTIMENTO FINANCEIRO CLASSE DE INVESTIMENTO MULTIMERCADO RESPONSABILIDADE LIMITADA,14780616.32,3,3,0
60776035000149,COMMANDER ABSOLUTE 180 FUNDO DE INVESTIMENTO EM COTAS DE FIF MULT CRED PRIV,14634240.41,15,0,0
53275979000177,G5 GUARANTÃ II FIF - CLASSE DE INVESTIMENTO MULTIMERCADO CRÉDITO PRIVADO,14619947.02,10,9,0
12060619000170,JUBEMA FUNDO DE INVESTIMENTO FINANCEIRO MULT CRÉD PRIV - RESP LIMITADA,14591910.44,2,0,0
08984821000111,BIOESTRATÉGIA FI FINANCEIRO - CI MULT CRED PRIV - RESP LIMITADA,14581188.96,4,0,0
22215418000159,P.V. CLASSE DE INVESTIMENTO  MULTIMERCADO CRÉDITO PRIVADO,14485707.299999999,7,4,0
54271778000164,GRAFENO INVEST FUNDO DE INVESTIMENTO EM COTAS DE FUNDOS DE INVESTIMENTO MULTIMERCADO CRÉDITO PRIVADO,14424038.27,2,2,0
15612416000138,CAPITANIA ALFA FIF - CLASSE DE INVESTIMENTO RENDA FIXA CRÉDITO PRIVADO - RESPONSABILIDADE LIMITADA,14391100.04,23,0,0
54842813000158,BELLIN FUNDO DE INVESTIMENTO EM COTAS DE FUNDOS DE INVESTIMENTO MULTIMERCADO CRÉDITO PRIVADO,14329825.27,1,1,0
42196167000110,SEATTLE 95 FUNDO DE INVESTIMENTO FINANCEIRO MULTIMERCADO CRÉDITO PRIVADO,14324012.04,6,6,0
07593967000173,BRASILPREV TOP TP FUNDO DE INVESTIMENTO FINANCEIRO RENDA FIXA CRÉDITO PRIVADO RESP LIMITADA,14179447.73,1,0,0
42084719000106,TURBANTE FI FINANCEIRO - CI MULT CRED PRIV - RESP LIMITADA,14173262.68,4,0,0
57879457000135,7 INVEST CAPITAL FI EM COTAS DE FUNDOS DE  INVESTIMENTO MULTIMERCADO - CRÉDITO PRIVADO RESP LIMITADA,13758006.84,1,1,0
12344535000169,ONYX FUNDO DE INVESTIMENTO FINANCEIRO,13746589.190000001,2,0,0
63377319000150,OCCAM CDI 30 DINÂMICO S FIF RENDA FIXA  INVEST EM  INFRA CRÉDITO PRIVADO - RESPONSABILIDADE LIMITADA,13735703.73,11,0,0
04288780000178,GIVERNY FUNDO DE INVESTIMENTO FINANCEIRO EM COTAS DE FUNDOS DE INVESTIMENTO MULTIMERCADO,13722986.82,1,0,0
58398452000153,V8 MERCURY FUNDO DE INVESTIMENTO FINANCEIRO RENDA FIXA CRÉDITO PRIVADO LONGO PRAZO - RESP LIMITADA,13691247.81,8,0,0
47409999000190,GATOR FUNDO DE INVESTIMENTO FINANCEIRO MULTIMERCADO,13689568.72,1,1,0
58054338000106,RFT DANUBIO DEBENTURES INCENTIVADAS FIF - CI RF INCENT DE INVEST EM INFRA - RESP LIMITADA,13661344.02,2,0,0
51269633000130,SHORE ALOCAÇÃO RF FUNDO DE INVESTIMENTO FINANCEIRO,13593259.74,10,0,0
39362976000140,G5 ALLOCATION DISTRESSED E LEGAL CLAIMS FUNDO DE INVESTIMENTO FINANCEIRO MULTIMERCADO,13589126.08,3,1,0
11392117000184,EXPRESSO FIF - CLASSE DE INVESTIMENTO EM COTAS DE INVESTIMENTO MULTIMERCADO RESP LIMITADA,13585399.59,1,1,0
19294724000113,FINVEST YIELD PLUS FUNDO DE INVESTIMENTO FINANCEIRO MULTIMERCADO,13573048.51,1,0,0
63013520000159,KAMINSKI FUNDO DE INVESTIMENTO MULTIMERCADO CRÉDITO PRIVADO,13508790.07,1,1,0
33289450000103,MAC 95 FUNDO DE INVESTIMENTO FINANCEIRO MULTIMERCADO CRÉDITO PRIVADO,13496871.82,1,0,0
59632074000193,SEQUÁ FUNDO DE INVESTIMENTO MULTIMERCADO INVESTIMENTO NO EXTERIOR CRÉDITO PRIVADO,13477751.41,4,4,0
56002415000159,PLUGIN FUNDO DE INVESTIMENTO EM COTAS MULTIMERCADO RESPONSABILIDADE LIMITADA,13467632.39,1,1,0
64018596000130,JPA AGRO FUNDO DE INVESTIMENTO FINANCEIRO MULTIMERCADO,13459197.68,9,3,0
32754920000191,G5 G11 FUNDO DE INVESTIMENTO FINANCEIRO MULTIMERCADO,13332967.49,9,8,0
35847497000162,ATLANTA FI FINANCEIRO - CI MULT CRED PRIV - RESP LIMITADA,13218043.23,8,5,0
61864535000103,051 COINVEST II FUNDO DE INVESTIMENTO FINANCEIRO EM COTAS DE FUNDOS DE INVESTIMENTO MULTIMERCADO,13208838.06,1,0,0
46628700000126,EVIMERIA FUNDO DE INVESTIMENTO MULTIMERCADO CRÉDITO PRIVADO LONGO PRAZO RESPONSABILIDADE LIMITADA,13199419.91,1,1,0
52317521000170,IAT FUNDO DE  INVESTIMENTO MULTIMERCADO RESPONSABILIDADE  LIMITADA CRÉDITO PRIVADO IE,13189972.33,1,1,0
35591513000107,BOUGHEVILLE FUNDO DE INVESTIMENTO FINANCEIRO MULTIMERCADO CRÉDITO PRIVADO,13186558.67,14,1,0
66311746000124,AUSTER FOF FUNDO DE INVESTIMENTO FINANCEIRO MULTIMERCADO - RESPONSABILIDADE LIMITADA,13175177.64,1,1,0
61258390000199,BLANC CAPITAL 95 FUNDO DE INVESTIMENTO FINANCEIRO EM COTAS DE FUNDOS DE INVESTIMENTO MULTI CP IE,13168321.85,1,1,0
61258818000101,MGP CAPITAL 95 FUNDO DE INVESTIMENTO FINANCEIRO EM COTAS DE FUNDOS DE INVESTIMENTO MULTI CP IE,13168321.85,1,1,0
27477175000140,PALO ALTO FI FINANCEIRO - CI MULT CRED PRIV - RESP LIMITADA,13150121.74,4,0,0
51941840000190,SINAI FUNDO DE INVESTIMENTO MULTIMERCADO CRÉDITO PRIVADO,13070196.12,1,1,0
44960816000132,SAFE HAVEN ALTERNATIVOS C2 FIF MULTIMERCADO CRÉDITO PRIVADO RESPONSABILIDADE LIMITADA,13043700.16,1,0,0
62528687000190,PATMOS  FUNDO DE INVESTIMENTO FINANCEIRO RENDA FIXA CRÉDITO PRIVADO LONGO PRAZO  RESP LIMITADA,13025289.27,3,3,0
56955895000172,LCM FUND C-2 FUNDO DE INVESTIMENTO MULTIMERCADO CRÉDITO PRIVADO RESPONSABILIDADE LIMITADA,13005380.71,6,0,0
39670040000186,OCEANO BANK FUNDO DE INVESTIMENTO EM COTAS DE FUNDO DE INVESTIMENTO MULTIMERCADO CRÉDITO PRIVADO,12988844.739999998,4,4,0
49224039000181,GRIFFIN FUNDO DE INVESTIMENTO MULTIMERCADO CREDITO PRIVADO INVESTIMENTO NO EXTERIOR,12958210.670000002,2,2,0
64440839000123,BB TOP RENDA FIXA DEBÊNTURES INCENTIVADAS CDI V FIF EM INFRAESTRUTURA  RESPONSABILIDADE LIMITADA,12803249.53,1,0,0
29232970000102,RT DRAGON FUNDO DE INVESTIMENTO FINANCEIRO MULTIMERCADO CRÉDITO PRIVADO - RESP LIMITADA,12706101.98,13,0,0
61725196000176,CAPITÂNIA PREVIDENCE XP SEG FI FINANCEIRO RENDA FIXA CRÉDITO PRIVADO - RESPONSABILIDADE LIMITADA,12675953.57,33,0,0
64669949000161,DIGITAL SAT FUNDO DE INVESTIMENTO EM COTAS FUNDO DE INVESTIMENTO MULTIMERCADO CRÉDITO PRIVADO,12510940.26,1,1,0
44967195000119,BSRC FUNDO DE INVESTIMENTO FINANCEIRO MULTIMERCADO,12504282.76,13,6,0
58578837000100,JGP CRÉDITO INFRA MASTER III FUNDO INCENTIVADO DE INVEST EM INFRA RENDA FIXA RESP LIMITADA,12496713.620000001,2,2,0
52280783000108,DRYS SHELTER MASTER FIF RF CRÉD PRIV LP - RESPONSABILIDADE LIMITADA,12463454.1,4,0,0
27347422000194,G5 TROPICAL FIF - CLASSE DE INVESTIMENTO MULTIMERCADO CRÉDITO PRIVADO - RESPONSABILIDADE LIMITADA,12461025.02,4,4,0
62431373000174,MAGGIORE FIF - CLASSE DE INVESTIMENTO MULTIMERCADO CRÉDITO PRIVADO - RESP LIMITADA,12448583.14,7,2,0
28144716000181,LUXURY EI FUNDO DE INVESTIMENTO FINANCEIRO - MULTIMERCADO CRÉDITO PRIVADO RESPONSABILIDADE LIMITADA,12431057.8,5,0,0
64458954000125,BOLÍVIA FUNDO DE INVESTIMENTO FINANCEIRO MULTIMERCADO CRÉDITO PRIVADO RESPONSABILIDADE LIMITADA,12385287.63,4,1,0
30629300000103,BB HAPV FUNDO DE INVESTIMENTO FINANCEIRO RENDA FIXA LONGO PRAZO CRÉDITO PRIVADO RESPON LIMITADA,12376557.22,4,0,0
55259599000174,AVGA CAPITAL IPÊ CRÉDITO ESTRUTURADO HIGH YIELD FI EM COTAS DE FIDC RESPONSABILIDADE LIMITADA,12359248.49,16,16,0
52203642000191,KINEA VIII FIF RENDA FIXA CRÉDITO PRIVADO RESP LIMITADA,12321463.5,26,0,0
53120281000182,OKEAN ANTARCTIC SUB EXCLUSIVE FI EM COTAS DE FI MULTIMERCADO CRED. PRIV. - RESP LIMITADA,12314818.75,4,4,0
64655664000171,ALT VERMÖGEN FUNDO DE INVESTIMENTO FINANCEIRO,12297136.98,1,1,0
44703116000162,G5 CRESCER FIF - CLASSE DE INVESTIMENTO MULTIMERCADO CRÉDITO PRIVADO - RESPONSABILIDADE LIMITADA,12285482.219999999,7,6,0
44479917000196,ASA DISTRESSED L FUNDO DE INVESTIMENTO FINANCEIRO EM COTAS DE FUNDOS DE INVESTIMENTO MULTIMERCADO,12273565.97,1,0,0
49271038000198,AMW MULTIGESTORES CRÉDITO PLUS FUNDO DE INVESTIMENTO FINANCEIRO,12254040.69,1,0,0
17023647000131,RBBT FUNDO DE INVESTIMENTO FINANCEIRO MULTIMERCADO CRÉDITO PRIVADO,12250192.620000001,3,0,0
33796050000186,SELECTION RF LIGHT MASTER FUNDO DE INVESTIMENTO EM COTAS RENDA FIXA CRÉDITO PRIVADO LONGO PRAZO,12233625.83,2,1,0
32075119000110,ARX HEDGE MASTER FIF EM INFRAESTRUTURA RENDA FIXA - RESPONSABILIDADE LIMITADA,12229996.93,3,0,0
33769135000175,G5 GREEN 95 FIF  - CLASSE DE INVESTIMENTO MULTIMERCADO CRED PRIV - RESPONSABILIDADE LIMITADA,12199840.68,7,7,0
66630100000100,AJ BETA II FUNDO DE INVESTIMENTO MULTIMERCADO,12086858.03,2,2,0
47670400000178,VINLAND CRÉDITO MASTER FUNDO DE INVESTIMENTO FINANCEIRO MULTIMERCADO CRÉDITO PRIVADO RESP LIMITADA,12069036.3,2,0,0
55839003000105,BNP PARIBAS FIFE CRÉDITO PREVIDENCIÁRIO FIF RENDA FIXA CRÉDITO PRIVADO RESPONSABILIDADE LIMITADA,12047101.03,11,0,0
67137640000119,TIVIO ARMAZÉM ESTRUTURADOS FIF - CLASSE DE INVESTIMENTO MULTIMERCADO CRÉDITO PRIVADO - RESP LIMITADA,12033200.870000001,3,0,0
44585087000181,ASSET BANK JMP FUNDO DE  INVESTIMENTO EM COTAS DE FUNDO DE INVESTIMENTO MULTIMERCADO CP,12019976.57,3,3,0
62438200000188,BTG PACTUAL CRÉDITO CORPORATIVO PLUS INCENTIVADO CDI FI DE INVESTIMENTO FINANCEIRO EM INFRA RF,11986071.45,7,1,0
61249915000120,AMP BLUE FUNDO DE INVESTIMENTO EM COTAS DE FUNDOS DE INVESTIMENTO MULTIMERCADO,11982967.7,1,1,0
62897430000105,AMP GREEN FUNDO DE INVESTIMENTO EM COTAS DE FUNDOS DE INVESTIMENTO MULTIMERCADO,11982967.7,1,1,0
62900290000187,SHIVA FUNDO DE INVESTIMENTO EM COTAS DE FUNDOS DE INVESTIMENTO MULTIMERCADO,11982967.7,1,1,0
51825326000199,SVN FUNDO DE INVESTIMENTO FINANCEIRO RENDA FIXA CRÉDITO PRIVADO - RESPONSABILIDADE LIMITADA,11970661.24,1,0,0
47629505000183,GTR FUNDO DE INVESTIMENTO EM COTAS DE FUNDOS DE INVESTIMENTO MULTIMERCADO CRÉDITO PRIVADO,11954687.87,1,1,0
42747172000173,CAPITÂNIA K FUNDO DE INVESTIMENTO FINANCEIRO MULTIMERCADO,11945214.5,39,1,0
39470241000130,RMF QI FIF MULTIMERCADO CRÉDITO PRIVADO RESPONSABILIDADE LIMITADA,11909474.02,7,0,0
42717986000165,ITAÚ SINFONIA MULTIMERCADO CRÉDITO PRIVADO FUNDO DE INVESTIMENTO FINANCEIRO RESP LIMITADA,11894109.33,1,0,0
63387076000131,AUGME BALANCEADO FUNDO DE INVESTIMENTO FINANCEIRO MULTIMERCADO,11876183.049999999,35,1,0
15259169000138,WESTERN ASSET GROWTH FIF RENDA FIXA CRÉDITO PRIVADO RESPONSABILIDADE LIMITADA,11815494.43,17,0,0
42888378000113,VIC V SPECIAL SITUATIONS FUNDO DE INVESTIMENTO FINANCEIRO,11809666.34,4,1,0
57375967000175,XP DISTRIBUIDORES CORPORATE LIGHT PREV FIF RENDA FIXA CRÉDITO PRIVADO - RESPONSABILIDADE LIMITADA,11751053.52,6,0,0
37240404000162,PEN JGP ESTRUTURADOS FUNDO DE INVESTIMENTO FINANCEIRO MULTIMERCADO,11711814.93,1,0,0
11275059000109,LOREMA - FUNDO DE INVESTIMENTO FINANCEIRO MULTIMERCADO CRÉDITO PRIVADO - RESPONSABILIDADE LIMITADA,11705814.9,7,0,0
13554193000174,G5 FERRETTI 95 FIF - CLASSE DE INVESTIMENTO MULTIMERCADO CRÉDITO PRIVADO,11684996.42,3,2,0
49924950000100,TYTON CRÉDITO HIGH YIELD FUNDO DE INVESTIMENTO FINANCEIRO MULTIMERCADO,11656759.08,9,0,0
53096373000174,SANTANDER PB EVORA V MULTIMERCADO CRÉDITO PRIVADO FUNDO DE INVESTIMENTO FINANCEIRO,11639226.89,1,0,0
55575472000164,FUNDO DE INVESTIMENTO FINANCEIRO CI RENDA FIXA INCENTIVADO INVESTIMENTO EM INFRAESTRUTURA G5 TANGER,11548232.610000001,5,2,0
20146318000192,CAPITANIA PREMIUM MASTER FIF RENDA FIXA CRÉDITO PRIVADO LONGO PRAZO - RESPONSABILIDADE LIMITADA,11543809.8,2,1,0
35001143000100,CASSOLA FUNDO DE INVESTIMENTO FINANCEIRO MULTIMERCADO,11539767.63,1,1,0
44917492000150,LIBERTAS HIGH GRADE FIF - CLASSE DE INVESTIMENTO MULTIMERCADO CRÉDITO PRIVADO - RESP LIMITADA,11528381.28,13,1,0
22922145000182,HIGH MULTIESTRATÉGIA FUNDO DE INVESTIMENTO FINANCEIRO,11482690.06,2,0,0
47640482000108,ECOFINANCE FUNDO DE INVESTIMENTO EM COTAS DE FUNDO DE INVESTIMENTO MULTIMERCADO CRÉDITO PRIVADO,11369473.74,1,1,0
08831681000141,IPANEMA FI FINANCEIRO - CI MULT CRED PRIV - RESP LIMITADA,11357905.42,12,11,0
47103249000196,HORIZON FUNDO DE INVESTIMENTO FINANCEIRO MULTIMERCADO CRÉDITO PRIVADO RESPONSABILIDADE LIMITADA,11333181.25,1,0,0
58941655000144,VERDE MASTER PREV 60 QUALIFICADO FIFE FUNDO DE INVESTIMENTO FINANCEIRO MULTIMERCADO RESP LIMITADA,11305540.05,9,0,0
09327501000151,ORBIX FUNDO DE INVESTIMENTO FINANCEIRO EM AÇÕES RESPONSABILIDADE LIMITADA,11279526.43,1,0,0
36655944000144,VKR FUNDO DE INVESTIMENTO MULTIMERCADO - CRÉDITO PRIVADO LONGO PRAZO,11241234.75,1,1,0
12228025000126,G5 RELUX FUNDO DE INVESTIMENTO FINANCEIRO MULTIMERCADO,11235084.12,3,3,0
20030726000184,FI FINANCEIRO SONAR PATRIMÔNIO MULTIMERCADO CRÉDITO PRIVADO - RESPONSABILIDADE LIMITADA,11142219.02,2,1,0
34475777000124,THOT FUNDO DE INVESTIMENTO MULTIMERCADO CREDITO PRIVADO,11122332.93,5,5,0
22041150000186,BRASIL PLURAL MASTER PREVIDÊNCIA CRÉDITO PRIVADO FIF RENDA FIXA - RESPONSABILIDADE LIMITADA,11086107.93,3,0,0
29045156000170,G5 ARTHÉ FIF - CLASSE DE INVESTIMENTO MULTIMERCADO CRÉDITO PRIVADO - RESPONSABILIDADE LIMITADA,11029632.16,11,10,0
23035015000190,RAISE FUNDO DE INVESTIMENTO EM COTAS DE FUNDOS DE INVESTIMENTO MULTIMERCADO,11026247.81,4,2,0
36672135000140,PETA FUNDO DE INVESTIMENTO FINANCEIRO,11020713.26,16,9,0
07707684000105,LINCE PLUS FUNDO DE INVESTIMENTO FINANCEIRO MULTIMERCADO - RESPONSABILIDADE LIMITADA,11020345.39,1,0,0
56608307000124,GERDAU PREV FIF RENDA FIXA CRÉDITO PRIVADO 6 LONGO PRAZO DE RESPONSABILIDADE LIMITADA,10980635.85,10,0,0
54871232000144,VANGUARD FUNDO DE INVESTIMENTO FINANCEIRO,10972426.41,3,0,0
17040543000135,LIVE INVESTIMENTOS FUNDO DE INVESTIMENTO MULTIMERCADO CRÉDITO PRIVADO,10855966.35,1,1,0
50862124000154,VINLAND FUNDO INCENTIVADO EM INVESTIMENTO EM DEB DE INFRA ATIVO FIF RF CRÉD PRIV LP  RESP LIMITADA,10824570.59,3,0,0
21053290000101,G5 PMK FUNDO DE INVESTIMENTO FINANCEIRO MULTIMERCADO CRÉDITO PRIVADO,10812552.760000002,4,2,0
35672024000171,VERDE AM ICATU DISCERE PREV FIFE FUNDO DE INVESTIMENTO FINANCEIRO MULTIMERCADO RESP LIMITADA,10795000.68,23,0,0
33827314000111,BUDAPESTE FUNDO DE INVESTIMENTO MULTIMERCADO CREDITO PRIVADO INVESTIMENTO NO EXTERIOR,10760008.41,4,4,0
55563583000150,G5 ROLAND GARROS FIF RENDA FIXA INCENTIVADO DE INVESTIMENTO EM INFRAESTRUTURA,10724514.33,4,3,0
30353549000120,AUGME PRO FUNDO DE INVESTIMENTO FINANCEIRO MULTIMERCADO,10697202.17,34,0,0
44703088000183,G5 QUEBEC FI FINANCEIRO - CI MULT CRED PRIV - RESP LIMITADA,10648759.25,5,4,0
52248677000147,AZ QUEST BLEND MASTER FIC DE FUNDOS DE INVESTIMENTO FINANCEIRO MULTIMERCADO CRÉDITO PRIVADO,10613539.17,7,2,0
42081346000101,NEON BLUE FUNDO DE INVESTIMENTO FINANCEIRO MULTIMERCADO,10609279.36,1,0,0
53819577000196,AUGME PRO II FUNDO DE INVESTIMENTO FINANCEIRO MULTIMERCADO,10587866.84,38,0,0
51853123000106,SPARTA BWM FUNDO DE INVESTIMENTO FINANCEIRO RENDA FIXA CRÉDITO PRIVADO - RESPONSABILIDADE LIMITADA,10579031.93,31,0,0
44209570000161,FORTUNE CREDIT OPPORTUNITIES FUNDO DE INVESTIMENTO FINANCEIRO MULTIMERCADO,10557000.700000001,11,0,0
22918433000163,JMP INVEST FUNDO DE INVESTIMENTO FINANCEIRO - MULTIMERCADO CRÉD PRIV RESP LTDA,10544384.25,1,0,0
62849991000139,SANTANDER PB TREVISO HARBOR MULTIMERCADO CRÉDITO PRIVADO - FUNDO DE INVESTIMENTO FINANCEIRO,10526128.35,3,3,0
63355041000110,CREDERE FUNDO DE INVESTIMENTO FINANCEIRO EM COTAS DE FUNDOS DE INVESTIMENTO MULTIMERCADO,10524804.05,4,2,0
14544826000126,BRAIN DIJON FUNDO DE INVESTIMENTO FINANCEIRO MULTIMERCADO CRÉDITO PRIVADO,10524014.01,5,0,0
30869395000124,SPARTA PREVIDÊNCIA FIFE FUNDO DE INVESTIMENTO FINANCEIRO RENDA FIXA CRÉDITO PRIVADO RESP LTDA,10484648.22,23,0,0
24271024000143,ARAPAIMA FUNDO DE INVESTIMENTO FINANCEIRO MULTIMERCADO CRÉDITO PRIVADO,10465184.26,10,3,0
11121992000121,BNP PARIBAS FI FINANCEIRO ZAFIRA RENDA FIXA CRÉDITO PRIVADO PREVIDENCIÁRIO RESP LTDA,10453045.23,9,0,0
58151732000162,G5 ARBOR FIF - CLASSE DE INVESTIMENTO EM COTAS MULTIMERCADO CRED PRIV - RESPONSABILIDADE LIMITADA,10431890.32,3,2,0
32292528000178,ITAÚ PRECISION ADVANCED PRIVATE MARKETS FIF MULTIMERCADO CRÉDITO PRIVADO RESP LIMITADA,10419576.01,2,0,0
26217266000184,BB GC4 FUNDO DE INVESTIMENTO FINANCEIRO MULTIMERCADO CRÉDITO PRIVADO LONGO PRAZO,10406850.19,2,0,0
00807777000162,DAYCOVAL CLASSE DE INVESTIMENTO RENDA FIXA CRÉDITO PRIVADO RESPONSABILIDADE LIMITADA,10329687.13,7,3,0
66812286000118,JARDIM PARIS II 95 FIC DE FIF MULTIMERCADO CRÉDITO PRIVADO - RESPONSABILIDADE LIMITADA,10249677.26,1,0,0
07753199000178,CHRIS FIC DE FIF MULTIMERCADO CRÉDITO PRIVADO INVESTIMENTO NO EXTERIOR - RESPONSABILIDADE LIMITADA,10224242.02,4,0,0
65344961000169,HERITAGE LINE IPCA FUNDO DE INVESTIMENTO FINANCEIRO RENDA FIXA INVESTIMENTO EM INFRA CP RESP LIMIT,10188367.5,4,0,0
62902122000120,G5 CRYSTAL II FIF - CLASSE DE INVESTIMENTO MULTIMERCADO CRED PRIV - RESPONSABILIDADE LIMITADA,10186662.07,6,5,0
40970298000187,AFN FUNDO DE INVESTIMENTO FINANCEIRO - MULTIMERCADO CREDITO PRIVADO RESPONSABILIDADE LIMITADA,10131251.43,1,0,0
63968198000111,ALVOR CAPITAL FUNDO DE INVESTIMENTO EM COTAS DE FUNDOS DE INVESTIMENTO MULTIMERCADO CRÉDITO PRIVADO,10118164.95,1,1,0
06241214000136,DAYCOVAL EXPERT CLASSE DE INVESTIMENTO MULTIMERCADO CRÉDITO PRIVADO - RESPONSABILIDADE LIMITADA,10084528.5,1,1,0
01361074000116,TOP RENDA FIXA MIX CRÉD PRIV LONGO PRAZO FIF RESPONSABILIDADE LIMITADA,10074195.52,1,0,0
33599482000105,DRAGO FUNDO DE INVESTIMENTO MULTIMERCADO,10035782.58,1,0,0
41922531000119,G5 CINFÃES DO DOURO FIF - CLASSE DE INVESTIMENTO MULTIMERCADO CRÉDITO PRIVADO - RESP LIMITADA,10013107.25,10,6,0
42865157000120,G5 ALLOCATION PREV CRÉDITO II FI FINANCEIRO - CI MULT CRED PRIV - RESP LIMITADA,10004094.790000001,5,3,0
23781820000163,BARCELONA FUNDO DE INVESTIMENTO FINANCEIRO MULTIMERCADO,9998103.62,2,0,0
35162383000189,FLEX 0 FUNDO DE INVESTIMENTO FINANCEIRO MULTIMERCADO CRÉDITO PRIVADO RESPONSABILIDADE LIMITADA,9995984.36,4,0,0
20335455000175,MIRANDA DO DOURO FIF MULTIMERCADO CRÉDITO PRIVADO RESP LIMITADA,9978782.74,1,0,0
22672424000135,LESTE CREDIT FUNDO DE INVESTIMENTO FINANCEIRO MULTIMERCADO,9978053.93,2,0,0
50462097000122,LUMINA PARTNERS II FUNDO DE INVESTIMENTO FINANCEIRO,9973599.45,6,0,0
52309284000104,GFC CAPITAL FUNDO DE INVESTIMENTO MULTIMERCADO CREDITO PRIVADO,9937642.72,3,3,0
63022309000100,HALEIWA FUNDO DE INVESTIMENTO RENDA FIXA CRÉDITO PRIVADO LONGO PRAZO,9901706.75,1,1,0
60592561000159,OCCAM LIQUIDEZ BAIXA VOLATILIDADE FIF RENDA FIXA CRÉDITO PRIVADO - RESPONSABILIDADE LIMITADA,9853873.34,19,0,0
51752166000103,ÂMBAR FUNDO DE INVESTIMENTO MULTIMERCADO CRÉDITO PRIVADO LONGO PRAZO,9846614.27,2,2,0
35504728000135,BRAIN GEPETO FUNDO DE INVESTIMENTO FINANCEIRO MULTIMERCADO CRÉDITO PRIVADO RESPONSABILIDADE LIMITADA,9841787.12,2,0,0
15714335000149,ANGORÁ FIF - CLASSE DE INVESTIMENTO MULTIMERCADO CRÉDITO PRIVADO - RESP LIMITADA,9835713.56,3,3,0
51800853000149,BTG LEGATO PMFO FUNDO DE INVESTIMENTO FINANCEIRO MULTIMERCADO,9793475.3,10,0,0
32227093000188,TIGRES FUNDO DE INVESTIMENTO FINANCEIRO EM AÇÕES - RESPONSABILIDADE LIMITADA,9792064.379999999,2,0,0
32742147000143,DANIELI II FUNDO DE INVESTIMENTO FINANCEIRO EM COTAS DE FUNDOS DE INVESTIMENTO MULTIMERCADO,9724205.94,1,0,0
51863845000141,BTG MUNIQUE FI FINANCEIRO - CI RF CRED PRIV - RESP LIMITADA,9711986.870000001,22,5,0
44585418000183,REMBRANDT FUNDO DE INVESTIMENTO EM COTAS DE FUNDO DE INVESTIMENTO MULTIMERCADO CRÉDITO PRIVADO,9701351.89,2,1,0
38903685000159,STRIVO W CARTIER FUNDO DE INVESTIMENTO FINANCEIRO,9701335.04,1,0,0
52071627000137,CAPITANIA INFRA MASTER V FUNDO INCENTIVADO DE INVESTIMENTO FINANCEIRO EM INFRAESTRUTURA RENDA FIXA,9690441.83,5,0,0
26253883000135,G5 SUMMER FUNDO DE INVESTIMENTO FINANCEIRO MULTIMERCADO CRÉDITO PRIVADO,9681897.2,6,5,0
28036880000175,G5 RML RESERVE 95 FIF - CLASSE DE INVESTIMENTO MULTIMERCADO CRÉDITO PRIVADO,9678416.04,6,5,0
17072894000128,SABESPREV FUNDO DE INVESTIMENTO FINANCEIRO MULTIMERCADO CRÉDITO PRIVADO RESPONSABILIDADE LIMITADA,9644353.03,9,0,0
62769923000160,TIVIO INSTITUCIONAL INCENTIVADO CDI MASTER FIF - CI RF REF DE INVESTIMENTO EM INFRA - RESP LIMITADA,9631435.26,4,1,0
54501503000170,BTG INFRA MASTER IV FUNDO INCENTIVADO DE INVESTIMENTO EM INFRAESTRUTURA RENDA FIXA CRÉDITO PRIVADO,9578705.02,1,1,0
45512190000164,TIVIO PREVIDÊNCIA LOW VOL MASTER FIFE FIF MULTIMERCADO RESPONSABILIDADE LIMITADA,9571635.879999999,5,0,0
25036659000129,G5 LRM FIF - CLASSE DE INVESTIMENTO MULTIMERCADO CRÉDITO PRIVADO - RESPONSABILIDADE LIMITADA,9567325.04,7,7,0
47670422000138,KINEA PREV DAKAR RENDA FIXA FIF LONGO PRAZO RESP LIMITADA,9548753.68,25,0,0
34081583000144,FUNDO DE INVESTIMENTO EM COTAS DE FUNDO DE INVESTIMENTO MULT XP SPECIAL SITUATIONS III CP LP,9544533.3,1,0,0
35136940000197,FLEX 15 FUNDO DE INVESTIMENTO FINANCEIRO MULTIMERCADO CRED PRIV RESP LIMITADA,9497194.83,4,0,0
22253506000145,GRF FUNDO DE INVESTIMENTO FINANCEIRO MULTIMERCADO,9484395.16,7,5,0
33304918000183,INTRABANK INVEST FUNDO DE INVESTIMENTO FINANCEIRO,9462148.51,2,2,0
39682386000102,CAIXA PRIVATE PLUS PREVINVEST PREVIDENCIÁRIO FIF RENDA FIXA CRÉDITO PRIVADO - RESP LIMITADA,9453637.49,6,1,0
41574480000181,UJAY HIGH YIELD FUNDO DE INVESTIMENTO FINANCEIRO EM COTAS DE FUNDOS DE INVESTIMENTO MULTIMERCADO,9425404.13,2,0,0
49392852000160,ZERMATT ICATU QUALIFICADO PREVIDENCIÁRIO FIF - CI MULTIMERCADO CRED PRIV - RESP LIMITADA,9405643.67,10,1,0
21082099000198,NAN CDI FI FINANCEIRO - CI MULT LP - RESP LIMITADA,9381290.01,12,1,0
63844754000148,VETCAPITAL FUNDO DE INVESTIMENTO FINANCEIRO MULTIMERCADO CRÉDITO PRIVADO  RESPONSABILIDADE LIMITADA,9343871.57,1,1,0
33913629000181,TAMBAÚ QI FUNDO DE INVESTIMENTO FINANCEIRO MULTIMERCADO,9336780.74,8,1,0
28663487000101,SANTANDER PB PHENON MULTIMERCADO CRÉDITO PRIVADO - FUNDO DE INVESTIMENTO FINANCEIRO,9287096.83,2,1,0
52333139000150,CARBYNE FUNDO DE INVESTIMENTO MULTIMERCADO CRÉDITO PRIVADO RESPONSABILIDADE LIMITADA,9272936.69,3,0,0
62080523000142,LINEAR FUNDO DE INVESTIMENTO EM COTAS DE FUNDOS DE INVESTIMENTO MULTIMERCADO CRÉDITO PRIVADO,9254177.64,1,1,0
55539196000189,FUNDO DE INVESTIMENTO FINANCEIRO CI RENDA FIXA INCENTIVADO INVESTIMENTO EM INFRAESTRUTURA G5 CAMBUCÁ,9211325.21,4,4,0
28079799000172,FUNDO DE INVESTIMENTO MULTIMERCADO MENDOZA CRÉDITO PRIVADO INVESTIMENTO NO EXTERIOR,9211265.91,1,1,0
57699570000139,G5 SUMMER 95 FIF - CLASSE DE INVESTIMENTO MULTIMERCADO CRED PRIV - RESP LIMITADA,9210542.58,3,2,0
27477166000150,G5 CARMEL FUNDO DE INVESTIMENTO FINANCEIRO MULTIMERCADO,9169725.12,9,7,0
21625036000130,IRON EXTRA COUNTRY FIF - CLASSE DE INVESTIMENTO MULTIMERCADO CRED PRIV - RESPONSABILIDADE LIMITADA,9168625.51,7,1,0
62469562000136,BTG PACTUAL APOLO FUNDO DE INVESTIMENTO FINANCEIRO EM COTAS DE FUNDOS DE INVESTIMENTO MULTIMERCADO,9164563.19,1,1,0
23272391000107,CAPITÂNIA RADAR 90 FIF MULTIMERCADO CRÉDITO PRIVADO LONGO PRAZO - RESPONSABILIDADE LIMITADA,9163585.1,11,1,0
37406746000100,ETL FUNDO DE INVESTIMENTO FINANCEIRO MULTIMERCADO RESPONSABILIDADE LIMITADA,9124783.0,4,4,0
51752945000109,FORTUNA FUNDO DE INVESTIMENTO MULTIMERCADO CRÉDITO PRIVADO LONGO PRAZO,9113541.02,2,2,0
36010002000109,KYOTO FUNDO DE INVESTIMENTO MULTIMERCADO CRÉDITO PRIVADO,9082390.31,3,0,0
50456852000166,DELTA FUNDO DE INVESTIMENTO MULTIMERCADO CRÉDITO PRIVADO INVESTIMENTO NO EXTERIOR DE RESP LIMITADA,9056058.79,1,1,0
58887416000153,PRISMA FUNDO DE INVESTIMENTO MULTIMERCADO CRÉDITO PRIVADO RESPONSABILIDADE LIMITADA,9037451.72,3,3,0
55664723000187,METEORA FUNDO DE INVESTIMENTO FINANCEIRO MULTIMERCADO,9004227.21,8,2,0
44465567000109,TECNOMOTOR FUNDO DE INVESTIMENTO EM COTAS DE FUNDO DE INVESTIMENTO MULTIMERCADO CRÉDITO PRIVADO,9004008.64,1,1,0
18216422000164,DIJON FUNDO DE  INVESTIMENTO FINANCEIRO MULTIMERCADO CRÉDITO PRIVADO,9002560.89,4,0,0
40194274000183,CAIXA MASTER PLUS QUALIFICADO FIF RENDA FIXA CRÉDITO PRIVADO LONGO PRAZO - RESPONSABILIDADE LIMITADA,8993245.13,6,1,0
37503518000158,MAXIMUS FUNDO DE  INVESTIMENTO MULTIMERCADO,8984787.879999999,10,1,0
30568485000185,AUGME INSTITUCIONAL CLASSE DE  INVESTIMENTO RENDA FIXA CRÉDITO PRIVADO - RESP LIMITADA,8955847.2,6,2,0
40141519000104,BS2 SPECTRA V LATAM FI EM COTAS DE FI MULTIMERCADO CRÉDITO PRIVADO INVESTIMENTO NO EXTERIOR,8945239.85,3,0,0
58213245000187,FLUXUS CASH FUNDO INCENTIVADO DE INVESTIMENTO FINANCEIRO EM INFRAESTRUTURA RENDA FIXA,8941910.12,2,0,0
13454211000146,SANTANDER PREV PRIVATE RENDA FIXA - FIF RESP LIMITADA,8923229.5,3,0,0
56284312000129,ARX HEDGE II MASTER FIF INVEST EM INFRA RENDA FIXA CRÉDITO PRIVADO RESPONSABILIDADE LIMITADA,8922751.21,3,0,0
50097016000132,NERO GLOBAL ALLOCATION FIF EM COTAS DE FUNDOS DE INVESTIMENTO MULTIMERCADO,8920582.42,3,1,0
00888897000131,BTG PACTUAL HEDGE FUNDO DE INVESTIMENTO FINANCEIRO RENDA FIXA,8920024.97,5,0,0
59732681000125,HORSCH FUNDO DE INVESTIMENTO EM COTAS DE FUNDOS DE INVESTIMENTO MULTIMERCADO CRÉDITO PRIVADO,8893864.74,1,1,0
51478991000153,FIATI FUNDO DE INVESTIMENTO EM COTAS DE FUNDOS DE INVESTIMENTO MULTIMERCADO CRÉDITO PRIVADO,8886385.82,1,1,0
46975232000166,LCM FUND E FUNDO DE INVESTIMENTO FINANCEIRO MULTIMERCADO,8878733.35,4,1,0
61472550000106,SPECIALE MULTI CREDIT PREV FUNDO DE INVESTIMENTO FINANCEIRO MULTIMERCADO CRED PRIV RESP LIMITADA,8837111.08,9,0,0
46405903000153,G5 SEBRING FIF - CLASSE DE INVESTIMENTO MULTIMERCADO CRÉDITO PRIVADO - RESPONSABILIDADE LIMITADA,8824853.08,8,7,0
61385616000112,TRÍVIA FUNDO DE INVESTIMENTO MULTIMERCADO CRÉDITO PRIVADO,8824454.1,1,1,0
56284639000109,SF FUNDO DE INVESTIMENTO FINANCEIRO - CIC MULTIMERCADO CRÉDITO PRIVADO - RESPONSABILIDADE LIMITADA,8811022.58,2,0,0
59694980000112,SOARES CAPITAL FUNDO DE INVESTIMENTO EM COTAS DE FUNDOS DE INVESTIMENTO MULTIMERCADO CRÉDITO PRIVADO,8810854.93,1,1,0
32222977000140,FRAM CAPITAL FIMP FUNDO DE INVESTIMENTO MULTIMERCADO,8755587.76,1,1,0
10292341000131,FUNDO DE INVESTIMENTO FINANCEIRO MULTIMERCADO PEDRA AZUL,8727717.5,6,1,0
57439257000161,NOVA ALMEIDA FUNDO DE INVESTIMENTO FINANCEIRO MULTIMERCADO CRÉDITO  PRIVADO,8595615.79,1,1,0
28065477000174,FUTURAMA FUNDO DE INVESTIMENTO MULTIMERCADO CRÉDITO PRIVADO INVESTIMENTO NO EXTERIOR,8579293.17,1,1,0
28144866000195,LAGO NEGRO FUNDO DE INVESTIMENTO FINANCEIRO MULTIMERCADO,8552961.64,6,3,0
59732633000137,VERTIS RD FUNDO DE INVESTIMENTO EM COTAS DE FUNDOS DE INVESTIMENTO MULTIMERCADO CRÉDITO PRIVADO,8541976.85,1,1,0
38057973000130,J17 ORION FUNDO DE INVESTIMENTO FINANCEIRO MULTIMERCADO CRÉDITO PRIVADO,8538535.3,1,1,0
49691824000144,ANHUMAS FUNDO DE INVESTIMENTO FINANCEIRO MULTI CP RESPONSABILIDADE LIMITADA,8523321.55,1,0,0
54976144000107,FUNDO DE INVESTIMENTO FINANCEIRO - CI RENDA FIXA INCENTIVADA INVESTIMENTO EM INFRAESTRUTURA G5 SB,8519543.96,2,2,0
34831235000147,UBS 2410 EI FUNDO DE INVESTIMENTO EM COTAS DE FIF - MULTIMERCADO CREDITO PRIVADO RESP LIMITADA,8512926.3,2,0,0
63115354000100,VIREO ALT FUNDO DE INVESTIMENTO FINANCEIRO,8498301.27,1,0,0
55665077000172,PI FUNDO DE INVESTIMENTO FINANCEIRO MULTIMERCADO,8491070.1,8,1,0
37895276000195,AZ QUEST SPECIAL K MASTER FUNDO DE INVESTIMENTO FINANCEIRO MULTIMERCADO CREDITO PRIVADO,8489612.27,7,2,0
51903744000157,BRAIN CORPORATIVO 30 FUNDO DE INVESTIMENTO FINANCEIRO RENDA FIXA CRÉDITO PRIVADO,8455695.22,11,1,0
64436390000120,SPECTRA VII SPECIAL SITUATIONS FUNDO DE INVESTIMENTO FINANCEIRO MULTI,8436402.4,2,1,0
36896684000107,TERRASSA FUNDO DE INVESTIMENTO FINANCEIRO MULTIMERCADO CRÉDITO PRIVADO,8428880.19,2,2,0
55664322000127,VINDER FUNDO DE INVESTIMENTO FINANCEIRO MULTIMERCADO,8423246.84,7,1,0
46997370000146,ARX K2 IVP PREVIDENCIÁRIO INFLAÇÃO CURTA FIF RENDA FIXA CRÉDITO PRIVADO RESP LIMITADA,8407317.14,35,0,0
57643968000153,G5 RML RESERVE II FUNDO DE INVESTIMENTO FINANCEIRO MULT CRED PRIV,8392775.629999999,7,4,0
43165242000148,SEVERAL FUNDO DE INVESTIMENTO MULTIMERCADO CRÉDITO PRIVADO,8381408.21,1,0,0
63652334000160,INOVA II FUNDO DE INVESTIMENTO FINANCEIRO,8294257.55,1,0,0
51942093000104,LAS VEGAS FUNDO DE INVESTIMENTO MULTIMERCADO CRÉDITO PRIVADO,8274713.3,1,1,0
35765444000100,BTG LEGATO TB FUNDO DE INVESTIMENTO FINANCEIRO MULTIMERCADO,8225214.4,19,1,0
45494964000171,JOB FUNDO DE INVESTIMENTO FINANCEIRO MULTIMERCADO CRED PRIV INVESTIMENTO - RESP LIMITADA,8197130.72,1,1,0
63006929000148,CITIZENS FUNDO DE INVESTIMENTO FINANCEIRO MULTIMERCADO CRÉDITO PRIVADO  RESPONSABILIDADE LIMITADA,8164751.89,2,2,0
35847520000119,G5 DIAMOND FI FINANCEIRO - CI MULT CRED PRIV - RESP LIMITADA,8122953.97,9,9,0
42338539000103,LA ROCHELLE FUNDO DE INVESTIMENTO FINANCEIRO,8121891.2,1,1,0
28851713000188,ITAÚ RENDA FIXA CRÉDITO PRIVADO DIFERENCIADO IQ FUNDO DE INVESTIMENTO FINANCEIRO RESP LIMITADA,8095479.15,2,0,0
65632035000199,G5 KENDICE 95 FUNDO DE INVESTIMENTO FINANCEIRO MULTIMERCADO,8053619.319999999,4,3,0
41185005000113,MUNGA FUNDO DE INVESTIMENTO FINANCEIRO MULTIMERCADO CRÉDITO PRIVADO,8032734.47,1,1,0
49769312000153,MULTIPREV III FIF RENDA FIXA CRÉDITO PRIVADO RESPONSABILIDADE LIMITADA,8020104.66,3,0,0
57513308000158,BRADESCO EXPLORER DISCOVERY SPECIAL SITUATIONS FC DE FIF MULT CRED PRIV - RESP LIMITADA,7999125.09,2,0,0
59512275000157,MLAPPS FUNDO DE INVESTIMENTO FINANCEIRO MULTIMERCADO,7968588.11,1,1,0
14843748000160,OURO VERDE FUNDO DE INVESTIMENTO MULTIMERCADO CRÉDITO PRIVADO - RESPONSABILIDADE LIMITADA,7958089.28,9,1,0
40054269000175,G5 ICELAND 95 FUNDO DE INVESTIMENTO FINANCEIRO MULTIMERCADO,7904437.62,7,5,0
63945153000121,CHESS CONDOCASH FUNDO DE INVESTIMENTO FINANCEIRO EM COTAS DE FUNDOS DE INVESTIMENTO MULTIMERCADO,7892829.25,1,0,0
40981835000194,UBS RIO DA BARRA FUNDO DE INVESTIMENTO EM COTAS DE FIF - MULTIMERCADO CREDITO PRIVADO RESP LIMITADA,7882747.04,3,0,0
10347228000106,SAFRA REFERENCIADO FIF CLASSE DE INVEST RENDA FIXA REFERENCIADA DI CRÉDITO PRIVADO RESP LIMITADA,7876055.32,3,0,0
28036841000178,G5 FI3B FIF - CLASSE DE INVESTIMENTO MULTIMERCADO CRÉDITO PRIVADO RESP LIMITADA,7818969.9399999995,2,2,0
46098482000165,BLACK FUNDO DE INVESTIMENTO EM COTAS DE FUNDO DE INVESTIMENTO MULTIMERCADO CRÉDITO PRIVADO,7790183.21,2,2,0
38417971000104,SPECTRA LATIN AMERICA PRIVATE EQUITY V FUNDO DE INVESTIMENTO FINANCEIRO MULTIMERCADO,7789272.16,1,0,0
55633340000141,LATACHE IV FUNDO DE INVESTIMENTO FINANCEIRO MULTIMERCADO CRÉDITO PRIVADO,7784577.19,1,1,0
16899113000100,G5 M2M FIF - CLASSE DE INVESTIMENTO MULTIMERCADO CRÉDITO PRIVADO RESP LIMITADA,7732105.050000001,3,3,0
37993866000150,SONG III FI FINANCEIRO - CI MULT CRED PRIV - RESP LIMITADA,7699883.17,3,0,0
50095878000126,DECK FUNDO DE INVESTIMENTO FINANCEIRO,7689284.72,1,1,0
51223640000100,CROSSCHARGE FUNDO DE INVESTIMENTO FINANCEIRO EM COTAS DE FUNDOS DE INVESTIMENTO MULTIMERCADO,7683320.2,1,0,0
09484942000167,SONG II FUNDO DE INVESTIMENTO  FINANCEIRO MULTIMERCADO CRÉDITO PRIVADO,7636859.640000001,4,0,0
47947685000141,VERDE AM JACARANDÁ FUNDO DE INVESTIMENTO FINANCEIRO MULTIMERCADO,7630772.96,2,0,0
54980234000171,FUNDO DE INVESTIMENTO FINANCEIRO - CI RENDA FIXA INCENTIVADA INVESTIMENTO EM INFRA G5 ICELAND,7606146.859999999,6,6,0
36200502000103,CHIMERA NPL I FUNDO DE INVESTIMENTO FINANCEIRO,7552870.63,1,1,0
19781725000192,FUNDO DE INVESTIMENTO FINANCEIRO MULTIMERCADO MAFER,7550405.84,1,0,0
21888723000149,ITAÚ RENDA FIXA CRÉDITO PRIVADO DIFERENCIADO II FUNDO DE INVESTIMENTO FINANCEIRO RESP LIMITADA,7548646.279999999,2,0,0
55984149000144,JATAÍ FUTURO ANCESTRAL FUNDO DE INVESTIMENTO FINANCEIRO MULTIMERCADO CRÉDITO PRIVADO,7545726.98,4,0,0
37331175000191,UNIMED INVESTCOOP ANS II FUNDO DE INVESTIMENTO FINANCEIRO RENDA FIXA CRÉDITO PRIVADO RESP LIMITADA,7463185.1899999995,11,0,0
42750049000101,AUGME HIGHLANDER FUNDO DE INVESTIMENTO FINANCEIRO,7426648.98,9,6,0
50468782000166,RESERVA ÉXES FUNDO DE INVESTIMENTO FINANCEIRO RENDA FIXA CRÉDITO PRIVADO - RESPONSABILIDADE LIMITADA,7409515.83,3,1,0
26525450000191,JGP SELECT PREMIUM FIF MULTIMERCADO CRÉDITO PRIVADO IE - RESPONSABILIDADE LIMITADA,7364167.529999999,8,4,0
62435083000107,BRW INVESTIMENTOS FUNDO DE INVESTIMENTO EM COTAS DE FUNDOS DE INVESTIMENTO MULTIMERCADO,7344142.21,1,1,0
17689994000106,BNP PARIBAS IGUAÇU CLASSE DE INVESTIMENTO MULTIMERCADO CRÉDITO PRIVADO - RESPONSABILIDADE LIMITADA,7340371.8,10,0,0
08537625000107,G5 GRUMETE FIF - CLASSE DE INVESTIMENTO MULTIMERCADO CRÉDITO PRIVADO - RESPONSABILIDADE LIMITADA,7329652.930000001,9,8,0
40811669000188,SPECTRA II LATIN AMERICA PRIVATE EQUITY V FUNDO DE INVESTIMENTO FINANCEIRO MULTIMERCADO,7288824.65,1,0,0
58340147000100,BB JÚ INFRA RENDA FIXA FUNDO INCENTIVADO DE INVESTIMENTO FINANCEIRO EM INFRAESTRUTURA RESP LIMITADA,7220382.62,2,0,0
65200281000171,ECCELLERE FUNDO DE INVESTIMENTO FINANCEIRO MULTIMERCADO  CRÉDITO PRIVADO,7210106.65,1,1,0
42887874000152,ITAPEMA FI EM COTAS DE FUNDOS DE INVESTIMENTO MULTIMERCADO CRÉDITO PRIVADO RESPONSABILIDADE LIMITADA,7206235.43,3,0,0
62063685000172,CAELI FUNDO DE INVESTIMENTO EM COTAS DE FUNDOS DE INVESTIMENTO MULTIMERCADO,7162196.07,1,1,0
32670632000159,SPECTRA KAFKA FUNDO DE INVESTIMENTO FINANCEIRO,7157093.04,2,0,0
56939175000113,INDEX FUNDO DE INVESTIMENTO FINANCEIRO MULTIMERCADO CRÉDITO PRIVADO RESP LIMITADA,7122593.25,1,1,0
13455278000103,SANTANDER PREV CRESCIMENTO RENDA FIXA - FIF RESP LIMITADA,7103262.43,5,0,0
28396597000154,PERFORMANCE PLUS FIC DE FIF MULTIMERCADO CRÉDITO PRIVADO - RESPONSABILIDADE LIMITADA,7075921.32,1,0,0
05508422000196,EQTPREV STRATEGY FIF MULTIMERCADO CRÉDITO PRIVADO DE RESPONSABILIDADE LIMITADA,7037035.79,12,0,0
10141951000134,UBS PB RAMOT EI FUNDO DE INVESTIMENTO FINANCEIRO  MULTIMERCADO CRÉDITO PRIVADO RESP LIMITADA,7029711.62,1,0,0
22809158000140,FIORI CLASSE DE INVESTIMENTO MULTIMERCADO CRÉDITO PRIVADO - RESP LIMITADA,7013960.5200000005,7,3,0
62774398000170,ACP FUNDO DE INVESTIMENTO FINANCEIRO  MULTIMERCADO CRÉDITO PRIVADO RESPONSABILIDADE LIMITADA,7012475.36,1,1,0
49524517000179,EXT CAPITAL FUNDO DE INVESTIMENTO FINANCEIRO,7005609.84,2,1,0
26977969000100,SÃO JOÃO CLASSE DE INVESTIMENTO MULTIMERCADO CRÉDITO PRIVADO - RESPONSABILIDADE LIMITADA,7002079.67,1,0,0
26631505000148,FÊNIX FUNDO DE INVESTIMENTO FINANCEIRO,6999818.19,1,1,0
64808440000152,SHACKLETON FUNDO DE INVESTIMENTO FINANCEIRO MULTIMERCADO CRÉDITO PRIVADO,6951228.25,2,0,0
50421373000104,ESMERALDAS FUNDO DE INVESTIMENTO FINANCEIRO MULTIMERCADO,6928361.96,12,1,0
60096865000125,V2GR FIF - CLASSE INCENTIVADA DE INVESTIMENTO EM INFRA RF - RESP LIMITADA,6924246.789999999,3,3,0
61011683000177,NEXO FUNDO DE INVESTIMENTO FINANCEIRO,6915165.35,5,0,0
44371772000105,VIDERE FUNDO DE INVESTIMENTO FINANCEIRO MULTIMERCADO CRÉDITO PRIVADO RESP LIMITADA,6903358.39,5,0,0
35364091000129,AFR II FUNDO DE INVESTIMENTO FINANCEIRO MULTIMERCADO,6902763.78,6,2,0
08828112000147,JANDAIA FUNDO DE INVESTIMENTO FINANCEIRO MULTIMERCADO,6882500.62,12,7,0
32179530000135,G5 CRUZ DE MALTA FUNDO DE INVESTIMENTO FINANCEIRO MULTIMERCADO,6881629.05,5,5,0
62186187000117,ATLAS FUNDO  DE INVESTIMENTO FINANCEIRO MULTIMERCADO CRÉDITO PRIVADO RESPONSABILIDADE  LIMITADA,6831366.57,1,1,0
65907424000180,RDP CRÉDITO FUNDO DE INVESTIMENTO FINANCEIRO MULTIMERCADO,6829480.34,1,0,0
52286056000158,CAPITAL UNIVERSE FUNDO FINANCEIRO MULTIMERCADO CP IE RESPONSABILIDADE LIMITADA,6783149.32,1,1,0
20468262000192,COMSHELL WA IMA-S CLASSE DE INVESTIMENTO  RENDA FIXA- RESP LIMITADA,6717405.23,13,0,0
21595937000127,VERDE AM HORIZONTE MASTER FUNDO DE INVESTIMENTO FINANCEIRO MULTIMERCADO CRÉD PRIV RESP LIMITADA,6698318.6899999995,4,0,0
60260680000104,RIO BRAVO CRED PRIV ESSENCIAL QUALIFICADO FIF - CLASSE DE INVESTIMENTO RF - RESP LIMITADA,6696696.22,8,1,0
58806331000101,JIVE SOUL PREV 45 FIFE FUNDO DE INVESTIMENTO MULTIMERCADO CRÉDITO PRIVADO RESPONSABILIDADE LIMITADA,6662889.53,7,1,0
14399693000141,GERDAU PREVIDÊNCIA FIF - CLASSE DE INVESTIMENTO RENDA FIXA CRÉDITO PRIVADO 2 - RESP LIMITADA,6646157.24,1,0,0
45908200000185,BRAFIC FI EM COTAS DE FUNDOS DE INVESTIMENTO MULTIMERCADO  CRÉDITO PRIVADO RESPONSABILIDADE LIMITADA,6626508.71,1,1,0
04201010000146,PB KYMA FI FINANCEIRO - CI MULT CRED PRIV - RESP LIMITADA,6602079.4399999995,5,0,0
63397924000193,INOVA IV FUNDO DE INVESTIMENTO EM COTAS DE FUNDO DE INVESTIMENTO MULTIMERCADO C.P. - RESP. LIMITADA,6600562.28,1,1,0
33589389000101,G5 SAMEDAN FUNDO DE INVESTIMENTO FINANCEIRO MULTIMERCADO,6599267.96,6,4,0
36016565000104,G5 FEEDER DELTA FUNDO DE INVESTIMENTO MULTIMERCADO CREDITO PRIVADO INVESTIMENTO NO EXTERIOR,6589411.0,1,0,0
49438490000100,UJAY EMERALD FUNDO DE INVESTIMENTO FINANCEIRO EM COTAS DE FUNDOS DE INVESTIMENTO MULTIMERCADO,6564399.86,1,1,0
51191184000155,WL3 FUNDO DE INVESTIMENTO MULTIMERCADO CRÉDITO PRIVADO,6552685.84,1,1,0
48887946000148,JIVE DISTRESSED ORIGIN FIF MULTI CREDITO PRIVADO - RESPONSABILIDADE LIMITADA,6517603.97,2,2,0
44302175000129,ÔMEGA FUNDO DE INVESTIMENTO FINANCEIRO,6508511.68,1,1,0
61541675000132,ADIF FUNDO DE INVESTIMENTO MULTIMERCADO CRÉDITO PRIVADO,6498716.42,1,1,0
61542138000107,JJBA FUNDO DE INVESTIMENTO MULTIMERCADO CRÉDITO PRIVADO,6498716.42,1,1,0
61601992000105,REMU FUNDO DE INVESTIMENTO MULTIMERCADO CRÉDITO PRIVADO,6498716.42,1,1,0
61602721000166,DONE FUNDO DE INVESTIMENTO MULTIMERCADO CRÉDITO PRIVADO,6498716.42,1,1,0
61563670000100,JJF FUNDO DE INVESTIMENTO MULTIMERCADO CRÉDITO PRIVADO,6498716.42,1,1,0
55515189000147,BTG PACTUAL DÍVIDA INFRA CDI MASTER II FUNDO INCENTIVADO DE INVESTIMENTO EM INFRAESTRUTURA RF,6477926.96,1,1,0
61562271000125,LUANJO FUNDO DE INVESTIMENTO  MULTIMERCADO CRÉDITO PRIVADO,6475657.33,1,1,0
62697173000168,VONIXX FUNDO DE INVESTIMENTO EM INFRAESTRUTURA RENDA FIXA,6471828.93,1,0,0
49318748000126,SIMPLEX FUNDO DE INVESTIMENTO EM COTAS DE FUNDOS DE INVESTIMENTO MULTIMERCADO CRÉDITO PRIVADO,6428491.74,1,1,0
63460253000168,BRADESCO VITTA MÁSTER FIF - CLASSE DE INVESTIMENTO RENDA FIXA - CRED PRIV - RESP LIMITADA,6403708.02,14,2,0
37780270000172,PREMIUM INSTITUCIONAL FUNDO DE INVESTIMENTO FINANCEIRO RENDA FIXA,6392654.43,4,0,0
52805381000180,GCB RENDA FIXA 30 CRÉDITO PRIVADO FUNDO DE INVESTIMENTO FINANCEIRO,6384856.29,1,1,0
60454208000102,FORT KNOX LIQUIDEZ FUNDO DE INVESTIMENTO FINANCEIRO MULTIMERCADO,6351972.64,1,1,0
28075007000191,G5 NICTI FIF - CLASSE DE INVESTIMENTO MULTIMERCADO CRÉDITO PRIVADO - RESPONSABILIDADE LIMITADA,6347628.18,8,7,0
62869550000107,SEVEN INCENTIVADO FIF RENDA FIXA INVESTIMENTO EM INFRAESTRUTURA - RESPONSABILIDADE LIMITADA,6313887.99,2,0,0
24069603000108,ROTAS FUNDO DE INVESTIMENTO EM COTAS MULTIMERCADO CRÉDITO PRIVADO,6289103.75,2,1,0
52901864000188,NG FUNDO DE INVESTIMENTO FINANCEIRO EM COTAS DE FUNDOS DE INVESTIMENTO MULTIMERCADO,6283504.699999999,3,1,0
58444240000165,FR CLASSE DE INVESTIMENTO MULTIMERCADO CRÉDITO PRIVADO - RESP LIMITADA,6281934.949999999,3,3,0
39466638000158,STANDORD CAPITAL FUNDO DE INVESTIMENTO MULTIMERCADO,6268746.32,5,3,0
54345278000120,OCCAM ATIVO 30 FIF RENDA FIXA INVEST EM INFRAESTRUTURA CRÉDITO PRIVADO RESPONSABILIDADE LIMITADA,6257264.58,4,1,0
60311027000127,EXPOBAND FUNDO DE INVESTIMENTO FINANCEIRO MULTIMERCADO CRÉDITO PRIVADO INVESTIMENTO NO EXTERIOR,6221669.19,1,1,0
41639146000169,PIXXI PREVIDENCIÁRIO QUALIFICADO FIF MULTIMERCADO CRÉDITO PRIVADO RESP LIMITADA,6214186.38,3,0,0
60600091000128,EROS II FUNDO DE INVESTIMENTO FINANCEIRO MULTIMERCADO CRÉDITO PRIVADO RESPONSABILIDADE LIMITADA,6175902.9799999995,3,1,0
29250127000140,HAGE FUNDO DE INVESTIMENTO FINANCEIRO,6144736.45,12,1,0
55299792000139,EAGLE EYE FIF FUNDO INCENTIVADO EM INVESTIMENTO EM DEB DE INFRA RF CRED PRIV RESP LIMITADA,6125986.01,4,0,0
40209377000170,TRIX FUNDO DE INVESTIMENTO MULTIMERCADO CRÉDITO PRIVADO INVESTIMENTO NO EXTERIOR,6107213.49,1,0,0
60715887000126,PCS II PPE FEEDER BRASIL FUNDO DE INVESTIMENTO FINANCEIRO,6105698.02,1,0,0
42584801000191,MARANTA FUNDO DE INVESTIMENTO FINANCEIRO MULTIMERCADO CRÉDITO PRIVADO,6101516.97,1,1,0
40914501000106,DGF ÜBER ALLES FUNDO DE INVESTIMENTO FINANCEIRO MULTIMERCADO,6032493.3,1,0,0
47102627000117,SIGNAL CAPITAL SPECIAL OPPORTUNITIES ACCESS FI FINANCEIRO EM COTAS DE FI MULTIMERCADO,6007420.64,1,1,0
64540674000161,SANTANDER PB TERRA 95F MULTIMERCADO CRÉDITO PRIVADO - FIF RESP LIMITADA,6000901.27,1,1,0
40226126000101,FIJI FUNDO DE INVESTIMENTO FINANCEIRO MULTIMERCADO CRÉDITO PRIVADO RESPONSABILIDADE LIMITADA,5994988.71,1,0,0
43496588000129,WARREN MULTIGESTORES CRÉDITO ESTRUTURADO FUNDO DE INVESTIMENTO FINANCEIRO,5923701.25,4,0,0
37927502000172,G5 AP 3 FUNDO DE INVESTIMENTO FINANCEIRO MULTIMERCADO,5915648.5,5,5,0
20468793000185,CZZ CLASSE DE INVESTIMENTO MULTIMERCADO  CRÉDITO PRIVADO - RESP LIMITADA,5900991.0,12,0,0
20977224000165,SERENA FI FINANCEIRO - CI MULT CRED PRIV - RESP LIMITADA,5894544.18,4,0,0
58290845000149,G5 FLECHEIRAS 95 FIF - CLASSE DE INVESTIMENTO EM COTAS MULTIMERCADO CRÉDITO PRIVADO,5866941.03,8,3,0
37828802000102,AZURE FI EM COTAS DE FUNDOS DE INVESTIMENTO EM DIREITOS  CREDITÓRIOS - RESPONSABILIDADE LIMITADA,5850578.82,13,13,0
17051205000107,ITAÚ INSTITUCIONAL RENDA FIXA ACTIVE FIX CRÉDITO PRIVADO MASTER FIF RESPONSABILIDADE LIMITADA,5836556.26,1,0,0
12441832000122,MAZAL FUNDO DE INVEST FINANCEIRO EM AÇÕES,5820009.86,6,0,0
33521813000186,TLL FUNDO DE INVESTIMENTO FINANCEIRO - MULTIMERCADO CREDITO PRIVADO RESPONSABILIDADE LIMITADA,5814336.99,9,0,0
15060253000128,QUARTZ DC PLAN FI FINANCEIRO RENDA FIXA PREVIDENCIÁRIO - RESPONSABILIDADE LIMITADA,5803312.59,3,1,0
60647171000139,RIPRESA 95 FUNDO DE INVESTIMENTO FINANCEIRO MULTIMERCADO,5771473.26,1,1,0
21577137000183,NHDP FUNDO DE INVESTIMENTO FINANCEIRO MULTIMERCADO - RESPONSABILIDADE LIMITADA,5770280.53,1,0,0
10848651000190,EXPRESSO I FIF - CLASSE DE INVESTIMENTO EM COTAS DE INVESTIMENTO MULTIMERCADO CP IE RESPONSABILIDADE,5760626.34,4,4,0
55239338000192,VIT PB FUNDO DE INVESTIMENTO FINANCEIRO EM COTAS DE FUNDOS DE INVESTIMENTO MULTIMERCADO,5751379.43,1,0,0
55538903000112,FUNDO DE INVESTIMENTO FINANCEIRO - CI RENDA FIXA INCENTIVADA INVESTIMENTO EM INFRA G5 CYPRESS POINT,5739101.5,8,8,0
51766158000108,ACQUION CAPITAL FUNDO DE INVESTIMENTO MULTIMERCADO CRÉDITO PRIVADO,5726344.45,1,1,0
37011361000143,RIMINI - FUNDO DE INVESTIMENTO MULTIMERCADO CRÉDITO PRIVADO,5725763.61,1,1,0
35001193000180,SAOFRAN MM FUNDO DE INVESTIMENTO FINANCEIRO EM COTAS DE FUNDOS DE INVESTIMENTO MULTIMERCADO,5724706.62,1,1,0
17072641000154,PORTO SEGURO INFLAÇÃO MASTER PREVIDENCIÁRIO FIF RENDA FIXA RESPONSABILIDADE LIMITADA,5707556.41,16,0,0
54467280000171,MURAJUBA 3 FUNDO DE INVESTIMENTO FINANCEIRO MULTIMERCADO CRÉDITO PRIVADO - RESPONSABILIDADE LIMITADA,5706622.49,2,0,0
52736074000194,HOD MULTIPLICA HIGH YIELD II FUNDO DE INVESTIMENTO MULTIMERCADO CRÉDITO PRIVADO IE,5647890.87,1,1,0
04588017000162,COMSHELL WA CLASSE DE INVESTIMENTO RENDA  FIXA - RESP LIMITADA,5631496.63,11,0,0
66830375000197,VINCI CRÉDITO ESTRUTURADO RED FUNDO  DE INVESTIMENTO FINANCEIRO,5631181.6,11,1,0
44417536000182,VIT HIGH YIELD QUALIFICADO FI FINANCEIRO EM COTAS DE FUNDOS DE INVESTIMENTO MULTIMERCADO,5614608.56,3,2,0
37110309000144,VINLAND PREV MASTER FUNDO DE INVESTIMENTO FINANCEIRO RENDA FIXA LONGO PRAZO RESP LIMITADA,5613191.55,2,0,0
49219706000138,JWM CRÉDITO FUNDO DE INVESTIMENTO FINANCEIRO MULTIMERCADO,5607970.4399999995,2,0,0
27696698000188,G5 FUNDO INCENTIVADO DE INVESTIMENTO FINANCEIRO EM INFRAESTRUTURA RENDA FIXA,5594058.16,1,0,0
60449267000192,BOCAINA INFRA DI RENDA MAIS FUNDO INCENTIVADO DE INVESTIMENTO EM INFRAESTRUTURA RF CP RL,5592673.24,2,2,0
60696041000196,AUGME PREV HY FIFE CLASSE DE INVESTIMENTO MULTIMERCADO CRÉDITO PRIVADO - RESP LIMITADA,5552121.01,19,3,0
60497325000153,MAG PREMIUM PLUS FUNDO DE INVESTIMENTO FINANCEIRO RENDA FIXA CRÉDITO PRIVADO - RESP LIMITADA,5503010.63,9,0,0
11212275000105,FUNDO DE INVESTIMENTO MULTIMERCADO CREDITO PRIVADO HUNGRIA,5433806.4,1,1,0
51892732000174,TERRA CAIXA FUNDO DE INVESTIMENTO FINANCEIRO EM RENDA FIXA DE RESPONSABILIDADE LIMITADA,5407251.67,1,1,0
62982207000166,YASHA SHRI FUNDO DE INVESTIMENTO FINANCEIRO MULTIMERCADO,5377538.57,4,1,0
60629171000106,LINEAR FUNDO DE INVESTIMENTO MULTIMERCADO CRÉDITO PRIVADO RESPONSABILIDADE LIMITADA,5363473.85,5,0,0
60906569000142,NOVUS CRÉDITO PREVIDÊNCIA FUNDO DE INVESTIMENTO FINANCEIRO MULTIMERCADO,5346326.88,9,0,0
58863464000101,PRESTIGE PLAYERS FUNDO DE INVESTIMENTO FINANCEIRO MULTIMERCADO,5283460.21,2,0,0
26859578000191,UBS JUQUEHY FUNDO DE INVESTIMENTO FINANCEIRO - MULTIMERCADO RESPONSABILIDADE LIMITADA,5279967.76,1,0,0
58459098000120,G5 MJL FIF - CLASSE DE INVESTIMENTO RF INCENTIVADO DE INVESTIMENTO EM INFRAESTRUTURA - RESP LIMITADA,5279897.43,10,8,0
10362008000151,SANTANDER FLEXÍVEL RENDA FIXA LONGO PRAZO - FIF RESP LIMITADA,5247956.02,6,0,0
19831152000164,BPC POLIURETANO FIF - CLASSE DE INVESTIMENTO MULTIMERCADO - RESP LIMITADA,5235393.7700000005,12,1,0
37255480000141,SÃO JOÃO III FUNDO DE INVESTIMENTO FINANCEIRO EM AÇÕES,5225700.51,1,0,0
15452813000190,UBS PROVENCE ASSETS FUNDO DE INVESTIMENTO FINANCEIRO MULTIMERCADO CREDITO PRIVADO RESP LIMITADA,5216823.32,2,0,0
40194279000106,CAIXA MASTER PLUS FUNDO DE INVESTIMENTO FINANCEIRO RENDA FIXA CRÉDITO PRIVADO LP - RESP LIMITADA,5206000.069999999,6,1,0
58140887000101,G5 MAKTUB II FIF - CI RF INCENTIVADO DE INVESTIMENTO EM INFRA - RESP LIMITADA,5194233.7,3,3,0
50534721000150,DESBRAVA PERFORMANCE FUNDO DE INVESTIMENTO FINANCEIRO,5191338.63,1,0,0
13106998000155,CAPITANIA FIX CREDITO PRIVADO FI FINANCEIRO RENDA FIXA - RESPONSABILIDADE LIMITADA,5182647.63,2,1,0
15357039000138,ALPINIA FI FINANCEIRO - CI MULT CRED PRIV - RESP LIMITADA,5177573.42,3,0,0
56033386000192,PÉGASO95 FUNDO DE INVESTIMENTO EM COTAS DE FUNDO DE INVESTIMENTO FINANCEIRO MULTIMERCADO CRÉDITO PRI,5158269.1,1,1,0
13596279000160,VICTORIA FALLS FI FINANCEIRO - CI MULT CRED PRIV - RESP LIMITADA,5117538.95,3,0,0
49483525000114,UBS DOMUS EI FUNDO DE INVESTIMENTO FINANCEIRO - MULTIMERCADO CRÉDITO PRIVADO RESP LIMITADA,5073825.68,2,0,0
36181984000100,FACT SEED II FUNDO DE INVESTIMENTO FINANCEIRO AÇÕES RESPONSABILIDADE LIMITADA,5070973.16,1,0,0
03567283000146,ALPHA FUNDO DE INVESTIMENTO FINANCEIRO EM COTAS DE FUNDOS DE INVESTIMENTO MULTIMERCADO,5067289.75,5,0,0
67569074000114,VINLAND CRÉDITO PREV P MASTER FIF MULTIMERCADO CRÉDITO PRIVADO RESPONSABILIDADE LIMITADA,5066135.56,16,0,0
35699184000104,G5 MORE BR FUNDO DE INVESTIMENTO FINANCEIRO,5011876.63,5,5,0
66334180000156,ORBITA CAPITAL FUNDO DE INVESTIMENTO FINANCEIRO MULTIMERCADO - RESPONSABILIDADE LIMITADA,4982534.87,1,1,0
28692461000191,VINLAND MACRO PLUS MASTER FUNDO DE INVESTIMENTO FINANCEIRO MULTIMERCADO RESPONSABILIDADE LIMITADA,4981437.87,16,0,0
41776897000127,VERDE AM BRASILPREV QUALIFICADO FIFE FIF MULTIMERCADO RESPONSABILIDADE LIMITADA,4980513.24,25,0,0
65887783000112,TOURBILLON FUNDO DE INVESTIMENTO MULTIMERCADO CREDITO PRIVADO E INVESTIMENTO NO EXTERIOR RESPONSABIL,4957249.58,2,2,0
31894403000155,ALAMEDA PRIME FUNDO DE INVESTIMENTO EM COTAS DE FUNDO DE INVESTIMENTO MULTIMERCADO CREDITO PRIVADO,4954914.57,4,0,0
55667823000167,MBM FUNDO DE INVESTIMENTO FINANCEIRO MULTIMERCADO,4927866.15,3,1,0
12003576000191,AREIAL FUNDO DE INVESTIMENTO FINANCEIRO MULTIMERCADO,4906681.609999999,6,2,0
58674224000169,VINLAND DEBÊNTURE INCENTIVADA S FIF INVESTIMENTO EM INFRA RF CRED PRIV LP RESP LIMITADA,4905508.720000001,3,0,0
62251287000180,ALLOCATION SOSU III FI FINANCEIRO EM COTAS DE FI MULTIMERCADO,4885656.89,1,0,0
44544004000106,ÚNICA CLASSE DE INVESTIMENTO MULTMERCADO CRÉDITO PRIVADO DO GHIA EXTREMO NORTE FUNDO DE INVESTIMENTO,4883731.54,2,0,0
60275544000198,AVGA CAPITAL WM ANGELIM FUNDO DE INVESTIMENTO FINANCEIRO,4872017.04,3,3,0
60184714000129,FUNCEF ESTRATÉGIA CI FUNDO DE INVESTIMENTO FINANCEIRO MULTIMERCADO CRÉDITO PRIVADO - RESP LIMITADA,4862602.58,1,0,0
05922462000180,UBS CONSENSO PÓS FIXADO FIF DE RENDA FIXA CRÉDITO PRIVADO RESPONSABILIDADE LIMITADA,4836342.49,4,0,0
19431221000142,FUNDO DE INVESTIMENTO MULTIMERCADO LEGACY CRÉDITO PRIVADO INVESTIMENTO NO EXTERIOR,4835041.67,1,0,0
61026657000112,TIVIO TOP GESTOR HIGH YIELD FIF - CIC MULTIMERCADO - CRÉDITO PRIVADO - RESPONSABILIDADE LIMITADA,4828191.75,1,1,0
43760546000153,SPARTA PREVIDÊNCIA INFLAÇÃO MASTER FIF RENDA FIXA CRÉDITO PRIVADO - RESPONSABILIDADE LIMITADA,4819015.4799999995,21,0,0
63653243000149,DIAMOND AXIS FUNDO DE INVESTIMENTO FINANCEIRO MULTIMERCADO,4815773.48,6,0,0
45046353000160,PLAGE DE HAAN FI FINANCEIRO - CI MULT CRED PRIV - RESP LIMITADA,4803690.78,5,0,0
49424163000190,FM DAHL FUNDO DE INVESTIMENTO FINANCEIRO MULTIMERCADO CP IE RESP LIMITADA,4802970.07,2,2,0
19833108000193,FUNDO DE INVESTIMENTO BARCELONA RENDA FIXA,4789521.41,1,1,0
44638439000110,DIAMANTE REFERENCIADO DI FUNDO DE INVESTIMENTO EM COTAS DE FUNDOS DE INVESTIMENTO RENDA FIXA,4782387.7,1,1,0
63317717000181,LUMINA OPPORTUNITIES FUNDO DE INVESTIMENTO FINANCEIRO MULTIMERCADO,4771032.1899999995,2,2,0
47728170000150,ARTEMIS FUNDO DE  INVESTIMENTO MULTIMERCADO CRÉDITO PRIVADO RESPONSABILIDADE LIMITADA,4770394.25,2,0,0
31908030000124,SPECTRA LATIN AMERICA PRIVATE EQUITY IV FUNDO DE INVESTIMENTO FINANCEIRO MULTIMERCADO,4758802.78,1,0,0
35915515000104,ARONDIGHT FUNDO DE INVESTIMENTO MULTIMERCADO CRÉDITO PRIVADO INVESTIMENTO NO EXTERIOR,4754613.44,1,0,0
38060123000190,CORTESE FUNDO DE INVESTIMENTO FINANCEIRO,4714421.13,10,1,0
34400351000101,PWM TURMALINA FI FINANCEIRO - CIA - RESP LIMITADA,4712167.8,1,0,0
37569931000115,G5 BEM-TE-VI FUNDO DE INVESTIMENTO FINANCEIRO MULTIMERCADO,4673853.96,6,5,0
63569986000135,MAKENA FUNDO DE INVESTIMENTO MULTIMERCADO CRÉDITO PRIVADO,4671279.28,1,0,0
47794944000141,KRC FUNDO DE INVESTIMENTO FINANCEIRO MULTIMERCADO,4669843.65,7,0,0
11350412000178,AVANTE FIF MULT CRED PRIV RESP LIMITADA,4640171.84,2,0,0
65793919000125,AGIBANK CRÉDITO PRIVADO FUNDO DE INVESTIMENTO FINANCEIRO MULTIMERCADO,4639989.5600000005,6,0,0
27771694000117,ESFERATUR FUNDO DE INVESTIMENTO MULTIMERCADO CRÉDITO PRIVADO,4635511.28,5,0,0
57900951000134,GG CORP FUNDO DE  INVESTIMENTO MULTIMERCADO,4613375.08,1,1,0
55112590000136,BOREAL FUNDO DE  INVESTIMENTO FINANCEIRO RENDA FIXA CRÉDITO PRIVADO  LONGO PRAZO RESP LIMITADA,4596459.91,1,1,0
42562449000193,PTR III FUNDO DE INVESTIMENTO MULTIMERCADO CRÉDITO PRIVADO,4571111.31,1,1,0
47032680000199,UJAY CASH FUNDO DE INVESTIMENTO MULTIMERCADO,4557447.390000001,2,1,0
45019661000105,FICTOR AGRO FUNDO DE INVESTIMENTO MULTIMERCADO CRÉDITO PRIVADO INVESTIMENTO NO EXTERIOR,4545430.5200000005,4,4,0
42774252000118,MONTE BRAVO HIGH GRADE FUNDO DE INVESTIMENTO FINANCEIRO RENDA FIXA,4506579.22,9,0,0
63139150000109,SANTANDER PB AYLEN INVESTIMENTO EM INFRAESTRUTURA RENDA FIXA - FIF RESP LIMITADA,4502323.44,2,2,0
42870959000128,AQUILA 7 CRÉDITO PRIVADO FI FINANCEIRO RENDA FIXA LONGO PRAZO - RESPONSABILIDADE LIMITADA,4498488.1899999995,8,0,0
52221407000142,SPARTA OPPORTUNITY FIF RENDA FIXA CRÉDITO PRIVADO LONGO PRAZO - RESPONSABILIDADE LIMITADA,4478013.25,32,0,0
50553736000165,KALYTERA AVRIO ICATU PREVIDÊNCIA FI EM COTAS DE FUNDOS DE INVESTIMENTO MULTIMERCADO,4474758.58,9,0,0
17344660000192,VENETUS FUNDO DE INVESTIMENTO FINANCEIRO MULTIMERCADO,4466882.48,2,2,0
29259723000191,ITAÚ FLEXPREV HIGH YIELD FIF RF CRED PRIV - RESP LIMITADA,4462709.74,1,0,0
05396707000182,GAAR INTERPID FUNDO DE INVESTIMENTO FINANCEIRO MULTIMERCADO,4440173.1,1,1,0
17093299000179,CAPITAL FUNDO DE INVESTIMENTO FINANCEIRO MULTIMERCADO,4434408.04,3,1,0
26703080000135,PAVILLION FUNDO DE INVESTIMENTO FINANCEIRO MULTIMERCADO,4423436.75,2,0,0
15798437000190,EMERALDS FUNDO DE INVESTIMENTO FINANCEIRO DE AÇÕES,4408247.61,1,0,0
17024032000120,FABRICA FUNDO DE INVESTIMENTO MULTIMERCADO,4382400.28,3,1,0
17214959000122,YAROK FUNDO DE INVESTIMENTO FINANCEIRO - MULTIMERCADO CREDITO PRIVADO RESPONSABILIDADE LIMITADA,4380925.16,5,0,0
15275957000118,G5 ACROPOLIS FUNDO DE INVESTIMENTO FINANCEIRO MULTIMERCADO,4370841.6,1,1,0
45653017000186,G5 AUSTIN FUNDO DE INVESTIMENTO FINANCEIRO MULTIMERCADO,4353536.28,11,10,0
30593140000181,ITAÚ FLEXPREV ACTIVE FIX FIF RF CRÉD PRIV - RESP LIMITADA,4337444.27,1,0,0
22150600000179,FIDUC FI FINANCEIRO - CIC RF CRED PRIV LP - RESP LIMITADA,4331101.36,2,0,0
23722061000168,CSHG COROMANDEL EI FUNDO DE INVESTIMENTO FINANCEIRO - MULTIMERCADO CRÉDITO PRIVADO RESP LIMITADA,4301952.29,4,0,0
51855034000107,LE PRIVILEGE FUNDO DE INVESTIMENTO EM COTAS DE FUNDOS DE INVESTIMENTO RENDA FIXA LONGO PRAZO,4301907.06,1,1,0
37750682000160,G5 MONTREAL FIF - CLASSE DE INVESTIMENTO RF INCENTIVADO DE INVESTIMENTO EM INFRA - RESP LIMITADA,4296357.43,6,6,0
27339287000135,BERLIM FUNDO DE INVESTIMENTO FINANCEIRO MULTIMERCADO INVESTIMENTO NO EXTERIOR,4281909.94,1,1,0
54602844000131,BB NINA INFRA RENDA FIXA FUNDO INCENTIVADO DE INVESTIMENTO FINANCEIRO EM INFRAESTRUTURA RESP LIM,4272453.77,1,0,0
59627860000100,RP + FUNDO DE INVESTIMENTO FINANCEIRO MULTIMERCADO CRÉDITO PRIVADO INVESTIMENTO NO EXTERIOR,4247947.68,2,2,0
51204043000120,BRAIN ALTERNATIVOS I FUNDO DE INVESTIMENTO MULTIMERCADO,4247345.54,2,1,0
28840203000105,HIGH YIELD MASTER FUNDO DE INVESTIMENTO FINANCEIRO MULTIMERCADO CRÉDITO PRIVADO RESP LIMITADA,4241712.93,1,0,0
34012262000198,ASSET BANK II FUNDO DE INVESTIMENTO EM COTAS DE FUNDOS DE INVESTIMENTO MULTIMERCADO CRÉDITO PRIVADO,4239032.31,1,1,0
61862948000140,ORION CREDIT FUNDO DE INVESTIMENTO FINANCEIRO EM COTAS DE FUNDOS DE INVESTIMENTO MULTIMERCADO,4236554.21,1,1,0
43095433000180,CHROMO KERMORVAN FUNDO DE INVESTIMENTO MULTIMERCADO,4228083.2700000005,5,3,0
17247748000196,JADE EXCLUSIVO FUNDO DE INVESTIMENTO FINANCEIRO,4206187.29,8,2,0
60022269000109,OLIVEIRA FUNDO DE INVESTIMENTO MULTIMERCADO CRÉDITO PRIVADO RESPONSABILIDADE LIMITADA,4202074.44,1,1,0
05615541000148,WESTERN ASSET INDEPENDENCE FUNDO DE INVESTIMENTO FINANCEIRO MULTIMERCADO RESPONSABILIDADE LIMITADA,4193316.54,8,0,0
31943951000128,MMCP QI FUNDO DE INVESTIMENTO FINANCEIRO MULTIMERCADO CRÉDITO PRIVADO RESPONSABILIDADE LIMITADA,4190744.56,5,0,0
26344437000136,MONTREAL FI FINANCEIRO - CI MULT CRED PRIV - RESP LIMITADA,4186129.08,3,0,0
55240049000103,GO DO IT FUNDO INCENTIVADO DE INVESTIMENTO FINANCEIRO EM INFRAESTRUTURA RENDA FIXA,4180355.45,3,2,0
64721173000181,AVGA  CAPITAL JACARANDÁ SPECIAL SITUATIONS FI MULTIMERCADO  CRÉDITO PRIVADO RESP LIMITADA,4180051.9400000004,3,3,0
55538070000190,FUNDO DE INVESTIMENTO FINANCEIRO - CI RENDA FIXA INCENTIVADA INVESTIMENTO EM INFRAESTRUTURA ANGORÁ,4157470.59,5,5,0
11301102000163,UBS PALMA FUNDO DE INVESTIMENTO EM COTAS DE FIF  MULTIMERCADO CRÉDITO PRIVADO RESP LIMITADA,4144959.32,2,0,0
47984249000142,SAM 3 FUNDO DE INVESTIMENTO MULTIMERCADO CRÉDITO PRIVADO RESPONSABILIDADE LIMITADA,4125739.21,1,1,0
53019258000104,G5 MÔNACO II CLASSE DE INVESTIMENTO EM AÇÕES,4113984.25,2,2,0
18812294000111,PORTUM FUNDO DE INVESTIMENTO MULTIMERCADO CRÉDITO PRIVADO,4109101.8,1,1,0
60832028000117,TABARAK FUNDO DE INVESTIMENTO FINANCEIRO MULTIMERCADO CRÉDITO PRIVADO,4105236.7,1,0,0
38090040000144,LONDRES FIF DA CLASSE DE INVESTIMENTO EM COTAS MULTIMERCADO CRÉDITO PRIVADO - RESP LIMITADA,4104608.65,1,0,0
56154549000195,FUNDO DE INVESTIMENTO FINANCEIRO - CI RENDA FIXA INCENTIVADO INVESTIMENTO EM INFRAESTRUTURA G5 TOKYO,4102331.28,5,5,0
41837614000100,G5 MAKTUB QUALIFICADO PREVIDENCIÁRIO FIF - CI MULTIMERCADO CRED PRIV - RESP LIMITADA,4086689.51,5,2,0
20701569000191,ESCORPIÃO FI FINANCEIRO - CI MULT CRED PRIV - RESP LIMITADA,4077500.37,3,0,0
58521484000102,FUNDO DE INVESTIMENTO MULTIMERCADO PINOT NOIR 95,4075069.7199999997,2,1,0
60695610000189,JIVE SOUL GOVERNANCE FIF RENDA FIXA CRÉDITO PRIVADO - RESPONSABILIDADE LIMITADA,4067668.1799999997,5,1,0
39354775000109,TFO SP9 CLASSE DE INVESTIMENTO  MULTIMERCADO CRÉDITO PRIVADO - RESP LIMITADA,4052500.57,1,0,0
08927553000104,ZION FIF DA CLASSE DE INVESTIMENTO EM COTAS MULTIMERCADO CRÉDITO PRIVADO RESP LIMITADA,4051544.34,1,0,0
47443993000130,G5 GARANTIDOR SEMPRE BEM FUNDO DE INVESTIMENTO FINANCEIRO MULTIMERCADO,4044573.8,2,2,0
36918451000150,FC FUNDO DE INVESTIMENTO FINANCEIRO MULTIMERCADO EAST CAPITAL AKRK CRÉDITO PRIVADO LONGO PRAZO,4029971.7199999997,4,0,0
60867697000124,PALAU FUNDO DE INVESTIMENTO FINANCEIRO RENDA FIXA INVESTIMENTO EM INFRAESTRUTURA,4020314.67,2,1,0
13547613000195,G5 MAKTUB FIF MULTIMERCADO CRÉDITO PRIVADO - RESP LIMITADA,4016017.76,2,2,0
26498249000162,CAPITÂNIA PREVIDENCE ADVISORY ICATU FIF RENDA FIXA CRÉDITO PRIVADO RESPONSABILIDADE LTDA,4009117.88,2,0,0
29992900000144,LAS LOMAS FUNDO  DE INVESTIMENTO FINANCEIRO,3991938.95,4,4,0
42922066000189,HORIZONTE I FUNDO DE INVESTIMENTO FINANCEIRO MULTIMERCADO CRÉDITO PRIVADO DE RESP LIMITADA,3981676.71,4,0,0
41866190000101,ENZO FUNDO DE INVESTIMENTO FINANCEIRO MULTIMERCADO CRÉDITO PRIVADO - RESPONSABILIDADE LIMITADA,3973198.3200000003,3,0,0
45383950000180,G5 CANITHIZE FIF - CLASSE DE INVESTIMENTO MULTIMERCADO CRÉDITO PRIVADO - RESPONSABILIDADE LIMITADA,3969949.2199999997,8,7,0
36165574000167,PITANGA FIF MULT CRED PRIV - RESP LIMITADA,3966281.15,1,0,0
51492762000193,G5 ALLOCATION FIF EM COTAS DE FUNDOS INCENTIVADOS DE INVESTIMENTO EM INFRAESTRUTURA CDI RENDA FIXA,3957206.12,1,0,0
60808027000137,ARX VINSON T MASTER FIF RENDA FIXA CRÉDITO PRIVADO - RESPONSABILIDADE LIMITADA,3953677.84,54,0,0
19657463000159,XP DEB INCENT IMAB CRÉD PRIV FUNDO INCENTIVADO DE INV FINANCEIRO EM INFRA RENDA FIXA - RESP LTDA,3920176.12,1,1,0
23872444000112,NAVITIMER FUNDO DE INVESTIMENTO FINANCEIRO MULTIMERCADO CRÉDITO PRIVADO,3917322.1500000004,3,0,0
57512910000170,MAG PREV HIGH GRADE FIF RENDA FIXA CRÉDITO PRIVADO - RESPONSABILIDADE LIMITADA,3907768.84,7,0,0
41423770000124,TURQUESA ICATU PREVIDENCIÁRIO QUALIFICADO FIF - CI MULT CRED PRIV - RESP LIMITADA,3890541.0799999996,5,0,0
58806888000134,VALORA MASTER FI FINANCEIRO RENDA FIXA INVESTIMENTO EM INFRAESTRUTURA RESPONSABILIDADE LIMITADA,3881679.1,4,0,0
63979310000110,LUGANO A FUNDO DE INVESTIMENTO FINANCEIRO MULTIMERCADO CRÉDITO PRIVADO RESPONSABILIDADE LIMITADA,3859972.04,2,0,0
14237171000143,ACE FIF MULTIMERCADO CRÉDITO PRIVADO INVESTIMENTO NO EXTERIOR RESPONSABILIDADE LIMITADA,3844660.21,1,0,0
62603317000170,A1 II FUNDO DE INVESTIMENTO FINANCEIRO RENDA FIXA CRÉDITO PRIVADO LONGO PRAZO RESP LIMITADA,3840237.89,10,0,0
20701585000184,POEME FUNDO DE INVESTIMENTO FINANCEIRO MULTIMERCADO CRÉDITO PRIVADO,3824497.55,3,0,0
54384507000115,G5 FI3B EQUITIES FIF - CLASSE DE INVESTIMENTO MULTIMERCADO CRÉDITO PRIVADO - RESP LIMITADA,3823041.4000000004,3,3,0
41907862000180,ITAÚ INSTITUCIONAL INFLAÇÃO MULTESTRATÉGIA MULTIMERCADO FIF - RESP LIMITADA,3822393.34,16,0,0
17339084000195,WESTERN ASSET TROPICAL FI FINANCEIRO - CI RF - RESP LIMITADA,3808434.09,15,1,0
39488674000112,ZEUS CLASSE DE INVESTIMENTO MULTIMERCADO - RESP LIMITADA,3802976.12,11,0,0
08537800000158,SANTANDER PB CANOE MULTIMERCADO CRÉDITO PRIVADO - FUNDO DE  INVESTIMENTO FINANCEIRO,3792134.09,1,1,0
56690945000137,VG FUNDO DE INVESTIMENTO EM INFRAESTRUTURA RENDA FIXA,3753418.37,3,0,0
31908005000140,G5 SHLIMS FUNDO INCENTIVADO DE INVESTIMENTO FINANCEIRO EM INFRAESTRUTURA  RENDA FIXA,3740426.99,6,4,0
31006605000113,ISABEL FUNDO DE INVESTIMENTO FINANCEIRO EM COTAS DE FUNDOS DE INVESTIMENTO MULTIMERCADO,3730327.37,1,1,0
56048626000122,UBS HIKE I FUNDO DE INVESTIMENTO FINANCEIRO MULTIMERCADO CRÉDITO PRIVADO RESPONSABILIDADE LIMITADA,3689160.52,2,0,0
23731475000153,UBS FANRONG FUNDO DE INVESTIMENTO FINANCEIRO - MULTIMERCADO CRÉDITO PRIVADO RESP LIMITADA,3689160.52,2,0,0
06866874000102,RUVEN EI FUNDO DE INVESTIMENTO FINANCEIRO - MULTIMERCADO CRÉDITO PRIVADO RESPONSABILIDADE LIMITADA,3685334.59,5,0,0
61086379000199,RBW FUNDO DE INVESTIMENTO MULTIMERCADO,3682406.42,1,1,0
15044971000100,ONIX DC PLAN FUNDO DE INVESTIMENTO FINANCEIRO RENDA FIXA PREVIDENCIÁRIO - RESPONSABILIDADE LIMITADA,3668633.7299999995,4,0,0
39774521000131,G5 JRZ FI FINANCEIRO - CI MULT CRED PRIV - RESP LIMITADA,3661620.5300000003,3,3,0
23682492000148,BRISA II CLASSE DE INVESTIMENTO  MULTIMERCADO CRÉDITO PRIVADO - RESP LIMITADA,3649410.91,2,0,0
41969324000110,CARAVELA FIF MULTIMERCADO CRÉDITO PRIVADO INVESTIMENTO NO EXTERIOR RESPONSABILIDADE LIMITADA,3606623.44,1,0,0
21321600000121,BRADESCO BRFPREV FIF CLASSE DE INVESTIMENTO RENDA FIXA CRÉDITO PRIVADO - RESPONSABILIDADE LIMITADA,3605916.4699999997,5,0,0
55895324000127,FUNDO DE INVESTIMENTO FINANCEIRO - CI RENDA FIXA INCENTIVADO INVESTIMENTO EM INFRAESTRUTURA G5 HGF,3600451.18,4,4,0
14284747000123,PWM CHALLENGER RT FUNDO DE INVESTIMENTO FINANCEIRO MULTIMERCADO CRÉDITO PRIVADO - RESP LIMITADA,3578344.2800000003,2,0,0
10841486000144,MYBS FUNDO DE INVESTIMENTO FINANCEIRO EM COTAS DE FUNDOS DE INVESTIMENTO MULTIMERCADO,3566840.7,4,0,0
32158821000147,G5 SUNSET FUNDO DE INVESTIMENTO FINANCEIRO MULTIMERCADO,3565503.73,5,5,0
60232226000140,SYMA FUNDO DE  INVESTIMENTO FINANCEIRO MULTIMERCADO - RESPONSABILIDADE LIMITADA,3555557.49,1,1,0
38537664000167,TEAM R FUNDO DE INVESTIMENTO FINANCEIRO MULTIMERCADO,3553947.02,9,1,0
64851688000104,BNVT SIGNATURE 95 FUNDO DE INVESTIMENTO MULTIMERCADO,3549914.82,2,0,0
13703693000120,UBS 931 EI FUNDO DE INVESTIMENTO EM COTAS DE FIF - MULTIMERCADO CREDITO PRIVADO RESP LIMITADA,3517150.9,1,0,0
37368078000173,ARX ELBRUS PRO MASTER FUNDO INCENTIVADO DE INVESTIMENTO FINANCEIRO EM INFRA RENDA FIXA - RESP LTDA,3514329.55,3,0,0
51223898000106,DOLCE BORGO FIF MULTIMERCADO CRÉDITO PRIVADO - RESPONSABILIDADE LIMITADA,3497721.21,3,0,0
44903727000154,LOCUS FUNDO DE INVESTIMENTO FINANCEIRO,3489024.08,2,0,0
28787644000190,DOURADO FIC DE FIM CRÉDITO PRIVADO INVESTIMENTO NO EXTERIOR - RESPONSABILIDADE LIMITADA,3484572.1,1,1,0
31660314000144,R3 FUNDO DE INVESTIMENTO FINANCEIRO EM COTAS DE FUNDOS DE INVESTIMENTO MULTIMERCADO,3477060.7,1,1,0
28080458000117,SIRIUS III FUNDO DE INVESTIMENTO FINANCEIRO MULTIMERCADO CRÉDITO PRIVADO - RESPONSABILIDADE LIMITADA,3464683.0,1,0,0
54679697000106,VERDE AM TAU MASTER FUNDO DE INVESTIMENTO FINANCEIRO MULTIMERCADO CRÉDITO PRIVADO - RESP LIMITADA,3463425.0100000002,2,0,0
43165151000102,SALUS FUNDO DE INVESTIMENTO MULTIMERCADO CRÉDITO PRIVADO INVESTIMENTO NO EXTERIOR,3462567.9099999997,2,0,0
46641741000152,KP CP 120 FIF- CL DE INVESTIMENTO EM COTAS DE CL DE INVESTIMENTO MULTIMERCADO CP - RESP LIMITADA,3443333.2,3,3,0
54978659000146,TAG MANAGERS FUNDO DE INVESTIMENTO FINANCEIRO,3440720.84,1,0,0
51017442000181,051 CHIMERA FEEDER FUNDO DE INVESTIMENTO FINANCEIRO EM COTAS DE FUNDO DE INVESTIMENTO MULTIMERCADO,3440012.72,1,1,0
04786966000157,DUCAPE CLASSE DE INVESTIMENTO MULTIMERCADO CRÉDITO PRIVADO - RESPONSABILIDADE LIMITADA,3438992.58,14,3,0
49557691000118,RED RIVER FUNDO DE INVESTIMENTO MULTIMERCADO CRÉDITO PRIVADO,3434302.27,1,1,0
39913591000123,PATURYX FUNDO DE INVESTIMENTO FINANCEIRO MULTIMERCADO,3429709.64,5,2,0
27880083000107,METRUS 1 FI FINANCEIRO - CI RF CRED PRIV - RESP LIMITADA,3410756.7399999998,4,2,0
48983269000161,G5 COSTA AZUL FUNDO DE INVESTIMENTO FINANCEIRO MULTIMERCADO,3408262.09,5,4,0
56915716000173,G5 POCITOS FUNDO DE INVESTIMENTO FINANCEIRO - CLASSE DE INVESTIMENTO MULTIMERCADO CRÉDITO PRIVADO,3398596.62,1,0,0
55312485000140,LOLO FUNDO DE INVESTIMENTO FINANCEIRO,3377278.24,2,0,0
33611046000104,BB MULTIMERCADO MULTIGESTOR ALPHA PRIVATE FIC FIF RESPONSABILIDADE LIMITADA,3365262.04,1,0,0
43596888000180,CONTEA CAPITAL VALADIER FUNDO DE INVESTIMENTO FINANCEIRO,3353145.14,5,1,0
34309530000138,ISCHIA ESTRUTURADO FUNDO DE INVESTIMENTO MULTIMERCADO CRÉDITO PRIVADO,3339649.08,2,0,0
55141284000128,AUGME PRO IV CLASSE DE INVESTIMENTO MULTIMERCADO CRÉDITO PRIVADO,3331500.69,23,7,0
50357861000108,GRÃO CIC DE CLASSE DE INVESTIMENTO RENDA FIXA CRÉDITO PRIVADO - RESP LIMITADA,3316508.9,9,0,0
44360271000123,EVEREST FUNDO DE INVESTIMENTO FINANCEIRO MULTIMERCADO,3314058.8899999997,4,0,0
53304525000187,OCCAM MACRO FUNDO DE INVESTIMENTO FINANCEIRO MULTIMERCADO - RESPONSABILIDADE LIMITADA,3308830.84,14,1,0
59823495000100,JACAREZINHO FUNDO DE INVESTIMENTO FINANCEIRO MULTIMERCADO,3296085.64,1,1,0
49598896000141,AUGME CLASSE DE INVESTIMENTO RENDA FIXA INCENTIVADO EM INFRAESTRUTURA - RESP LIMITADA,3295681.79,14,4,0
26622818000130,PEL CLASSE DE INVESTIMENTO MULTIMERCADO CRÉDITO PRIVADO - RESP LIMITADA,3277337.6100000003,4,3,0
36517830000138,KANASTRO FIF - CLASSE DE INVESTIMENTO MULTIMERCADO CRÉDITO PRIVADO,3273153.31,5,5,0
37008673000106,GALAPAGOS PELICAN INSTITUCIONAL FUNDO DE INVESTIMENTO FINANCEIRO RENDA FIXA,3254336.7,6,0,0
29733757000176,JWM INFLAÇÃO FUNDO DE INVESTIMENTO FINANCEIRO MULTIMERCADO,3253680.75,1,0,0
48947935000106,JATAÍ PREVIDENCIÁRIO FIF - CLASSE DE INVESTIMENTO MULT - RESP LIMITADA,3238868.17,3,0,0
23340019000182,1569 FUNDO DE INVESTIMENTO FINANCEIRO MULTIMERCADO,3228256.05,1,0,0
30642083000183,SPECTRA PARTNERS FUNDO DE INVESTIMENTO FINANCEIRO,3211261.97,1,1,0
35001591000104,G5 ALMAJUTUR FUNDO DE INVESTIMENTO FINANCEIRO MULTIMERCADO,3211169.26,5,5,0
61070128000116,RMF FUNDO DE INVESTIMENTO EM COTAS FUNDO DE INVESTIMENTO MULTIMERCADO,3202456.42,1,1,0
58284253000114,G5 JERICOACOARA FIF - CLASSE DE INVESTIMENTO EM COTAS MULTIMERCADO CRÉDITO PRIVADO,3189859.01,2,0,0
38527272000117,G5 ALLOCATION PREV - CRÉDITO FI FINANCEIRO - CI MULT CRED PRIV - RESP LIMITADA,3189715.2700000005,2,2,0
14113348000108,PHISIQ QI GRAND SLAM FUNDO DE INVESTIMENTO FINANCEIRO MULTIMERCADO CRÉDITO PRIVADO RESP LIMITADA,3176575.5,2,0,0
38150783000162,G5 LELIFA FUNDO DE INVESTIMENTO FINANCEIRO MULTIMERCADO,3151927.55,1,1,0
59587336000145,A1 INCENTIVADO FIF FUNDO INCENTIVADO EM INVESTIMENTO EM DEB DE INFRA RF CRÉD PRIV RESP LIMITADA,3128143.04,6,0,0
28951331000126,UBS 392 P FUNDO DE INVESTIMENTO FINANCEIRO - MULTIMERCADO CRÉDITO PRIVADO RESPONSABILIDADE LIMITADA,3114880.85,2,0,0
55911650000180,JLS INFRA FIF - CLASSE DE INVESTIMENTO INCENTIVADO DE INVESTIMENTO EM INFRA RF CRÉDITO PRIVADO,3109937.36,2,2,0
55539367000170,FUNDO DE INVESTIMENTO FINANCEIRO - CI RENDA FIXA INCENTIVADO INVESTIMENTO EM INFRAESTRUTURA G5 EXEC,3089917.5700000003,2,2,0
40226140000105,BRAIN DANDECO FI FINANCEIRO - CI MULT CRED PRIV - RESP LIMITADA,3073658.22,2,0,0
10787177000133,ALTANA FIF - CLASSE DE INVESTIMENTO MULTIMERCADO CRED PRIV - RESP LIMITADA,3041175.62,3,0,0
35813170000170,FM FAM FUNDO DE INVESTIMENTO MULTIMERCADO CRÉDITO PRIVADO,3030185.26,2,0,0
19424677000185,VERUM FUNDO DE INVESTIMENTO  MULTIMERCADO CRÉDITO PRIVADO,3029669.61,1,1,0
53077291000182,ANDBANK DANTEPREV QUALIFICADO FIE ICATU FIF - CLASSE DE INVESTIMENTO RF CRED PRIV - RESP LIMITADA,2998728.56,1,0,0
50122424000105,G5 FLORENÇA FUNDO DE INVESTIMENTO FINANCEIRO MULTIMERCADO,2998135.3,9,8,0
31008496000173,MARIA FLOR FUNDO DE INVESTIMENTO FINANCEIRO MULTIMERCADO CRÉDITO PRIVADO RESPONSABILIDADE LIMITADA,2996722.06,1,0,0
49894184000170,G5 FLORENÇA II FUNDO DE INVESTIMENTO FINANCEIRO MULTIMERCADO,2996718.35,9,8,0
46079574000106,GRAJUBA FUNDO DE INVESTIMENTO FINANCEIRO MULTIMERCADO CRÉDITO PRIVADO,2981193.16,2,1,0
29722489000197,G5 EVOLVE FIF - CLASSE DE INVESTIMENTO MULTIMERCADO CRÉDITO PRIVADO - RESPONSABILIDADE LIMITADA,2979416.69,5,5,0
51041048000189,TRF CLASSE DE INVESTIMENTO MULTIMERCADO  CRÉDITO PRIVADO - RESP LIMITADA,2976089.39,2,0,0
44109989000141,ACUERE QUALIFICADO ICATU FI FINANCEIRO - CI MULT CRED PRIV - RESP LIMITADA,2969214.43,2,0,0
03960320000181,UNIMED RF 100 C EM FUNDO DE INVESTIMENTO FINANCEIRO RENDA FIXA RESPONSABILIDADE LIMITADA,2965387.34,2,0,0
27500563000103,UMBRELLA FUNDO DE INVESTIMENTO MULTIMERCADO CRÉDITO PRIVADO,2955937.45,1,1,0
24413868000181,FIDUC FIF - CLASSE DE INVESTIMENTO EM COTAS MULTIMERCADO CRÉDITO PRIVADO - RESPONSABILIDADE LIMITADA,2937428.12,1,0,0
45175136000170,BB FEI FUNDO DE INVESTIMENTO FINANCEIRO MULTIMERCADO CRÉDITO PRIVADO LONGO PRAZO RESP LIMITADA,2883906.3,1,0,0
55333172000179,POTI BANK FUNDO DE INVESTIMENTO FINANCEIRO MULTIMERCADO,2875742.31,1,1,0
17094106000102,OSHER FUNDO DE INVESTIMENTO FINANCEIRO - MULTIMERCADO RESPONSABILIDADE LIMITADA,2862069.5700000003,3,2,0
54441552000164,TDC CLASSE DE INVESTIMENTO MULTIMERCADO CRÉDITO PRIVADO - RESP LIMITADA,2856314.33,1,0,0
56321253000111,FUNDO DE INVESTIMENTO FINANCEIRO - CI RENDA FIXA INCENTIVADO INVESTIMENTO INFRAESTRUTURA G5 STARGATE,2843629.32,1,1,0
55633981000104,QI RM95 FUNDO DE INVESTIMENTO EM COTAS DE FUNDO DE INVESTIMENTO FINANCEIRO MULTIMERCADO CRED. PRIV.,2839049.51,1,1,0
54979157000130,FUNDO DE INVESTIMENTO FINANCEIRO CI RENDA FIXA INCENTIVADA INVESTIMENTO EM INFRAESTRUTURA G5 MODENA,2832882.34,5,5,0
42777313000109,VERDE AM BTG PREV FIFE MASTER FUNDO DE INVESTIMENTO FINANCEIRO MULTIMERCADO RESP LIMITADA,2826042.21,25,0,0
54227728000180,ITAÚ SINFONIA ALL FUNDO DE INVESTIMENTO FINANCEIRO MULTIMERCADO CRÉD PRIV - RESP LIMITADA,2821019.17,1,0,0
58511038000109,FOCO FUNDO DE INVESTIMENTO FINANCEIRO MULTIMERCADO,2816551.78,1,1,0
58511134000157,MIDAS FUNDO DE INVESTIMENTO FINANCEIRO MULTIMERCADO,2816551.78,1,1,0
58510997000100,ALVO FUNDO DE INVESTIMENTO FINANCEIRO MULTIMERCADO,2816551.78,1,1,0
22345286000180,UBS BORBOREMA EI FUNDO DE INVESTIMENTO FINANCEIRO - MULTIMERCADO CREDITO PRIVADO RESP LIMITADA,2810074.0,1,0,0
51075995000190,AUGME VINTAGE I CLASSE DE INVESTIMENTO  RENDA FIXA CRÉDITO PRIVADO - RESP LIMITADA,2793752.41,8,1,0
16524590000191,BICADU FIF MULTIMERCADO INVESTIMENTO NO EXTERIOR - RESPONSABILIDADE LIMITADA,2774243.2300000004,3,0,0
50716504000180,REDLAND CLASSE DE INVESTIMENTO  MULTIMERCADO CRÉDITO PRIVADO - RESP LIMITADA,2770359.09,6,1,0
13596496000150,PALMARES CLASSE DE INVESTIMENTO MULTIMERCADO CRÉDITO PRIVADO,2763738.29,3,0,0
58062253000170,QI T2.0 FUNDO DE INVESTIMENTO FINANCEIRO MULTIMERCADO CRÉDITO PRIVADO,2757959.13,1,0,0
54776949000107,JAFFA 95 FUNDO DE INVESTIMENTO FINANCEIRO EM COTAS DE FUNDOS  DE INVESTIMENTO MULTIMERCADO,2744546.25,1,1,0
41707375000173,SERVTEC POWER FUNDO DE INVESTIMENTO FINANCEIRO MULTIMERCADO,2733056.39,1,0,0
49946129000186,SANTANDER PB EVORA II MULTIMERCADO CRÉDITO PRIVADO - CIC FUNDO DE INVESTIMENTO FINANCEIRO,2727414.91,3,2,0
52134217000198,SANTANDER PB EVORA III MULTIMERCADO CRÉDITO PRIVADO - CIC FUNDO DE INVESTIMENTO FINANCEIRO,2727414.61,3,2,0
55199146000108,MAR EQUITIES FUNDO DE INVESTIMENTO FINANCEIRO EM AÇÕES,2657935.04,1,0,0
65315503000100,YARDS JUROS E MOEDAS FUNDO DE INVESTIMENTO FINANCEIRO MULTIMERCADO - RESPONSABILIDADE LIMITADA,2657286.05,3,1,0
64820042000151,G5 PITAGORAS II FUNDO DE INVESTIMENTO INCENTIVADO EM INFRAESTRUTURA RENDA FIXA,2653281.45,3,2,0
28036828000119,UBS 1122P FUNDO DE INVESTIMENTO FINANCEIRO - MULTIMERCADO CREDITO PRIVADO RESPONSABILIDADE LIMITADA,2642702.82,1,0,0
52479263000129,CASH D-30 FUNDO DE INVESTIMENTO FINANCEIRO,2627898.27,1,1,0
39895582000157,G5 LE MANS FI FINANCEIRO - CI MULT CRED PRIV - RESP LIMITADA,2602236.69,7,7,0
54713571000100,PORTO VANTAGE FUNDO DE INVESTIMENTO RENDA FIXA PREVIDENCIARIO,2599378.11,26,3,0
04906948000161,BEETLE II FIF - CLASSE DE INVESTIMENTO RF PREVIDENCIÁRIO - RESP LIMITADA,2598585.62,6,0,0
65532044000108,J3&S FUNDO DE INVESTIMENTO EM COTAS DE FUNDOS DE INVESTIMENTO MULTIMERCADO CRÉDITO PRIVADO,2597848.33,1,1,0
65534473000114,BRP FUNDO DE INVESTIMENTO EM COTAS DE FUNDOS DE INVESTIMENTO MULTIMERCADO CRÉDITO  PRIVADO,2588855.45,1,1,0
34270957000170,M MODERADO FUNDO DE INVESTIMENTO EM COTAS DE FUNDOS DE INVESTIMENTO MULTIMERCADO CRÉDITO PRIVADO,2588509.93,1,1,0
08759915000197,DELFOS FUNDO DE INVESTIMENTO FINANCEIRO MULTIMERCADO CRÉDITO PRIVADO RESPONSABILIDADE LIMITADA,2578889.56,2,0,0
21646718000120,PORTOFINO FIF MULT CRÉD PRIV - RESP LIMITADA,2555185.7199999997,3,0,0
40023576000199,GBZ FUNDO DE INVESTIMENTO FINANCEIRO MULTIMERCADO - RESPONSABILIDADE LIMITADA,2553387.54,3,1,0
05480353000150,HCN FUNDO DE INVESTIMENTO FINANCEIRO MULTIMERCADO,2545089.9800000004,4,0,0
24769058000162,TG LIQUIDEZ I FUNDO DE INVESTIMENTO RENDA FIXA,2544310.9000000004,2,0,0
46391625000122,G5 EVIMERÍA FUNDO DE INVESTIMENTO FINANCEIRO MULTIMERCADO,2492541.25,9,7,0
59357502000117,JW1 JGP CRÉDITO FUNDO DE INVEST FINANCEIRO MULTIMERCADO CRÉDITO PRIVADO - RESPONSABILIDADE LIMITADA,2454540.9899999998,4,0,0
65888766000108,CAPITÂNIA INFRA 30 CDI FI FINANCEIRO RENDA FIXA INVESTIMENTO EM INFRAESTRUTURA - RESP LIMITADA,2444932.39,11,0,0
53276084000157,OPI FIFE PREVIDÊNCIA FUNDO DE INVESTIMENTO RENDA FIXA,2425900.2,4,0,0
51572183000150,ARAUCARIA FIF FUNDO INCENTIVADO EM INVESTIMENTO EM DEBÊNTURES DE INFRA RF CRED PRIV RESP LIMITADA,2418654.5,1,0,0
44814850000107,SURYA ESTRUTURADO FUNDO DE INVESTIMENTO MULTIMERCADO CRÉDITO PRIVADO,2415324.41,1,1,0
03998735000144,MAX FUNDO DE INVESTIMENTO FINANCEIRO MULTIMERCADO,2414862.7399999998,2,0,0
05314811000180,MARUPÁ FI FINANCEIRO - CI RF CRED PRIV - RESP LIMITADA,2406324.7199999997,2,2,0
01591605000167,SANTANDER INSTITUCIONAL RENDA FIXA REF DI - FIF RESP LIMITADA,2403453.09,1,0,0
53180560000131,BB AFAM INFRA RF FUNDO INCENTIVADO DE INVESTIMENTO FINANCEIRO EM INFRAESTRUTURA RESP LIMITADA,2403255.25,1,0,0
44315944000123,BB AFAM CAPITAL II FUNDO DE INVESTIMENTO FINANCEIRO MULTIMERCADO CRÉDITO PRIVADO LONGO PRAZO,2403255.25,1,0,0
28321288000115,G5 TRITON FUNDO DE INVESTIMENTO FINANCEIRO MULTIMERCADO CRÉDITO PRIVADO,2400884.12,5,5,0
30506088000189,AZALEIA FUNDO DE INVESTIMENTO FINANCEIRO MULTIMERCADO CRÉDITO PRIVADO,2399051.38,2,1,0
58511089000130,LINCE FUNDO DE INVESTIMENTO FINANCEIRO MULTIMERCADO,2379986.25,1,1,0
16728475000139,DAYTONA FI FINANCEIRO - CI MULT CRED PRIV - RESP LIMITADA,2377252.2800000003,2,0,0
09613212000119,BOSCH BRASIL VII PREVIDENCIÁRIO FUNDO DE INVESTIMENTO FINANCEIRO RENDA FIXA RESP LIMITADA,2366593.86,8,0,0
55466133000140,MJ FUNDO DE INVESTIMENTO MULTIMERCADO INVESTIMENTO NO EXTERIOR CRÉDITO PRIVADO,2362831.27,2,2,0
61520265000105,G5 GRANDE PRAIRIE FUNDO DE INVESTIMENTO FINANCEIRO - CLASSE DE RENDA FIXA INFRA - RESP LIMITADA,2360379.18,5,5,0
41574762000189,G5 F ITAMINAS MINÉRIOS FUNDO DE INVESTIMENTO FINANCEIRO MULTIMERCADO,2353652.86,1,1,0
13294631000102,BRAIN RAINBOW FI FINANCEIRO - CI MULT CRED PRIV - RESP LIMITADA,2346590.55,4,0,0
43984800000105,BUZZLYEAR FUNDO DE INVESTIMENTO FINANCEIRO MULTIMERCADO,2327624.87,7,1,0
13049654000151,SAFIRA I FUNDO DE INVESTIMENTO FINANCEIRO - MULTIMERCADO CRÉDITO PRIVADO RESPONSABILIDADE LIMITADA,2286616.87,2,0,0
61272108000128,DRYS SHELTER TOP 30 MASTER FIF RENDA FIXA CRÉDITO PRIVADO LONGO PRAZO - RESPONSABILIDADE LIMITADA,2278840.21,5,0,0
54976744000175,S24 FUNDO INCENTIVADO DE INVESTIMENTO EM INFRAESTRUTURA RENDA FIXA,2271040.49,2,0,0
57581872000108,AURIN INVEST FUNDO DE INVESTIMENTO EM COTAS DE FUNDOS DE INVESTIMENTO MULTIMERCADO CP - RESP. LTDA.,2255222.63,1,1,0
52286822000184,CLASSE ÚNICA DE COTAS DO CVPAR AUTEM LIQUIDEZ FIF EM COTAS DE FIM - CRÉDITO PRIVADO RESP LIMITADA,2247738.64,2,2,0
46893380000131,FIGURATI FUNDO DE INVESTIMENTO EM COTAS DE FUNDO DE INVESTIMENTO MULTIMERCADO CRÉDITO PRIVADO,2244400.31,1,1,0
55142314000110,CAPITANIA CARTEIRA CRA FI FINANCEIRO RENDA FIXA CREDITO PRIVADO RESPONSABILIDADE LIMITADA,2237158.13,1,0,0
11502039000123,DONOSTIA FIF MULTIMERCADO CRED PRIVADO INVESTIMENTO NO EXTERIOR RESPONSABILIDADE LIMITADA,2225974.84,2,0,0
26143135000108,G5 POLARIS PREV ICATU QUALIFICADO FIF - CLASSE DE INVESTIMENTO MULT CRED PRIV - RESP LIMITADA,2209378.18,5,1,0
37287572000103,LA PLATA FUNDO DE INVESTIMENTO FINANCEIRO EM COTAS DE FUNDOS DE INVESTIMENTO MULTIMERCADO,2208136.22,3,2,0
63073919000125,BRADESCO DANA FIF - CLASSE DE INVESTIMENTO MULTIMERCADO CRÉDITO PRIVADO - RESPONSABILIDADE LIMITADA,2206038.56,14,2,0
50514026000126,PEXA FUNDO DE INVESTIMENTO EM AÇÕES,2204123.24,1,0,0
61843171000177,G5 FLAMINGO FIF - CLASSE DE INVESTIMENTO RF INCENTIVADO DE INVESTIMENTO EM INFRA - RESP LIMITADA,2192513.09,1,1,0
40886133000121,G5 TOKYO FUNDO DE INVESTIMENTO FINANCEIRO - CLASSE DE INVESTIMENTO MULTIMERCADO CRÉDITO PRIVADO,2172189.17,6,5,0
06871833000104,BNP PARIBAS SAUVIGNON CLASSE DE  INVESTIMENTO MULTIMERCADO - RESPONSABILIDADE  LIMITADA,2170330.9,4,0,0
10201821000140,ETNA FI FINANCEIRO - CI MULT CRED PRIV - RESP LIMITADA,2161829.4,1,0,0
17139709000175,G5 ORION FUNDO DE INVESTIMENTO FINANCEIRO MULTIMERCADO,2160897.82,1,1,0
03099639000164,ATHENA I FUNDO DE INVESTIMENTO FINANCEIRO MULTIMERCADO CRÉDITO PRIVADO RESPONSABILIDADE LIMITADA,2158276.39,3,0,0
45598691000105,FL BONITA FUNDO DE INVESTIMENTO FINANCEIRO MULTIMERCADO CRÉDITO PRIVADO RESPONSABILIDADE LIMITADA,2148823.25,1,0,0
03618276000126,LIZARD CLASSE DE INVESTIMENTO MULTIMERCADO CRÉDITO PRIVADO,2146398.03,1,0,0
32295526000132,LVR FUNDO DE INVESTIMENTO FINANCEIRO MULTIMERCADO,2136777.09,7,2,0
38136661000111,JF HARMONY FUNDO DE INVESTIMENTO FINANCEIRO MULTIMERCADO RESPONSABILIDADE LIMITADA,2123155.45,1,0,0
62633569000141,CMH FUNDO DE INVESTIMENTO FINANCEIRO  MULTIMERCADO CRÉDITO PRIVADO,2118349.82,1,1,0
55437642000144,G5 MILANO FUNDO INCENTIVADO DE INVESTIMENTO EM INFRAESTRUTURA RENDA FIXA,2116935.73,8,6,0
34719516000102,UJAY DIAMANTE FUNDO DE INVESTIMENTO MULTIMERCADO,2114568.41,2,2,0
60937559000174,MAUD CAPITAL FUNDO DE INVESTIMENTO FINANCEIRO RENDA FIXA,2113687.25,2,0,0
54022134000132,LEGATO FUNDO DE INVESTIMENTO FINANCEIRO RENDA FIXA,2111106.17,1,0,0
42449373000194,TIVIO MASTER FIFE FIF RENDA FIXA PREVIDENCIÁRIO CRÉDITO PRIVADO RESPONSABILIDADE LIMITADA,2108617.28,9,0,0
43790956000147,CORETUBA ICATU PREVIDÊNCIA QUALIFICADO FI FINANCEIRO - CI MULT CRED PRIV - RESP LIMITADA,2094626.29,2,0,0
55994151000102,XP DEBENTURES INCENTIVADAS IMAB5 CRÉD PRIV FIF RF INVESTIMENTO EM INFRAESTRUTURA - RESP LIMITADA,2091215.91,1,1,0
08969635000103,FUNDO DE INVESTIMENTO DE ACOES BDR NIVEL I LUXOR LIPIZZANER INVESTIMENTO NO EXTERIOR,2091077.52,1,0,0
26452304000183,403 VENTURE FUNDO DE INVESTIMENTO FINANCEIRO MULTIMERCADO,2084102.57,3,0,0
43740875000132,FINALTERNATIVES - FUNDO DE INVESTIMENTO FINANCEIRO MULTIMERCADO CRÉDITO PRIVADO,2048769.32,1,1,0
40141685000100,GMA FUNDO DE INVESTIMENTO EM AÇÕES,2023470.83,2,0,0
11046532000186,SAUBARA MULTIGESTOR FUNDO DE INVESTIMENTO FINANCEIRO MULTIMERCADO - RESPONSABILIDADE LIMITADA,2017434.67,1,0,0
42119566000187,G5 VENICE QUALIFICADO ICATU PREV FI FINANCEIRO - CI MULT CRED PRIV - RESP LIMITADA,2016192.22,5,2,0
36262529000120,CRISTO REDENTOR IS FIF CIC MULTIMERCADO CRÉDITO PRIVADO RESP LIMITADA,1999497.76,1,0,0
52648544000168,MAZAL FUNDO DE INVESTIMENTO MULTIMERCADO CRÉDITO PRIVADO,1997887.51,1,1,0
23376623000169,POLO HIGH YIELD MASTER CRÉDITO PRIVADO FIF MULTIMERCADO - RESPONSABILIDADE LIMITADA,1995463.8399999999,4,0,0
18498848000158,MACAUVA FIF CIC MULTIMERCADO CRÉDITO PRIVADO INVESTIMENTO NO EXTERIOR RESPONSABILIDADE LIMITADA,1982234.98,1,0,0
63918341000160,KOPIS FUNDO DE INVESTIMENTO MULTIMERCADO CRÉDITO PRIVADO LONGO PRAZO,1981028.65,6,4,0
36771600000109,AURO CARTEIRA MODERADA FUNDO DE INVESTIMENTO FINANCEIRO MULTIMERCADO,1960107.74,5,0,0
62540288000144,OIÃ FUNDO DE INVESTIMENTO MULTIMERCADO CRÉDITO PRIVADO,1945173.8599999999,7,0,0
64154663000143,AMARY INOVA GLOBAL I FUNDO DE INVESTIMENTO FINANCEIRO MULTIMERCADO,1937270.01,1,0,0
66061993000110,HARPE FUNDO DE INVESTIMENTO MULTIMERCADO CRÉDITO PRIVADO LONGO PRAZO,1933881.54,7,0,0
25097537000142,EBONY HILL FUNDO DE INVESTIMENTO FINANCEIRO MULTIMERCADO,1927006.81,6,0,0
62389920000109,VITA FIF - CLASSE DE INVESTIMENTO MULTIMERCADO CRÉDITO PRIVADO - RESP LIMITADA,1908998.98,1,1,0
63570613000184,SPECTRA VII LATAM FUNDO DE INVESTIMENTO FINANCEIRO,1892472.34,1,0,0
61390937000105,VINCO FUNDO INCENTIVADO DE INVESTIMENTO FINANCEIRO EM INFRAESTRUTURA RENDA FIXA,1884444.5499999998,3,0,0
59677535000144,ALLIANZ MURO FUNDO DE INVESTIMENTO FINANCEIRO EM COTAS DE FUNDOS DE INVESTIMENTO MULTIMERCADO,1880379.0,1,1,0
59123735000155,PORTO PAINEIRA CDI FIF FUNDO INCENTIVADO EM INVESTIMENTO EM DEB DE INFRA RF CRÉD PRIV RESP LIMITADA,1861787.92,5,0,0
42827424000174,PORTO INFLAÇÃO IMA-B 5 RENDA FIXA FUNDO DE INVESTIMENTO PREVIDENCIÁRIO,1849977.18,16,2,0
44903447000146,RCDC VALOR FUNDO DE INVESTIMENTO FINANCEIRO MULTIMERCADO,1847894.03,1,0,0
54952299000103,BTG PACTUAL TOTAL RENDA FIXA ATIVA FUNDO DE INVESTIMENTO RENDA FIXA LONGO PRAZO,1846933.4000000001,6,1,0
52195023000100,G5 ADRX QUALIFICADO PREV FIF - CLASSE DE INVESTIMENTO MULTIMERCADO CRÉDITO PRIVADO - RESP LIMITADA,1830602.73,6,2,0
54384481000105,G5 M2M EQUITIES FIF - CLASSE DE INVESTIMENTO MULTIMERCADO CRÉDITO PRIVADO - RESP LIMITADA,1826707.63,2,2,0
21818801000139,ICATU SEG WESTERN ASSET PREVIDÊNCIA FI FINANCEIRO - CI MULT - RESP LIMITADA,1823877.5,4,1,0
51118045000104,CFHG FIC DE FUNDOS DE INVESTIMENTO FINANCEIRO MULTIMERCADO - RESPONSABILIDADE LIMITADA,1813795.71,1,0,0
52172629000112,ÉVORA II FUNDO DE INVESTIMENTO MULTIMERCADO,1808884.77,1,0,0
64138938000155,CNTA FUNDO DE INVESTIMENTO FINANCEIRO RENDA FIXA INVESTIMENTO EM INFRAESTRUTURA,1808713.74,2,1,0
53988525000143,BLUE ROCK FUNDO DE INVESTIMENTO FINANCEIRO MULTIMERCADO CRÉDITO PRIVADO  INVESTIMENTO NO EXTERIOR,1806845.62,1,0,0
45123780000103,MILK FUNDO DE INVESTIMENTO MULTIMERCADO INVESTIMENTO NO EXTERIOR,1801546.3900000001,2,2,0
33499222000150,G5 4FLU FUNDO DE INVESTIMENTO MULTIMERCADO,1800173.01,6,6,0
42888217000120,LEON II FI FINANCEIRO - CI MULT CRED PRIV - RESP LIMITADA,1797939.1500000001,2,0,0
65704286000131,FERRAGUTI FUNDO DE INVESTIMENTO FINANCEIRO MULTIMERCADO CRÉDITO PRIVADO  RESPONSABILIDADE LIMITADA,1797615.8,3,3,0
44465583000100,GAVIC FUNDO DE INVESTIMENTO EM COTAS DE FUNDO DE INVESTIMENTO MULTIMERCADO CRÉDITO PRIVADO,1778178.6,2,2,0
27566056000164,UJAY GOLDEN FUNDO DE INVESTIMENTO FINANCEIRO EM COTAS DE FUNDOS DE INVESTIMENTO MULTIMERCADO,1775352.48,1,1,0
55344166000117,RIO BRAVO ESG IS MASTER III  FUNDO DE INVESTIMENTO FINANCEIRO RENDA FIXA,1770874.99,2,2,0
33342285000106,BRZ HIGH GRADE FI FINANCEIRO RENDA FIXA CRÉDITO PRIVADO- RESPONSABILIDADE LIMITADA,1762771.25,5,3,0
64352702000117,SPECTRA EVERGREEN CONSOLIDADOR FUNDO DE INVESTIMENTO FINANCEIRO MULTIMERCADO,1758719.6099999999,2,0,0
43722885000145,GUALTALLARY RETURN FUNDO DE INVESTIMENTO FINANCEIRO EM COTAS DE FUNDOS DE INVESTIMENTO MULTIMERCADO,1753763.94,1,1,0
52241587000124,KINEA NEPAL FIF MULT CRED PRIV - RESP LIMITADA,1749969.71,25,0,0
38074718000103,AURO CARTEIRA DINÂMICA FUNDO DE INVESTIMENTO FINANCEIRO MULTIMERCADO,1741377.23,5,0,0
32240314000158,PG3 FUNDO DE INVESTIMENTO FINANCEIRO MULTIMERCADO,1738963.84,1,0,0
32395813000114,G5 PARTNERS FUNDO DE INVESTIMENTO FINANCEIRO MULTIMERCADO,1728718.25,1,1,0
66083525000146,HOD MULTIPLICA LIQUIDEZ FUNDO DE INVESTIMENTO FINANCEIRO RENDA FIXA,1723083.52,1,0,0
66714975000190,ENG40  FUNDO DE INVESTIMENTO FINANCEIRO MULTIMERCADO RESPONSABILIDADE LIMITADA,1716951.82,1,1,0
61926946000178,HARBOUR JACUY FUNDO DE INVESTIMENTO FINANCEIRO RENDA FIXA,1715489.58,6,0,0
55521846000169,LMPAR FUNDO INCENTIVADO DE INVESTIMENTO EM INFRAESTRUTURA RENDA FIXA,1715073.43,1,1,0
61655249000120,OURO VERDE FIF - CI RF INCENTIVADO DE INVESTIMENTO EM INFRAESTRUTURA - RESP LIMITADA,1701499.9,1,1,0
11911491000149,RC FUNDO DE INVESTIMENTO FINANCEIRO - MULTIMERCADO CRÉDITO PRIVADO,1700560.71,1,0,0
29722362000178,BRAIN PLENUS FI FINANCEIRO - CI MULT CRED PRIV - RESP LIMITADA,1699795.99,1,0,0
61691544000131,VINLAND CRÉDITO PREV IQ MASTER FUNDO DE INVESTIMENTO FINANCEIRO MULTIMERCADO CRÉD PRIV RESP LIMITADA,1698944.37,11,0,0
47512461000107,FUTURO II FUNDO DE INVESTIMENTO FINANCEIRO EM COTAS DE FUNDOS DE INVESTIMENTO MULTIMERCADO,1697806.46,3,0,0
25108749000188,RAPIER T FUNDO DE INVESTIMENTO FINANCEIRO MULTIMERCADO,1689587.28,2,0,0
28206335000180,RENTAL FUNDO DE INVESTIMENTO FINANCEIRO - CLASSE DE INVESTIMENTO MULTIMERCADO CRÉDITO PRIVADO,1674269.08,1,1,0
42357363000129,PEG ESTIBORDO III FUNDO DE INVESTIMENTO MULTIMERCADO,1671261.52,1,1,0
46784959000166,CAETÉS FUNDO DE INVESTIMENTO FINANCEIRO MULTIMERCADO,1662964.96,2,0,0
36327365000172,CAPITÂNIA REIT PREV ADVISORY XP SEGUROS FIFE FIF MULTIMERCADO CRÉD PRIV - RESPONSABILIDADE LIMITADA,1650173.77,16,0,0
40005743000179,SANTANDER PB GROISSEBATEL MULTIMERCADO - FIF,1642509.04,1,1,0
13594673000169,TMJ IMA-B FUNDO DE INVESTIMENTO RENDA FIXA,1638723.67,1,1,0
13143667000195,QUORUM IPANEMA FUNDO DE INVESTIMENTO MULTIMERCADO CRÉDITO PRIVADO,1634284.98,1,1,0
49651212000128,BAY SIDNEY FUNDO DE INVESTIMENTO MULTIMERCADO CREDITO PRIVADO INVESTIMENTO NO EXTERIOR,1609134.49,1,1,0
60456656000145,BRP ASPEN FIF - CI RF INCENTIVADO DE INVESTIMENTO EM INFRA - RESP LIMITADA,1606495.6800000002,2,0,0
54888270000100,PORTO CRÉDITO ITAÚ PREVIDENCIÁRIO MASTER FUNDO DE INVESTIMENTO FIN RF CRÉD PRIVADO - RESP LIMITADA,1605361.36,22,0,0
53827154000118,BB SIMA INFRA RF FUNDO INCENTIVADO DE INVESTIMENTO FINANCEIRO EM INFRAESTRUTURA RESP LIMITADA,1602170.17,1,0,0
35435027000191,EMPIRICUS CRIPTO MASTER - FUNDO DE INVESTIMENTO FINANCEIRO,1593974.68,1,1,0
54421429000181,MARGARIDA 2 FUNDO DE INVESTIMENTO FINANCEIRO MULTIMERCADO RESPONSABILIDADE LIMITADA,1593428.83,1,0,0
61833419000119,LONGARONE FUNDO DE INVESTIMENTO FINANCEIRO MULTIMERCADO CRÉDITO PRIVADO,1584633.12,1,0,0
64611029000192,ROKKO FUNDO DE INVESTIMENTO FINANCEIRO MULTIMERCADO IE CRÉDITO PRIVADO RESPONSABILIDADE LIMITADA,1583427.98,2,2,0
65177786000162,TLF FUNDO DE INVESTIMENTO EM COTAS DE FI MULTIMERCADO CRÉDITO PRIVADO RESP LIMITADA,1572173.76,1,1,0
09327477000150,BCF 164 MULT CRÉD PRIV FUNDO DE INVESTIMENTO FIF - RESP LIMITADA,1563224.51,3,0,0
55325425000162,STAND BY FUNDO DE INVESTIMENTO EM COTAS DE FUNDO DE INVESTIMENTO MULTIMERCADO,1542212.47,2,0,0
64627040000140,MTB CAPITAL FUNDO DE INVESTIMENTO FINANCEIRO,1536711.08,2,0,0
28626693000141,GULF III FUNDO DE INVESTIMENTO FINANCEIRO EM AÇÕES,1513478.35,1,1,0
11110894000199,G5 LOTUS FUNDO DE INVESTIMENTO FINANCEIRO MULTIMERCADO,1511059.76,4,4,0
44283966000159,AMW ALTERNATIVOS FUNDO DE INVESTIMENTO MULTIMERCADO CRÉDITO PRIVADO,1506801.61,1,0,0
42287499000100,PREVI-GM CRÉDITO ESTRUTURADO II FI FINANCEIRO RENDA FIXA CRÉDITO PRIVADO - RESPONSABILIDADE LIMITADA,1504897.8,3,0,0
14122486000145,XMZ FUNDO DE INVESTIMENTO FINANCEIRO - MULTIMERCADO CRÉDITO PRIVADO RESPONSABILIDADE LIMITADA,1500940.94,2,0,0
62673864000121,AXIOS 3 FUNDO DE INVESTIMENTO FINANCEIRO MULTIMERCADO RESPONSABILIDADE LIMITADA,1498361.03,1,0,0
65224382000182,SIBIPIRUNA 4 FUNDO DE INVESTIMENTO FINANCEIRO MULTIMERCADO RESPONSABILIDADE LIMITADA,1498361.03,1,0,0
13356288000183,UBS LINCE FUNDO DE INVESTIMENTO FINANCEIRO - MULTIMERCADO CREDITO PRIVADO RESPONSABILIDADE LIMITADA,1495237.94,1,0,0
61924934000104,FIRELAND FUNDO DE INVESTIMENTO MULTIMERCADO CRÉDITO PRIVADO RESPONSABILIDADE LIMITADA,1489770.01,1,0,0
36814743000142,SKYLINE FUNDO DE INVESTIMENTO FINANCEIRO,1487735.26,2,2,0
12903600000149,CATONI 95 FUNDO DE INV FINANCEIRO CLASSE DE INV EM COTAS MULTIMERCADO CRÉDITO PRIVADO RESP LIMITADA,1465752.75,1,0,0
64511682000180,LBW FIF - CLASSE DE INVESTIMENTO RENDA FIXA INCENTIVADO DE INVESTIMENTO EM INFRAESTRUTURA,1425428.48,1,0,0
18692818000188,RIO NEGRO FIF - CLASSE DE INVESTIMENTO MULTIMERCADO CRÉDITO PRIVADO - RESP LIMITADA,1420721.52,2,2,0
53134881000108,ANS ROCHDALE FUNDO DE INVESTIMENTO MULTIMERCADO CRÉDITO PRIVADO RESPONSABILIDADE LIMITADA,1419157.88,1,1,0
60456463000194,BRP DCP FIF - CI RF INCENTIVADO DE INVESTIMENTO EM INFRA - RESP LIMITADA,1416495.71,2,0,0
50876108000110,CELESTE FUNDO DE INVESTIMENTO FINANCEIRO MULTIMERCADO CRÉDITO PRIVADO - RESPONSABILIDADE LIMITADA,1412365.15,4,0,0
45354984000147,M2601 FUNDO DE INVESTIMENTO FINANCEIRO EM AÇÕES,1410884.65,1,0,0
40901205000162,ÍNDIA FIF - CLASSE DE INVESTIMENTO MULTIMERCADO CRÉDITO PRIVADO - RESP LIMITADA,1406689.52,1,0,0
15821223000197,MONTSERRAT FIF - CLASSE DE INVESTIMENTO MULT CRED PRIV - RESP LIMITADA,1406689.52,1,0,0
64299987000170,FLAGSHIP FUNDO DE INVESTIMENTO MULTIMERCADO,1402891.58,1,1,0
47155639000100,DOUBLEE FUNDO DE INVESTIMENTO FINANCEIRO,1398035.11,1,1,0
63866496000109,ANDBANK SALTA FIF EM COTAS DE FUNDO DE INVESTIMENTO MULTIMERCADO CRÉDITO PRIVADO,1385090.43,1,0,0
40023553000184,SANTA MONICA FUNDO DE INVESTIMENTO FINANCEIRO MULTIMERCADO,1375895.77,1,1,0
54391780000177,FUNDO DE INVESTIMENTO FINANCEIRO - CI RENDA FIXA INCENTIVADA INVESTIMENTO EM INFRA G5 CASA DE FERRO,1359010.72,2,2,0
64610474000138,JIOH FUNDO DE INVESTIMENTO FINANCEIRO MULTIMERCADO RESPONSABILIDADE  LIMITADA,1354785.79,2,2,0
64610823000111,ATRA FUNDO DE INVESTIMENTO FINANCEIRO MULTIMERCADO IE CRÉDITO PRIVADO RESP LIMITADA,1353143.24,2,2,0
44764166000150,XVI CAPITAL RENDA FIXA FUNDO DE INVESTIMENTO FINANCEIRO,1351971.4,5,0,0
09619858000103,ABSOLUTE CREDIT II MULTIMERCADO CRED PRIV FUNDO DE INVESTIMENTO EM COTAS DE FIF - RESP LIMITADA,1350375.81,3,1,0
26173459000180,VSEIS FUNDO DE INVESTIMENTO FINANCEIRO MULTIMERCADO CRÉDITO PRIVADO - RESPONSABILIDADE LIMITADA,1328777.88,1,0,0
57010979000104,XPA CRÉDITO FUNDO DE INVESTIMENTO EM COTAS MULTIMERCADO CRÉDITO PRIVADO,1327327.54,1,0,0
61734686000139,ALLOCATION ALTERNATIVOS PE/VC II FUNDO DE INVESTIMENTO FINANCEIRO MULTIMERCADO,1327091.92,1,0,0
44162969000134,TERRABLU ICATU QUALIFICADO FI FINANCEIRO - CI MULT CRED PRIV - RESP LIMITADA,1326481.72,2,0,0
65843032000102,SANTANDER PB BLUE SKY BRFD MULTIMERCADO CRÉDITO PRIVADO - FIF RESP LIMITADA,1309502.97,1,1,0
62474707000197,INVESTO FUNDO DE INVESTIMENTO EM COTAS DE FUNDOS DE INVESTIMENTO MULTIMERCADO,1308887.27,1,1,0
28648875000113,BRASIL PLURAL FOZ DO IGUAÇU FIF RENDA FIXA CRÉDITO PRIVADO LONGO PRAZO - RESPONSABILIDADE LIMITADA,1301607.29,1,0,0
49000812000126,ANNECY FIF - CLASSE DE INVESTIMENTO MULTIMERCADO CRÉDITO PRIVADO - RESP LIMITADA,1294714.49,2,0,0
56659416000170,FUNDO DE INVESTIMENTO FINANCEIRO - CI RENDA FIXA INCENTIVADA INVESTIMENTO EM INFRA G5 CIUDAD VIEJA,1292450.4,1,1,0
18069614000195,MCA FIF - CLASSE DE INVESTIMENTO MULT CRED PRIV - RESP LIMITADA,1288511.5,2,0,0
41681763000122,BRAIN STARBOARD FUNDO DE INVESTIMENTO FINANCEIRO MULTIMERCADO,1276843.78,1,1,0
65899608000145,GIAU FUNDO DE INVESTIMENTO MULTIMERCADO INVESTIMENTO NO EXTERIOR E CRÉDITO PRIVADO RESP LIMITADA,1248513.0,1,1,0
21940723000140,NXC FUNDO DE INVESTIMENTO FINANCEIRO - CLASSE DE INVESTIMENTO MULTIMERCADO CRÉDITO PRIVADO,1241589.43,1,0,0
65448597000187,TYTON CRÉDITO PREVIDÊNCIA IQ PREVIDÊNCIA FUNDO DE INVESTIMENTO MULTIMERCADO,1238600.62,5,0,0
52268310000195,EDDA INFLATION PROTECTION FUNDO DE INVESTIMENTO MULTIMERCADO,1237345.51,1,1,0
39723106000159,SPARTA INFLAÇÃO MASTER FUNDO INCENTIVADO DE INVEST FINANCEIRO EM INFRA RENDA FIXA - RESP LTDA,1233798.85,1,0,0
13411914000197,ITAÚ FLEXPREV PRIVATE FUNDO DE INVESTIMENTO FINANCEIRO RENDA FIXA CRÉDITO PRIVADO - RESP LIMITADA,1231267.93,1,0,0
18138748000110,KINEA PREV MULTIMERCADO FUNDO DE INVESTIMENTO FINANCEIRO RESPONSABILIDADE LIMITADA,1221220.62,2,0,0
54464472000124,FUNDO DE INVESTIMENTO MULTIMERCADO CASA BONIFÁCIO,1219863.56,1,1,0
42220424000101,SANTANDER PB ALOCAÇÃO RENDA FIXA CRÉDITO PRIVADO - CIC FIF,1219099.9,2,2,0
61883060000194,TERRA PREMIUM FUNDO DE INVESTIMENTO FINANCEIRO EM RENDA FIXA - RESPONSABILIDADE LIMITADA,1213478.01,1,1,0
66808747000189,DRYS MASTER CDI DEBENTURES FIF RENDA FIXA INVESTIMENTO EM INFRAESTRUTURA - RESPONSABILIDADE LIMITADA,1205216.57,5,0,0
34231962000173,XP ADVISORY PORTFOLIO PRIVATE FUNDO DE INVESTIMENTO MULTIMERCADO CRÉDITO PRIVADO,1193283.75,2,0,0
21596165000148,JUBEMA II FI FINANCEIRO - CI MULT CRED PRIV - RESP LIMITADA,1192174.65,1,0,0
47020670000133,SVN FOF SELEÇÃO PREV FUNDO DE INVESTIMENTO FINANCEIRO MULTIMERCADO RESPONSABILIDADE LIMITADA,1190383.02,1,1,0
50067989000129,G5 MVT FUNDO INCENTIVADO DE INVESTIMENTO FINANCEIRO EM INFRAESTRUTURA RENDA FIXA,1182581.65,2,1,0
09327445000155,FUNDO DE INVESTIMENTO FINANCEIRO EM QUOTAS DE FUNDOS DE INVESTIMENTO MULTIMERCADO UNION NATIONAL,1176103.42,1,0,0
49651181000105,BAY SÃO FRANCISCO FUNDO DE INVESTIMENTO MULTIMERCADO CREDITO PRIVADO INVESTIMENTO NO EXTERIOR,1169960.41,1,1,0
26605199000175,CAPITÂNIA INFRA 30 IPCA FUNDO DE INVESTIMENTO FINANCEIRO RENDA FIXA INVESTIMENTO EM INFRAESTRUTURA,1168176.53,5,0,0
24215314000170,TFG FUNDO DE INVESTIMENTO FINANCEIRO MULTIMERCADO CRÉDITO PRIVADO - RESPONSABILIDADE LIMITADA,1167880.21,2,0,0
41610657000158,SULAMÉRICA FF FUNDO DE INVESTIMENTO FINANCEIRO RENDA FIXA CRÉDITO PRIVADO RESPONSABILIDADE LIMITADA,1165004.36,3,0,0
35649712000110,PIMENTA FUNDO DE INVESTIMENTO FINANCEIRO MULTIMERCADO,1161680.06,1,1,0
42561396000196,MAUI FUNDO DE INVESTIMENTO FINANCEIRO  MULTIMERCADO CRÉDITO PRIVADO INVESTIMENTO NO EXTERIOR,1157726.31,3,3,0
28715701000126,EUPAR II FUNDO DE INVESTIMENTO FINANCEIRO EM AÇÕES,1156978.2,2,0,0
52098741000150,BANESTES SELECTION FIF RENDA FIXA CRÉDITO PRIVADO RESPONSABILIDADE LIMITADA,1153619.3399999999,4,0,0
35727209000136,VINTAGE LONG BIAS FI MULTIMERCADO,1145586.9,1,0,0
60185164000162,SAFRA BRF PREV FUNDO DE INVESTIMENTO FINANCEIRO RENDA FIXA CRÉDITO PRIVADO RESPONSABILIDADE LIMITADA,1135035.07,1,0,0
49651132000172,BAY HÁ LONG FUNDO DE INVESTIMENTO MULTIMERCADO CREDITO PRIVADO INVESTIMENTO NO EXTERIOR,1134806.37,2,2,0
44690536000151,G5 MARBLE ARCH FI FINANCEIRO - CI MULT CRED PRIV - RESP LIMITADA,1133169.88,5,4,0
44835820000179,CAP PREV INFLAÇÃO 30 ADV XP SEG FIF RENDA FIXA CRÉDITO PRIVADO FIFE - RESPONSABILIDADE LIMITADA,1132209.22,13,0,0
35020145000139,DW III FUNDO DE INVESTIMENTO FINANCEIRO EM COTAS DE FUNDOS DE INVESTIMENTO MULTIMERCADO,1126914.45,1,0,0
28078725000111,ALAGRE PRINCIPAL II FIF MULT CRED PRIV - RESP LIMITADA,1119384.37,1,0,0
55402464000116,XP SINFONIA FUNDO DE INVESTIMENTO FINANCEIRO MULT CRÉDITO PRIVADO RESP LIMITADA,1119241.9,1,0,0
30353655000104,1618 FUNDO DE INVESTIMENTO FINANCEIRO EM COTAS DE FUNDOS DE INVESTIMENTO MULTIMERCADO,1111792.9,1,1,0
58290551000117,G5 HERCULES FIF RF INCENTIVADO DE INVESTIMENTO EM INFRA - RESP LIMITADA,1110825.35,1,0,0
09271746000104,FUNDO DE INVESTIMENTO EM PARTICIPAÇÕES CEDRO MULTIESTRATÉGIA,1103819.34,1,0,0
42922097000130,NEST TOUCAN FUNDO DE INVESTIMENTO FINANCEIRO,1101360.95,1,0,0
64106556000140,JMBI MASTER FUNDO DE INVESTIMENTO INCENTIVADO EM INFRAESTRUTURA RENDA FIXA RESP LIMITADA,1101076.89,1,1,0
37258197000173,PB INCASE CIC DE CLASSES DE INVESTIMENTO MULTIMERCADO CRÉDITO PRIVADO - RESP LIMITADA,1092303.85,1,0,0
29045335000108,FIDUC PREVIDÊNCIA BALANCEADO ICATU FIF - CLASSE DE INVESTIMENTO MULTIMERCADO - RESP LIMITADA,1089309.17,2,0,0
46329560000195,ARGOS  FUNDO DE INVESTIMENTO MULTIMERCADO,1085962.0899999999,5,1,0
07830005000190,ALDA FIF - CLASSE DE INVESTIMENTO MULTIMERCADO CRÉDITO PRIVADO LP - RESPONSABILIDADE LIMITADA,1084188.94,2,0,0
51820732000169,W FUNDO DE INVESTIMENTO FINANCEIRO,1082299.1099999999,2,2,0
18079265000192,GREENWICH CAPITAL MARKETS FUNDO DE INVESTIMENTO FINANCEIRO EM COTAS DE FI MULTIMERCADO,1079565.06,1,0,0
37334028000175,G5 ALLOCATION INFLAÇÃO FUNDO DE INVESTIMENTO FINANCEIRO RENDA FIXA,1076359.15,1,0,0
58596785000197,ARATICUM FUNDO DE INVESTIMENTO FINANCEIRO - CLASSE DE INVESTIMENTO MULTIMERCADO- RESP LIMITADA,1075759.79,1,0,0
49506401000107,SPECTRA GRACE FUNDO DE INVESTIMENTO  FINANCEIRO,1067003.04,1,1,0
22918444000143,ECLIPSEON FUNDO DE INVESTIMENTO EM AÇÕES,1063086.09,1,0,0
03860605000140,GOYAZES FUNDO DE INVESTIMENTO FINANCEIRO MULTIMERCADO RESPONSABILIDADE LIMITADA,1062395.6,4,0,0
38136756000135,OLIVER INVESTIMENTOS FUNDO DE INVESTIMENTO FINANCEIRO MULTIMERCADO RESPONSABILIDADE LIMITADA,1061577.73,1,0,0
42154541000114,TOURMALET FUNDO DE INVESTIMENTO FINANCEIRO MULTIMERCADO RESPONSABILIDADE LIMITADA,1061577.73,1,0,0
62276086000137,F1 FUNDO DE INVESTIMENTO FINANCEIRO MULTIMERCADO CRÉDITO PRIVADO IE - RESP. LIMITADA,1060439.45,1,0,0
43140800000110,PROSPEX FUNDO DE INVESTIMENTO EM AÇÕES INVESTIMENTO NO EXTERIOR,1053768.98,2,0,0
12845801000137,TOWER RENDA FIXA FUNDO DE INVESTIMENTO IMA-B 5,1042252.44,2,2,0
42119588000147,G5 JRZ QUALIFICADO ICATU PREV FI FINANCEIRO - CI MULT CRED PRIV - RESP LIMITADA,1038196.09,4,1,0
51511514000142,G5 ALLOCATION PREVIDÊNCIA CRÉDITO INFLAÇÃO II FI FINANCEIRO - CI MULT CRED PRIV - RESP LIMITADA,1036364.3500000001,2,2,0
26374880000150,SERRA AZUL CLASSE DE INVESTIMENTO  MULTIMERCADO CRÉDITO PRIVADO - RESP LIMITADA,1034501.44,1,0,0
07096479000150,FX FUNDO DE INVESTIMENTO FINANCEIRO MULTIMERCADO,1034421.04,1,0,0
55275483000129,DRYS INCENTIVADOS MASTER FUNDO INCENTIVADO DE INVEST EM INFRA RENDA FIXA CRED PRIV RESP LIMITADA,1032497.95,4,0,0
53196974000159,LATITUDE FUNDO DE INVESTIMENTO MULTIMERCADO CRÉDITO PRIVADO,1029282.7,1,1,0
23872478000107,PONCIA FI FINANCEIRO MULTIMERCADO INVESTIMENTO NO EXTERIOR - RESPONSABILIDADE LIMITADA,1028067.3300000001,3,2,0
60502977000139,SEVEN MP FUNDO DE INVESTIMENTO EM COTAS DE FUNDOS DE INVESTIMENTO MULTIMERCADO CRÉDITO PRIVADO,1026851.06,1,1,0
60261139000110,RIO BRAVO INFRA CDI INCENTIVADO FIF - CI RF INCENTIVADO DE INVESTIMENTO EM INFRA - RESP LIMITADA,1026764.31,2,0,0
54794710000160,LUNI FUNDO INCENTIVADO DE INVESTIMENTO EM INFRAESTRUTURA RENDA FIXA,1024116.19,1,0,0
60491790000187,HORIZON SELECT FUNDO DE INVESTIMENTO FINANCEIRO,1023923.43,1,1,0
55036145000134,VIVACE MASTER FUNDO INCENTIVADO DE INVESTIMENTO FINANCEIRO EM INFRAESTRUTURA RENDA FIXA,1019211.26,7,0,0
53115312000107,SIMIONATTO FUNDO DE INVESTIMENTO MULTIMERCADO RESPONSABILIDADE LIMITADA,1018730.95,1,1,0
46648912000175,AMW OMAHA MASTER FUNDO DE INVESTIMENTO FINANCEIRO MULTIMERCADO,1015446.63,1,0,0
66585173000127,LUMEN FUNDO DE INVESTIMENTO FINANCEIRO RENDA FIXA,1014917.18,1,0,0
37843023000178,FOF CRÉDITO ESTRUTURADO FUNDO DE INVESTIMENTO FINANCEIRO,1005706.72,1,0,0
53286924000162,KRIFTEL II FUNDO DE INVESTIMENTO FINANCEIRO EM AÇÕES,1004093.21,1,0,0
59080936000112,SAFRA AGILITÉ SPECIAL FIF CLASSE DE INVESTIMENTO RF CRÉDITO PRIVADO LONGO PRAZO RESP LIMITADA,1001359.3700000001,2,0,0
62870208000119,UNIMED COOP FUNDO DE INVESTIMENTO FINANCEIRO RENDA FIXA CRÉDITO PRIVADO RESPONSABILIDADE LIMITADA,1000444.09,5,0,0
64152346000198,CASH 2 D-0 FUNDO DE INVESTIMENTO FINANCEIRO LIQUIDEZ IMEDIATA LONGO PRAZO,999549.52,1,0,0
21596670000192,CERES FUNDO DE INVESTIMENTO FINANCEIRO MULTIMERCADO RESPONSABILIDADE LIMITADA,988583.79,2,0,0
38903617000190,CONGA FUNDO DE INVESTIMENTO FINANCEIRO MULTIMERCADO CRÉDITO PRIVADO INVESTIMENTO NO EXTERIOR,983169.63,3,3,0
16537145000166,SAINT-GERMAIN FUNDO DE INVESTIMENTO FINANCEIRO EM COTAS DE FUNDOS DE INVESTIMENTO MULTIMERCADO,968541.0,1,1,0
03960323000115,UNIMED RF 100 FUNDO DE INVESTIMENTO FINANCEIRO RENDA FIXA RESPONSABILIDADE LIMITADA,965445.3,5,0,0
52188815000140,BB SSMAT98 INFRA RENDA FIXA FUNDO INCENTIVADO DE INVESTIMENTO FINANCEIRO EM INFRAESTRUTURA RESP LIM,961302.1,1,0,0
13425757000179,MAIS VIDA II FIF - CLASSE DE INVESTIMENTO MULTIMERCADO - RESP LIMITADA,959465.66,1,0,0
66161408000153,KINEA ATACAMA FUNDO DE INVESTIMENTO FINANCEIRO RENDA FIXA LONGO PRAZO RESP LIMITADA,954749.54,5,0,0
63727062000110,OCCAM INFRA ATIVO 30 BB RENDA FIXA FIF EM INFRAESTRUTURA CRÉDITO PRIVADO RESPONSABILIDADE LIMITADA,954510.4299999999,10,0,0
23781802000181,TRINITY FUNDO DE INVESTIMENTO FINANCEIRO MULTIMERCADO,950255.73,1,0,0
59061584000158,G5 ARTHÉ II FIF MULT CRÉDITO PRIVADO - RESP LIMITADA,944575.51,1,1,0
30676315000114,SPARTA MASTER A FUNDO INCENTIVADO DE INVEST FINANCEIRO EM INFRA RENDA FIXA RESP LTDA,941342.82,1,0,0
63306909000192,PRA LOG FUNDO DE INVESTIMENTO MULTIMERCADO CRÉDITO PRIVADO,932589.23,1,1,0
26313391000198,PW2 FI FINANCEIRO MULTIMERCADO CRÉDITO PRIVADO INVESTIMENTO NO EXTERIOR - RESP LTDA,925587.0700000001,3,0,0
44479943000114,BRUGES MIDDLE VOL FUNDO DE INVESTIMENTO FINANCEIRO EM COTAS DE FUNDOS DE INVESTIMENTO MULTIMERCADO,925358.56,1,1,0
38903595000168,WISTING FUNDO DE INVESTIMENTO FINANCEIRO MULTIMERCADO CRÉDITO PRIVADO INVESTIMENTO NO EXTERIOR,919572.23,5,5,0
38903564000107,MASSARI FUNDO DE INVESTIMENTO FINANCEIRO MULTIMERCADO CRÉDITO PRIVADO INVESTIMENTO NO EXTERIOR,916505.2699999999,6,6,0
57075698000121,VINLAND FIF FUNDO INCENTIVADO EM INVESTIMENTO EM DEB DE INFRA IPCA RF CRED PRIV LP RESP LIMITADA,907825.36,8,0,0
26580293000117,HERILDÃO FI FINANCEIRO - CI MULT CRED PRIV - RESP LIMITADA,890259.9,2,2,0
50767361000136,G5 EDUCA FUNDO DE INVESTIMENTO FINANCEIRO MULTIMERCADO,887555.61,4,3,0
24572511000146,GALT FI FINANCEIRO RENDA FIXA CRÉDITO PRIVADO LONGO PRAZO - RESPONSABILIDADE LIMITADA,879905.45,1,0,0
13594671000170,FI FINANCEIRO SONAR AURORA MULTIMERCADO CRÉDITO PRIVADO - RESPONSABILIDADE LIMITADA,879252.77,1,1,0
52321765000127,FI FINANCEIRO RENDA FIXA CRÉDITO PRIVADO VALUE PREV CMA II- RESPONSABILIDADE LIMITADA,870427.23,3,0,0
54643280000185,ITAÚ FLEXPREV SINFONIA DISTRIBUIDORES  FIF MULTIMERCADO CRÉDITO PRIVADO - RESPONSABILIDADE LIMITADA,868710.96,1,0,0
35698940000180,ARGOS FUNDO DE INVESTIMENTO FINANCEIRO MULTIMERCADO,850744.96,4,1,0
12120451000141,TAGUS HIGH YIELD FUNDO DE INVESTIMENTO EM COTAS DE FUNDOS DE INVESTIMENTO MULTIMERCADO,848479.81,2,1,0
49633643000161,BRASILPREV ITAÚ SINFONIA PREV FIF RENDA FIXA CRÉD PRIV RESP LIMITADA,846305.75,1,0,0
47102419000118,BARUC FUNDO DE INVESTIMENTO FINANCEIRO MULTIMERCADO,839390.26,2,0,0
62392905000101,ZSYS HELLIER FUNDO DE INVESTIMENTO RENDA FIXA REFERENCIADO DI CRÉDITO PRIVADO,836120.53,1,0,0
55946775000146,KADIMA YIELD FI FINANCEIRO RENDA FIXA CRÉDITO PRIVADO LONGO PRAZO RESPONSABILIDADE LIMITADA,829327.01,3,0,0
09275554000176,RM FUTURA MULTIMERCADO FUNDO DE INVESTIMENTO FINANCEIRO CRÉDITO PRIVADO - RESPONSABILIDADE LIMITADA,821459.17,3,0,0
50019162000140,PORTO BAOBA MASTER FUNDO INCENTIVADO DE INVESTIMENTO EM INFRAESTRUTURA RENDA FIXA,821292.1599999999,5,1,0
54793790000139,FUNDO DE INVESTIMENTO FINANCEIRO - CI RENDA FIXA INCENTIVADA INVESTIMENTO EM INFRA G5 BRICKELL,820686.28,3,3,0
55211651000112,MONTMOR II FUNDO DE INVESTIMENTO FINANCEIRO MULTIMERCADO - RESPONSABILIDADE LIMITADA,819077.09,1,0,0
33632663000188,LE MANS FUNDO DE INVESTIMENTO FINANCEIRO MULTIMERCADO CRÉDITO PRIVADO,817650.12,2,1,0
40982078000173,UBS LORENA EI FUNDO DE INVESTIMENTO FINANCEIRO - MULTIMERCADO CRÉDITO PRIVADO RESP LIMITADA,814225.6,2,0,0
38594026000188,XPA JAGUAR FUNDO DE INVESTIMENTO FINANCEIRO MULTIMERCADO CRÉDITO PRIVADO RESPONSABILIDADE LIMITADA,814225.6,2,0,0
23034963000101,PEDRA NEGRA CLASSE DE INVESTIMENTO INCENTIVADA RF CRÉDITO PRIVADO INFRAESTRUTURA - RESP LIMITADA,811795.06,1,0,0
26210335000128,AMANDOLA 2 FUNDO DE INVESTIMENTO FINANCEIRO MULTIMERCADO CRÉDITO PRIVADO - RESPONSABILIDADE LIMITADA,811220.88,1,0,0
12765687000135,G5 SÃO LOURENÇO FI FINANCEIRO - CI MULT CRED PRIV - RESP LIMITADA,808324.08,6,6,0
09275576000136,TOP 541 FIF MULT CRÉD PRIV - RESPONSABILIDADE LIMITADA,800949.4,3,0,0
53109560000145,SOMRIURE II FUNDO DE INVESTIMENTO FINANCEIRO AÇÕES - RESPONSABILIDADE LIMITADA,799689.06,1,0,0
50553108000180,RAFTER ICATU PREVIDENCIÁRIO QUALIFICADO FI FINANCEIRO - CI MULT CRED PRIV - RESP LIMITADA,797100.05,1,0,0
50907712000167,CF UNIQUE FUNDO DE INVESTIMENTO MULTIMERCADO CREDITO PRIVADO INVESTIMENTO NO EXTERIOR,793499.94,1,1,0
60477852000104,ARX IPCA CAIXA FIF EM INFRAESTRUTURA RENDA FIXA CRÉDITO PRIVADO - RESPONSABILIDADE LIMITADA,778161.79,2,0,0
10924200000194,HEMATITA H10 FUNDO DE INVESTIMENTO FINANCEIRO MULTIMERCADO CRÉDITO PRIVADO - RESP LIMITADA,776178.58,1,0,0
57473697000135,FUNDO DE INVESTIMENTO FINANCEIRO CI RENDA FIXA INCENTIVADO INVESTIMENTO EM INFRAESTRUTURA G5 V UNITY,774165.83,1,1,0
61240697000162,LUPA FUNDO DE INVESTIMENTO FINANCEIRO RENDA FIXA INVESTIMENTO EM INFRAESTRUTURA,773242.8,2,1,0
53137934000136,SFX95 FUNDO DE INVESTIMENTO MULTIMERCADO CRÉDITO PRIVADO,772139.3,2,1,0
57713250000196,BB YARA INFRA RENDA FIXA FUNDO INCENTIVADO DE  INVESTIMENTO FINANCEIRO EM INFRAESTRUTURA RESP LIM,770403.53,3,0,0
46610198000126,MERCADO PAGO NIKOS BALANCEADO FI EM COTAS DE FUNDOS DE INVESTIMENTOS MULTIMERCADO,767537.58,1,1,0
26243418000113,PI XII FI FINANCEIRO - CI MULT CRED PRIV -  RESP LIMITADA,764391.81,2,1,0
58586883000143,ARX ELBRUS III MASTER FIF RENDA FIXA INVESTIMENTO EM INFRAESTRUTURA RESPONSABILIDADE LIMITADA,758332.46,2,0,0
07889704000106,WESTERN ASSET INCOME GENERATION ICATU PREV RENDA FIXA FIF CRED PRIV RESP LIMITADA,756415.77,7,0,0
04222437000120,ZEUS CLASSE DE INVESTIMENTO MULTIMERCADO CRÉDITO PRIVADO - RESP LIMITADA,750219.08,1,0,0
16929533000192,UBS TS FUNDO DE INVESTIMENTO FINANCEIRO - MULTIMERCADO CRÉDITO PRIVADO RESPONSABILIDADE LIMITADA,749602.86,1,0,0
57677894000176,CASH 3J FUNDO DE INVESTIMENTO FINANCEIRO MULTIMERCADO CRÉDITO PRIVADO,747043.87,1,0,0
43617425000157,BB MULTIGESTOR MÓDULO RENDA FIXA ATIVA PLUS LONGO PRAZO FIC  FIF RESPONSABILIDADE LIMITADA,745155.09,1,0,0
64608980000192,MADRID 3 FIF - CLASSE DE INVESTIMENTO EM COTAS MULTIMERCADO - CRÉDITO PRIVADO,744986.96,1,1,0
54132078000199,TECLA FUNDO DE INVESTIMENTO EM AÇÕES,739952.14,4,0,0
59039877000139,ICATU CADENZA PREV FIFE FIF MULT CRÉDITO PRIVADO - RESP LIMITADA,729653.6799999999,6,0,0
46415283000133,PATAGÔNIA ONE FUNDO DE INVESTIMENTO FINANCEIRO MULTIMERCADO,720398.44,2,0,0
34579584000113,MWOOD FUNDO DE INVESTIMENTO FINANCEIRO EM COTAS DE FUNDOS DE INVESTIMENTO MULTIMERCADO,716845.19,1,0,0
61818288000109,UBS GOLDEN EAGLE EI FUNDO DE INVESTIMENTO FINANCEIRO - MULTIMERCADO CREDITO PRIVADO RESP LIMITADA,704678.05,1,0,0
54070966000124,UBS AUXILIAR I FUNDO DE INVESTIMENTO FINANCEIRO - MULTIMERCADO RESPONSABILIDADE LIMITADA,704665.81,1,0,0
52985327000163,MULTIPREV CARTEIRA 39 FUNDO DE INVESTIMENTO FINANCEIRO MULTIMERCADO- RESP LIMITADA,704046.39,1,0,0
03303568000170,JATOBÁ FIF - CLASSE DE INVESTIMENTO MULTIMERCADO CRÉDITO PRIVADO - RESPONSABILIDADE LIMITADA,703344.76,1,0,0
03303563000147,PERSONAL FIF - CLASSE DE INVESTIMENTO MULTIMERCADO - RESP LIMITADA,703344.76,1,0,0
46762285000107,LIMA XIX FIF - CLASSE DE INVESTIMENTO MULTIMERCADO CRÉDITO PRIVADO - RESP LIMITADA,703344.76,1,0,0
17666187000160,SURINAME FIF - CLASSE DE INVESTIMENTO MULTIMERCADO CRÉDITO PRIVADO - RESP LIMITADA,703344.76,1,0,0
35137067000157,FLEX 30 FUNDO DE INVESTIMENTO FINANCEIRO MULTIMERCADO CRÉDITO PRIVADO RESPONSABILIDADE LIMITADA,700728.6,4,0,0
08931953000185,BNP PARIBAS AURORA CLASSE DE  INVESTIMENTO MULTIMERCADO - RESPONSABILIDADE  LIMITADA,696365.11,5,0,0
54229255000150,BRADESCO FIF - CLASSE DE INVESTIMENTO RF CRÉDITO PRIVADO GERI INSTITUCIONAL - RESP LIMITADA,693654.63,1,0,0
63112599000175,PORTO PITANGUEIRA IS FUNDO DE INVESTIMENTO FINANCEIRO RENDA FIXA CRÉDITO PRIVADO RESP LIMITADA,683136.79,2,0,0
37351324000184,G5 KENDERA FUNDO DE INVESTIMENTO FINANCEIRO MULTIMERCADO,682450.8300000001,5,2,0
10412071000155,MULTIPREV CARTEIRA 14 FUNDO DE INVESTIMENTO FINANCEIRO MULTIMERCADO RESPONSABILIDADE LIMITADA,681631.03,1,0,0
44967444000176,INTEGRAL CASH FUNDO DE INVESTIMENTO FINANCEIRO RENDA FIXA,679984.8200000001,3,0,0
07050946000101,CIELO FUNDO DE INVESTIMENTO FINANCEIRO EM COTAS DE FUNDOS DE INVESTIMENTO MULTIMERCADO,679239.38,1,0,0
14793884000193,FIF CIC MULTIMERCADO CRED PRIV JACKSON INVESTIMENTO NO EXTERIOR RESP LIMITADA,679239.38,1,0,0
42220446000171,SANTANDER PREV PB ALOCAÇÃO RF CRÉD PRIV - FIF RESP LIMITADA,679199.89,2,2,0
52237532000140,OCCAM CRÉDITO CORPORATIVO INSTITUCIONAL 30 FIF RENDA FIXA CRÉDITO PRIVADO -RESPONSABILIDADE LIMITADA,678677.91,8,1,0
57474374000166,G5 ARUBA FUNDO DE INVESTIMENTO FINANCEIRO RENDA FIXA INCENTIVADO DE INVESTIMENTO EM INFRAESTRUTURA,673568.76,2,0,0
41574798000162,G5 VENTURE CAPITAL F FUNDO DE INVESTIMENTO FINANCEIRO EM COTAS DE FIM,666994.1,1,1,0
09093896000175,PORTO SEGURO CARAVELAS MULTIMERCADO FUNDO DE INVESTIMENTO FINANCEIRO CRED PRIV RESP LIMITADA,666872.63,1,0,0
40209534000147,PWM FUTURO NÍVEL I FIF - CLASSE DE INVESTIMENTO EM AÇÕES - RESP LIMITADA,666864.37,1,0,0
63556163000175,A1 HIGH GRADE PREV FIF RENDA FIXA CRÉDITO PRIVADO RESPONSABILIDADE LIMITADA,663084.0700000001,7,0,0
43619743000157,SANTANDER HAPVIDA ANS RENDA FIXA CRÉDITO PRIVADO - FUNDO DE INVESTIMENTO FINANCEIRO RESP LIMITADA,662539.39,1,0,0
48977897000134,JCI FUNDO DE INVESTIMENTO FINANCEIRO,658160.03,2,0,0
17420899000102,PRAIA DO LESTE FIF - CLASSE DE INVESTIMENTO MULTIMERCADO CRÉDITO PRIVADO - RESP LIMITADA,658051.98,2,0,0
41818114000120,TRIPLE A FIF - CLASSE DE INVESTIMENTO MULT CRED PRIV - RESP LIMITADA,657733.19,2,0,0
40815606000108,MONTE BRAVO SIRIUS FI FINANCEIRO MULTIMERCADO CRÉDITO PRIVADO - RESPONSABILIDADE LIMITADA,651722.13,8,0,0
60936984000149,GALAPAGOS II FUNDO DE INVESTIMENTO MULTIMERCADO,650752.24,1,0,0
42593059000180,IMARI II FUNDO DE INVESTIMENTO FINANCEIRO EM AÇÕES RESPONSABILIDADE LIMITADA,649289.78,1,0,0
45085918000119,BELA ESPERANCA CAPITAL FUNDO DE INVESTIMENTO FINANCEIRO MULTI CP RESPONSABILIDADE LIMITADA,648933.17,1,0,0
61941855000101,CLASSIC PREVIDÊNCIA FUNDO DE INVESTIMENTO FINANCEIRO RESPONSABILIDADE LIMITADA,642116.59,6,3,0
49084118000134,EREDITA ICATU PREVIDENCIÁRIO QUALIFICADO FI FINANCEIRO - CI MULT CRED PRIV - RESP LIMITADA,641495.48,2,0,0
30618643000164,UBS TOTH VNA FUNDO DE INVESTIMENTO FINANCEIRO - AÇÕES RESPONSABILIDADE LIMITADA,639059.5,2,0,0
29215661000116,AL FUNDO DE INVESTIMENTO FINANCEIRO EM AÇÕES - RESPONSABILIDADE LIMITADA,636095.89,1,0,0
54384643000105,BLG FUNDO DE INVESTIMENTO EM INFRAESTRUTURA - RENDA FIXA CRÉDITO PRIVADO RESPONSABILIDADE LIMITADA,631464.05,1,0,0
23729546000183,CANVAS SPECIAL SITUATIONS FIC DE FIF MULTIMERCADO CRÉDITO PRIVADO - RESPONSABILIDADE LIMITADA,626846.21,1,1,0
63210985000108,WE CRÉDITO IV FUNDO DE INVESTIMENTO EM COTAS DE FUNDOS DE INVESTIMENTO MULTIMERCADO,619646.8,1,1,0
42282188000158,ITAÚ HIGH YIELD II PREV DISTRIBUIDORES XP FIF MULT CRÉD PRIV - RESP LIMITADA,617161.6,1,0,0
33770627000180,BOEINGO FI FINANCEIRO - CI MULT CRED PRIV - RESP LIMITADA,615135.55,2,0,0
41395147000105,JGS FUNDO DE INVESTIMENTO FINANCEIRO MULTIMERCADO CRÉDITO PRIVADO - RESPONSABILIDADE LIMITADA,611237.6900000001,2,0,0
13000853000175,888 FUNDO DE INVESTIMENTO FINANCEIRO EM COTAS DE FUNDOS DE INVESTIMENTO MULTIMERCADO,608803.04,1,1,0
17325385000160,TOP 2000 FIF MULT CRED PRIV - RESP LIMITADA,608755.8600000001,3,0,0
21082114000106,NC VESPER FUNDO DE INVESTIMENTO FINANCEIRO EM COTAS DE FUNDOS DE INVESTIMENTO MULTIMERCADO,608610.72,1,0,0
26605209000172,STAR FUNDO DE INVESTIMENTO FINANCEIRO MULTIMERCADO - RESPONSABILIDADE LIMITADA,604844.34,1,0,0
09380214000105,CAMARAS FUNDO DE INVESTIMENTO FINANCEIRO MULTIMERCADO CRÉDITO PRIVADO - RESPONSABILIDADE LIMITADA,600967.3600000001,3,0,0
42814813000165,ITAÚ HIGH YIELD PREV DISTRIBUIDORES BP FIF RF CRÉD PRIV - RESP LIMITADA,597811.64,1,0,0
56386123000167,LAVI FUNDO DE INVESTIMENTO MULTIMERCADO,596206.27,1,0,0
11447056000105,LINCOLN FUNDO DE INVESTIMENTO FINANCEIRO MULTIMERCADO CRÉDITO PRIVADO RESPONSABILIDADE LIMITADA,595604.03,4,0,0
45147192000100,WIXY PREV FUNDO DE INVESTIMENTO FINANCEIRO MULTIMERCADO CRÉDITO PRIVADO RESPONSABILIDADE LIMITADA,592817.54,1,1,0
41373706000186,FRATER DEBÊNTURES INCENTIVADAS FUNDO DE INVESTIMENTO FINANCEIRO EM  INFRAESTRUTURA RENDA FIXA,582675.45,1,0,0
47821854000100,AP ESTRUTURADO FUNDO DE INVESTIMENTO MULTIMERCADO CRÉDITO PRIVADO,582148.5,3,0,0
42154228000186,NEVERGIVEUP QI FUNDO DE INVESTIMENTO FINANCEIRO MULTIMERCADO CRÉDITO PRIVADO RESP LIMITADA,581474.81,1,0,0
42195637000120,GAPE QI FUNDO DE INVESTIMENTO FINANCEIRO MULTIMERCADO CRÉDITO PRIVADO RESPONSABILIDADE LIMITADA,581474.81,1,0,0
26657105000101,AURO AGAH FUNDO DE INVESTIMENTO FINANCEIRO MULTIMERCADO,568389.5,1,0,0
51475680000130,BRAVA FUNDO DE INVESTIMENTO FINANCEIRO EM COTAS DE FUNDOS DE INVESTIMENTO MULTIMERCADO,567330.42,1,1,0
60866355000190,MARAJOARA FUNDO DE INVESTIMENTO FINANCEIRO RENDA FIXA INVESTIMENTO EM INFRAESTRUTURA,566058.68,2,1,0
17009974000139,SIGNAL CAPITAL FUNDO DE INVESTIMENTO FINANCEIRO EM COTAS DE FUNDOS DE INVESTIMENTO MULTIMERCADO,563422.1,1,1,0
18185821000105,ARION FUNDO DE INVESTIMENTO FINANCEIRO MULTIMERCADO CRÉDITO PRIVADO RESPONSABILIDADE LIMITADA,556763.98,3,0,0
32742425000162,STEIN PART FUNDO DE INVESTIMENTO MULTIMERCADO,544632.35,1,1,0
36620786000197,GRATIDÃO ICATU QUALIFICADO PREVIDENCIÁRIO CIM CRÉDITO PRIVADO - RESP LIMITADA,543715.63,1,0,0
37539489000184,GOLDEN PREV FUNDO DE INVESTIMENTO MULTIMERCADO CRÉDITO PRIVADO RESPONSABILIDADE LIMITADA,541445.72,1,0,0
33600624000107,INTEGRAL ICATU PREVIDENCIARIO II FIF - CI RENDA FIXA CRÉDITO PRIVADO FIFE - RESP LIMITADA,540687.6900000001,8,1,0
57713013000125,BB M&Ms INFRA RENDA FIXA FUNDO INCENTIVADO DE INVESTIMENTO FINANCEIRO EM INFRAESTRUTURA RESP LIM,534056.72,1,0,0
53827910000109,BB MONTANHA MÁGICA INFRA RENDA FIXA FUNDO INCENTIVADO DE INVESTIMENTO FINANCEIRO EM INFRA RESP LIMIT,534056.72,1,0,0
61846544000163,ALTIORA FUNDO DE INVESTIMENTO FINANCEIRO MULTIMERCADO CRÉDITO PRIVADO,534009.6200000001,3,3,0
53156223000109,FGT 2 ESTRUTURADO FUNDO DE INVESTIMENTO MULTIMERCADO,532928.24,1,0,0
55633378000114,GFO SPECTRA MULT FUNDO DE INVESTIMENTO  FINANCEIRO,531847.51,1,0,0
24752410000157,HAWK EYE FIF - CLASSE DE INVESTIMENTO MULTIMERCADO CRÉDITO PRIVADO - RESP LIMITADA,529719.5,1,0,0
13970020000137,MAIS VIDA I FI FINANCEIRO - CI MULT - RESP LIMITADA,520954.17000000004,3,0,0
43280116000134,ATOS FUNDO DE INVESTIMENTO FINANCEIRO MULTIMERCADO,516029.89,1,1,0
34337882000105,PUMALIN FUNDO DE INVESTIMENTO FINANCEIRO MULTIMERCADO,514059.15,1,0,0
47970110000140,G5 ALLOCATION PRIVATE EQUITY I FUNDO DE INVESTIMENTO FINANCEIRO MULTIMERCADO,508135.45,1,1,0
36327555000190,FLM ISLAND EXCLUSIVO FUNDO DE INVESTIMENTO FINANCEIRO MULTIMERCADO CRÉDITO PRIVADO - RESP LIMITADA,503969.56,1,0,0
64459383000143,ALEPO FUNDO DE INVESTIMENTO FINANCEIRO MULTIMERCADO CRÉDITO PRIVADO RESPONSABILIDADE LIMITADA,501451.33999999997,4,1,0
18990517000130,POLINVEST FUNDO DE INVESTIMENTO MULTIMERCADO CRÉDITO PRIVADO INVESTIMENTO NO EXTERIOR,501086.57,1,0,0
37332474000140,MAB NÍVEL I FIF - CLASSE DE INVESTIMENTO EM AÇÕES - RESP LIMITADA,500148.28,1,0,0
27738581000110,LES TROIS FUNDO DE INVESTIMENTO FINANCEIRO MULTIMERCADO RESPONSABILIDADE LIMITADA,499453.67,1,0,0
01380701000166,SANTANDER PB VII MULTIMERCADO CRÉDITO PRIVADO - FUNDO DE INVESTIMENTO FINANCEIRO,496779.17,1,1,0
62155864000130,PORTO GUANABARA FUNDO DE INVESTIMENTO FINANCEIRO RENDA FIXA RESPONSABILIDADE LIMITADA,494510.85,3,0,0
60958418000138,INFRANET INCENTIVADO FIF RENDA FIXA INVESTIMENTO EM INFRAESTRUTURA - RESPONSABILIDADE LIMITADA,493960.33999999997,2,0,0
26315478000102,G5 GRANDE PRAIRIE FIF - CLASSE DE INVESTIMENTO MULTIMERCADO CRÉDITO PRIVADO - RESP LIMITADA,493926.57999999996,5,5,0
38653658000175,QUEENSTOWN FIF - CLASSE DE INVESTIMENTO MULTIMERCADO CRÉDITO PRIVADO,493572.17,1,0,0
09275592000129,TOP 540 FUNDO DE INVESTIMENTO FINANCEIRO MULT CRÉD PRIV - RESP LIMITADA,487895.01,3,0,0
54603605000104,SÃO PEDRO FUNDO INCENTIVADO DE INVESTIMENTO EM INFRAESTRUTURA RENDA FIXA,487353.49,1,0,0
08484114000166,ZULA FIF MULT CRÉD PRIV - RESP LIMITADA,485793.58999999997,3,0,0
34613727000166,BB PREVIDÊNCIA TP II FUNDO DE INVESTIMENTO FINANCEIRO RENDA FIXA CRÉDITO PRIVADO RESP LIMITADA,479781.38,1,0,0
10440171000195,SONAR PREMIUM FUNDO DE INVESTIMENTO FINANCEIRO MULTIMERCADO CRÉDITO PRIVADO - RESP LIMITADA,477297.76,1,1,0
10789852000163,CALA DI VOLPI FUNDO DE INVESTIMENTO FINANCEIRO MULTIMERCADO,473760.51,2,0,0
16599959000125,TAGUS TOP II FUNDO DE INVESTIMENTO FINANCEIRO RENDA FIXA,473468.39,2,0,0
36015218000167,UBS PITANGUEIRAS FUNDO DE INVESTIMENTO FINANCEIRO  MULTIMERCADO CRÉDITO PRIVADO RESP LIMITADA,468974.48,2,0,0
39502502000156,AUGME PRO XPA CLASSE DE INVESTIMENTO  MULTIMERCADO CRÉDITO PRIVADO - RESP LIMITADA,464970.18000000005,3,0,0
20983041000152,ALDEBARÃ FUNDO DE INVESTIMENTO FINANCEIRO - CLASSE DE INVESTIMENTO MULTIMERCADO CRÉDITO PRIVADO,464858.19000000006,2,1,0
15060252000183,SAPPHIRE PREVI-SIEMENS FI FINANCEIRO RENDA FIXA PREVIDENCIÁRIO - RESPONSABILIDADE LIMITADA,463135.13,5,0,0
40209653000108,BRAIN FUTURE FI FINANCEIRO - CI MULT CRED PRIV - RESP LIMITADA,460623.84,1,0,0
26370161000160,ICATU SEG APOSENTADORIA PREV RENDA FIXA FIF II RESPONSABILIDADE LIMITADA,460606.66000000003,4,0,0
09620207000133,BRISTOL FUNDO DE INVESTIMENTO MULTIMERCADO,459401.88,4,1,0
27944328000112,MACCHINA FUNDO DE INVESTIMENTO FINANCEIRO MULTIMERCADO,458717.74,1,0,0
09051595000189,TASHI FUNDO DE INVESTIMENTO FINANCEIRO MULTIMERCADO - RESPONSABILIDADE LIMITADA,454315.52,2,1,0
65472718000126,YARDS MULTIESTRATÉGIA FUNDO DE INVESTIMENTO FINANCEIRO MULTIMERCADO - RESPONSABILIDADE LIMITADA,451197.45999999996,3,1,0
35101715000115,RAVI FUNDO DE INVESTIMENTO FINANCEIRO MULTIMERCADO,449242.36,1,0,0
55693237000197,TRIUM FUNDO DE INVESTIMENTO EM COTAS DE FUNDOS DE INVESTIMENTO MULTIMERCADO CRÉDITO PRIVADO,442426.97,1,1,0
55693070000164,TRÊS PILARES FUNDO DE INVESTIMENTO EM COTAS DE FUNDOS DE INVESTIMENTO MULTIMERCADO CRÉDITO PRIVADO,441367.9,1,1,0
55692607000171,CRV FUNDO DE INVESTIMENTO EM COTAS DE FUNDOS DE INVESTIMENTO MULTIMERCADO CRÉDITO PRIVADO,441299.98,1,1,0
46449928000159,AEG 4 FUNDO DE INVESTIMENTO FINANCEIRO,441157.6,1,1,0
55691644000165,CAMP INVEST FUNDO DE INVESTIMENTO EM COTAS DE FUNDOS DE INVESTIMENTO MULTIMERCADO CRÉDITO PRIVADO,441063.97,1,1,0
11702118000188,TIGUAN PGA FIF - CLASSE DE INVESTIMENTO MULTIMERCADO PREVIDENCIÁRIO - RESP LIMITADA,439132.83,6,0,0
46344236000146,LUMINA PARTNERS FUNDO DE INVESTIMENTO FINANCEIRO MULTIMERCADO CP RESPONSABILIDADE LIMITADA,433596.85000000003,4,1,0
15141808000166,ZORIUN CLASSE DE INVESTIMENTO  MULTIMERCADO CRÉDITO PRIVADO - RESP LIMITADA,408971.58,1,0,0
59091384000148,ICATU TRÍADE PREV FIFE FIF CLASSE DE INVESTIMENTO MULTIMERCADO CRED PRIV - RESP LIMITADA,408313.33999999997,6,0,0
49089005000121,FIDEM ICATU PREVIDENCIÁRIO QUALIFICADO FI FINANCEIRO - CI MULT CRED PRIV - RESP LIMITADA,406308.30000000005,2,0,0
63746041000141,GHIA ALOCAÇÃO ALTERNATIVOS FUNDO DE INVESTIMENTO FINANCEIRO,403711.25,1,0,0
52771267000186,BRADESCO FIF - CLASSE DE  INVESTIMENTO MULTIMERCADO CRÉDITO PRIVADO FRIGOR,403476.65,1,1,0
09620330000154,BLACK FIF MULT CRÉD PRIV - RESP LIMITADA,401872.79000000004,2,0,0
32287638000141,ARAIAN FUNDO DE INVESTIMENTO NO EXTERIOR MULTIMERCADO MACRO,400942.12,2,0,0
46442607000122,PEG BULLDOZER FUNDO DE INVESTIMENTO MULTIMERCADO,397630.6,1,1,0
21363225000182,MARATONA PROGRAMADO FUNDO DE INVESTIMENTO EM AÇÕES,397075.99,1,0,0
27927529000101,AEN FUNDO DE INVESTIMENTO FINANCEIRO MULTIMERCADO,396613.75,2,0,0
21596154000168,PAX FIF MULT CRÉD PRIV - RESP LIMITADA,395788.76,3,0,0
42264017000104,ITAÚ HIGH YIELD ALL MULTIMERCADO CRÉDITO PRIVADO FIF RESP LIMITADA,394127.95,1,0,0
17138474000105,SANTANDER CRESCIMENTO INSTITUCIONAL RENDA FIXA CRÉDITO PRIVADO LONGO PRAZO - FIF RESP LIMITADA,393385.7,1,0,0
42119576000112,G5 ZANDVOORT QUALIFICADO ICATU PREV FI FINANCEIRO - CI MULT CRED PRIV - RESP LIMITADA,393271.19,1,1,0
29045977000107,BRAIN AMAROGER BRADESCO FI FINANCEIRO - CI MULT CRED PRIV - RESP LIMITADA,387560.19,2,0,0
35803219000103,G5 MONACO CLASSE DE INVESTIMENTO MULTIMERCADO CRÉDITO PRIVADO,380765.02,2,1,0
20046596000178,MONA FUNDO DE INVESTIMENTO FINANCEIRO MULTIMERCADO,379599.79,1,0,0
49625715000129,SPECTRA SKY TECH FUNDO DE INVESTIMENTO FINANCEIRO,379478.31,1,1,0
27928267000108,IDA DEBÊNTURES INCENTIVADAS FUNDO INCENTIVADO DE INVESTIMENTO FINANCEIRO EM INFRA RENDA FIXA,379086.89,2,0,0
50038992000114,SPARTA DEB INC ESTRAT FUNDOS INCENTIVADOS DE INVEST FINANCEIRO EM INFRA RENDA FIXA - RESP LIMITADA,378626.1,1,0,0
28629481000118,START FI FINANCEIRO - CI MULT CRED PRIV - RESP LIMITADA,374722.44,2,1,0
53776649000165,UBS NEW LUL EI FUNDO DE INVESTIMENTO FINANCEIRO - MULTIMERCADO CRÉDITO PRIVADO RESP LIMITADA,373809.49,1,0,0
54386077000170,UBS RIO DOURO EI FUNDO DE INVESTIMENTO FINANCEIRO - MULTIMERCADO CRÉDITO PRIVADO RESP LIMITADA,373809.48,1,0,0
17161965000169,UBS LAIMA FUNDO DE INVESTIMENTO FINANCEIRO - MULTIMERCADO CREDITO PRIVADO RESPONSABILIDADE LIMITADA,373809.48,1,0,0
55915733000148,LUMINA COLABORADORES II FUNDO DE INVESTIMENTO FINANCEIRO,373090.26,6,0,0
64720989000190,AVGA CAPITAL WM JEQUITIBÁ FUNDO DE INVESTIMENTO MULTIMERCADO  CRÉDITO PRIVADO RESP LIMITADA,364133.11,2,2,0
24271085000100,SAPA FUNDO DE INVESTIMENTO FINANCEIRO MULTIMERCADO,363042.05,3,0,0
46700576000162,STARBOARD PARTNERS SS III VI INV FUNDO DE INVESTIMENTO FINANCEIRO MULTIMERCADO,362663.73,1,1,0
56190639000131,G5 ALLOCATION SPECIAL SITUATIONS II FUNDO DE INVESTIMENTO MULTIMERCADO,360253.96,1,1,0
14822262000146,RAVI EXÉRCITO FUNDO DE  INVESTIMENTO FINANCEIRO EM AÇÕES,358562.0,2,1,0
63319624000196,A1 CRÉDITO FIF INVESTIMENTO EM DEBÊNTURES DE INFRA CDI ATIVO RF CRED PRIV RESP LIMITADA,357261.25,4,0,0
53759902000172,DUNA FIF - FUNDO INCENTIVADO EM INVESTIMENTO EM DEB DE INFRA RF CRÉD PRIV - RESP LIMITADA,355507.69,2,0,0
66062773000100,OBY TUIM FUNDO DE INVESTIMENTO FINANCEIRO MULTIMERCADO,353265.65,3,0,0
60865770000129,ÁGUA BOA FUNDO DE INVESTIMENTO FINANCEIRO RENDA FIXA INVESTIMENTO EM INFRAESTRUTURA,353112.53,2,1,0
40438556000189,SILVA PRIVATE FIF - CLASSE DE INVESTIMENTO MULTIMERCADO CRÉDITO PRIVADO - RESP LIMITADA,351672.38,1,0,0
25423135000190,QUARTETO FIF - CLASSE DE INVESTIMENTO MULT CRED PRIV - RESP LIMITADA,351672.38,1,0,0
27251009000121,PRIVATE 110 FIF - CLASSE DE INVESTIMENTO MULT CRED PRIV - RESP LIMITADA,351672.38,1,0,0
50768122000109,BRAIN ELENA FUNDO DE INVESTIMENTO FINANCEIRO MULTIMERCADO CRÉDITO PRIVADO,351362.00999999995,2,0,0
41853468000106,ÍCARO FIF - CLASSE DE INVESTIMENTO MULT CRED PRIV - RESP LIMITADA,351353.59,1,0,0
32138809000170,UBS GARUPA FUNDO DE INVESTIMENTO EM COTAS DE FIF - MULTIMERCADO CRÉD PRIV RESP LIMITADA,346776.06,5,0,0
46975834000113,MULTICOOP MODERADO FIF MULTIMERCADO CRÉDITO PRIVADO RESPONSABILIDADE LIMITADA,344214.0,1,0,0
30322419000120,SALAMANCA CLASSE DE INVESTIMENTO MULTIMERCADO CRÉDITO PRIVADO,342300.82,1,0,0
33269355000130,EMUNÁ MULTIMERCADO - FUNDO DE INVESTIMENTO FINANCEIRO,339110.56000000006,3,1,0
55193005000170,SANTANDER CRESCIMENTO INSTITUCIONAL MASTER RENDA FIXA CRÉDITO PRIVADO FIF RESP LIMITADA,337921.4,1,0,0
62408908000196,CALA DI VOLPI II FUNDO DE INVESTIMENTO FINANCEIRO EM COTAS DE FUNDOS DE INVESTIMENTO MULTIMERCADO,336193.3,2,0,0
55035529000132,FRG FIF - CLASSE DE INVESTIMENTO MULTIMERCADO CRÉDITO PRIVADO - RESPONSABILIDADE LIMITADA,335988.96,1,0,0
50021895000119,M4 VENTURES FUNDO DE INVESTIMENTO FINANCEIRO MULTIMERCADO CRÉDITO PRIVADO INVESTIMENTO NO EXTERIOR,335793.34,1,1,0
39851775000106,FENENA FUNDO DE INVESTIMENTO FINANCEIRO MULTIMERCADO,335291.04,1,0,0
35844956000154,PWM RAB FUNDO DE INVESTIMENTO FINANCEIRO - CLASSE DE INVESTIMENTO AÇÕES - RESPONSABILIDADE LIMITADA,333865.49,1,0,0
10396909000164,TOP 700 FUNDO DE INVESTIMENTO FINANCEIRO EM AÇÕES INVESTIMENTO NO EXTERIOR RESPONSABILIDADE LIMITADA,333166.37,1,0,0
09289106000121,FRAM CAPITAL AMUNDSEN FUNDO DE INVESTIMENTO MULTIMERCADO,331736.74,1,1,0
46474133000109,G5 F LUMINA BRASIL FUNDO DE INVESTIMENTO MULTIMERCADO,329585.06,1,1,0
31963604000167,SUCELLUS FUNDO DE INVESTIMENTO FINANCEIRO MULTIMERCADO CRÉDITO PRIVADO INVESTIMENTO NO EXTERIOR,327138.86,2,0,0
26751117000109,CASTOR FIF - CLASSE DE INVESTIMENTO MULTIMERCADO CRÉDITO PRIVADO RESP LIMITADA,324499.94,3,0,0
49651245000178,BAY GUANABARA FUNDO DE INVESTIMENTO MULTIMERCADO CREDITO PRIVADO INVESTIMENTO NO EXTERIOR,323771.19,1,1,0
52224611000117,STRATEGIE FUNDO DE INVESTIMENTO EM  COTAS DE FUNDOS DE INVESTIMENTO RENDA FIXA LONGO PRAZO,321984.45,1,1,0
07288048000196,AMAZONITA FUNDO DE  INVESTIMENTO FINANCEIRO MULTIMERCADO  CRÉDITO PRIVADO,319620.42,1,1,0
10463004000160,PROPRIETÁRIO 11 FI FINANCEIRO - CI MULT CRED PRIV - RESP LIMITADA,318855.13,1,0,0
59527449000155,NIKOS JBI COMPARTILHAR FUNDO DE INVESTIMENTO FINANCEIRO EM COTAS DE FI MULTIMERCADO,305344.61,1,1,0
37681022000174,RBA FUNDO DE INVESTIMENTO FINANCEIRO MULTIMERCADO,300359.54,3,1,0
46205976000100,AQUILA 8 FI FINANCEIRO - CI MULT - RESP LIMITADA,298849.19,4,0,0
57032992000156,BB TOP RENDA FIXA DEBÊNTURES INCENTIVADAS CDI PLUS FIF EM INFRAESTRUTURA RESPONSABILIDADE LIMITADA,297303.08,1,0,0
54603456000175,BB A57 FUNDO DE INVESTIMENTO FINANCEIRO EM AÇÕES RESPONSABILIDADE LIMITADA,291322.3,1,0,0
54561521000147,ALUMEN FUNDO DE INVESTIMENTO EM PARTICIPAÇÕES MULTIESTRATÉGIA,291025.15,1,1,0
20968924000193,UBS DG FUNDO DE INVESTIMENTO EM COTAS DE FIF - MULT CRED PRIV RESPONSABILIDADE LIMITADA,287319.03,1,0,0
40054478000119,FOR4 FIF MULT CRÉD PRIV - RESP LIMITADA,279672.77,1,0,0
51990118000145,CERRADO FUNDO DE INVESTIMENTO  FINANCEIRO - CLASSE DE INVESTIMENTO MULTIMERCADO  CRÉDITO PRIVADO,278409.87,2,0,0
45494318000104,ST JAMES PARK FUNDO DE INVESTIMENTO FINANCEIRO MULT CRÉD PRIV RESP LIMITADA,276496.98,2,0,0
52319866000163,BTG PACTUAL HEDGE II FUNDO DE INVESTIMENTO FINANCEIRO RENDA FIXA,273362.7,5,1,0
62203847000120,SULAMÉRICA CRÉDITO ESG MASTER FIF RENDA FIXA CRÉDITO PRIVADO LONGO PRAZO IS DE RESP LIMITADA,272214.85,8,0,0
54883919000108,CAPITÂNIA CANA FIF FUNDO INCENTIVADO EM INVESTIMENTO EM DEB DE INF RF CRÉD PRIVADO - RESP LIMITADA,268485.73,2,0,0
44515697000109,SPECIALE FOF ALTERNATIVES I FUNDO DE INVESTIMENTO FINANCEIRO MULTIMERCADO,267401.82,1,1,0
52407514000160,MORRO VERDE FUNDO DE INVESTIMENTO FINANCEIRO LONGO PRAZO,264925.35,1,1,0
33632411000159,MAS FUNDO DE INVESTIMENTO FINANCEIRO DE AÇÕES - RESPONSABILIDADE LIMITADA,261966.11,1,0,0
53109663000105,IKOPORAN ENDOWMENT I FUNDO DE INVESTIMENTO FINANCEIRO MULTIMERCADO - RESPONSABILIDADE LIMITADA,259797.27000000002,3,0,0
29722392000184,SANTANDER PB FINOR INVESTIMENTO EM INFRAESTRTUTURA RENDA FIXA - FIF RESP LIMITADA,253339.23,1,1,0
58531378000100,G5 ALLOCATION ALTERNATIVES SECONDARIES FUNDO DE INVESTIMENTO FINANCEIRO MULTIMERCADO,250116.39,3,3,0
39511694000167,TULIPA 18 CLASSE DE INVESTIMENTO  MULTIMERCADO CRÉDITO PRIVADO,247237.29,2,0,0
21082091000121,ALPINO FIF - CLASSE DE INVESTIMENTO RENDA FIXA - RESPONSABILIDADE LIMITADA,245998.93,4,0,0
26862085000100,GREEN PARK FIF MULT CRÉD PRIV - RESP LIMITADA,239775.61000000002,2,0,0
28840456000189,MENDOZA FUNDO DE INVESTIMENTO FINANCEIRO RENDA FIXA RESPONSABILIDADE LIMITADA,238834.0,3,0,0
54200289000111,SK8 FIF - CLASSE DE INVESTIMENTO RENDA FIXA INCENTIVADO DE INVESTIMENTO EM INFRAESTRUTURA,237657.33,3,1,0
45121114000128,BLUEMETRIX FUNDO DE INVESTIMENTO FINANCEIRO,233873.92,1,0,0
55368221000109,BTG PACTUAL HEDGE INSTITUCIONAL RENDA FIXA ATIVA FUNDO DE INVESTIMENTO RENDA FIXA,232858.28,4,1,0
14799786000163,RAVI MÃE FUNDO DE INVESTIMENTO FINANCEIRO MULTIMERCADO - RESPONSABILIDADE LIMITADA,229566.47,1,0,0
44703142000190,FIDUC PREVIDÊNCIA CONSERVADOR ICATU FIF - CLASSE DE INVESTIMENTO MULTIMERCADO - RESP LIMITADA,227868.05000000002,2,0,0
36327536000163,REAL INVESTOR ALOCAÇÃO FUNDO DE INVESTIMENTO FINANCEIRO MULTIMERCADO - RESPONSABILIDADE LIMITADA,222251.5,1,1,0
54029997000131,AMW CRÉDITO FUNDO DE INVESTIMENTO FINANCEIRO RENDA FIXA LONGO PRAZO,216488.61,1,0,0
35120235000100,SANTANDER PB HOLLY III MULTIMERCADO CRÉDITO PRIVADO - FUNDO DE INVESTIMENTO FINANCEIRO RESP LIMITADA,215677.28,1,1,0
39456646000113,JP CONQUISTA FUNDO DE INVESTIMENTO EM COTAS DE FUNDOS DE INVESTIMENTO MULTIMERCADO,212595.78,1,0,0
62604345000101,NEWAVE CRÉDITO INFRA30 FUNDO DE INVESTIMENTO FINANCEIRO INFRA RF CP - RESP LIMITADA,210365.81,1,0,0
41799419000132,BELEROFONTE FUNDO DE INVESTIMENTO FINANCEIRO MULTIMERCADO CRÉDITO PRIVADO RESPONSABILIDADE LIMITADA,206514.78999999998,2,0,0
37541542000181,RUKI FIF MULTIMERCADO CRÉDITO PRIVADO INVESTIMENTO NO EXTERIOR RESP LIMITADA,202761.46000000002,2,0,0
51278656000101,AJAX MULTIESTRATÉGIA ESPECIAL FUNDO DE INVESTIMENTO FINANCEIRO MULTIMERCADO,201287.0,1,0,0
50011649000186,PORTO REFERENCIADO DI INSTITUCIONAL FUNDO DE INVESTIMENTO FINANCEIRO RENDA FIXA RESP LIMITADA,198220.61,1,0,0
43103846000160,BTG PACTUAL CRÉDITO CORPORATIVO PREV IPCA FUNDO DE INVESTIMENTO RENDA FIXA CRÉDITO PRIVADO,196512.07,1,0,0
52225340000114,CAIXA CVP FIF RENDA FIXA CRÉDITO PRIVADO ASG INVESTIMENTO SUSTENTÁVEL - IS - RESP LIMITADA,193797.63999999998,2,0,0
62491272000199,BMINVEST FUNDO DE INVESTIMENTO FINANCEIRO RENDA FIXA INVESTIMENTO EM INFRAESTRUTURA - RESP LIMITADA,186571.28,1,0,0
66312072000182,PIPO FINTECH INVESTIMENTOS FIF MULT CRED PRIV RESP LIMITADA,182597.66,1,1,0
33304891000129,SIRACUSA FUNDO DE INVESTIMENTO EM PARTICIPAÇÕES MULTIESTRATÉGIA,176029.1,1,0,1
35610924000194,NGN FUNDO DE INVESTIMENTO FINANCEIRO MULTIMERCADO,171669.69,2,0,0
31713520000175,UBS ATOZ FUNDO DE INVESTIMENTO FINANCEIRO  MULTIMERCADO CRÉDITO PRIVADO RESPONSABILIDADE LIMITADA,167519.88,1,0,0
34867202000157,CORRENTÃO FUNDO DE INVESTIMENTO FINANCEIRO,167119.5,2,0,0
11858480000142,GUAPURUVU FIF MULTIMERCADO CRÉDITO PRIVADO INVESTIMENTO NO EXTERIOR RESP LIMITADA,161401.24,1,0,0
39511976000164,INFRA PLUS RENDA FIXA CLASSE INCENTIVADA  DE INVESTIMENTO EM INFRAESTRUTURA - RESPONSABILIDADE LIMIT,155332.08,1,0,0
25381770000152,MARINO FIF - CLASSE DE INVESTIMENTO MULTIMERCADO CRÉDITO PRIVADO - RESPONSABILIDADE LIMITADA,155254.63,2,1,0
15435450000184,SUCESSO FUNDO DE INVESTIMENTO FINANCEIRO MULTIMERCADO CREDITO PRIVADO,154905.41,1,1,0
52980608000123,MULTIPREV CARTEIRA 40 FUNDO DE INVESTIMENTO FINANCEIRO MULTIMERCADO- RESP LIMITADA,154869.83,1,0,0
17946975000100,DASWOLF FUNDO DE  INVESTIMENTO FINANCEIRO MULTIMERCADO CRÉDITO PRIVADO,154558.42,1,1,0
44900613000150,KAPPA II FIF - CLASSE DE INVESTIMENTO MULTIMERCADO CRÉDITO PRIVADO - RESP LIMITADA,149924.88,1,0,0
55299967000108,BDR VERSAILLES FUNDO INCENTIVADO DE INVESTIMENTO EM INFRAESTRUTURA RENDA FIXA,149799.27,1,0,0
56224296000189,KWX INFRA BRASIL FIF - FUNDO INCENTIVADO EM INVESTIMENTO EM DEB DE INFRA RF CRED PRIV RESP LIMITADA,149747.31,2,0,0
62381358000169,PRUNUS FIFI - CI RENDA FIXA INVESTIMENTO EM INFRAESTRUTURA - RESPONSABILIDADE LIMITADA,145525.98,1,0,0
59679052000189,VINLAND CRÉDITO PREV MASTER S FUNDO DE INVESTIMENTO FINANCEIRO MULTIMERCADO CRÉD PRIV RESP LIMITADA,145083.72,1,0,0
37988056000106,AMETISTA FUNDO DE INVESTIMENTO FINANCEIRO MULTIMERCADO CRÉDITO PRIVADO,141818.22,2,1,0
47685124000111,RIO BRAVO ICATU FIFE PREVIDENCIÁRIO FI FINANCEIRO - CI MULT - RESP LIMITADA,140625.71000000002,2,0,0
63973427000196,MADRID 2 FUNDO  DE INVESTIMENTO FINANCEIRO - CIC MULTIMERCADO - CRÉDITO PRIVADO,140248.43,1,1,0
55945272000156,MAG FIF RENDA FIXA INVESTIMENTO EM INFRAESTRUTURA CRÉDITO PRIVADO - RESPONSABILIDADE LIMITADA,139174.93,1,0,0
53858396000179,BRADESCO FUNDO DE INVESTIMENTO FINANCEIRO - Ci RENDA FIXA INCENTIVADO DE INVESTIMENTO EM INFRA BELLA,138567.74,1,1,0
28206355000150,FAMAG FUNDO DE INVESTIMENTO FINANCEIRO MULTIMERCADO CRÉDITO PRIVADO,136740.07,2,1,0
01623379000159,ITAÚ FPP MODERADO FIF - CLASSE DE INVESTIMENTO MULTIMERCADO CRÉD PRIV - RESP LIMITADA,131577.17,1,0,0
53088893000135,BTG LEGATO CW2 FUNDO DE INVESTIMENTO MULTIMERCADO,129247.34,1,0,0
43812102000114,ILLUMINATUM PREVIDENCIÁRIO FIF MULTIMERCADO CRÉDITO PRIVADO RESP LIMITADA,125486.09,1,0,0
62380424000186,PORTAL SOLAR FIF - CI RENDA FIXA INVESTIMENTO EM INFRAESTRUTURA - RESPONSABILIDADE LIMITADA,124736.11,1,0,0
23352200000109,PAD501 FUNDO DE INVESTIMENTO FINANCEIRO MULTIMERCADO CRÉDITO PRIVADO,124014.44,1,0,0
37987887000163,OCEANO AZUL FUNDO DE INVESTIMENTO FINANCEIRO MULTIMERCADO CRÉDITO PRIVADO,122078.92,1,1,0
37988084000123,BORA BORA FUNDO DE INVESTIMENTO FINANCEIRO MULTIMERCADO CREDITO PRIVADO,122078.92,1,1,0
61707669000102,BRAIN PRISMA III FUNDO DE INVESTIMENTO FINANCEIRO MULTIMERCADO,119668.83,1,1,0
53095590000140,SOLIT 2 FUNDO DE INVESTIMENTO MULTIMERCADO CRÉDITO PRIVADO,117214.32,1,1,0
18159086000165,CEOS CLASSE DE INVESTIMENTO MULTIMERCADO CRÉDITO PRIVADO - RESPONSABILIDADE  LIMITADA,116285.7,1,0,0
12082982000197,LT801 FUNDO DE INVESTIMENTO  FINANCEIRO MULTIMERCADO CREDITO PRIVADO,113554.81,1,1,0
39254635000150,G5 MILLAS II F FUNDO DE INVESTIMENTO FINANCEIRO EM COTAS DE FUNDOS DE INVESTIMENTO MULTIMERCADO,112901.59,1,1,0
61973575000185,VINLAND FIF FI INCENTIVADO EM DEBÊNTURES DE INFRA IPCA IMAB RF CRED PRIV LONGO PRAZO RESP LIMITADA,111272.89,3,0,0
44209539000120,KINCS FUNDO DE INVESTIMENTO FINANCEIRO EM AÇÕES,109891.38,1,0,0
65126937000153,LGFCC FUNDO DE INVESTIMENTO EM COTAS DE FUNDO DE INVESTIMENTO MULTIMERCADO CRED PRIV RESP LIMITADA,108634.11,2,2,0
10462973000104,FUNDO DE INVESTIMENTO FINANCEIRO MULTIMERCADO PROPRIETÁRIO 9,106285.04,1,1,0
63993473000157,G5 F LUMINA BRASIL III FUNDO DE INVESTIMENTO FINANCEIRO MULTIMERCADO,103505.47,1,1,0
45358996000140,JCI IV A - FUNDO DE INVESTIMENTO EM AÇÕES,101685.28,1,1,0
07936663000161,AVIAO FUNDO DE INVESTIMENTO FINANCEIRO MULTIMERCADO,100244.78,1,0,0
22809036000153,BNP PARIBAS ICATU SEG CLASSE DE INVESTIMENTO PREVIDENCIÁRIA RENDA FIXA CRÉD PRIVADO - RESP LIMITADA,91689.28,4,0,0
13458147000171,ASHIRWAD FUNDO DE INVESTIMENTO FINANCEIRO MULTIMERCADO CRÉDITO PRIVADO,91188.68,1,1,0
42774301000112,CALATHEA RENDA FIXA CLASSE INCENTIVADA  DE INVESTIMENTO EM INFRAESTRUTURA - RESP LIMITADA,87618.9,1,0,0
05093013000176,ATLÂNTIDA FIF - CLASSE DE INVESTIMENTO MULTIMERCADO - RESP LIMITADA,87588.59,4,0,0
65846104000167,RÉGIA DEBÊNTURES INCENTIVADAS IS FIF RENDA FIXA INVESTIMENTO EM INFRAESTRUTURA - RESP LIMITADA,87326.63,3,0,0
62379427000108,ANGICO FIF - CI RENDA FIXA INVESTIMENTO EM INFRAESTRUTURA - RESPONSABILIDADE LIMITADA,83157.41,1,0,0
18159094000101,SARFIM CLASSE DE INVESTIMENTO  MULTIMERCADO CRÉDITO PRIVADO - RESP LIMITADA,82354.67,1,0,0
35844920000170,CKY FUNDO DE INVESTIMENTO FINANCEIRO MULTIMERCADO CRÉDITO PRIVADO,81759.47,1,1,0
27129128000106,MATISSE III FI FINANCEIRO - CI MULT CRED PRIV - RESP LIMITADA,81552.97,1,0,0
38903485000104,RAVNA FUNDO DE INVESTIMENTO FINANCEIRO MULTIMERCADO CRÉDITO PRIVADO INVESTIMENTO NO EXTERIOR,80359.58,1,1,0
16742106000109,CEZANNE FUNDO DE INVESTIMENTO FINANCEIRO MULTIMERCADO CRÉDITO PRIVADO,79854.18,1,1,0
26725133000119,FÍGARO FI FINANCEIRO - CI MULT CRED PRIV - RESP LIMITADA,79854.18,1,1,0
27928130000145,TANCREDI FUNDO DE INVESTIMENTO FINANCEIRO MULTIMERCADO CRÉDITO PRIVADO,79121.51000000001,2,1,0
19599277000100,FML FI FINANCEIRO - CI MULT CRED PRIV - RESP LIMITADA,77281.53,1,1,0
54779679000198,GUERREIRO FIF FUNDO INCENTIVADO EM INVESTIMENTO EM DEB DE INFRA RF CRED PRIV - RESP LIMITADA,76662.05,1,0,0
64657629000191,SPECTRA PARTNERS VII FUNDO DE INVESTIMENTO FINANCEIRO,72883.63,1,1,0
41252666000114,ATLÂNTIDA 2 FI FINANCEIRO - CI MULT - RESP LIMITADA,70818.23000000001,4,0,0
18635495000190,AVLFM FUNDO DE INVESTIMENTO FINANCEIRO MULTIMERCADO CRÉDITO PRIVADO RESPONSABILIDADE LIMITADA,66907.75,1,0,0
32485528000194,BRADESCO FUNDO DE  INVESTIMENTO FINANCEIRO MULTIMERCADO  CRÉDITO PRIVADO AGEM PM IV,66231.0,1,0,0
24183846000172,TESSA FUNDO DE INVESTIMENTO FINANCEIRO MULTIMERCADO - CREDITO PRIVADO,66160.5,2,0,0
61530644000186,PACUIBA II FUNDO DE INVESTIMENTO MULTIMERCADO,64596.22,1,1,0
23954899000187,TOWER II RENDA FIXA FUNDO DE INVESTIMENTO IMA-B 5,62698.87,1,1,0
32485552000123,FIF - CLASSE DE INVESTIMENTO AGEM ELLIS III MULTIMERCADO CRÉDITO PRIVADO - RESP LIMITADA,59121.74,1,1,0
11349797000153,EF2 FUNDO DE INVESTIMENTO FINANCEIRO MULT CRÉD PRIV - RESP LIMITADA,58304.11,1,0,0
04957589000171,CIFRÃO CLASSE DE INVESTIMENTO  MULTIMERCADO PREVIDÊNCIÁRIO - RESP LIMITADA,57429.72,5,0,0
36518187000167,CLAMA FUNDO DE  INVESTIMENTO FINANCEIRO MULTIMERCADO  CRÉDITO PRIVADO,56672.5,1,1,0
26725148000187,G5 MOON FI FINANCEIRO - CI MULT CRED PRIV - RESP LIMITADA,56483.54,1,1,0
05362674000150,HAWKER FIF - CLASSE DE INVESTIMENTO MULTIMERCADO CRED PRIV - RESPONSABILIDADE LIMITADA,56294.86,1,0,0
43312881000199,GRALHA AZUL FIF - CLASSE DE INVESTIMENTO MULTIMERCADO CRÉDITO PRIVADO - RESPONSABILIDADE LIMITADA,55457.76,1,1,0
60325724000137,RIO BRAVO SOLUÇÃO ESSENCIAL FIF - CLASSE DE INVESTIMENTO MULT - RESP LIMITADA,55188.56,1,0,0
60333724000189,RIO BRAVO SOLUÇÃO DIVERSIFICADA FIF - CLASSE DE INVESTIMENTO MULT - RESP LIMITADA,55188.56,1,0,0
11904095000194,MAR DO ALTO FUNDO DE INVESTIMENTO FINANCEIRO EM AÇÕES,50137.8,1,1,0
44917182000135,TAO II FIF - CLASSE DE INVESTIMENTO MULTIMERCADO CRÉDITO PRIVADO - RESPONSABILIDADE LIMITADA,49974.96,1,0,0
11111090000104,PORTFÓLIO 173 FIF MULTIMERCADO CRÉDITO PRIVADO - RESPONSABILIDADE LIMITADA,48829.39,2,0,0
18422250000185,MAURITIUS FIF CLASSE DE INVESTIMENTO MULTIMERCADO CRÉDITO PRIVADO - RESPONSABILIDADE LIMITADA,48541.45,1,0,0
12866378000151,FRANCO FUNDO DE INVESTIMENTO FINANCEIRO MULTIMERCADO CRÉDITO PRIVADO,48423.66,1,0,0
45355573000176,EMPIRICUS FOF MELHORES FUNDOS CONSERVADOR FI FINANCEIRO EM COTAS DE FI MULTIMERCADO,48026.35,1,0,0
28321170000197,CLAVA FUNDO DE INVESTIMENTO FINANCEIRO MULTIMERCADO CRÉDITO PRIVADO,47179.4,1,0,0
42408185000118,WAYNE FUNDO DE INVESTIMENTO FINANCEIRO MULTIMERCADO CRÉDITO PRIVADO - RESPONSABILIDADE LIMITADA,47177.0,1,1,0
42408129000183,GRINGOTES FUNDO DE INVESTIMENTO FINANCEIRO MULTIMERCADO CRÉDITO PRIVADO -  RESPONSABILIDADE LIMITADA,47177.0,1,1,0
28581505000106,PELORUS FUNDO DE INVESTIMENTO FINANCEIRO EM AÇÕES - RESPONSABILIDADE LIMITADA,45887.92,1,0,0
55894379000112,RT II CLASSE DE INVESTIMENTO MULTIMERCADO CRÉDITO PRIVADO,45369.11,1,1,0
30332800000170,SANTANDER PB ICARO III MULTIMERCADO - FUNDO DE INVESTIMENTO FINANCEIRO,45116.18,1,1,0
27036302000176,BOTIJA FX 95 FUNDO DE INVESTIMENTO FINANCEIRO MULTIMERCADO,43894.91,1,0,0
23872452000169,JOMS FUNDO DE INVESTIMENTO FINANCEIRO - CLASSE DE INVESTIMENTO MULTIMERCADO CRÉDITO PRIVADO,43450.85,1,0,0
23352192000109,PAD530 FUNDO DE INVESTIMENTO FINANCEIRO MULTIMERCADO CRÉDITO PRIVADO,43135.46,1,0,0
03959960000171,IPF CLASSE DE INVESTIMENTO MULTIMERCADO CRÉDITO PRIVADO - RESP LIMITADA,41628.7,1,0,0
26725179000138,T BLOCK FIF - CLASSE DE INVESTIMENTO MULTIMERCADO CRÉDITO PRIVADO - RESPONSABILIDADE LIMITADA,40439.49,1,0,0
58542932000146,CAPITANIA INFRA RENDA 90 II FIF RENDA FIXA INVESTIMENTO EM INFRAESTRUTURA - RESP LIMITADA,38270.72,3,0,0
05053850000171,QOPPA FUNDO DE INVESTIMENTO FINANCEIRO MULTIMERCADO CRÉDITO PRIVADO,37197.130000000005,2,0,0
13022980000175,OGGI FUNDO DE INVESTIMENTO FINANCEIRO MULTIMERCADO,35888.76,2,0,0
28206371000143,WINGS FIF - CLASSE DE INVESTIMENTO MULTIMERCADO CRÉDITO PRIVADO - RESPONSABILIDADE LIMITADA,35642.66,2,0,0
33913618000100,TESLA R2 CLASSE DE INVESTIMENTO MULTIMERCADO CRÉDITO PRIVADO - RESP LIMITADA,33931.03,1,0,0
11575393000188,FUBÁ FI FINANCEIRO - CI MULT CRED PRIV - RESP LIMITADA,33699.58,1,0,0
23379346000148,BODRUM FIF - CLASSE DE INVESTIMENTO MULTIMERCADO CRÉDITO PRIVADO - RESP LIMITADA,33699.58,1,0,0
26362380000106,INVISTE FUNDO DE INVESTIMENTO FINANCEIRO - CLASSE DE INVESTIMENTO MULTIMERCADO CRÉDITO PRIVADO,33699.58,1,0,0
26315491000153,TIJUCO FUNDO DE INVESTIMENTO FINANCEIRO MULTIMERCADO CRÉDITO PRIVADO RESPONSABILIDADE LIMITADA,33699.58,1,0,0
45722996000187,ITAÚ BTG PACTUAL CRÉDITO CORPORATIVO IPCA PREV FIF RENDA FIXA CRÉDITO PRIVADO RESP LIMITADA,32248.13,1,0,0
14359654000110,FI FINANCEIRO RENDA FIXA CRÉDITO PRIVADO VALUE PREV SC III - RESPONSABILIDADE LIMITADA,28124.730000000003,2,0,0
34400188000187,REMANSO FUNDO DE INVESTIMENTO FINANCEIRO MULTIMERCADO CRÉDITO PRIVADO - RESPONSABILIDADE LIMITADA,27502.01,1,0,0
12483872000137,H2S2 FUNDO DE INVESTIMENTO FINANCEIRO - MULTIMERCADO CRÉDITO PRIVADO RESPONSABILIDADE LIMITADA,27467.6,1,0,0
34839786000157,RUVEN II FUNDO DE INVESTIMENTO FINANCEIRO MULTIMERCADO,27312.95,2,0,0
53475103000174,DRYS MASTER DEBENTURES DE INFRAESTRUTURA FI FINANCEIRO RF CRÉD PRIV - RESPONSABILIDADE  LIMITADA,25048.77,1,0,0
11502157000131,ORION FI FINANCEIRO - CI MULT CRED PRIV - RESP LIMITADA,24985.97,1,0,0
26173354000121,URUS FUNDO DE INVESTIMENTO FINANCEIRO - MULTIMERCADO CREDITO PRIVADO RESPONSABILIDADE LIMITADA,22889.67,1,0,0
32158806000107,G5 VEGAS FUNDO DE INVESTIMENTO FINANCEIRO MULTIMERCADO,22678.88,1,1,0
58060783000189,G5 STARGATE II FIF  - CLASSE DE INVESTIMENTO MULTIMERCADO CRÉDITO PRIVADO.,22678.88,1,1,0
10309506000130,ETHICA FUNDO DE INVESTIMENTO MULTIMERCADO,22670.83,1,1,0
58516599000109,PS CREDITO FUNDO DE INVESTIMENTO FINANCEIRO EM COTAS DE FUNDOS DE INVESTIMENTO MULTIMERCADO III,22394.02,1,0,0
21407204000111,ITAÚ FPP AGRESSIVO FIF - CI MULTIMERCADO CRÉDITO PRIVADO - RESPONSABILIDADE LIMITADA,20786.43,1,0,0
15780914000190,BRADESCO EXTENDED CREDIT POD FI FINANCEIRO - CIC DE CI MULT - RESP LIMITADA,19767.46,2,0,0
17012169000164,AMARO CLASSE DE INVESTIMENTO EM COTAS  DE CLASSES DE INVESTIMENTO  MULTIMERCADO CRÉDITO PRIVADO,19739.3,1,0,0
21596021000191,CALEDÔNIA CLASSE DE INVESTIMENTO RENDA  FIXA CRÉDITO PRIVADO - RESPONSABILIDADE  LIMITADA,19430.82,1,0,0
07077991000150,JAR VALUE FUNDO DE INVESTIMENTO FINANCEIRO EM AÇÕES,16040.92,1,0,0
28581672000157,TERRAZUL FUNDO DE INVESTIMENTO FINANCEIRO EM AÇÕES - RESPONSABILIDADE LIMITADA,15576.44,1,0,0
13547632000111,SOMAR FI FINANCEIRO MULTIMERCADO INVESTIMENTO NO EXTERIOR - RESPONSABILIDADE LIMITADA,15041.35,1,0,0
32159294000195,CB FUNDO DE INVESTIMENTO MULTIMERCADO CRÉDITO PRIVADO,14712.55,1,0,0
63211828000109,G5 CRYSTAL FIF - CLASSE DE INVESTIMENTO RF INCENTIVADO DE INVESTIMENTO EM INFRA - RESP LIMITADA,14425.93,1,0,0
54680537000179,BTG PACTUAL EMPRESARIAL LIQUIDEZ FUNDO DE INVESTIMENTO RENDA FIXA,9556.17,1,0,0
10786577000124,RSMF CLASSE DE INVESTIMENTO MULTIMERCADO CRÉDITO PRIVADO - RESP LIMITADA,9353.099999999999,2,0,0
09228854000102,FUNDO DE INVESTIMENTO FINANCEIRO EM QUOTAS DE FUNDOS DE INVESTIMENTO MULTIMERCADO LAGONDA,8253.05,2,0,0
22353913000124,3L FUNDO DE INVESTIMENTO FINANCEIRO MULTIMERCADO,8158.610000000001,2,0,0
30353827000140,ITIQUIRA JATAÍ FUNDO DE INVESTIMENTO FINANCEIRO,7455.400000000001,2,0,0
28726474000134,TECA 2 FUNDO DE INVESTIMENTO FINANCEIRO EM AÇÕES,7236.13,1,0,0
12951555000106,BTS FUNDO DE INVESTIMENTO FINANCEIRO MULTIMERCADO,6534.69,1,0,0
21721251000135,TUPÃ FUNDO DE INVESTIMENTO FINANCEIRO MULTIMERCADO,6513.18,2,0,0
10643347000106,FSC 71 FUNDO DE INVESTIMENTO FINANCEIRO - CLASSE DE INVESTIMENTO MULTIMERCADO CRÉDITO PRIVADO,5040.74,1,0,0
15435379000130,SULAMÉRICA NÉOS CLASSE DE  INVESTIMENTO MULTIMERCADO CRÉDITO PRIVADO - RESP LIMITADA,4685.83,1,0,0
20468746000131,NORONHA CD CLASSE DE INVESTIMENTO  RENDA FIXA- RESP LIMITADA,4633.58,1,0,0
05134438000186,ALM BD CLASSE DE INVESTIMENTO RENDA  FIXA - RESP LIMITADA,4372.0,1,0,0
03409453000164,BRADESCO FORTE FIF - CLASSE  DE INVESTIMENTO EM COTAS MULTIMERCADO CRÉDITO PRIVADO,4181.34,2,0,0
28581572000120,MORRETES II FUNDO DE INVESTIMENTO FINANCEIRO EM AÇÕES - RESPONSABILIDADE LIMITADA,4054.98,1,0,0
10456393000104,4LIFE PREVIDÊNCIA FUNDO DE INVESTIMENTO FINANCEIRO RENDA FIXA - RESPONSABILIDADE LIMITADA,3722.93,1,0,0
21360517000161,GOLDEN STAR FUNDO DE INVESTIMENTO MULTIMERCADO,2952.3,1,0,0
35847501000192,DJM2 FUNDO DE INVESTIMENTO  FINANCEIRO MULTIMERCADO CRÉDITO PRIVADO,2914.62,1,0,0
15323443000190,ALPHARD FIF - CLASSE DE INVESTIMENTO MULTIMERCADO CRÉDITO PRIVADO,2366.66,1,0,0
39978178000147,PAZ FI FINANCEIRO - CI MULT CRED PRIV - RESP LIMITADA,2020.81,1,0,0
16892024000132,FUNDO DE INVESTIMENTO FINANCEIRO MULTIMERCADO RIVER,1658.65,1,0,0
23884674000100,GAIVOTA CLASSE DE INVESTIMENTO MULTIMERCADO CRÉDITO PRIVADO - RESP LIMITADA,1476.06,1,0,0
22232933000147,DWFUNDING FUNDO DE INVESTIMENTO EM COTAS DE FUNDOS DE INVESTIMENTO MULTIMERCADO,1248.29,1,0,0
61333263000107,SANTANDER PB GAL PORTO II INVESTIMENTO EM INFRA RENDA FIXA - FIF RESP LIMITADA,870.84,1,1,0
14171982000199,G5 CRYSTAL FIF - CLASSE DE INVESTIMENTO MULTIMERCADO CRÉDITO PRIVADO - RESPONSABILIDADE LIMITADA,461.77,1,0,0
43810010000103,HAENA 808 FUNDO DE INVESTIMENTO FINANCEIRO MULTIMERCADO CRÉDITO PRIVADO INVESTIMENTO NO EXTERIOR,7.26,1,1,0
19009357000169,EUPAR FUNDO DE INVESTIMENTO MULTIMERCADO,1.47,1,0,0
29010914000115,SUPREMO FUNDO DE INVESTIMENTO MULTIMERCADO CRÉDITO PRIVADO,1.17,1,1,0
17073031000175,FANDANGO RV FUNDO DE INVESTIMENTO FINANCEIRO MULTIMERCADO RESPONSABILIDADE LIMITADA,0.67,1,0,0
57630933000180,CLOSED ALTERNATIVOS FUNDO DE INVESTIMENTO FINANCEIRO MULTIMERCADO,0.48,1,0,0
29158793000153,FQJ5 FUNDO DE INVESTIMENTO FINANCEIRO DE AÇÕES,0.16,1,0,0
15781022000103,UBS RE9 FUNDO DE INVESTIMENTO FINANCEIRO - MULTIMERCADO RESPONSABILIDADE LIMITADA,0.15,2,0,0
03100345000105,SUL AMÉRICA TAMMAR FUNDO DE INVESTIMENTO FINANCEIRO MULTIMERCADO CRÉDITO PRIVADO RESP LIMITADA,0.12,1,0,0
18060438000120,GREENWICH SELECT FUNDO DE INVESTIMENTO FINANCEIRO EM COTAS DE FUNDOS DE INVESTIMENTO MULTIMERCADO,0.06,1,0,0
20692302000185,UBS DRUM FUNDO DE INVESTIMENTO FINANCEIRO - MULT CREDITO PRIVADO RESPONSABILIDADE LIMITADA,0.06,2,0,0
14549719000190,UBS ALMAVIVA FUNDO DE INVESTIMENTO FINANCEIRO - MULTIMERCADO CRÉDITO PRIVADO RESP LIMITADA,0.06,1,0,0
10295485000141,UBS SAPUCAIA FUNDO DE INVESTIMENTO FINANCEIRO MULTIMERCADO CRÉDITO PRIVADO RESPONSABILIDADE LIMITADA,0.04,1,0,0
11403922000166,SDB FIF MULTIMERCADO CRÉDITO PRIVADO INVESTIMENTO NO EXTERIOR RESP LIMITADA,0.04,1,0,0
15703420000101,BRAUNA CLASSE DE INVESTIMENTO  MULTIMERCADO CRÉDITO PRIVADO - RESPONSABILIDADE LIMITADA,0.04,1,0,0
59312403000119,VALORA DEBÊNTURES INCENTIVADAS MASTER I FUNDO INCENTIVADO DE INVESTIMENTO EM INFRA RENDA FIXA,0.03,1,0,0
20692267000102,BRADESCO FEEDER S FUNDO DE INVESTIMENTO EM COTAS DE FUNDOS DE INVESTIMENTO MULTIMERCADO,0.0,1,0,0
59697226000136,REAG IP CASH FUNDO DE INVESTIMENTO FINANCEIRO MULTIMERCADO CRÉDITO PRIVADO,0.0,1,1,0
47372720000141,2PX - Fundo de Investimento Multimercado Credito Privado,0.0,1,1,0
11784036000120,LME REC IMA-B FUNDO DE INVESTIMENTO EM RENDA FIXA,0.0,1,1,0
