entidade,cnpj,dc_com_risco,dc_sem_risco,valor,VL_PL,dc_sobre_pl
FIDC DO SISTEMA PETROBRAS,09195235000150,0.0,58239773982.06,58239773982.06,61254971563.01,0.950776279802066
TAPSO FUNDO DE INVESTIMENTO EM DIREITOS CREDITÓRIOS RESPONSABILIDADE LIMITADA,26287464000114,0.0,28186458808.25,28186458808.25,41496046291.59,0.6792564913337912
PAN AUTO FUNDO DE INVESTIMENTO EM DIREITOS CREDITÓRIOS RESPONSABILIDADE LIMITADA,65473848000183,0.0,17285378512.8,17285378512.8,17971763062.82,0.9618076118842234
CLOUDWALK BELA FUNDO DE INVESTIMENTO EM DIREITOS CREDITÓRIOS SEGMENTO MEIOS DE PAGAMENTO,62393679000183,9443495620.98,0.0,9443495620.98,10010957003.11,0.9433159704957564
ALEPO FUNDO DE INVESTIMENTO EM DIREITOS CREDITÓRIOS NÃO PADRONIZADO,36886028000115,8857852576.13,0.0,8857852576.13,8843985004.68,1.0015680229492316
AETOS ENERGIA FUNDO DE INVESTIMENTO EM DIREITOS CREDITÓRIOS,52610624000124,7365283084.6,0.0,7365283084.6,7350884666.57,1.0019587326809085
CLASSE CONSIGNADO PRIVADO DO MT GLOBAL FUNDO DE INVESTIMENTO EM DIREITOS CREDITÓRIOS RESP LIMITADA,63953620000165,0.0,6942986037.25,6942986037.25,8253013228.5,0.841266800987777
BTG PACTUAL CONSIGNADOS II FUNDO DE INVESTIMENTO EM DIREITOS  CREDITÓRIOS,52242420000188,0.0,6719007472.95,6719007472.95,8032044361.07,0.8365251946958767
CIELO FUNDO DE INVESTIMENTO EM DIREITOS CREDITÓRIOS,26286939000158,0.0,6096322521.75,6096322521.75,6479950762.42,0.9407976611651397
RIO VERMELHO FUNDO DE INVESTIMENTO EM DIREITOS CREDITÓRIOS NÃO PADRONIZADO,53216449000158,5818229352.77,0.0,5818229352.77,6390451812.87,0.9104566505066861
ITAÚ CRÉDITO PRIVADO FUNDO DE INVESTIMENTO EM DIREITOS CREDITÓRIOS - RESPONSABILIDADE LIMITADA,53286499000101,5715129617.76,0.0,5715129617.76,8719298749.48,0.6554574836767507
FUNDO DE INVESTIMENTO EM DIREITOS CREDITÓRIOS MONEE I DE RESPONSABILIDADE LIMITADA,42922136000107,5584036253.47,0.0,5584036253.47,5751418460.99,0.9708972301954207
FUNDO DE INVESTIMENTO EM DIREITOS CREDITÓRIOS ALTERNATIVE ASSETS III RESPONSABILIDADE LIMITADA,29225241000110,5100989658.62,0.0,5100989658.62,5861437942.62,0.8702625035965001
KRISPY  FUNDO DE INVESTIMENTO EM DIREITOS CREDITÓRIOS,59385783000111,5025681965.4,0.0,5025681965.4,42664019.95,117.79672828040667
BTG PACTUAL CONSIGNADOS FUNDO DE INVESTIMENTO EM DIREITOS CREDITÓRIOS,50906397000153,0.0,4965136657.36,4965136657.36,6007175688.48,0.8265342841364994
ESPERANZA FUNDO DE INVESTIMENTO EM DIREITOS CREDITÓRIOS,53263761000100,4372111313.14,0.0,4372111313.14,8458862801.73,0.5168675051977223
VENDA DE VEÍCULOS FUNDO DE INVESTIMENTO EM DIREITOS CREDITÓRIOS,21126275000146,4242802719.16,0.0,4242802719.16,4242510733.6,1.00006882376459
RSCRED MULTIESTRÉGIA - FUNDO DE INVESTIMENTO EM DIREITOS CREDITÓRIOS NÃO-PADRONIZADOS,29301202000155,4011090870.02,0.0,4011090870.02,3599850973.43,1.1142380336367546
FUNDO DE INVESTIMENTO EM DIREITOS CREDITÓRIOS PAGSEGURO I,28169275000172,0.0,3951484670.94,3951484670.94,6234652185.61,0.6337939235905244
HIGH TOWER FUNDO DE INVESTIMENTO EM DIREITOS CREDITÓRIOS  NÃO-PADRONIZADOS,51152102000163,3945760299.59,0.0,3945760299.59,3967152720.03,0.994607613583417
FUNDO DE INVESTIMENTO EM DIREITOS CREDITÓRIOS  PICPAY I,32527650000186,3800289166.59,0.0,3800289166.59,4762640671.11,0.79793741099185
MAROBÁ FUNDO DE INVESTMENTO EM DIREITOS CREDITÓRIOS RESPONSABILIDADE LIMITADA,61285603000171,3737181192.06,0.0,3737181192.06,4467343585.25,0.8365555773232206
SELLER FIDC SEGMENTO MEIOS DE PAGAMENTO DE RESPONSABILIDADE LIMITADA,50473039000102,0.0,3608841970.11,3608841970.11,3656448188.16,0.9869802016601372
FIDC ACR BEM BANCOS EMISSORES DE CARTÃO DE CRÉDITO - RESPONSABILIDADE LIMITADA,54979779000168,3568445607.68,0.0,3568445607.68,3677016076.94,0.970473213337062
DAY MAXX 2 FUNDO DE INVESTIMENTO EM DIREITOS CREDITÓRIOS DE RESPONSABILIDADE LIMITADA,34197588000137,695226058.24,2609447320.91,3304673379.1499996,4015059128.44,0.8230696668305326
ASA FUNDO DE INVESTIMENTO EM DIREITOS CREDITÓRIOS RESPONSABILIDADE LIMITADA,49826785000145,703621079.01,2511699178.16,3215320257.17,3364983017.12,0.9555234724251024
"HAVAN FUNDO DE INVESTIMENTO EM DIREITOS CREDITÓRIOS SEGMENTO ECONÔMICO, FINANCEIRO E COMERCIAL",12817329000129,3176592026.36,0.0,3176592026.36,3666009327.0,0.866498620984005
GSR FUNDO DE INVESTIMENTO EM DIREITOS CREDITÓRIOS NÃO PADRONIZADOS,53029409000105,3095804996.83,0.0,3095804996.83,2943415740.48,1.0517729297476506
CLOUDWALK PI FUNDO DE INVESTIMENTO EM DIREITOS CREDITÓRIOS  SEGMENTO MEIOS DE PAGAMENTO,60356171000180,0.0,3022054631.6,3022054631.6,3254537202.75,0.9285666266301832
MERCADO CRÉDITO FUNDO DE INVESTIMENTO EM DIREITOS CREDITÓRIOS  RESPONSABILIDADE LIMITADA,33254370000104,2433611963.15,574263515.43,3007875478.58,3017886933.33,0.996682627622847
FUNDO DE INVESTIMENTO EM DIREITOS CREDITÓRIOS AGIBANK II RESPONSABILIDADE LIMITADA,65976848000104,0.0,2965967821.98,2965967821.98,2967229777.92,0.9995747023201942
RED FUNDO DE INVESTIMENTO EM DIREITOS CREDITÓRIOS REAL LP DE RESPONSABILIDADE LIMITADA,17250006000110,2574416446.41,218351437.76,2792767884.17,3394314559.41,0.822778158973999
MT CONSIGNADO PRIVADO I FUNDO DE INVESTIMENTO EM DIREITOS CREDITÓRIOS,60010416000112,0.0,2779246734.82,2779246734.82,3072067502.44,0.9046828341540588
VTK FUNDO DE  INVESTIMENTO EM DIREITOS CREDITÓRIOS RESPONSABILIDADE  LIMITADA,62588266000154,0.0,2738344752.38,2738344752.38,3085111034.31,0.8876000642850264
FUNDO DE INVESTIMENTO EM DIREITOS CREDITÓRIOS COMERCIAIS MEDICI I - RESPONSABILIDADE LIMITADA,62393829000159,2701059105.03,0.0,2701059105.03,3091715187.97,0.8736442203796586
SELLER II FUNDO DE INVESTIMENTO EM DIREITOS CREDITÓRIOS SEGMENTO MEIOS DE PAGAMENTO RESP LTDA,55471753000177,2633221900.31,0.0,2633221900.31,2879663753.83,0.9144199203145755
CARNIVAL FUNDO DE INVESTIMENTO EM DIREITOS CREDITÓRIOS,51079269000146,2618802204.14,0.0,2618802204.14,3058107297.6,0.8563473904905932
FIDC GM - VENDA DE VEÍCULOS,11230727000181,2617311838.6,0.0,2617311838.6,2984648919.61,0.8769245258306629
ATLANTA FUNDO DE  INVESTIMENTO EM DIREITOS CREDITÓRIOS DE RESPONSABILIDADE LIMITADA,11468186000124,74528522.07,2480568096.41,2555096618.48,3090301588.05,0.8268114116629899
ER - FUNDO DE INVESTIMENTO EM DIREITOS CREDITÓRIOS RESPONSABILIDADE LIMITADA,59356753000187,2461430928.86,0.0,2461430928.86,2463356625.53,0.9992182631414216
GAZIN FUNDO DE INVESTIMENTO EM DIREITOS CREDITÓRIOS MULTISSEGMENTOS - RESPONSABILIDADE LIMITADA,29492605000129,91436741.46,2357103119.17,2448539860.63,2494236413.23,0.9816791414167418
CLOUDWALK A.I. FUNDO  DE INVESTIMENTO EM DIREITOS CREDITÓRIOS SEGMENTO MEIOS DE PAGAMENTO,57609282000146,2442991406.59,0.0,2442991406.59,2700487143.69,0.9046484121571664
FUNDO DE INVESTIMENTO EM DIREITOS CREDITÓRIOS ACR I BANCOS EMISSORES DE CARTÃO DE CRÉDITO RESP LIMI,52256912000122,0.0,2393814408.84,2393814408.84,2661592324.9,0.8993918364000164
FUNDO DE INVESTIMENTO EM DIREITOS CREDITÓRIOS AGIBANK I RESPONSABILIDADE LIMITADA,60528786000146,2372987761.72,0.0,2372987761.72,2374382918.49,0.9994124129014172
FIDC SANTANDER AUTO LOANS I SEGMENTO FINANCEIRO - RESPONSABILIDADE LIMITADA,63662224000189,2367073934.46,0.0,2367073934.46,2430490971.94,0.973907725553335
ACONCÁGUA FUNDO DE INVESTIMENTO EM DIREITOS CREDITÓRIOS NÃO PADRONIZADOS RESPONSABILIDADE LIMITADA,42358004000196,0.0,2341685355.99,2341685355.99,2341582512.2,1.000043920634641
SOMA III FUNDO DE INVESTIMENTO EM DIREITOS CREDITÓRIOS RESPONSABILIDADE LIMITADA,38314763000180,2274812019.32,0.0,2274812019.32,2464460565.77,0.92304662972331
VITA AUTO FUNDO DE INVESTIMENTO EM DIREITOS CREDITÓRIOS,50095909000149,2186604951.8,0.0,2186604951.8,2489750068.19,0.8782427520484494
RSG FUNDO DE INVESTIMENTO EM DIREITOS CREDITÓRIOS,57719370000109,2143000000.0,0.0,2143000000.0,2140596574.92,1.0011227828298706
AGRO FLEX FUNDO DE INVESTIMENTO EM DIREITOS CREDITÓRIOS,47228232000165,2004963612.54,111564138.51,2116527751.05,2352850421.12,0.8995589911076854
FUNDO DE INVESTIMENTO EM DIREITOS CREDITÓRIOS VALE,13321819000100,2098119640.26,0.0,2098119640.26,2110355080.85,0.9942021886738265
FUNDO DE INVESTIMENTO EM DIREITOS CREDITÓRIOS CLUBCARD VAREJO - RESPONSABILIDADE LIMITADA,26142862000142,2058076183.62,0.0,2058076183.62,2470380152.66,0.8331010032621705
FUNDO DE INVESTIMENTO EM DIREITOS CREDITÓRIOS CREDITAS AUTO XII,59929098000109,2055685572.6,0.0,2055685572.6,2207591119.67,0.9311894554582609
MULTIPLIKE PLUS FUNDO DE INVESTIMENTO EM DIREITOS CREDITÓRIOS,42154687000160,31236158.84,2016216815.69,2047452974.53,2118132225.34,0.9666313320932292
CONSIGNADO DELTA RECEIVABLES I FUNDO DE INVESTIMENTO EM DIREITOS CREDITÓRIOS,54871427000194,0.0,1979009727.34,1979009727.34,2008347381.44,0.9853921416329058
EUV SP1 FUNDO DE INVESTIMENTO EM DIREITOS CREDITORIOS,44229197000100,1923793634.9,0.0,1923793634.9,2178946912.58,0.8829006451663003
IBCB-AF01 FUNDO DE INVESTIMENTO EM DIREITOS CREDITÓRIOS,53300525000109,971631552.56,939822971.28,1911454523.84,1909790565.67,1.0008712778248625
OCCAM CRÉDITO CORPORATIVO 30 FUNDO DE INVESTIMENTO EM DIREITOS CREDITÓRIOS RESPONSABILIDADE LIMITADA,48349509000170,1904528497.87,0.0,1904528497.87,3470655083.68,0.5487518788097471
FUNDO DE INVESTIMENTO EM DIREITOS CREDITÓRIOS DRIVER MASTER BRASIL I - RESP LIMITADA,61652768000134,0.0,1892395974.34,1892395974.34,1972712266.59,0.9592863624309319
SELLER 3 FUNDO DE INVESTIMENTO EM DIREITOS CREDITÓRIOS SEGMENTO MEIOS DE PAGAMENTO DE RESP LIMITADA,63572282000111,0.0,1849120045.1,1849120045.1,1876075238.87,0.9856321360617522
ENDURANCE FUNDO DE INVESTIMENTO EM DIREITOS CREDITÓRIOS RESPONSABILIDADE LIMITADA,62838025000116,1815548371.9,0.0,1815548371.9,2004513902.3,0.905729997590349
DRIVER BRASIL SIX BANCO VOLKSWAGEN FIDC FINANCIAMENTO DE VEÍCULOS - RESPONSABILIDADE LIMITADA,50114948000146,0.0,1783402198.86,1783402198.86,1934784988.69,0.9217573059978628
COBUCCIO FUNDO DE INVESTIMENTO EM DIREITOS CREDITÓRIOS  DE CLASSE ÚNICA FECHADA DE RESPONS LIMITADA,32526025000110,1759992785.45,0.0,1759992785.45,1759550198.61,1.0002515340797606
SCARLET FUNDO DE INVESTIMENTO EM DIREITOS CREDITÓRIOS NÃO-PADRONIZADOS,55344996000144,1734003478.96,0.0,1734003478.96,2711197599.31,0.6395710439553739
FUNDO DE INVESTIMENTO  EM DIREITOS CREDITÓRIOS CRÉDITO CONSIGNADO PRIVADO PAKETÁ DE  RESPONSABILID,53841740000117,1712040602.57,0.0,1712040602.57,1918531934.02,0.8923701358374952
MERCADO CRÉDITO II BRASIL FUNDO DE INVESTIMENTO EM DIREITOS CREDITÓRIOS DE RESPONSABILIDADE LIMITADA,41970012000126,1672376394.14,0.0,1672376394.14,1761615997.81,0.9493421927474884
HYUNDAI FUNDO DE INVESTIMENTO EM DIREITOS CREDITÓRIOS,52651831000127,1640907151.97,0.0,1640907151.97,2187326043.42,0.7501886410150153
FUNDO DE INVESTIMENTO EM DIREITOS CREDITÓRIOS COMPLEMENTAR  AUTO-FORD,43489824000180,1637165054.67,0.0,1637165054.67,1883891566.03,0.8690335920554406
FUNDO DE INVESTIMENTO EM DIREITOS CREDITÓRIOS MT I RECEIVABLES RESPONSABILIDADE LIMITADA,40750266000176,1636235860.48,0.0,1636235860.48,1701914787.69,0.9614088039630082
AFINITTY MF FUNDO DE INVESTIMENTO EM DIREITOS CREDITÓRIOS FINANCEIROS - RESPONSABILIDADE LIMITADA,22358482000199,1608671361.62,0.0,1608671361.62,1668953204.88,0.9638804472865166
IOX II FUNDO DE  INVESTIMENTO EM DIREITOS CREDITÓRIOS DE  RESPONSABILIDADE LIMITADA,24504464000101,303983892.31,1301591159.83,1605575052.1399999,1893430371.86,0.8479715314605273
MULTIPLICA FUNDO DE INVESTIMENTO EM DIREITOS CREDITÓRIOS,23216398000101,1128646319.98,386450957.86,1515097277.8400002,1993263958.67,0.7601087007317108
FUNDO DE INVESTIMENTO EM DIREITOS CREDITÓRIOS METEORO - RESP LTDA,54836930000109,0.0,1502857015.26,1502857015.26,2688587997.05,0.5589763165308258
XP RETURN I CONSIGNADO FUNDO DE INVESTIMENTO EM DIREITOS CREDITÓRIOS RESP LIMITADA,53036495000175,1483298090.12,0.0,1483298090.12,1546482100.39,0.9591433937359727
MT INSS RECEIVABLES VI FUNDO DE INVESTIMENTO EM DIREITOS CREDITÓRIOS RESPONSABILIDADE LIMITADA,62310468000130,0.0,1479300642.3,1479300642.3,1535189477.94,0.9635948288839272
FIDC MULTISEGMENTOS NPL IPANEMA VI RESPONSABILIDADE LIMITADA,26405883000103,1470927669.0,0.0,1470927669.0,2633629374.15,0.5585173386345372
BV AUTO III SEGMENTO FINANCEIRO FIDC RESPONSABILIDADE LIMITADA,66929956000180,1454003565.64,0.0,1454003565.64,1461910524.62,0.9945913523113495
JC 4870 FUNDO DE INVESTIMENTO EM DIREITOS CREDITÓRIOS NÃO-PADRONIZADOS,13764696000174,1431792482.99,0.0,1431792482.99,1447126452.7,0.9894038494829596
EB VESTA FUNDO DE INVESTIMENTO EM DIREITOS CREDITÓRIOS RESPONSABILIDADE LIMITADA,40801446000130,1423058267.54,0.0,1423058267.54,2202074010.33,0.6462354402551358
FUNDO DE INVESTIMENTOS EM DIREITOS CREDITÓRIOS PICPAY FGTS II DE RESPONSABILIDADE LIMITADA,65839682000176,1407879793.19,0.0,1407879793.19,1420614297.06,0.9910359174222346
LASSIE EDUCATION CRÉDITOS JUDICIAIS FUNDO DE INVESTIMENTO EM DIREITOS CREDITÓRIOS,45207707000101,1377120184.91,0.0,1377120184.91,1380228129.74,0.9977482383071085
RED - FUNDO DE  INVESTIMENTO EM DIREITOS CREDITÓRIOS MULTISETORIAL LP - RESPONSABILIDADE  LIMITADA,08632394000102,811913150.89,563391770.0,1375304920.8899999,1569551198.23,0.876240878565125
FUNDO DE INVESTIMENTO EM DIREITOS CREDITÓRIOS NÃO-PADRONIZADOS MULTISSETORIAL BS NP,12428086000137,109437213.31,1265176834.65,1374614047.96,1629151199.24,0.8437608790401151
FUNDO DE INVESTIMENTO EM DIREITOS CREDITÓRIOS SOMACRED BACH - RESPONSABILIDADE LIMITADA,39669950000149,1343087578.24,0.0,1343087578.24,1461275229.61,0.9191201979099153
ÁSIA FUNDO DE INVESTIMENTO EM DIREITOS CREDITÓRIOS,62681110000113,1338648590.14,0.0,1338648590.14,1337788554.49,1.0006428786127026
GOLDEN BRIDGE FUNDO DE INVESTIMENTO EM DIREITOS CREDITORIOS NAO PADRONIZADOS,46879223000171,1300000000.0,0.0,1300000000.0,1299037542.35,1.0007409005657057
LF III FUNDO DE INVESTIMENTO EM DIREITOS CREDITÓRIOS DE RESPONSABILIDADE LIMITADA,31739396000117,1292132432.54,0.0,1292132432.54,1385981646.72,0.9322868276054742
ANGICO FIDC SEGMENTO INFRAESTRUTURA E AGRONEGÓCIO DE RESPONSABILIDADE LIMITADA,57325251000163,1282013518.12,0.0,1282013518.12,1391099575.18,0.9215828550261148
CATERPILLAR FUNDO DE INVESTIMENTO EM DIREITOS CREDITÓRIOS DO SEGMENTO INDUSTRIAL II - RESP LIMITADA,05754060000113,1276051396.17,0.0,1276051396.17,1666972490.26,0.7654903746917698
IFOOD I FIDC SEGMENTO MEIOS DE PAGAMENTO DE RESPONSABILIDADA,52327260000170,1262880043.04,0.0,1262880043.04,1389238751.96,0.9090446413607973
CF FUNDO DE INVESTIMENTO EM DIREITOS  CREDITÓRIOS - RESPONSABILIDADE LIMITADA,23200289000198,763503396.29,495766759.8,1259270156.09,1481651371.98,0.84990989102057
HOTFUND FUNDO DE INVESTIMENTO EM DIREITOS CREDITÓRIOS SEGMENTO MEIOS DE PAGAMENTO DE RESPONSABILIDAD,38376526000143,1251079163.41,0.0,1251079163.41,1702368453.87,0.7349050439497499
FUNDO DE LIQUIDAÇÃO FINANCEIRA FIDC - RESPONSABILIDADE LIMITADA,19221032000145,1247249094.06,0.0,1247249094.06,1266715166.56,0.9846326364332846
FUNDO DE INVESTIMENTO EM DIREITOS CREDITÓRIOS NAGOYA - RESPONSABILIDADE LIMITADA,63465818000108,1245987236.41,0.0,1245987236.41,1245855236.41,1.0001059513145205
GONN FUNDO DE INVESTIMENTO EM DIREITOS CREDITORIOS,47669805000196,1241951019.54,0.0,1241951019.54,1370830378.37,0.9059844595921158
FIDC BV AUTO I SEGMENTO FINANCEIRO - RESPONSABILIDADE LIMITADA,57532556000146,1202304439.92,0.0,1202304439.92,1246401933.83,0.9646201656840382
RED PERFORMANCE FUNDO DE INVESTIMENTO EM DIREITOS CREDITÓRIOS NP DE RESPONSABILIDADE LIMITADA,11489344000122,867047353.09,334024304.64,1201071657.73,1271673604.01,0.9444810790619785
FUNDO DE INVESTIMENTO EM DIREITOS CREDITÓRIOS AUTO-HONDA,28279473000199,1199658157.42,0.0,1199658157.42,1844741719.62,0.6503122603348066
ALDEBARAN II FUNDO DE INVESTIMENTO EM DIREITOS CREDITÓRIOS -  RESPONSABILIDADE LIMITADA,57833038000162,1197695524.22,0.0,1197695524.22,1477350540.58,0.8107050367002209
JC 4870 IV FUNDO DE INVESTIMENTO EM DIREITOS CREDITÓRIOS NÃO-PADRONIZADOS - FIDC-NP,23954863000101,1174988073.09,0.0,1174988073.09,1174546978.45,1.000375544484889
VERDECARD FUNDO DE INVESTIMENTO EM DIREITOS CREDITÓRIOS RESPONSABILIDADE LIMITADA,26722650000134,0.0,1166143632.18,1166143632.18,1610706096.38,0.7239952929965702
FUNDO DE INVESTIMENTO EM DIREITOS CREDITÓRIOS DA INDÚSTRIA EXODUS INSTITUCIONAL - RESPONS. LIMITADA,14051028000162,0.0,1161369321.44,1161369321.44,1168381489.17,0.9939983919678654
ER 2030 FUNDO DE INVESTIMENTO EM DIREITOS CREDITÓRIOS RESPONSABILIDADE LIMITADA,61267293000162,1161114610.64,0.0,1161114610.64,1202310624.7,0.9657359643891701
MULTIPLIKE FUNDO DE INVESTIMENTO EM DIREITOS CREDITÓRIOS - RESPONSABILIDADE LIMITADA,29469420000101,75115206.2,1069579900.36,1144695106.56,1178965486.16,0.9709318211582072
PRAVALER CRÉDITO UNIVERSITÁRIO FUNDO DE INVESTIMENTO EM DIREITOS CREDITÓRIOS - RESP LIMITADA,08417544000165,1131079037.48,0.0,1131079037.48,1240666511.7,0.911670482610319
PINE INSS III FUNDO DE INVESTIMENTO EM DIREITOS CREDITÓRIOS  RESPONSABILIDADE LIMITADA,63546406000194,1126243674.4,0.0,1126243674.4,1153763377.65,0.9761478793805602
SIFRA PLUS FUNDO DE INVESTIMENTO EM DIREITOS CREDITÓRIOS MULTISSEGMENTOS,08678936000188,222404063.27,902250396.63,1124654459.9,1234030780.83,0.9113666185405569
FUNDO DE INVESTIMENTO EM DIREITOS CREDITÓRIOS PRECATÓRIOS BRASIL,32774233000138,1124255902.57,0.0,1124255902.57,1163772257.6,0.9660445978395352
LIETO11 FUNDO DE INVESTIMENTO EM DIREITOS CREDITÓRIOS NÃO-PADRONIZADO RESPONSABILIDADE ILIMITADA,47094392000169,1118897291.97,0.0,1118897291.97,1225291499.88,0.9131682477839601
MULTIAGRO FUNDO DE INVESTIMENTO EM DIREITOS CREDITÓRIOS,32388135000162,1011283684.8,106854269.91,1118137954.71,1284578705.45,0.8704316442162302
ARTESANAL RECEBÍVEIS IMOBILIÁRIOS FUNDO DE INVESTIMENTO EM DIREITOS CREDITÓRIOS - RESPONSABILIDADE L,37284201000178,1080433140.68,30028619.12,1110461759.8,1250317417.94,0.8881438775999588
FUNDO DE INVESTIMENTO EM DIREITOS CREDITÓRIOS SIFRA STAR,14166140000149,353064370.88,754228627.07,1107292997.95,1277114152.59,0.867027427191531
PÉROLA FUNDO DE INVESTIMENTO EM DIREITOS CREDITÓRIOS DE RESPONSABILIDADE LIMITADA,53960578000156,1106030019.12,0.0,1106030019.12,1106052595.22,0.9999795885836734
FUNDO DE INVESTIMENTO EM DIREITOS CREDITÓRIOS NÃO PADRONIZADOS NPL II,29292312000106,1077359466.28,0.0,1077359466.28,1069185006.76,1.0076455051916333
ATIVOS ESPECIAIS III - FUNDO DE INVESTIMENTO EM DIREITOS CREDITÓRIOS DE RESPONSABILIDADE LIMITADA,42401957000190,1068573802.24,0.0,1068573802.24,1161233853.38,0.920205520300416
FUNDO DE INVESTIMENTO EM DIREITOS CREDITÓRIOS ALTERNATIVE ASSETS I RESPONSABILIDADE LIMITADA,24194675000187,1061780528.25,0.0,1061780528.25,3030582055.52,0.3503553141932054
ICRED CHOPIN INSS FUNDO DE INVESTIMENTO EM DIREITOS CREDITÓRIOS RESPONSABILIDADE LIMITADA,63733796000101,1046484000.78,0.0,1046484000.78,1111178920.37,0.9417781255529417
TABOR FUNDO DE INVESTIMENTO EM DIREITOS CREDITÓRIOS  NÃO-PADRONIZADOS RESPONSABILIDADE LIMITADA,54029912000115,996207457.94,0.0,996207457.94,985011383.52,1.0113664416547048
INVESTCRED FUNDO DE INVESTIMENTO EM DIREITOS CREDITÓRIOS,29226654000110,992925206.78,0.0,992925206.78,1193589922.6,0.8318813588984636
CARTÃO DE COMPRA SUPPLIER FUNDO DE INVESTIMENTO EM DIREITOS CREDITÓRIOS III - RESPONSABILIDADE LTDA,60942242000126,0.0,979679412.7,979679412.7,1073810964.54,0.9123388054802327
GOLD STYLE FUNDO DE INVESTIMENTO EM DIREITO CREDITÓRIO NÃO PADRONIZADO,34081900000122,978401838.5,0.0,978401838.5,1865513705.6,0.5244677836260224
FIDC BV AUTO II SEGMENTO FINANCEIRO - RESPONSABILIDADE LIMITADA,60598366000136,977194408.51,0.0,977194408.51,1013813788.76,0.9638795796072281
PINE INSS  FUNDO DE INVESTIMENTO EM DIREITOS CREDITÓRIOS SEGMENTO  FINANCEIRO RESP LIMITADA,61271872000189,970454889.45,0.0,970454889.45,1019915716.89,0.95150498553859
POTENCIAL INVEST FUNDO DE INVESTIMENTO EM DIREITOS CREDITÓRIOS,58545868000157,954963657.66,0.0,954963657.66,1108025278.38,0.8618608945963891
CIB-K FUNDO DE INVESTIMENTO EM DIREITOS CREDITÓRIOS NÃO PADRONIZADOS,48357568000190,952564321.3,0.0,952564321.3,1217072890.67,0.7826682597256868
VOLKSWAGEN TERA FUNDO DE INVESTIMENTO EM DIREITOS CREDITÓRIOS RECEBÍVEIS COMERCIAIS RESP LTDA,58349979000198,951472214.89,0.0,951472214.89,1085890404.56,0.8762138526083892
PINE INSS II FUNDO DE INVESTIMENTO EM DIREITOS CREDITÓRIOS  RESPONSABILIDADE LIMITADA,63321684000143,951434183.84,0.0,951434183.84,1019657420.09,0.9330920023668554
FUNDO DE INVESTIMENTO EM DIREITOS CREDITÓRIOS NÃO PADRONIZADOS IV ENERGISA CENTRO OESTE,15254301000119,0.0,951129737.52,951129737.52,1122503422.27,0.8473290313864372
ANGÁ FGTS III FUNDO DE INVESTIMENTO EM DIREITOS CREDITÓRIOS,54810968000102,948587459.78,0.0,948587459.78,965301307.96,0.9826853563315666
FUNDO DE INVESTIMENTO EM DIREITOS CREDITÓRIOS NOTO CONSIGNADOS - RESPONSABILIDADE LIMITADA,52989090000199,941086088.41,0.0,941086088.41,950559088.1,0.9900342863388588
MEG - FUNDO DE INVESTIMENTO EM DIREITOS CREDITÓRIOS,24069733000140,936768320.02,0.0,936768320.02,933195240.21,1.0038288663036856
EMPRESAS DE TRANSPORTE FUNDO DE INVESTIMENTO EM DIREITOS CREDITÓRIOS.,52044598000114,521904583.64,404198448.56,926103032.2,927447084.08,0.998550804781134
JAPUÍRA FUNDO DE INVESTIMENTO EM DIREITOS CREDITÓRIOS NÃO PADRONIZADOS,26459204000189,921420964.52,0.0,921420964.52,1036550916.66,0.8889297667007284
HAVAN FORNECEDORES FUNDO DE INVESTIMENTO EM DIREITOS CREDITÓRIOS MULTICARTEIRA,51344394000136,910025248.71,0.0,910025248.71,1013545604.38,0.8978631496968261
FUNDO DE INVESTIMENTO EM DIREITOS CREDITÓRIOS CLIENTES BRF II,52720932000102,902848434.05,0.0,902848434.05,973969605.99,0.9269780376075408
FUNDO DE INVESTIMENTO EM DIREITOS CREDITÓRIOS PORTO DESAP -RESPONSABILIDADE LIMITADA,35754011000141,897421755.22,0.0,897421755.22,896266402.0,1.001289073446714
ESPRESSO CRÉDITOS JUDICIAIS FUNDO DE INVESTIMENTO EM DIREITOS CREDITÓRIOS,37022236000139,896792223.67,0.0,896792223.67,709452399.8,1.2640625698395165
FUNDO DE INVESTIMENTO EM DIREITOS CREDITÓRIOS IOX I,19388423000159,124051471.93,760749983.99,884801455.9200001,1021885945.83,0.8658514773890381
NATURA PAY FUNDO DE INVESTIMENTO EM DIREITOS CREDITÓRIOS CRÉDITO PESSOAL SOCIAL E IS RESP LTDA,57816252000100,0.0,879180395.05,879180395.05,1009314406.64,0.8710669235137393
BYX MOZART FUNDO DE INVESTIMENTO EM DIREITOS CREDITÓRIOS - CRÉDITO CONSIGNADO RESP. LIMITADA,61188091000125,877070956.59,0.0,877070956.59,881787689.09,0.9946509431257
FUNDO DE INVESTIMENTO EM DIREITOS CREDITÓRIOS PICPAY FGTS,58148845000109,876103531.98,0.0,876103531.98,868936209.65,1.0082483872238297
FIDC PCG - BRASIL MULTICARTEIRA,07727002000126,872942712.65,0.0,872942712.65,3140454721.87,0.277966979294706
LASSIE 1 CRÉDITOS JUDICIAIS FUNDO DE INVESTIMENTO EM DIREITOS CREDITÓRIOS,49805246000120,872657338.5,0.0,872657338.5,850538306.24,1.0260059213062163
FOR-TE FIDC,06182371000118,0.0,859141390.79,859141390.79,977835561.91,0.8786154075965948
MOAB FUNDO DE INVESTIMENTO EM DIREITOS CREDITÓRIOS SEGMENTO RECEBÍVEIS COMERCIAIS,60487508000198,853577232.83,0.0,853577232.83,914908738.26,0.9329643462072054
TAMBASA FUNDO DE INVESTIMENTO EM DIREITOS CREDITÓRIOS,50327909000127,789220098.07,58648914.15,847869012.22,907215866.55,0.9345835357182556
MALTA II FUNDO DE INVESTIMENTO EM DIREITOS CREDITÓRIOS NÃO-PADRONIZADOS,29043573000184,843676995.49,0.0,843676995.49,855320775.99,0.9863866506849167
RAIKKONEN FUNDO DE INVESTIMENTO EM DIREITOS CREDITÓRIOS,53313856000183,836866884.62,0.0,836866884.62,836729263.29,1.0001644753399193
BEMOL CRÉDITO PESSOAL FIDC FINANCEIROS DE RESPONSABILIDADE LIMITADA,45445355000122,0.0,823106946.47,823106946.47,916110806.89,0.8984796820204227
CEA PAY FUNDO DE INVESTIMENTO EM DIREITOS CREDITÓRIOS FINANCEIROS RESPONSABILIDADE LIMITADA,50168890000113,822627423.37,0.0,822627423.37,842505368.1,0.9764061506518014
GONN II FUNDO DE INVESTIMENTO EM DIREITOS CREDITÓRIOS RESPONSABILIDADE LIMITADA,56321885000185,821746662.42,0.0,821746662.42,915291645.76,0.8977976213665468
CLOUDWALK BIG PICTURE I FUNDO DE INVESTIMENTO EM DIREITOS CREDITÓRIOS SEGMENTO MEIOS DE PAGAMENTO,54218673000141,818706077.02,0.0,818706077.02,904073803.43,0.905574383323441
AMAZONITA FUNDO DE INVESTIMENTO EM DIREITOS CREDITÓRIOS,36246327000195,812194560.79,0.0,812194560.79,812145748.68,1.000060102647929
JC PLÁSTICOS FUNDO DE INVESTIMENTO EM DIREITOS CREDITORIOS NAO-PADRONIZADOS - FIDC - NP,23798073000176,805203227.37,0.0,805203227.37,809070617.54,0.9952199596844107
GUARDIAN MULTI CONSIGNADO XIII FUNDO DE  INVESTIMENTO EM DIREITOS CREDITÓRIOS RESP LTDA,59063143000195,800541957.17,0.0,800541957.17,821140488.29,0.9749147296793319
IA II - FUNDO DE INVESTIMENTO EM DIREITOS CREDITÓRIOS RESPONSABILIDADE LIMITADA,62092802000126,792317847.59,0.0,792317847.59,795397994.61,0.9961275398720232
LAGUZ I FUNDO DE INVESTIMENTO EM DIREITOS CREDITÓRIOS NÃO-PADRONIZADOS,41240321000140,791544196.23,0.0,791544196.23,1302594039.08,0.6076676020942444
FUNDO DE INVESTIMENTO EM DIREITOS CREDITÓRIOS COMERCIAIS VIKING,47166884000112,784159404.41,0.0,784159404.41,1146731982.97,0.6838209939684874
IA FUNDO DE INVESTIMENTO EM DIREITOS CREDITÓRIOS - RESPONSABILIDADE LIMITADA,48997793000191,777454728.78,0.0,777454728.78,781782715.39,0.9944639520357764
ARAGUAIA FUNDO DE INVESTIMENTO EM DIREITOS CREDITÓRIOS RESPONSABILIDADE LIMITADA,32321306000136,0.0,776828770.14,776828770.14,780376793.13,0.9954534488708086
GCB FORNECEDORES FUNDO DE INVESTIMENTO EM DIREITOS CREDITÓRIOS COMERCIAIS RESPONSABILIDADE LIMITADA,61799604000134,0.0,769855278.46,769855278.46,785615459.71,0.9799390642645733
ICRED FGTS FUNDO DE INVESTIMENTO EM DIREITOS CREDITÓRIOS RESPONSABILIDADE LIMITADA,54518191000107,767761876.75,0.0,767761876.75,797908932.37,0.962217423070506
FUNDO DE INVESTIMENTO EM DIREITOS CREDITÓRIOS KINEA CRÉDITO ESTRUTURADO RESPONSABILIDADE LIMITADA,60431592000128,765930523.9,0.0,765930523.9,1116265513.27,0.6861544272350357
SAPPHIRE FUNDO DE INVESTIMENTO EM DIREITOS CREDITÓRIOS DE RESPONSABILIDADE LIMITADA,47227790000106,760942014.37,0.0,760942014.37,1425902192.06,0.5336565289030573
OPERA FUNDO DE INVESTIMENTO EM DIREITOS CREDITÓRIOS MULTISETORIAL,29226704000169,27415071.99,727770112.24,755185184.23,767510008.24,0.983941806780784
SB CRÉDITO FUNDO DE INVESTIMENTO EM DIREITOS CREDITÓRIOS MULTISSETORIAL DE CLASSE UNICA FECHADA,23956882000169,129264111.88,618700290.38,747964402.26,954213469.15,0.7838543747724251
FUNDO DE INVESTIMENTO EM  DIREITOS CREDITÓRIOS CONSIG PREMIUM I RESPONSABILIDADE  LIMITADA,66226355000101,746388857.97,0.0,746388857.97,748831543.44,0.9967380040392279
HERMON FUNDO DE INVESTIMENTO EM DIREITOS CREDITÓRIOS NÃO PADRONIZADOS RESPONSABILIDADE LIMITADA,52069691000183,744705394.9,0.0,744705394.9,740484419.78,1.0057002889017626
CLASSE ÚNICA FUNDO DE INVESTIMENTO EM DIREITOS CREDITÓRIOS AGRO CITI-BAYER RESPONSABILIDADE LIMITADA,44302112000172,722557301.97,0.0,722557301.97,1021572769.62,0.7072989056264427
FUNDO DE INVESTIMENTO EM DIREITOS CREDITÓRIOS STELLANTIS MOBILITY II - RESPONSABILIDADE LIMITADA,63322011000108,720315606.45,0.0,720315606.45,731257888.0,0.9850363575838789
MERCADO CRÉDITO I BRASIL FIDC SEGMENTO FINANCEIRO DE RESPONSABILIDADE LIMITADA,37511828000114,716370289.31,0.0,716370289.31,754432811.09,0.9495481622478646
MINERVA FUNDO DE INVESTIMENTO EM DIREITOS CREDITÓRIOS II - CRÉDITO MERCANTIL RESP LIMITADA,60871638000120,708388121.91,0.0,708388121.91,838018529.68,0.8453131963329024
ADGM FUNDO DE INVESTIMENTO EM DIREITOS CREDITÓRIOS,50491214000186,81296845.44,625430373.61,706727219.05,710016994.04,0.9953666249996621
ITAL FUNDO DE INVESTIMENTO EM DIREITOS CREDITÓRIOS NÃO PADRONIZADOS RESPONSABILIDADE ILIMITADA,55720253000121,705835812.11,0.0,705835812.11,2302518318.66,0.306549488179871
FUNDO DE INVESTIMENTO EM DIREITOS CREDITÓRIOS ANGÁ MULTI CONSIGNADOS I RESPONSABILIDADE LIMITADA,29720593000142,699749350.82,0.0,699749350.82,968651152.41,0.7223956210437851
FUNDO DE INVESTIMENTO EM DIREITOS CREDITÓRIOS MT FGTS RECEIVABLES II,54464892000100,693328772.9,0.0,693328772.9,697493758.97,0.9940286403764378
OPI GOOROO FUNDO DE INVESTIMENTO EM DIREITOS CREDITÓRIOS MULTISSETORIAL - RESP LIMITADA,51295720000162,690645559.02,0.0,690645559.02,751721296.46,0.918752152256937
UPL 1 FUNDO DE INVESTIMENTO EM DIREITOS CREDITÓRIOS AGRONEGÓCIO RESPONSABILIDADE LIMITADA,28472392000100,688004185.99,0.0,688004185.99,965789869.25,0.7123746147019341
FUNDO DE INVESTIMENTO EM DIREITOS CREDITÓRIOS SOL CONSIG - RESPONSABILIDADE LIMITADA,47117855000160,685518450.47,0.0,685518450.47,688855871.34,0.995155124593033
ITAÚ PIRINEUS II FUNDO DE INVESTIMENTO EM DIREITOS CREDITÓRIOS DE INFRA - RESP LIMITADA,54759252000128,683481437.23,0.0,683481437.23,747930967.3,0.9138295740011139
IFOOD PAGO CRÉDITO III FUNDO DE INVESTIMENTO EM DIREITOS CREDITÓRIOS FINANCEIRO RESP. LIMITADA,61288838000117,681952295.66,0.0,681952295.66,722466359.01,0.943922560760453
FUNDO DE INVESTIMENTO EM DIREITOS CREDITÓRIOS TRATEX PRECATÓRIO II - RESPONSABILIDADE LIMITADA,09115244000194,675364435.48,0.0,675364435.48,694519721.34,0.9724193780659792
MASONE FUNDO DE INVESTIMENTO EM DIREITOS CREDITÓRIOS,37021511000108,675303539.0,0.0,675303539.0,673285076.06,1.0029979320970723
SOL AGORA GREEN III ESG FIDC IS SEGMENTO FINANCEIRO RESPONSABILIDADE LIMITADA,58510255000184,673738839.47,0.0,673738839.47,700445756.69,0.9618715411365968
IS SOL AGORA GREEN II ESG FIDC SEGMENTO FINANCEIRO DE RESPONSABILIDADE LIMITADA,53164652000128,665509321.63,0.0,665509321.63,705498309.71,0.9433180951256456
FUNDO DE  INVESTIMENTO EM DIREITOS CREDITÓRIOS TRADEPAY VAREJO I - RESPONSABILIDADE  LIMITADA,31570767000180,659806238.49,0.0,659806238.49,702136589.85,0.9397120845545975
TARANIS - FUNDO DE INVESTIMENTO EM DIREITOS CREDITÓRIOS - RESPONSABILIDADE LIMITADA,31164462000178,647159898.26,0.0,647159898.26,636635521.16,1.0165312439381702
FUNDO DE INVESTIMENTO EM DIREITOS CREDITÓRIOS BULLLA CARTÕES RESPONSABILIDADE LIMITADA,46655552000139,646722012.94,0.0,646722012.94,763807133.95,0.846708526530122
JC 4870 II FUNDO DE INVESTIMENTO EM DIREITOS CREDITÓRIOS NÃO-PADRONIZADOS,15428505000129,643859382.83,0.0,643859382.83,648584193.38,0.9927151931881391
MONTENEGRO FUNDO DE INVESTIMENTO EM DIREITOS CREDITÓRIOS,42449510000190,643769490.03,0.0,643769490.03,1967671103.82,0.3271733211816741
RIO FORMOSO II FUNDO DE INVESTIMENTO EM DIREITOS CREDITÓRIOS NÃO-PADRONIZADOS MULTISSETORIAL NP,21838483000178,642119708.03,0.0,642119708.03,641969978.44,1.0002332345670801
VHG FUNDO DE INVEST EM DIREITOS CREDITÓRIOS RECEBÍVEIS MULTISEGMENTOS DE RESPONSABILIDADE LIMITADA,16874770000101,641899333.22,0.0,641899333.22,544173830.69,1.1795850829616086
RNX FUNDO DE INVESTIMENTO EM DIREITOS CREDITÓRIOS MULTISSETORIAL DE RESPONSABILIDADE LIMITADA,12813212000177,0.0,640625097.33,640625097.33,715409074.26,0.8954668320256428
BT VAREJO FUNDO DE INVESTIMENTO EM DIREITOS CREDITÓRIOS,55519337000100,639154463.35,0.0,639154463.35,643144597.27,0.9937958991851332
DJF FUNDO DE INVESTIMENTO EM DIREITOS CREDITÓRIOS - RESPONSABILIDADE LIMITADA,35880735000131,631374136.35,0.0,631374136.35,694793402.11,0.9087221243503412
ARON FUNDO DE INVESTIMENTO EM DIREITOS CREDITÓRIOS - RESPONSABILIDADE LIMITADA,26709975000187,0.0,627536646.1,627536646.1,743782066.5,0.843710374805064
REDVECO CASH FUNDO DE INVESTIMENTO EM DIREITOS CREDITÓRIOS NÃO PADRONIZADOS,54372427000140,622881733.35,0.0,622881733.35,622863321.97,1.0000295592618005
FIDC RANDONCORP SEGMENTO RECEBÍVEIS COMERCIAIS RESPONSABILIDADE LIMITADA,62690693000149,0.0,617591011.1,617591011.1,658827258.1,0.9374096221839368
CHEMICAL XV - FUNDO DE INVESTIMENTO EM DIREITOS CREDITÓRIOS RESPONSABILIDADE LIMITADA,67063613000149,613376180.48,0.0,613376180.48,749412873.0,0.8184756395023922
SALUS - FUNDO DE INVESTIMENTO EM DIREITOS CREDITORIOS MULTISSETORIAL LP,10509884000168,606989288.9,0.0,606989288.9,620015331.67,0.9789907731234411
ITAÚ PIRINEUS III FUNDO DE INVESTIMENTOS EM DIREITOS CREDITÓRIOS DE INFRAESTRUTURA RESP LIMITADA,59688936000108,603664326.25,0.0,603664326.25,708363721.37,0.8521954301703824
AJAX FUNDO DE INVESTIMENTO EM DIREITOS CREDITORIOS,51168507000190,602480143.77,0.0,602480143.77,602257092.18,1.0003703594243991
DANIELE MÚLTIPLO FUNDO DE INVESTIMENTO EM DIREITOS CREDITÓRIOS,32528241000102,150959880.97,450568779.36,601528660.33,672100372.1,0.8949982551720715
FUNDO DE GESTÃO E RECUPERAÇÃO - FIDC - RESPONSABILIDADE LIMITADA,35880835000168,600476615.6,0.0,600476615.6,935477620.12,0.6418930850777305
STEP-UP VII FUNDO DE INVESTIMENTO EM DIREITOS CREDITÓRIOS RESPONSABILIDADE LIMITADA,26607493000116,596230359.83,0.0,596230359.83,960250194.42,0.6209114700467504
BASSO FUNDO DE INVESTIMENTO EM DIREITOS CREDITORIOS,26756137000164,42789442.82,546206199.88,588995642.7,603633491.31,0.975750436613063
TITÂNIA FUNDO DE INVESTIMENTO EM DIREITOS CREDITÓRIOS,55898077000112,587050067.75,0.0,587050067.75,586903904.55,1.0002490411102514
BALDER FUNDO DE INVESTIMENTO EM DIREITOS CREDITÓRIOS,53212022000181,585770457.94,0.0,585770457.94,585626339.06,1.000246093576036
30E FUNDO DE INVESTIMENTO EM DIREITOS CREDITÓRIOS - RESPONSABILIDADE LIMITADA,40211693000186,0.0,584936920.14,584936920.14,582794683.3,1.0036758002455854
CENTAURI FUNDO DE INVESTIMENTO EM DIREITOS CREDITÓRIOS,53206400000114,584319845.61,0.0,584319845.61,584188967.01,1.000224034700056
FUNDO DE INVESTIMENTO EM DIREITOS CREDITÓRIOS STELLANTIS MOBILITY I - RESPONSABILIDADE LIMITADA,61351481000174,582544271.78,0.0,582544271.78,598467081.89,0.9733940084729227
LUNA FUNDO DE INVESTIMENTO EM DIREITOS CREDITÓRIOS,35157905000154,582162002.1,0.0,582162002.1,185749798.75,3.134119153924521
REVEE CASH FUNDO DE INVESTIMENTO EM DIREITOS CREDITÓRIOS NÃO PADRONIZADOS,54373367000180,581698515.9,0.0,581698515.9,618455975.64,0.9405657618523904
ERYTHRINA FIDC SEGMENTO INFRAESTRUTURA E AGRONEGÓCIO DE RESPONSABILIDADE LIMITADA,65505678000171,578527428.4,0.0,578527428.4,586287312.57,0.9867643662013007
FUNDO DE INVESTIMENTO EM DIREITOS CREDITÓRIOS TURBI I DE RESPONSABILIDADE LIMITADA,49936440000144,578376873.11,0.0,578376873.11,590453123.13,0.9795474872654012
FUNDO DE INVESTIMENTO EM DIREITOS CREDITÓRIOS ATACADO RESPONSABILIDADE LIMITADA,26405874000112,577679986.42,0.0,577679986.42,817184529.35,0.706914981466297
LEGGERO FUNDO DE INVESTIMENTO EM DIREITOS CREDITÓRIOS,50456492000100,577483578.81,0.0,577483578.81,369825560.4,1.561502612705836
ALPE FUNDO DE INVESTIMENTO EM DIREITOS CREDITÓRIOS,32302163000115,569522758.36,5946275.05,575469033.41,674233494.55,0.8535159378192597
ALDEBARAN FUNDO DE INVESTIMENTO EM DIREITOS CREDITÓRIOS - RESPONSABILIDADE LIMITADA,57555582000190,0.0,572962687.08,572962687.08,1002415606.75,0.5715819698155353
IFOOD PAGO CRÉDITO I FUNDO DE INVESTIMENTO EM DIREITOS CREDITÓRIOS FINANCEIRO DE RESP LIMITADA,41197066000109,569616725.63,0.0,569616725.63,657095062.27,0.8668711094285241
FUNDO DE INVESTIMENTO EM DIREITOS CREDITÓRIOS MOTO HONDA II,63882874000130,0.0,565337541.53,565337541.53,636583666.49,0.8880805011023335
MAKENA FUNDO DE INVESTIMENTO EM DIREITOS CREDITÓRIOS,45938235000167,34782463.64,528812721.28,563595184.92,643719944.74,0.875528542381326
ISAAC FUNDO DE INVESTIMENTO EM DIREITOS CREDITÓRIOS DO SEGMENTO DE SERVIÇOS EDUCACIONAIS,44516049000177,559353182.08,0.0,559353182.08,721268162.92,0.7755134786699869
BMA FUNDO DE INVESTIMENTO EM DIREITOS CREDITÓRIOS MULTISSETORIAL - RESPONSABILIDADE LIMITADA,10434089000158,84034008.4,472690252.39,556724260.79,618767917.99,0.899730326353147
LANDBANK FUNDO DE INVESTIMENTO EM DIREITOS CREDITÓRIOS RESPONSABILIDADE LIMITADA,55562158000147,553649901.49,0.0,553649901.49,760477917.61,0.7280288995504157
MUGELLO FUNDO DE INVESTIMENTO EM DIREITOS CREDITÓRIOS,55347951000123,552797882.85,0.0,552797882.85,552588213.2,1.0003794319983514
FUNDO DE INVESTIMENTO EM DIREITOS CREDITÓRIOS MT FGTS RECEIVABLES IV,62010175000137,550296118.46,0.0,550296118.46,553851632.17,0.9935803859671418
PANTANAL DO BRASIL FUNDO DE INVESTIMENTO EM DIREITOS CREDITÓRIOS NÃO PADRONIZADOS,35654776000100,549795516.44,0.0,549795516.44,550115483.18,0.9994183644165944
ITAÚ PIRINEUS FUNDO DE INVESTIMENTOS EM DIREITOS CREDITÓRIOS DE INFRAESTRUTURA - RESP LIMITADA,52258677000128,549481160.11,0.0,549481160.11,613928390.52,0.895024840999106
GUARDIAN GDF FUNDO DE INVESTIMENTO EM DIREITOS CREDITÓRIOS RESPONSABILIDADE LIMITADA,51767969000123,549188275.11,0.0,549188275.11,546311018.04,1.00526670152164
ROYAL BANK FUNDO DE INVESTIMENTO EM DIREITOS CREDITÓRIOS DE RESPONSABILIDADE LIMITADA,10613882000114,545802998.61,0.0,545802998.61,808540098.3,0.6750475329023023
IS GREEN SOLFÁCIL VII FINANCEIRO FUNDO DE INVESTIMENTO EM DIREITOS CREDITÓRIOS RESP LIMITADA LIM,63505455000189,543545034.67,0.0,543545034.67,564702170.63,0.9625339921459901
SSA FUNDO DE INVESTIMENTO EM DIREITO CREDITÓRIO NÃO PADRONIZADO,45703190000141,543527012.2,0.0,543527012.2,146882997.02,3.7004079657088687
HARPIA FUNDO DE INVESTIMENTO EM DIREITOS CREDITÓRIOS - RESPONSABILIDADE  LIMITADA,20057764000120,68159413.5,471972916.19,540132329.69,605109132.84,0.8926196951531042
KYKLOS N FUNDO DE INVESTIMENTO EM DIREITOS CREDITÓRIOS RESPONSABILIDADE  LIMITADA,32400342000195,289486485.77,246954143.52,536440629.28999996,608534520.92,0.8815286739674089
URA FIAGRO RESPONSABILIDADE LIMITADA,25382606000160,105355644.57,427971644.66,533327289.23,655903885.92,0.8131180507978413
FUNDO DE INVESTIMENTO EM DIREITOS CREDITÓRIOS FUTURO PREVIDÊNCIA CONSIGNADO PÚBLICO II RESP LTDA,52810196000183,0.0,529116695.14,529116695.14,576453917.4,0.9178820356126528
JP MM FUNDO DE INVESTIMENTO EM DIREITOS CREDITÓRIOS MULTISSEGMENTOS DE  RESPONSABILIDADE LIMITADA,31495065000189,527550514.22,0.0,527550514.22,689016117.95,0.7656577262511628
NM VOLPI MORTGAGE FUNDO DE INVESTIMENTO EM DIREITOS CREDITORIOS RESPONSABILIDADE LIMITADA,52756013000199,524410125.5,0.0,524410125.5,650997738.88,0.805548305593525
GAVEA SUL FUNDO DE INVESTIMENTO EM DIREITOS CREDITÓRIOS MULTISSETORIAL LP,18185812000114,40756952.53,480350557.55,521107510.08000004,561951177.27,0.9273181214987013
SOA FUNDO DE INVESTIMENTO EM DIREITOS CREDITÓRIOS NÃO - PADRONIZADOS,57449433000146,520697789.51,0.0,520697789.51,518000319.36,1.0052074681215115
FUNDO DE INVESTIMENTO EM DIREITOS CREDITÓRIOS ATIVOS JUDICIAIS I RESPONSABILIDADE LIMITADA,37457423000145,519268409.63,0.0,519268409.63,541353269.64,0.9592043472376431
FUNDO DE INVESTIMENTO EM DIREITOS CREDITÓRIOS - ACR IV,51983832000106,518616701.04,0.0,518616701.04,527467198.34,0.9832207626789808
PLATINUM FUNDO DE INVESTIMENTO EM DIREITOS CREDITÓRIOS,50440392000188,516824993.62,0.0,516824993.62,529145471.21,0.9767162750881593
BTG PACTUAL ATLAS FUNDO DE INVESTIMENTO EM DIREITOS CREDITÓRIOS RESPONSABILIDADE LIMITADA,59595605000115,0.0,515445580.37,515445580.37,1239913416.4,0.4157109468712415
INSS SOLIS ITER FUNDO DE INVESTIMENTO EM DIREITOS CREDITÓRIOS - RESPONSABILIDADE LIMITADA,55581400000120,515375764.72,0.0,515375764.72,517208086.1,0.9964572839651124
ATENA FUNDO DE INVESTIMENTO EM DIREITOS CREDITÓRIOS SEGMENTO INFRAESTRUTURA DE RESP LIMITADA,65411764000115,510286080.21,0.0,510286080.21,511741022.82,0.9971568771212
GAVEA OPEN FUNDO DE INVESTIMENTO EM DIREITOS CREDITÓRIOS,31024386000103,49914831.55,459130143.71,509044975.26,561229780.43,0.9070170418789657
SFT FUNDO DE INVESTIMENTO EM DIREITOS CREDITÓRIOS,44062564000124,31113960.65,475716267.73,506830228.38,628122237.49,0.8068974446841949
MF GROUP FUNDO DE INVESTIMENTO EM DIREITOS CREDITÓRIOS NÃO PADRONIZADOS,47424724000126,505672651.86,0.0,505672651.86,673036320.46,0.7513304059346871
UNITY FUNDO DE INVESTIMENTO EM DIREITOS CREDITÓRIOS NÃO-PADRONIZADOS,38137056000165,502049824.03,0.0,502049824.03,501909965.66,1.0002786523073237
POLONIA FUNDO DE INVESTIMENTO EM DIREITOS CREDITORIOS NÃO PADRONIZADO - FIDC NP,32156017000129,0.0,501489076.11,501489076.11,501158913.76,1.0006587977205132
PJUS COBALTO FIDC DE PRECATÓRIOS DE RESPONSABILIDADE LIMITADA,56805661000149,500795913.75,0.0,500795913.75,507955256.94,0.9859055633499514
ARC DIP JS FUNDO DE INVESTIMENTO EM DIREITOS CREDITÓRIOS NÃO PADRONIZADO,52363951000129,496074813.75,0.0,496074813.75,484118379.9,1.0246973350866575
CREDIFIX FUNDO DE INVESTIMENTO EM DIREITOS CREDITÓRIOS,21648446000105,494893849.59,0.0,494893849.59,355155990.12,1.3934548856202182
FLOWINVEST FUNDO DE INVESTIMENTO EM DIREITOS CREDITÓRIOS RESPONSABILIDADE LIMITADA,20460014000103,260029908.95,232850076.47,492879985.41999996,575196961.52,0.8568890630394301
AMETISTA III FUNDO DE INVESTIMENTOS EM DIREITOS CREDITÓRIOS - RESPONSABILIDADE LIMITADA,66057868000136,486802860.3,0.0,486802860.3,534286867.95,0.9111263807920437
FIDC AGRO CAPITAL FINANCE RESPONSABILIDADE LIMITADA,47280025000150,475111391.85,9734355.36,484845747.21000004,522132133.94,0.9285882168396005
JC DIVERSIFICADO III FUNDO DE INVESTIMENTO EM DIREITOS CREDITORIOS NAO-PADRONIZADOS,29109350000172,484574646.7,0.0,484574646.7,495886949.95,0.9771877375455421
FUNDO DE INVESTIMENTO EM DIREITOS CREDITÓRIOS MULTISSETORIAL ONE7 LP RESPONSABILIDADE LIMITADA,08654210000105,55518780.98,427944103.05,483462884.03000003,502797099.05,0.9615466854193657
SERENA FUNDO DE INVESTIMENTO EM DIREITOS CREDITÓRIOS,53293984000102,483335123.5,0.0,483335123.5,865057055.5,0.5587320748694824
FUNDO DE INVESTIMENTO EM DIREITOS CREDITÓRIOS SUMITOMO RESPONSABILIDADE LIMITADA,19746810000110,481771502.21,0.0,481771502.21,691010142.71,0.6971988867205204
CHEMICAL XIV - FIDC - INDÚSTRIA PETROQUÍMICA,59534745000183,481333151.93,0.0,481333151.93,525889772.19,0.9152738413708833
PRAVALER CREDITO UNIVERSITARIO III FUNDO DE INVESTIMENTO EM DIREITOS CREDITÓRIOS - RESP LIMITADA,34408539000104,474976724.27,0.0,474976724.27,146783175.86,3.235907122782429
UNIQUE FUNDO DE INVESTIMENTO EM DIREITOS CREDITÓRIOS - RESPONSABILIDADE LIMITADA,26558785000106,324061098.45,149146950.37,473208048.82,519145597.58,0.9115131689950986
ÁGIS  - FUNDO DE INVESTIMENTO EM DIREITOS CREDITÓRIOS NÃO PADRONIZADOS,35689601000138,412683822.78,59723589.1,472407411.88,485279694.2,0.9734745086723227
EMPRESARIAL FUNDO DE INVESTIMENTO EM DIREITOS CREDITÓRIOS MULTISEGMENTOS,07727757000120,11830658.63,458052015.14,469882673.77,515352066.52,0.9117702330039353
MT CP III FUNDO DE INVESTIMENTO EM DIREITOS CREDITÓRIOS RESPONSABILIDADE LIMITADA,62274607000117,0.0,469581672.88,469581672.88,697089883.97,0.6736314551083185
ICRED INSS III FUNDO DE INVESTIMENTO EM DIREITOS CREDITÓRIOS RESPONSABILIDADE LIMITADA,65347578000164,469052325.56,0.0,469052325.56,664757336.15,0.7055993218165254
BLC II FUNDO DE INVESTIMENTO EM DIREITOS CREDITÓRIOS NÃO-PADRONIZADOS,28153046000160,467466132.61,0.0,467466132.61,677089997.05,0.690404724108603
MP FUNDO DE INVESTIMENTO EM DIREITOS CREDITÓRIOS,15675220000192,370388424.21,96200726.41,466589150.62,671805123.57,0.6945305033407992
EXP 1 FUNDO DE INVESTIMENTO EM DIREITOS CREDITÓRIOS NÃO PADRONIZADOS,17024362000115,466459569.2,0.0,466459569.2,1001151211.75,0.4659231929456834
JIVE BOSSANOVA90 - FUNDO DE INVESTIMENTO EM DIREITOS CREDITÓRIOS,58893662000118,463748812.39,0.0,463748812.39,1554710409.76,0.29828629787176164
MT INSS RECEIVABLES V FUNDO DE INVESTIMENTO EM DIREITOS CREDITÓRIOS CONSIGNADOS,51290497000160,0.0,462835577.18,462835577.18,493570021.43,0.9377303261633387
FUNDO DE INVESTIMENTO EM DIREITOS  CREDITÓRIOS SOMACRED SABEMI CONSIGNADO PÚBLICO III,54697682000162,0.0,461423671.69,461423671.69,469787444.93,0.982196686330674
VALOREM FUNDO DE INVESTIMENTO EM DIREITOS CREDITÓRIOS  MULTISETORIAL RESPONSABILIDADE LIMITADA,17468142000180,75265661.74,386076410.0,461342071.74,511752071.28,0.9014952701336139
JEFER BANKING FUNDO DE INVESTIMENTO EM DIREITOS CREDITÓRIOS  NÃO-PADRONIZADOS RESP LIMITADA,54029281000134,10517864.63,449973915.51,460491780.14,415133268.2,1.1092625318531386
GALLERIA HOME EQUITY FIDC,37294759000134,460171192.13,0.0,460171192.13,513226571.59,0.8966238647862056
FMC 202201 FUNDO DE INVESTIMENTO EM DIREITOS CREDITÓRIOS - RESPONSABILIDADE LIMITADA,20998706000100,458337283.61,0.0,458337283.61,501754369.49,0.9134694413839772
SUMUP SMART I FIDC SEGMENTO MEIOS DE PAGAMENTO DE RESPONSABILIDADE LIMITADA,62626409000175,454396871.82,0.0,454396871.82,459711342.54,0.9884395484117566
VLBM FUNDO DE INVESTIMENTO EM DIREITOS CREDITÓRIOS NÃO-PADRONIZADOS,48903717000170,454274736.67,0.0,454274736.67,454418489.95,0.9996836544216856
VNMB FUNDO DE INVESTIMENTO EM DIREITOS CREDITÓRIOS NÃO-PADRONIZADOS,48904297000146,454274736.67,0.0,454274736.67,454418402.05,0.9996838477945614
VVMB FUNDO DE INVESTIMENTO EM DIREITOS CREDITÓRIOS NÃO-PADRONIZADOS,08661352000108,454274736.67,0.0,454274736.67,454435894.87,0.9996453664822271
VINCI ENERGIA SUSTENTÁVEL FIDC - IS RESPONSABILIDADE LIMITADA,28492719000106,451994453.51,0.0,451994453.51,479422659.48,0.9427890913630371
LOTUS PERFORMANCE FUNDO DE INVESTIMENTO EM DIREITOS CREDITÓRIOS MULTISEGMENTOS,19424642000146,95088290.27,355184894.64,450273184.90999997,503850555.81,0.893664162354911
MTPAR FUNDO DE INVESTIMENTO EM DIREITOS CREDITÓRIOS  NÃO-PADRONIZADO,49124193000181,447834399.17,0.0,447834399.17,448998804.3,0.9974066631829558
SRM EXODUS PME FUNDO DE INVESTIMENTO EM DIREITOS CREDITÓRIOS RESPONSABILIDADE LIMITADA,34521809000180,0.0,447409562.04,447409562.04,506192257.53,0.8838727882231265
MARNE FUNDO DE INVESTIMENTO EM DIREITOS CREDITÓRIOS NÃO - PADRONIZADOS,61432674000150,446834838.16,0.0,446834838.16,446717388.73,1.0002629166290882
STARS BANK FUNDO DE INVESTIMENTO EM DIREITOS CREDITÓRIOS LP DE RESPONSABILIDADE LIMITADA,42700626000150,66583880.66,377904022.46,444487903.12,594906046.84,0.7471564719858109
QISTO FUNDO DE INVESTIMENTO EM DIREITOS CREDITÓRIOS RESPONSABILIDADE LIMITADA,63991902000157,443833405.33,0.0,443833405.33,470008161.88,0.9443099957130472
JIF II CRÉDITOS - FUNDO DE  INVESTIMENTO EM DIREITOS CREDITÓRIOS CRÉDITO PRIVADO,55595137000128,441793295.48,0.0,441793295.48,1167255846.63,0.3784888263832709
SALVADOR FUNDO DE INVESTIMENTO EM DIREITOS CREDITÓRIOS CRÉDITO CONSIGNADO RESPONSABILIDADE LIMITADA,62705336000107,435770649.16,0.0,435770649.16,446968167.76,0.9749478387776096
FUNDO DE INVESTIMENTO EM DIREITOS CREDITORIOS CASH FLOW MULTISSEGMENTOS,97533979000103,310287256.28,121665093.77,431952350.04999995,590129661.12,0.7319617679108058
GERA FUNDO DE INVESTIMENTO EM DIREITOS CREDITÓRIOS,55144787000157,430104885.39,0.0,430104885.39,555730110.48,0.7739456208671257
XP CREDIT OPPORTUNITIES FUNDO DE INVESTIMENTO EM DIREITOS CREDITÓRIOS DE RESPONSABILIDADE LIMITADA,53779703000126,430010402.64,0.0,430010402.64,864281715.99,0.49753499892964914
TELCOBANK I FUNDO DE INVESTIMENTO  EM DIREITOS CREDITÓRIOS RESPONSABILIDADE LIMITADA,43721652000128,429033857.13,0.0,429033857.13,405113323.34,1.0590465245447487
CEPOR FUNDO DE INVESTIMENTO EM DIREITOS CREDITÓRIOS,60115335000187,426008824.44,0.0,426008824.44,426162106.52,0.9996403197805369
ROQUEDAL FUNDO DE  INVESTIMENTO EM DIREITOS CREDITÓRIOS,46285232000134,10682816.85,412753932.1,423436748.95000005,511432466.92,0.8279426441189066
CLASSE FGTS RECEIVABLES DO MT GLOBAL FUNDO DE INVESTIMENTO EM DIREITOS CREDITÓRIOS RESPONSABILIDADE,63953902000162,0.0,421792986.97,421792986.97,570797205.97,0.7389541899617649
FUNDO DE INVESTIMENTO EM DIREITOS CREDITÓRIOS CLT NOW RESPONSABILIDADE LIMITADA,62390922000100,0.0,421565079.71,421565079.71,474420536.29,0.8885894421996712
TAYA TECH FGTS I FUNDO DE INVESTIMENTO EM DIREITOS CREDITÓRIOS,57584334000177,419328519.61,0.0,419328519.61,420305555.84,0.9976754144302297
KINEA VÉRTICE FUNDO DE INVESTIMENTO EM DIREITOS CREDITÓRIOS ABERTO RESPONSABILIDADE LIMITADA,29986319000110,419155026.27,0.0,419155026.27,771314631.91,0.5434293723069273
MCP FUNDO DE INVESTIMENTO EM DIREITOS CREDITÓRIOS DE RESPONSABILIDADE LIMITADA,62682486000142,419146438.74,0.0,419146438.74,500454090.62,0.8375322464059191
PAYJOY I FUNDO DE INVESTIMENTO EM DIREITOS CREDITÓRIOS SEGMENTO FINANCEIRO,45963809000157,418356511.42,0.0,418356511.42,496711110.05,0.8422531788706867
MONEE II FUNDO DE INVESTIMENTO EM DIREITOS CREDITÓRIOS SEGMENTO FINANCEIRO - RESP. LIMITADA,58152340000118,418207518.86,0.0,418207518.86,442213717.89,0.9457135813322474
HB CAPITAL FUNDO DE INVESTIMENTO EM DIREITOS CREDITÓRIOS,27326160000181,346515637.48,71537982.65,418053620.13,430621219.08,0.9708151888640091
CREDIT RESTRUCTURING II FUNDO DE INVESTIMENTO EM DIREITOS CREDITÓRIOS RESPONSABILIDADE LIMITADA,56544469000146,416368919.84,0.0,416368919.84,417590757.97,0.9970740776545447
FUNDO DE INVESTIMENTO EM DIREITOS CREDITÓRIOS ANGÁ FGTS I - RESPONSABILIDADE LIMITADA,51957370000152,410931292.31,0.0,410931292.31,416057702.27,0.9876786082025872
HAWKER FUNDO DE INVESTIMENTO EM DIREITOS CREDITÓRIOS NÃO-PADRONIZADOS,45521676000169,408704157.3,0.0,408704157.3,407886725.37,1.0020040660290146
GOAT CRÉDITOS JUDICIAIS FUNDO  DE INVESTIMENTO EM DIREITOS CREDITÓRIOS,45207572000184,407736136.42,0.0,407736136.42,407162857.9,1.0014079833385512
QG DISTRESSED FUNDO DE INVESTIMENTO EM DIREITOS CREDITÓRIOS - RESPONSABILIDADE LIMITADA,27954644000175,407353822.93,0.0,407353822.93,407254879.96,1.0002429509746078
IMPACTO ROXO FIDC DE PRECATÓRIOS DE RESPONSABILIDADE LIMITADA,57139003000128,406019414.0,0.0,406019414.0,433430474.49,0.9367578836669168
AUSTER FUNDO DE INVESTIMENTO EM DIREITOS CREDITÓRIOS,17024546000185,404733727.24,0.0,404733727.24,559882486.39,0.7228904941278566
MULTI ASSET FUNDO DE INVESTIMENTO EM DIREITOS CREDITÓRIOS,10841847000152,98390485.02,306138962.59,404529447.60999995,442471992.48,0.9142487083592865
INTERBANK FUNDO DE INVESTIMENTO EM DIREITOS CREDITÓRIOS,20791371000146,15894229.11,387438325.26,403332554.37,473536709.71,0.8517450624197775
SUMUP SMART II FIDC SEGMENTO MEIOS DE PAGAMENTO DE RESPONSABILIDADE LIMITADA,62627051000103,403253248.03,0.0,403253248.03,408290802.91,0.9876618458116224
TREVISO FUNDO DE INVESTIMENTO EM DIREITOS CREDITÓRIOS,26506898000168,32205514.95,370387972.15,402593487.09999996,410611327.08,0.9804734076942844
RESIDENCE CLUB FUNDO DE INVESTIMENTO EM DIREITOS CREDITÓRIOS,43193260000133,399389648.21,0.0,399389648.21,403404357.91,0.9900479267978167
IS GREEN SOLFÁCIL VI FUNDO DE INVESTIMENTO EM DIREITOS CREDITÓRIOS RESPONSABILIDADE LIMITADA,57028406000108,399266497.48,0.0,399266497.48,437421807.29,0.9127722734118193
GAVEA REAL FUNDO DE INVESTIMENTO EM DIREITOS CREDITÓRIOS,54639537000125,65506702.34,333269403.32,398776105.65999997,401726080.07,0.9926567515619449
DEL MONTE FUNDO DE INVESTIMENTO EM DIREITOS CREDITÓRIOS MULTISEGMENTOS,14605855000150,1832615.1,396412020.31,398244635.41,411926192.35,0.9667863874789122
BAROLO FUNDO DE INVESTIMENTO EM DIREITOS CREDITÓRIOS,58212304000100,0.0,395754494.46,395754494.46,395913875.88,0.999597434114564
FUNDO DE INVESTIMENTO EM DIREITOS CREDITÓRIOS MIT RESPONSABILIDADE LIMITADA,13733804000141,0.0,392710859.12,392710859.12,504977273.82,0.7776802630131479
PFC FUNDO DE INVESTIMENTO EM DIREITOS CREDITÓRIOS NÃO-PADRONIZADOS RESPONSABILIDADE LIMITADA,50312715000158,391637626.38,0.0,391637626.38,400067890.1,0.9789279171645272
M12 FUNDO DE INVESTIMENTO EM DIREITOS CREDITORIOS LONGO  PRAZO,52998078000140,389029870.54,0.0,389029870.54,490442185.88,0.793222691155664
ITAPEVA XI MULTICARTEIRA FUNDO DE INVESTIMENTO EM DIREITOS CREDITÓRIOS RESPONSABILIDADE LIMITADA,30366204000101,389025113.2,0.0,389025113.2,524085545.41,0.7422931553963386
FUNDO DE INVESTIMENTO EM DIREITOS CREDITÓRIOS XPCE INFRA,31216543000174,388808435.52,0.0,388808435.52,647834872.81,0.6001659556138645
LEGACY FUNDO DE INVESTIMENTO EM DIREITOS CREDITÓRIOS,52967434000169,387773432.45,0.0,387773432.45,387666560.82,1.000275679258417
ALIANÇA FUNDO DE INVESTIMENTO EM DIREITOS CREDITÓRIOS CONSIGNADOS - RESPONSABILIDADE LIMITADA,27985097000195,387256783.41,0.0,387256783.41,386827626.56,1.0011094265779734
PLGN AUTO LOANS II FUNDO DE INVESTIMENTO EM DIREITOS CREDITÓRIOS,61305620000123,386553194.13,0.0,386553194.13,387415436.31,0.9977743731942832
BOREAL I FUNDO DE INVESTIMENTO EM DIREITOS CREDITÓRIOS  COMERCIAL - RESPONSABILIDADE LIMITADA,50963249000170,175885358.95,209547829.97,385433188.91999996,378793185.92,1.0175293623191055
BANMINAS FUNDO DE INVESTIMENTO EM DIREITOS CREDITÓRIOS,35823530000114,103103042.22,281005920.35,384108962.57000005,421195259.86,0.9119498702280577
STEP-UP X FUNDO DE INVESTIMENTO EM DIREITOS CREDITÓRIOS RESPONSABILIDADE LIMITADA,29746371000107,383989993.82,0.0,383989993.82,571141964.17,0.6723196996705108
CONSIGNADOS IX FUNDO DE INVESTIMENTO EM DIREITOS CREDITÓRIOS - RESPONSABILIDADE LIMITADA,59086325000181,382920731.74,0.0,382920731.74,383020425.18,0.9997397176927232
JAZZ FUNDO DE INVESTIMENTO EM DIREITOS CREDITÓRIOS,32274338000128,382506653.96,0.0,382506653.96,382992062.58,0.998732588302927
SOLDI INVEST FUNDO DE INVESTIMENTO EM DIREITOS CREDITÓRIOS,59475109000128,375760397.96,0.0,375760397.96,398446026.46,0.943064739027389
IRÍDIO FUNDO DE INVESTIMENTO EM DIREITOS CREDITÓRIOS,52609670000103,375361364.88,0.0,375361364.88,375248099.18,1.000301842168548
LUX FUNDO DE  INVESTIMENTO EM DIREITOS CREDITÓRIOS NÃO PADRONIZADOS  FEEDER RESP LIMITADA,59400337000139,372377346.87,0.0,372377346.87,372336354.96,1.000110093761874
CROWN OCEAN CAPITAL CREDITS I FUNDO DE INVESTIMENTO EM DIREITOS CREDITÓRIOS,18676119000144,371945741.0,0.0,371945741.0,372748610.13,0.9978460841752838
FUNDO DE INVESTIMENTO EM DIREITOS CREDITORIOS RECUPERA,16686142000194,369548508.56,0.0,369548508.56,351598442.64,1.0510527458120142
VCE FUNDO DE INVESTIMENTO EM DIREITOS CREDITÓRIOS DE RESPONSABILIDADE LIMITADA,36771000000132,369408111.39,0.0,369408111.39,387820801.36,0.9525226859791149
MALBEC FUNDO DE INVESTIMENTO EM DIREITOS CREDITÓRIOS,52041044000163,289270559.9,77292484.45,366563044.34999996,378539698.25,0.968360903875159
WORKCAP AGRO FUNDO DE INVESTIMENTO EM DIREITOS CREDITORIOS RESPONSABILIDADE LIMITADA,33076242000118,366518826.61,0.0,366518826.61,443208155.43,0.8269676947943431
RIO DOCE FUNDO DE INVESTIMENTO EM DIREITOS CREDITÓRIOS,41755826000148,366498882.54,0.0,366498882.54,366346571.96,1.0004157554394058
PARANÁ I FIDC - FUNDO DE INVESTIMENTO EM DIREITOS CREDITÓRIOS - RESPONSABILIDADE LIMITADA,59629874000155,365688025.44,0.0,365688025.44,397047434.06,0.9210184831083403
FUNDO DE INVESTIMENTO EM DIREITOS CREDITÓRIOS CREDITAS AUTO X - RESPONSABILIDADE LIMITADA,53095241000128,365217590.67,0.0,365217590.67,384997010.3,0.9486244851236966
COTIA FUNDO DE INVESTIMENTO EM DIREITOS CREDITÓRIOS,59942929000182,364162763.01,0.0,364162763.01,364012370.52,1.0004131521403659
AVANTI MULTIPLICA FUNDO DE INVESTIMENTO EM DIREITOS CREDITÓRIOS,29242877000170,317061140.87,46084652.98,363145793.85,377081184.12,0.9630440582642138
CP II FUNDO DE INVESTIMENTO DE DIREITOS CREDITÓRIOS RESPONSABILIDADE LIMITADA,53245260000193,363054662.39,0.0,363054662.39,367323094.56,0.9883796248229015
RUNEARD FUNDO DE INVESTIMENTO EM DIREITOS CREDITÓRIOS  NÃO-PADRONIZADOS,51660739000160,360844519.43,0.0,360844519.43,309209260.21,1.1669913093318482
EDENEMERALD HEZ FIDC SEGMENTO MEIOS DE PAGAMENTO DE RESPONSABILIDADE LIMITADA,43705687000173,359375340.48,0.0,359375340.48,395670790.38,0.9082685637088802
SAINTE JULIE FUNDO DE INVESTIMENTO EM DIREITOS CREDITÓRIOS NÃO-PADRONIZADOS RESP LIMITADA,40132424000124,357902898.55,0.0,357902898.55,601049791.94,0.5954629771932901
C6 BANK TV1 FUNDO DE INVESTIMENTO EM DIREITOS CREDITÓRIOS - RESPONSABILIDADE LIMITADA,29828733000109,156200285.64,201365433.5,357565719.14,490720357.85,0.7286547489217845
CVPAR I FUNDO DE INVESTIMENTO EM DIREITOS CREDITÓRIOS RESPONSABILIDADE LIMITADA,23104485000169,196485892.62,160981946.75,357467839.37,518028566.05,0.69005429969956
JEITTO FUNDO DE INVESTIMENTO EM DIREITOS CREDITÓRIOS  GUARDIAN RESPONSABILIDADE LIMITADA,61157943000117,357260831.55,0.0,357260831.55,404964651.84,0.8822025081121214
CERRADO I FUNDO DE  INVESTIMENTO EM DIREITOS CREDITÓRIOS,18686800000173,357053591.45,0.0,357053591.45,480679110.52,0.7428107101715704
FUNDO DE INVESTIMENTO EM DIREITOS CREDITORIOS UPL 02 - RESPONSABILIDADE LIMITADA,44574361000117,356985832.75,0.0,356985832.75,482864460.3,0.73930856813982
FUNDO DE INVESTIMENTO EM DIREITOS CREDITÓRIOS SANTA CRUZ CAPITAL,32969429000188,334204001.34,21367894.17,355571895.51,459089534.64,0.7745153585102426
SUMUP SOLO FUNDO DE INVESTIMENTO EM DIREITOS CREDITÓRIOS SEGMENTO MEIOS DE PAGAMENTO DE RESPONSABILI,45598747000121,355103732.98,0.0,355103732.98,378059320.79,0.939280460637681
VIRAGE FUNDO DE INVESTIMENTO EM DIREITOS CREDITÓRIOS,53415069000142,355009108.46,0.0,355009108.46,354866009.84,1.0004032469045556
FLYNN FUNDO DE INVESTIMENTO EM DIREITOS CREDITÓRIOS,54153227000104,350529703.66,0.0,350529703.66,350412098.49,1.0003356196047648
VIA INVEST FUNDO DE INVESTIMENTO EM DIREITOS CREDITÓRIOS MULTISSETORIAL RESPONSABILIDADE LIMITADA,12167116000107,148551103.04,201267337.1,349818440.14,376013947.71,0.9303336811585425
PRAVALER CRÉDITO UNIVERSITÁRIO II FUNDO DE INVESTIMENTO EM DIREITOS CREDITÓRIOS - RESP LIMITADAL,26749095000134,349521335.44,0.0,349521335.44,392878603.09,0.889642074399079
ARES FUNDO DE  INVESTIMENTO EM DIREITOS CREDITÓRIOS NÃO-PADRONIZADOS,44062556000188,348894895.88,0.0,348894895.88,352158020.63,0.9907339189828408
LASSIE 2 CRÉDITOS JUDICIAIS FUNDO DE INVESTIMENTO EM DIREITOS CREDITÓRIOS,50151440000118,348820173.85,0.0,348820173.85,329914593.12,1.0573044694725688
SUMUP SMART IV FIDC SEGMENTO MEIOS DE PAGAMENTO DE RESPONSABILIDADE LIMITADA,62626887000185,347991200.65,0.0,347991200.65,356847386.67,0.9751821469041893
CERES CONFINA FIAGRO RESPONSABILIDADE LIMITADA,42336323000109,3282675.16,344686785.54,347969460.70000005,388016649.48,0.896790024774274
LOGAN FUNDO DE INVESTIMENTO EM DIREITOS CREDITÓRIOS,51007736000122,347483518.48,0.0,347483518.48,347366604.4,1.000336572596557
POSITIVO II FUNDO DE INVESTIMENTO EM DIREITOS CREDITÓRIOS RESPONSABILIDADE LIMITADA,37457367000149,327518318.04,19428992.81,346947310.85,414407777.37,0.837212354101722
UNIQUE II FUNDO DE INVESTIMENTO EM DIREITOS CREDITÓRIOS,32388171000126,111831037.72,235085965.87,346917003.59000003,353443030.46,0.9815358450794561
FUNDO DE INVESTIMENTO EM DIREITOS CREDITÓRIOS NÃO PADRONIZADOS SIFRA PERFORMANCE,17012019000150,141784302.22,204277557.75,346061859.97,415759589.5,0.8323605004184756
SANTA FÉ FUNDO DE INVESTIMENTO EM DIREITOS CREDITÓRIOS DE RESPONSABILIDADE LIMITADA,41195737000194,345379902.86,0.0,345379902.86,426113248.28,0.810535472093677
TANGERINA FUNDO DE INVESTIMENTO EM DIREITOS CREDITÓRIOS - RESPONSABILIDADE LIMITADA,54178902000141,344787007.22,0.0,344787007.22,343253628.95,1.0044671873526598
FUNDO DE INVESTIMENTO EM DIREITOS CREDITÓRIOS ST,52653470000158,343700222.49,0.0,343700222.49,645139954.3,0.5327529634448499
LAPERANTA FUNDO DE INVESTIMENTO EM DIREITOS CREDITÓRIOS,36566199000167,343243831.12,0.0,343243831.12,393322531.92,0.8726777727288052
DESBRAVA UNO ARTIGOS ESPORTIVOS FUNDO DE INVESTIMENTO EM DIREITOS CREDITÓRIOS RESP LIMITADA,63622842000103,342797319.29,0.0,342797319.29,343581061.0,0.9977189030509456
FACIO 4 FUNDO DE INVESTIMENTO EM DIREITOS CREDITÓRIOS FINANCEIROS DE RESPONSABILIDADE LIMITADA,62627291000108,340980732.63,0.0,340980732.63,410773065.35,0.8300951581123428
TERPSÍCORE FUNDO DE INVESTIMENTO EM DIREITOS CREDITÓRIOS,57269975000137,340888108.51,0.0,340888108.51,340747869.5,1.0004115623971641
RINDT FUNDO DE INVESTIMENTO EM DIREITOS CREDITÓRIOS,51151251000108,340173562.76,0.0,340173562.76,340029415.92,1.0004239246172568
HERCULES FUNDO DE INVESTIMENTO EM DIREITOS CREDITÓRIOS MULTISSETORIAL,28671081000170,88976992.7,250961489.38,339938482.08,347247870.72,0.9789505155932435
RB CAPITAL CREDIT ALPHA STRATEGY I FIDC - RESPONSABILIDADE LIMITADA,32724252000150,337630889.21,0.0,337630889.21,439934830.91,0.7674565992231496
ENDURANCE INVEST FUNDO DE INVESTIMENTO EM DIREITOS CREDITÓRIOS,36953080000147,337363512.14,0.0,337363512.14,550804156.07,0.6124926771560625
ATIVOS ESPECIAIS II - FUNDO DE INVESTIMENTO EM DIREITOS CREDITÓRIOS - RESPONSABILIDADE LIMITADA,35448967000115,335187618.19,0.0,335187618.19,427000000.0,0.7849827123887588
FRIMESA FUNDO DE INVESTIMENTO EM DIREITOS CREDITÓRIOS DE RESPONSABILIDADE LIMITADA,58171340000165,334525827.89,0.0,334525827.89,357712011.78,0.9351819812406524
BSPAR FUNDO DE INVESTIMENTO EM DIREITOS CREDITÓRIOS NÃO-PADRONIZADOS MULTISSETORIAL,09527140000197,206817117.49,127481120.0,334298237.49,412745731.73,0.809937479156497
LEPTA MULTISETORIAL FUNDO DE INVESTIMENTO EM DIREITOS CREDITÓRIOS,59904247000185,33411314.86,300372965.86,333784280.72,337304845.12,0.9895626628228613
SARFATY CRÉDITO CORPORATIVO FUNDO DE INVESTIMENTO EM DIREITOS CREDITÓRIOS,56844535000101,7108784.57,326202064.15,333310848.71999997,347695795.17,0.9586277813829565
KIWIFY FUNDO DE INVESTIMENTO EM DIREITOS CREDITÓRIOS SEGMENTO MEIOS DE PAGAMENTO DE RESPONSABILIDADE,52271464000136,332943663.31,0.0,332943663.31,347342248.66,0.9585464037111874
MT CONSIGNADO PRIVADO II FUNDO DE INVESTIMENTO EM DIREITOS CREDITÓRIOS RESPONSABILIDADE LIMITADA,58458416000138,330309719.49,0.0,330309719.49,387756518.91,0.8518482691626039
FUNDO DE INVESTIMENTO EM DIREITOS CREDITORIOS XPCE V,27771731000197,327859983.44,0.0,327859983.44,388134717.51,0.8447066666525468
XENON FUNDO DE INVESTIMENTO EM DIREITOS CREDITÓRIOS NÃO PADRONIZADOS,54332890000168,325786224.52,0.0,325786224.52,325645774.42,1.0004312971671445
VERZEKERING FUNDO DE INVESTIMENTO EM DIREITOS CREDITÓRIOS,53262924000122,325777141.49,0.0,325777141.49,325638947.93,1.0004243766320904
GUARDIAN MULTI CONSIGNADO III FIDC RESPONSABILIDADE LIMITADA,52341847000133,0.0,325534498.58,325534498.58,331524918.49,0.9819307099530115
ARTESANAL SPECIAL SITS FIDC MULTISETORIAL - RESPONSABILIDADE LIMITADA,21053898000136,325245649.63,0.0,325245649.63,325574072.79,0.9989912490353252
FALCON CONSIGNADO FUNDO DE  INVESTIMENTOS EM DIREITOS CREDITÓRIOS,55695976000118,325040940.6,0.0,325040940.6,337177262.33,0.9640061086974424
MT INSS RECEIVABLES II FUNDO DE INVESTIMENTO EM DIREITOS CREDITÓRIOS RESPONSABILIDADE LIMITADA,40752367000186,324758901.75,0.0,324758901.75,426917130.82,0.7607071216051231
LEVE FUNDO DE INVESTIMENTO EM DIREITOS CREDITÓRIOS - RESPONSABILIDADE LIMITADA,22945783000119,221151781.11,101088739.41,322240520.52,330500809.21,0.9750067519963275
ÁRTICO MIDDLE CORPORATE FUNDO DE INVESTIMENTO EM DIREITOS CREDITÓRIOS,26208328000191,51872431.2,270110759.47,321983190.67,362729545.48,0.8876673948462611
CAMPANA FUNDO DE INVESTIMENTO EM DIREITOS CREDITÓRIOS - RESPONSABILIDADE LIMITADA,54229771000184,319858666.58,0.0,319858666.58,391941800.38,0.8160871493417821
FUNDO DE INVESTIMENTO EM DIREITOS CREDITÓRIOS FUTURO CONSIGNADO PÚBLICO III RESP LTDA,55072790000102,0.0,319650446.03,319650446.03,335957104.15,0.9514620827523287
MULTIPLICA LONG TERM LONGO PRAZO FUNDO DE INVESTIMENTO EM DIREITOS CREDITÓRIOS,32510577000130,318851766.45,721893.84,319573660.28999996,387912834.57,0.8238285300465663
DISTRESSED FUNDO DE INVESTIMENTO EM DIREITOS CREDITÓRIOS MULTISEGMENTOS DE RESPONSABILIDADE LIMITADA,29720595000131,196114322.85,118890534.33,315004857.18,314819121.43,1.0005899760762826
FIDC SINAI CONSIG FUNDO DE INVESTIMENTO EM DIREITOS CREDITÓRIOS RESPONSABILIDADE LIMITADA,60742391000141,314239984.88,0.0,314239984.88,309009580.11,1.0169263515006173
LL CAPITAL FUNDO DE INVESTIMENTO EM DIREITOS CREDITÓRIOS  RESPONSABILIDADE LIMITADA,60645628000176,309769880.44,0.0,309769880.44,309510399.02,1.000838360910721
STEP-UP VIII FUNDO DE INVESTIMENTO EM DIREITOS CREDITÓRIOS RESPONSABILIDADE LIMITADA,29746406000108,309171587.58,0.0,309171587.58,352150407.98,0.8779532284328889
MANSELL FUNDO DE INVESTIMENTO EM DIREITOS CREDITÓRIOS,55823114000123,307213925.42,0.0,307213925.42,307087718.71,1.0004109793466511
INTRA SOLIDEZ FUNDO DE INVESTIMENTO EM DIREITOS CREDITÓRIOS,57660236000171,57732556.41,248893817.48,306626373.89,328755715.72,0.9326875829929372
IF-AÇOR FUNDO DE INVESTIMENTO EM DIREITOS CREDITÓRIOS NÃO-PADRONIZADOS RESPONSABILIDADE LIMITADA,52073804000114,306488901.83,0.0,306488901.83,306388514.05,1.0003276486401953
FARMTECH KEY ACCOUNTS - FUNDO DE INVESTIMENTO EM DIREITOS CREDITÓRIOS DO AGRONEGÓCIO - RESP LTDA,58154011000106,306218406.44,0.0,306218406.44,365458694.08,0.8379015505729572
FUNDO DE INVESTIMENTO EM DIREITOS CREDITÓRIOS TRATEX PRECATÓRIO III - RESPONSABILIDADE LIMITADA,09443633000149,305133438.88,0.0,305133438.88,312198831.01,0.9773689347037507
HOPE I FUNDO DE INVESTIMENTO EM DIREITOS CREDITÓRIOS MULTISSEGMENTOS,08315045000167,133845685.47,171071479.71,304917165.18,344885023.07,0.8841125151384499
ARCESP CONSIGNADO FUNDO DE INVESTIMENTO EM DIREITOS CREDITÓRIOS,42404659000153,303069272.16,0.0,303069272.16,310040634.1,0.9775146830019982
OPHIR FUNDO DE INVESTIMENTO EM  DIREITOS CREDITÓRIOS,42605322000104,24990156.87,277214275.19,302204432.06,313077894.98,0.9652691451732974
VANTAGE FUNDO DE INVESTIMENTO EM DIREITOS CREDITÓRIOS,56945961000123,301781791.2,0.0,301781791.2,301651532.94,1.0004318170000015
FUNDO DE INVESTIMENTO EM DIREITOS CREDITORIOS MULTISSETORIAL TRADEMAX RESPONSABILIDADE LIMITADA,08756222000140,35518534.35,265683202.1,301201736.45,332410774.37,0.9061130374635155
VERMILLION I FUNDO DE INVESTIMENTO EM DIREITOS CREDITÓRIOS NÃO PADRONIZADOS,28651441000172,299963074.1,0.0,299963074.1,957903049.18,0.31314554678240075
SIFRA LP FUNDO DE INVESTIMENTO EM DIREITOS CREDITÓRIOS,41351629000163,48320927.54,250911080.66,299232008.2,306361844.98,0.9767273996523115
BINVEST FUNDO DE INVESTIMENTO EM DIREITOS CREDITÓRIOS RESPONSABILIDADE LIMITADA,52258255000152,35243091.32,260366951.68,295610043.0,329825623.67,0.896261605483285
MRV PRÓ  SOLUTO I FUNDO DE INVESTIMENTO EM DIREITOS CREDITÓRIOS IMOBILIÁRIOS DE RESP LIMITADA,62790827000101,0.0,295544550.03,295544550.03,299790011.19,0.9858385503134414
FGCB III FUNDO DE INVESTIMENTO EM DIREITOS CREDITÓRIOS SEGMENTO MULTICARTEIRA - RESP LIMITADA,60742201000196,294108122.06,0.0,294108122.06,368376658.65,0.7983896784824155
TAYA FGTS FUNDO DE INVESTIMENTO EM DIREITOS CREDITÓRIOS - RESPONSABILIDADE LIMITADA,54968056000163,155770623.13,137995825.3,293766448.43,295849655.91,0.9929585604093664
GFM FUNDO DE INVESTIMENTO EM DIREITOS CREDITÓRIOS MULTICRÉDITO,13098860000151,44397192.26,248195957.4,292593149.66,305031610.3,0.9592223880411388
CONSIGNADO PLGN I FUNDO DE INVESTIMENTO EM DIREITOS CREDITÓRIOS RESPONSABILIDADE LIMITADA,52596071000100,0.0,291468742.56,291468742.56,302242413.12,0.9643542067812881
FUNDO DE INVESTIMENTO EM DIREITOS CREDITÓRIOS MULTISETORIAL ÁSIA LP,09172117000127,33940436.68,256479319.92,290419756.59999996,371328923.76,0.7821091706492171
QUORRA FUNDO DE INVESTIMENTO EM DIREITOS CREDITÓRIOS,53848060000125,290156274.3,0.0,290156274.3,290123577.84,1.000112698389574
FUNDO DE INVESTIMENTO EM DIREITOS CREDITÓRIOS DE RESPONSABILIDADE LIMITADA INCLUSÃO FINANCEIRA,41778453000120,288856645.3,0.0,288856645.3,347646895.16,0.8308909106380986
ZENIT FUNDO DE INVESTIMENTO EM  DIREITOS CREDITÓRIOS - RESPONSABILIDADE LIMITADA,47846781000101,155296823.47,132378519.59,287675343.06,312158314.32,0.9215687356803767
CENTRO SUL CONCESSOES FIDC DE RESPONSABILIDADE LIMITADA,57088244000195,287396631.03,0.0,287396631.03,288349194.25,0.9966964942542057
TRAÇÃO FINANCEIRA  FUNDO DE INVESTIMENTO EM DIREITOS CREDITÓRIOS - RESPONSABILIDADE LIMITADA,23750225000160,286947008.25,0.0,286947008.25,322087626.33,0.8908973359814943
JIF CRÉDITOS - FUNDO DE INVESTIMENTO EM DIREITOS  CREDITÓRIOS CRÉD PRIV DE RESPONSABILIDADE ILIMITAD,35138028000174,286415743.81,0.0,286415743.81,640370291.03,0.44726582076335275
RECARGAPAY I FUNDO DE INVESTIMENTO EM DIREITOS CREDITÓRIOS,40919667000107,286003373.62,0.0,286003373.62,281538432.34,1.015859082693932
AUDAX CAPITAL FUNDO DE INVESTIMENTO EM DIREITOS CREDITÓRIOS,40895649000132,3917518.22,281990520.78,285908039.0,337398007.8,0.8473910111807127
LIMAJ FUNDO DE INVESTIMENTO EM DIREITOS CREDITÓRIOS,29243004000182,283843522.33,2002619.95,285846142.28,298128181.27,0.9588028245512397
GII GESTAO INTELIGENTE FUNDO DE INVESTIMENTO EM DIREITOS CREDITORIOS RESPONSABILIDADE LIMITADA,24546098000145,34421307.14,250999636.32,285420943.46,296537103.08,0.9625134274782435
PÁTRIA INFRA CRÉDITO FUNDO DE INVESTIMENTO EM DIREITOS CREDITÓRIOS - RESPONSABILIDADE LIMITADA,48905593000161,283234906.79,0.0,283234906.79,395294364.67,0.7165164295384034
SPS ALGARVE DELTA CRÉDITOS JUDICIAIS FIDC DE RESPONSABILIDADE LIMITADA,46449843000170,281977781.37,0.0,281977781.37,282130262.87,0.9994595351152731
AGL FUNDO DE INVESTIMENTO EM DIREITOS CREDITORIOS,34218393000126,265579816.38,16122088.51,281701904.89,349488078.88,0.8060415273469885
FUNDO DE GESTÃO DE ATIVOS DE CRÉDITO - FIDC RESPONSABILIDADE LIMITADA,47085610000107,280580932.24,0.0,280580932.24,383115911.65,0.7323656462912144
JC CACAU FUNDO DE INVESTIMENTO EM DIREITOS CREDITÓRIOS NÃO PADRONIZADOS - FIDC-NP,26208281000166,279454774.36,0.0,279454774.36,279833743.71,0.9986457339098007
FUNDO DE INVESTIMENTO EM DIREITOS CREDITÓRIOS JPM III,29720639000123,15346601.04,263917290.0,279263891.04,284558014.72,0.9813952747554507
FUNDO DE INVESTIMENTO EM DIREITOS CREDITÓRIOS CREDITAS AUTO XI,58035124000192,279088589.07,0.0,279088589.07,294240334.75,0.9485055449896982
MONTE SIÃO FUNDO DE INVESTIMENTO EM DIREITOS CREDITÓRIOS,57088975000130,6066210.14,272185282.75,278251492.89,302613420.54,0.9194948868872792
BANFITA FUNDO DE INVESTIMENTO EM DIREITOS CREDITÓRIOS MULTISSETORIAL,35580989000134,15485704.22,262150903.29,277636607.51,281569395.14,0.9860326168330739
GALLERIA FUNDO DE INVESTIMENTO EM DIREITOS CREDITÓRIOS 2,59851384000107,277551647.89,0.0,277551647.89,341407971.21,0.812961826598003
CLOUDWALK BIG PICTURE IV FUNDO DE INVESTIMENTO EM DIREITOS CREDITÓRIOS SEGMENTO MEIOS DE PAGAMENTO,54248022000102,276878253.57,0.0,276878253.57,310583203.44,0.8914785168782918
STEP-UP III FUNDO DE INVESTIMENTO EM DIREITOS CREDITÓRIOS RESPONSABILIDADE LIMITADA,26607511000160,276750862.27,0.0,276750862.27,275823522.26,1.0033620773253915
CONSIGNADOS VI FUNDO DE INVESTIMENTO EM DIREITOS CREDITÓRIOS - RESPONSABILIDADE LIMITADA,55843467000195,276540885.7,0.0,276540885.7,280182298.79,0.9870034148990643
GALAXY FUNDO DE INVESTIMENTO EM DIREITOS CREDITÓRIOS  RESPONSABILIDADE LIMITADA,44177436000126,0.0,274567723.38,274567723.38,308355649.09,0.890425468741329
IFOOD PAGO CRÉDITO II FUNDO DE INVESTIMENTO EM DIREITOS CREDITÓRIOS FINANCEIRO RESP. LIMITADA,59323530000113,273089386.89,0.0,273089386.89,338414443.75,0.806967290946192
GALAPAGOS SPECIAL OPPORTUNITIES INFRA FUNDO DE INVESTIMENTO EM DIREITOS CREDITÓRIOS RESP LIMITADA,60696539000159,272872795.71,0.0,272872795.71,276186525.39,0.9880018415984606
SIMPLIC FUNDO DE INVESTIMENTO EM DIREITOS CREDITÓRIOS - RESPONSABILIDADE LIMITADA,26690373000125,272490897.92,0.0,272490897.92,328162522.39,0.8303534966011815
CREDVALE FUNDO DE INVESTIMENTO EM DIREITOS CREDITORIOS MULTISSETORIAL,28194817000167,5092465.1,267145535.18,272238000.28000003,323246669.37,0.842198933744887
CANAL 47 FUNDO DE INVESTIMENTO EM DIREITOS CREDITORIOS NAO PADRONIZADO,32388169000157,272015366.85,0.0,272015366.85,284021764.96,0.9577271899859827
ALGARVE LEGAL CLAIMS II FUNDO DE INVESTIMENTO EM DIREITOS CREDITÓRIOS - RESPONSABILIDADE LIMITADA,53744997000150,271610809.2,0.0,271610809.2,305467755.78,0.8891635993018393
CASHME I FUNDO DE INVESTIMENTO EM DIREITOS CREDITÓRIOS DE RESPONSABILIDADE LIMITADA,51928470000150,271236739.87,0.0,271236739.87,265462187.78,1.0217528233994124
BETEL FUNDO DE INVESTIMENTO EM DIREITOS CREDITÓRIOS,60617666000115,270918000.0,0.0,270918000.0,271061173.93,0.9994718021473744
FIDC UP.P CONSIGNADO PRIVADO - RESP LIMITADA,62339527000100,270063383.82,0.0,270063383.82,327690730.93,0.8241410523073045
DEL CRED NP FUNDO DE INVESTIMENTO EM DIREITOS CREDITÓRIOS NÃO PADRONIZADOS MULTISSETORIAL,11468192000181,263360120.4,6680195.06,270040315.46,338088492.32,0.7987267286353167
CJP FIDC-NP CRÉDITOS JUDICIAIS E PRECATÓRIOS,11375619000105,268975450.28,0.0,268975450.28,290687822.15,0.9253069092836093
FANGIO FUNDO DE  INVESTIMENTO EM DIREITOS CREDITÓRIOS,57268846000124,268311076.94,0.0,268311076.94,268178931.02,1.000492752803128
CAPITAL SOLUTIONS FUNDO DE INVESTIMENTO EM DIREITOS CREDITÓRIOS - RESPONSABILIDADE LIMITADA,61995584000177,258617273.96,9592742.28,268210016.24,271976551.22,0.9861512510431338
ANKARA FUNDO DE INVESTIMENTO EM DIREITOS CREDITÓRIOS RESPONSABILIDADE LIMITADA,19388377000198,267964404.47,0.0,267964404.47,347172918.16,0.7718470838399453
DISAM CASH - FIDC AGRONEGÓCIO DE RESPONSABILIDADE ILIMITADA,24270541000106,0.0,267147237.35,267147237.35,273574186.12,0.9765074736723116
CLOUDWALK BIG PICTURE II FUNDO DE INVESTIMENTO EM DIREITOS CREDITÓRIOS SEGMENTO MEIOS DE PAGAMENTO,54218941000125,266881348.37,0.0,266881348.37,301953274.03,0.8838498248688786
NORFOLK FUNDO DE INVESTIMENTO EM DIREITOS CREDITÓRIOS,54349373000100,266475026.87,0.0,266475026.87,266346654.9,1.0004819732766992
TAIPATSB FUNDO DE INVESTIMENTO EM DIREITOS CREDITÓRIOS MULTISSETORIAL,21081976000106,30000.0,266436932.39,266466932.39,306003884.27,0.870795914978926
ATF FUNDO DE INVESTIMENTO EM DIREITOS CREDITÓRIOS RESPONSABILIDADE LIMITADA,51306712000174,1605997.65,263346356.63,264952354.28,310409334.13,0.8535579479998416
MIDIAN FUNDO DE INVESTIMENTO EM DIREITOS CREDITÓRIOS - RESPONSABILIDADE LIMITADA,58055083000104,263679394.03,0.0,263679394.03,272445948.05,0.9678227770214768
DEL REY FUNDO DE INVESTIMENTO EM DIREITOS CREDITÓRIOS NÃO-PADRONIZADO,50452371000182,263670552.0,0.0,263670552.0,256764750.13,1.0268954436561233
FUNDO DE INVESTIMENTO EM DIREITOS CREDITÓRIOS ASAAS III - RESPONSABILIDADE LIMITADA,61292200000150,263285028.89,0.0,263285028.89,308073444.29,0.8546177340821393
IOX SPECIAL FUNDO DE INVESTIMENTO EM DIREITOS CREDITORIOS NÃO PADRONIZADO,47425662000177,262846323.28,0.0,262846323.28,263240297.4,0.9985033669848756
FACT LAW FUNDO DE INVESTIMENTO EM DIREITOS CREDITORIOS NAO-PADRONIZADOS,27944660000187,257007783.8,5546897.95,262554681.75,289897198.46,0.9056820250238717
WIZARD FUNDO DE INVESTIMENTO EM DIREITOS CREDITÓRIOS,51124933000121,0.0,262539036.13,262539036.13,42522239.02,6.1741583270466265
SOLIS CONSIGNADO FEDERAL FUNDO DE INVESTIMENTO EM DIREITOS CREDITÓRIOS - RESP LIMITADA,47117773000116,261847159.55,0.0,261847159.55,267352193.71,0.9794090555846668
IOX REAL FUNDO DE INVESTIMENTO EM DIREITOS CREDITÓRIOS,52298532000150,24753819.8,236698624.77,261452444.57000002,297885563.73,0.8776942437095657
BIAGRO FUNDO DE INVESTIMENTO EM DIREITOS CREDITÓRIOS,62190416000177,261319430.5,0.0,261319430.5,271101548.08,0.9639171459946316
CONSIGNADOS V FUNDO DE INVESTIMENTO EM DIREITOS CREDITÓRIOS - RESPONSABILIDADE LIMITADA,47240173000140,260752959.81,0.0,260752959.81,262177584.96,0.9945661824971904
FUNDO DE INVESTIMENTO EM DIREITOS CREDITÓRIOS ALION II CONSIGNADOS,46766050000185,260478068.43,0.0,260478068.43,264861217.81,0.9834511469204816
DIRECIONAL RECEBÍVEIS FUNDO DE  INVESTIMENTO EM DIREITOS CREDITÓRIOS FINANCEIROS DE  RESP LTDA,62729814000119,0.0,260285171.94,260285171.94,267236880.65,0.9739867166047913
RIO BRAVO INLIRA STEFANINI CONSÓRCIO FIDC DE RESPONSABILIDADE LIMITADA,55711648000168,259341902.58,0.0,259341902.58,317988374.4,0.8155703901733586
TIGER FUNDO DE INVESTIMENTO EM DIREITOS CREDITÓRIOS  NÃO-PADRONIZADO,50182107000176,258906336.0,0.0,258906336.0,340699635.16,0.7599254865019504
INVICT FUNDO DE INVESTIMENTO EM DIREITOS CREDITÓRIOS RESPONSABILIDADE LIMITADA,53287227000126,258651313.62,0.0,258651313.62,279128189.14,0.9266398869168689
FUNDO DE INVESTIMENTO EM DIREITOS CREDITÓRIOS TM4,55565510000106,258399853.04,0.0,258399853.04,267416885.76,0.9662809897199515
GARSON - FUNDO DE INVESTIMENTO EM DIREITOS CREDITÓRIOS,12254372000123,103129992.49,154415789.39,257545781.88,286636165.44,0.8985111194348246
R&G FUNDO DE INVESTIMENTO EM DIREITOS CREDITÓRIOS MULTISEGMENTOS,11693671000100,0.0,257256315.2,257256315.2,286591423.05,0.8976413615669088
SC FUNDO DE INVESTIMENTO DIREITOS CREDITÓRIOS  RESPONSABILIDADE ILIMITADA,53429996000111,257226825.44,0.0,257226825.44,257026052.64,1.0007811379349985
FUNDO DE CRÉDITO E RECEBÍVEIS - FIDC RESPONSABILIDADE LIMITADA,47085633000103,256984801.87,0.0,256984801.87,277948724.48,0.9245762949651223
CLOUDWALK AKIRA I FUNDO DE INVESTIMENTO EM DIREITOS CREDITÓRIOS SEGMENTO MEIOS DE PAGAMENTO,42085830000109,255414395.99,0.0,255414395.99,308205214.77,0.8287153615509217
CP III FUNDO DE INVESTIMENTO EM DIREITOS CREDITÓRIOS RESPONSABILIDADE LIMITADA,59532738000142,255353121.03,0.0,255353121.03,282968049.89,0.9024097283395248
FLAGSTAFF FUNDO DE INVESTIMENTO EM DIREITOS CREDITÓRIOS,58544960000100,253940189.27,0.0,253940189.27,253773925.87,1.000655163446875
EUCALIPTO FUNDO  DE INVESTIMENTO EM DIREITOS CREDITÓRIOS DE RESPONSABILIDADE  LIMITADA,66358370000103,252827829.07,0.0,252827829.07,254302931.07,0.9941994298146962
SOL AGORA GREEN ESG FIDC IS SEGMENTO FINANCEIRO DE RESPONSABILIDADE LIMITADA,47640584000123,251645634.5,0.0,251645634.5,285125290.74,0.8825791421269276
GUARDIAN MULTI CONSIGNADO I FUNDO DE INVESTIMENTO EM DIREITOS CREDITÓRIOS,46767226000113,251535808.11,0.0,251535808.11,258668615.04,0.9724249231825168
FUNDO DE INVESTIMENTO EM DIREITOS CREDITÓRIOS DOTZ NOVERDE - RESPONSABILIDADE LIMITADA,63395725000146,251474789.52,0.0,251474789.52,255391245.82,0.984664876482257
LEGEND I SPECIAL ASSETS LEGAL CLAIMS FUNDO DE INVESTIMENTO EM DIREITOS CREDITÓRIOS,58533905000107,250180930.56,0.0,250180930.56,247824466.18,1.0095086026667297
DIGGER FIDC - SEGMENTO DE RECEBÍVEIS COMERCIAIS - RESPONSABILIDADE LIMITADA,62387472000104,249498514.47,0.0,249498514.47,304341088.96,0.8197989805536642
FUNDO DE INVESTIMENTO EM DIREITOS CREDITÓRIOS VOITER CONSIGNADO II - RESPONSABILIDADE LIMITADA,54427427000108,247760224.2,0.0,247760224.2,544689767.38,0.4548648405710757
ANGÁ FGTS II FUNDO DE INVESTIMENTO EM DIREITOS CREDITÓRIOS - RESPONSABILIDADE LIMITADA,53577135000180,247259405.24,0.0,247259405.24,249730019.95,0.9901068573554167
BRAVOS FUNDO DE INVESTIMENTO EM DIREITOS CREDITÓRIOS,51430054000128,235106624.72,12101868.91,247208493.63,248784842.29,0.9936638074671668
PNEUCASH FUNDO DE INVESTIMENTO EM DIREITOS CREDITÓRIOS DE CLASSE ÚNICA FECHADA - RESP LTDA,53662209000187,247118610.53,0.0,247118610.53,270289137.35,0.914275035071068
FACTA INSS CB FUNDO DE INVESTIMENTO EM DIREITOS CREDITÓRIOS - RESPONSABILIDADE LIMITADA,38082159000175,246864220.53,0.0,246864220.53,278780352.94,0.8855151301968934
APPIA FUNDO DE INVESTIMENTO EM DIREITOS  CREDITÓRIOS - RESPONSABILIDADE LIMITADA,57651404000162,246338762.3,0.0,246338762.3,248143243.12,0.9927280678800213
PARANÁ II FIDC DO SEGMENTO AGRONEGÓCIO - RESPONSABILIDADE LIMITADA,62191905000143,245788715.82,0.0,245788715.82,325540613.13,0.7550170574933696
FUNDO DE INVESTIMENTO EM DIREITOS CREDITÓRIOS DE CONSÓRCIOS YELLOWSTONE - RESPONSABILIDADE LIMITADA,55013574000196,245265640.38,0.0,245265640.38,170317911.66,1.4400460761262484
SG II B FUNDO DE INVESTIMENTO EM DIREITOS CREDITÓRIOS,61996793000135,0.0,244977292.14,244977292.14,244943145.1,1.0001394080246093
JC 4870 VI - FUNDO DE INVESTIMENTO EM DIREITOS CREDITÓRIOS NÃO PADRONIZADOS,26570645000153,244330815.97,0.0,244330815.97,244205150.79,1.000514588572737
SOLAR PUGLIA FUNDO DE INVESTIMENTO EM DIREITOS CREDITÓRIOS RESPONSABILIDADE LIMITADA,52498421000198,23540814.33,220705956.39,244246770.71999997,304498232.36,0.8021286981765912
CALÊNDULA FUNDO DE INVESTIMENTO EM DIREITOS CREDITÓRIOS,43946448000105,244239972.7,0.0,244239972.7,241140869.7,1.0128518363720573
BTG CONSÓRCIOS FUNDO DE INVESTIMENTO EM DIREITOS CREDITÓRIOS II,43721713000157,0.0,243988916.6,243988916.6,343317985.5,0.7106790989835864
RAIZES FUNDO DE INVESTIMENTO EM DIREITOS CREDITORIOS MULTISSETORIAL,17498285000135,63799236.49,179503971.76,243303208.25,264450503.64,0.9200330681964286
LARCA AURORA FUNDO DE INVESTIMENTO  EM DIREITOS CREDITÓRIOS CONSIGNADO DE RESPONSABILIDADE  LIMITADA,63168433000170,243021002.71,0.0,243021002.71,279033501.11,0.8709384419550281
MAJORITY - FUNDO DE INVESTIMENTO EM DIREITOS CREDITÓRIOS RESPONSABILIDADE LIMITADA,28481469000109,0.0,241667561.7,241667561.7,441852859.55,0.5469412644429269
MTR CRÉDITOS SELECIONADOS II FUNDO DE INVESTIMENTO EM DIREITOS CREDITÓRIOS - RESPONSABILIDADE LIMITA,60327212000100,241029310.63,0.0,241029310.63,269572747.06,0.8941160160242497
ROCKET IV CRÉDITOS JUDICIAIS FUNDO DE INVESTIMENTO EM DIREITOS CREDITÓRIOS,50991111000185,240014853.5,0.0,240014853.5,240128819.8,0.9995253951604187
FUNDO DE INVESTIMENTO EM  DIREITOS CREDITÓRIOS VCK CONSIGNADOS - RESPONSABILIDADE LIMITADA,30366120000178,239183680.79,0.0,239183680.79,268426438.97,0.8910585771945205
MENTORE FUNDO DE INVESTIMENTO EM DIREITOS CREDITÓRIOS - RESPONSABILIDADE LIMITADA,46082763000120,238909650.24,0.0,238909650.24,286656199.11,0.8334361893507212
BEX FUNDO DE INVESTIMENTO EM DIREITOS  CREDITÓRIOS - RESPONSABILIDADE LIMITADA,44002535000177,10906582.26,227488722.98,238395305.23999998,246712950.77,0.9662861414285697
PÁTRIA CRÉDITO ESTRUTURADO FUNDO DE INVESTIMENTO EM DIREITOS CREDITÓRIOS - RESPONSABILIDADE LIMITADA,28819553000190,238084071.22,0.0,238084071.22,375489546.81,0.6340631137209047
OKNO 1 FUNDO DE INVESTIMENTO EM DIREITOS CREDITÓRIOS,48969748000123,237263151.21,0.0,237263151.21,265565589.53,0.8934258072738646
FUNDO DE INVESTIMENTO EM DIREITOS CREDITÓRIOS ABERTO EAN,22235997000100,237161851.01,0.0,237161851.01,308493277.57,0.7687747781025334
VALECRED DISTRESSED & SPECIAL SITS FUNDO DE INVESTIMENTO EM DIREITOS CREDITÓRIOS NÃO PADRONIZADOS,26648752000157,236916476.29,0.0,236916476.29,245697268.08,0.9642617443058383
ALGARVE AMAZÔNIA FUNDO DE INVESTIMENTO EM DIREITOS CREDITÓRIOS DE RESPONSABILIDADE LIMITADA,48279539000158,235259156.04,0.0,235259156.04,238674382.02,0.9856908565087902
BFC FUNDO DE INVESTIMENTO EM DIREITOS CREDITÓRIOS,11507489000109,52686141.62,182446947.08,235133088.70000002,336031124.63,0.6997360406983203
EXCLUSIVO FUNDO DE INVESTIMENTO EM DIREITOS CREDITÓRIOS MULTISEGMENTOS DE RESPONSABILIDADE  LIMITADA,17015979000174,228950829.89,6006380.6,234957210.48999998,256890104.05,0.9146214929488639
LATACHE HIGH YIELD FUNDO DE INVESTIMENTO EM DIREITOS CREDITÓRIOS NÃO PADRONIZADOS FIDC NP,33554498000193,234605539.06,0.0,234605539.06,317361753.43,0.7392369638887396
PAY CARGO FUNDO DE INVESTIMENTO EM DIREITOS CREDITÓRIOS,36544636000141,220851984.41,13625522.57,234477506.98,229392653.83,1.0221665910616662
FUNDO DE  INVESTIMENTO EM DIREITOS CREDITÓRIOS KUNA CAPITAL RESPONSABILIDADE LIMITADA,42299325000167,234390297.65,0.0,234390297.65,243658739.84,0.961961380100356
LABRADOR FUNDO DE INVESTIMENTO EM DIREITOS CREDITÓRIOS,21917325000103,61293133.65,172989913.42,234283047.07,260167064.91,0.9005100132526225
RIACHUELO MIDWAY EP FUNDO DE  INVESTIMENTO EM DIREITOS  CREDITÓRIOS CRÉDITO PESSOAL -  RESP LIMITADA,60940790000117,234171681.01,0.0,234171681.01,293144756.12,0.7988260957127299
CONECTEPAG I FUNDO DE INVESTIMENTO EM DIREITOS CREDITORIOS RESPONSABILIDADE LIMITADA,57182268000109,0.0,233993594.87,233993594.87,240719392.06,0.9720595954798541
FUNDO DE INVESTIMENTO EM DIREITOS CREDITORIOS CAIXA DUBLIN,15254288000106,0.0,233791640.35,233791640.35,243696856.53,0.9593543539254449
MISSÕES FUNDO DE INVESTIMENTO EM DIREITOS CREDITÓRIOS,57213448000100,349963.02,233396920.46,233746883.48000002,235139723.23,0.9940765442313736
KATCH DIVERSIFIED FUNDO DE INVESTIMENTO EM DIREITOS CREDITÓRIOS,28296620000139,233478101.16,0.03,233478101.19,258000127.07,0.9049534348742908
CD CASH FUNDO DE INVESTIMENTO EM DIREITOS CREDITÓRIOS RESPONSABILIDADE LIMITADA,37035970000132,0.0,232965452.02,232965452.02,291764021.23,0.7984721729494926
TB1 FUNDO DE INVESTIMENTO EM DIREITOS CREDITÓRIOS DE RESPONSABILIDADE ILIMITADA,48181830000199,230120348.61,0.0,230120348.61,231172857.89,0.9954470897249503
RAINIER FUNDO DE INVESTIMENTO EM DIREITOS CREDITÓRIOS,60964573000167,0.0,230000000.0,230000000.0,405002985.47,0.5678970482972819
FIDC MILAS II - FUNDO DE INVESTIMENTO EM DIREITOS CREDITÓRIOS,37720020000147,227716761.19,0.0,227716761.19,229689274.65,0.9914122526486894
QG PRIM FUNDO DE INVESTIMENTO EM DIREITOS CREDITÓRIOS - RESPONSABILIDADE LIMITADA,28086648000141,226883244.06,0.0,226883244.06,234138694.53,0.9690121682596536
RDF FUNDO DE INVESTIMENTO EM DIREITOS CREDITÓRIOS DE RESPONSABILIDADE LIMITADA,19425700000156,19581441.86,206085259.36,225666701.22000003,232999620.24,0.9685281932543635
URANO FUNDO DE INVESTIMENTO EM DIREITOS CREDITÓRIOS NÃO PADRONIZADO,49686425000195,225585641.9,0.0,225585641.9,227408980.45,0.991982117212821
FUNDO DE INVESTIMENTO EM DIREITOS CREDITÓRIOS VCK II CONSIGNADOS,43236160000147,225216645.55,0.0,225216645.55,227395778.2,0.9904170048043576
JIVE ALM CP FIDC DE RESP ILIMITADA,61641236000100,224843674.66,0.0,224843674.66,332226801.16,0.6767776527207856
CBSB FUNDO DE INVESTIMENTO EM DIREITOS CREDITÓRIOS,56745579000176,224803888.83,0.0,224803888.83,226545846.15,0.9923107955868384
QUATÁ FDC FGTS FUNDO DE INVESTIMENTO EM DIREITOS CREDITÓRIOS,55401645000128,224803068.57,0.0,224803068.57,225010783.2,0.9990768681080703
ATIVOS ESPECIAIS IV A FUNDO DE INVESTIMENTO EM DIREITOS CREDITÓRIOS,55595058000117,224758312.42,0.0,224758312.42,382042857.75,0.5883065416893007
MSV3 FUNDO DE INVESTIMENTO EM DIREITOS CREDITÓRIOS RECEBÍVEIS  COMERCIAIS RESPONSABILIDADE LIMITADA,63657457000193,224589515.47,0.0,224589515.47,311503782.69,0.7209848738610835
CORRESPONDENTE BANQUEIRO XP FUNDO DE INVESTIMENTO EM DIREITOS CREDITÓRIOS - RESP LTDA,58223658000142,224073512.52,0.0,224073512.52,290981671.0,0.7700605737465849
FUNDO DE INVESTIMENTO EM DIREITOS CREDITÓRIOS SOMACRED VEGA SICÍLIA ASSISTÊNCIA FINANCEIRA RESP LTDA,63845478000132,223603502.49,0.0,223603502.49,231044761.53,0.9677929982453475
AZQ CDO FUNDO DE INVESTIMENTO EM DIREITOS CREDITÓRIOS DE RESPONSABILIDADE ILIMITADA,59143807000126,222870060.37,0.0,222870060.37,306182343.58,0.7278997794716665
JIVE DISTRESSED & SPECIAL SITS IV (QUALIFICADO) FIDC - RESPONSABILIDADE LIMITADA,53553002000174,222664260.98,0.0,222664260.98,319885499.06,0.6960748819009
ORION FUNDO DE INVESTIMENTO EM DIREITOS CREDITÓRIOS RESPONDABILIDADE LIMITADA,50995214000113,222620638.95,0.0,222620638.95,262720747.07,0.8473660395411573
PUMA FUNDO DE INVESTIMENTO EM DIREITOS CREDITORIOS,13805152000103,5459659.21,217009811.8,222469471.01000002,234467583.91,0.9488282657247603
EVOLVE FUNDO DE  INVESTIMENTO EM DIREITOS CREDITÓRIOS MULTISSETORIAL LP,24796631000127,221336080.68,0.0,221336080.68,282698686.72,0.7829398970615776
FORMES FUNDO DE INVESTIMENTO EM DIREITOS CREDITÓRIOS,41514874000144,220451795.94,0.0,220451795.94,211199379.6,1.0438089181773336
FRADINHO N FUNDO DE INVESTIMENTO EM DIREITOS CREDITÓRIOS RESPONSABILIDADE  LIMITADA,29492703000166,163151065.82,57084019.49,220235085.31,255031163.5,0.8635614655383086
TERRAS RARAS FIDC MULTISETORIAL DE RESPONSABILIDADE ILIMITADA,13606266000124,145870892.38,74222181.73,220093074.11,290399473.36,0.7578976351556839
CEDARS CAPITAL FUNDO DE INVESTIMENTO EM DIREITOS CREDITÓRIOS,42196119000121,220077448.11,0.0,220077448.11,315287863.45,0.6980206776811155
FUNDO DE INVESTIMENTO EM DIREITOS CREDITÓRIOS OPEA AGRO SUMITOMO CHEMICAL RESP LIMITADA,43866348000179,218771784.7,0.0,218771784.7,256043621.64,0.8544316913607612
MULTIPLIK FUNDO DE INVESTIMENTO EM DIREITOS CREDITÓRIOS MULTISSETORIAL LP,23426441000155,203203628.31,14834449.31,218038077.62,219922398.37,0.991431883409939
CREDIT RESTRUCTURING FUNDO DE INVESTIMENTO EM DIREITOS CREDITÓRIOS,54335957000118,217055096.42,0.0,217055096.42,238354584.31,0.9106394871671599
ACREDITAR FUNDO DE INVESTIMENTO EM DIREITOS CREDITORIOS - RESPONSABILIDADE LIMITADA,29152636000130,48907596.9,167557979.75,216465576.65,371884905.63,0.5820768021850514
DOMINÓ CRÉDITOS JUDICIAIS FUNDO DE INVESTIMENTO EM DIREITOS CREDITÓRIOS,44395203000108,216106072.56,0.0,216106072.56,185249032.55,1.1665705865517622
SOLIS WAREHOUSE FUNDO DE INVESTIMENTO EM DIREITOS CREDITÓRIOS MULTISSETORIAL - RESPONSABILIDADE LIMI,32302284000167,130899886.35,85017678.14,215917564.49,217280481.48,0.9937273841593294
C3E CRÉDITOS JUDICIAIS FUNDO DE INVESTIMENTO EM DIREITOS CREDITÓRIOS DE RESPONSABILIDADE LIMITADA,35765961000171,215878563.53,0.0,215878563.53,201581970.94,1.0709219803900782
NACIONAL FEITO PRA VOCÊ FUNDO DE INVESTIMENTO EM DIREITOS CREDITÓRIOS DE RESPONSABILIDADE LIMITADA,43309133000157,215747784.28,0.0,215747784.28,224125653.94,0.9626197647938919
TM FUNDO DE INVESTIMENTO EM DIREITOS CREDITÓRIOS,49306883000151,215690900.8,0.0,215690900.8,2100498673.09,0.10268556870007521
VALORA BYX WAREHOUSE FUNDO DE INVESTIMENTO EM DIREITOS CREDITÓRIOS,54477887000132,214672920.68,0.0,214672920.68,215011966.08,0.9984231324135985
ORIZ JUS III FUNDO DE INVESTIMENTO EM DIREITOS CREDITÓRIOS - RESPONSABILIDADE LIMITADA,58036896000149,214431192.68,0.0,214431192.68,246524312.1,0.8698176291554491
ARKAM I - FUNDO DE INVESTIMENTO EM DIREITOS CREDITÓRIOS,58494418000182,0.0,214148349.59,214148349.59,212518755.96,1.0076679991026614
PRECATO IV FUNDO DE INVESTIMENTO EM DIREITOS CREDITÓRIOS DE RESPONSABILIDADE LIMITADA,52115758000179,213356543.58,302981.23,213659524.81,208782454.93,1.0233595772290118
OLAM FUNDO DE INVESTIMENTO EM DIREITOS CREDITORIOS,41649912000176,15020916.87,197537884.93,212558801.8,226582065.69,0.9381095593453278
BARBARESCO 4870 FUNDO DE  INVESTIMENTO EM DIREITOS CREDITÓRIOS,54876169000139,212404869.0,0.0,212404869.0,212359679.79,1.0002127956213
FUNDO DE INVESTIMENTO EM DIREITOS CREDITORIOS SABIA CREDIT,29957532000101,46913441.77,165076569.17,211990010.94,217786533.51,0.973384384807549
J17 FGTS FUNDO DE INVESTIMENTO EM DIREITOS CREDITÓRIOS FINANCEIRO - RESPONSABILIDADE LIMITADA,54252144000164,211916758.91,0.0,211916758.91,213618399.48,0.9920342041034751
JC DIVERSIFICADO VI FUNDO DE INVESTIMENTO EM DIREITOS CREDITORIOS NAO-PADRONIZADOS,29469886000107,211510704.1,0.0,211510704.1,211704394.6,0.9990850898472563
PETTRA FUNDO DE INVESTIMENTO EM DIREITOS CREDITÓRIOS,59499177000127,51779874.72,159409803.15,211189677.87,228524339.69,0.9241452274032824
DJF IV FUNDO DE INVESTIMENTO EM DIREITOS CREDITÓRIOS NÃO-PADRONIZADOS - RESPONSABILIDADE LIMITADA,48887679000109,211091870.63,0.0,211091870.63,391369662.08,0.5393669747116235
PLATA I FUNDO DE INVESTIMENTO EM DIREITOS CREDITÓRIOS MULTISSEGMENTOS,17198574000119,9699210.99,201131096.71,210830307.70000002,239576896.6,0.8800110139668619
CEREALIS FUNDO DE INVESTIMENTO EM DIREITOS CREDITÓRIOS,47425750000179,0.0,210066595.02,210066595.02,215299982.37,0.9756925788270329
SÓLIDO FUNDO DE INVESTIMENTO EM DIREITOS CREDITÓRIOS,53877402000135,209930989.28,0.0,209930989.28,254502042.9,0.8248695644556651
MARTE FUNDO DE INVESTIMENTO EM DIREITOS CREDITÓRIOS,23006061000161,209306023.73,0.0,209306023.73,200573086.13,1.0435399273576507
ENERGY 21 - FUNDO DE INVESTIMENTO EM DIREITOS CREDITÓRIOS,27983569000170,208876438.32,0.0,208876438.32,210816268.96,0.9907984775104426
FUNDO DE INVESTIMENTO EM DIREITOS CREDITÓRIOS ALION III CONSIGNADOS - RESPONSABILIDADE LIMITADA,49220648000162,208872128.19,0.0,208872128.19,214462260.0,0.9739341933168101
SG GAINSA FUNDO DE INVESTIMENTO EM DIREITOS CREDITÓRIOS NÃO-PADRONIZADOS,20118619000102,208533508.44,0.0,208533508.44,208519688.0,1.0000662788254315
VIXTRA FUNDO DE INVESTIMENTO EM DIREITOS CREDITÓRIOS RESPONSABILIDADE LIMITADA,45523699000102,40223960.39,167982133.18,208206093.57,233574412.44,0.8913908479743408
FUNDO DE INVESTIMENTO EM DIREITOS CREDITÓRIOS BASSANO DI GRAPPO - RESPONSABILIDADE LIMITADA,37645459000152,208010899.05,0.0,208010899.05,257406030.04,0.8081042196939825
RIDOLFINVEST 2 FIDC NÃO PADRONIZADOS - RESPONSABILIDADE LIMITADA,23956961000170,207776684.79,0.0,207776684.79,225823999.67,0.9200823875833711
FIBRA RUBICON FUNDO DE INVESTIMENTO EM DIREITOS CREDITÓRIOS RESPONSABILIDADE LIMITADA,62323195000168,207752716.29,0.0,207752716.29,223298358.63,0.9303817438006395
FUNDO DE INVESTIMENTO EM DIREITOS CREDITÓRIOS CONSORCIEI II - RESPONSABILIDADE LIMITADA,43237790000136,207305310.77,0.0,207305310.77,123560153.31,1.6777683194507846
MGW ATIVOS FUNDO DE INVESTIMENTO EM DIREITOS CREDITÓRIOS  RESPONSABILIDADE LIMITADA,41579637000161,163492141.96,43100309.0,206592450.96,200342130.57,1.0311982326044802
CERTO - FUNDO DE INVESTIMENTO EM DIREITOS CREDITÓRIOS,43076509000120,206420812.88,0.0,206420812.88,215275643.98,0.9588674736431277
MAROSTICA CAPITAL FUNDO DE INVESTIMENTO EM DIREITOS CREDITORIOS NÃO PADRONIZADO,49669950000100,181462829.04,24923027.06,206385856.1,240349513.09,0.8586905521323767
ALDEBARAN III FUNDO DE INVESTIMENTO EM DIREITOS CREDITÓRIOS - RESPONSABILIDADE LIMITADA,57832889000190,205475523.53,0.0,205475523.53,332397292.12,0.6181624471712619
ARC SPECIAL I FUNDO DE INVESTIMENTO EM DIREITOS CREDITÓRIOS DE RESPONSABILIDADE LIMITADA,66745267000116,204611450.31,0.0,204611450.31,210241498.47,0.9732210424632064
FUNDO DE INVESTIMENTO EM DIREITOS CREDITÓRIOS AGRO CITI-SYNGENTA RESPONSABILIDADE LIMITADA,46073195000109,203249418.55,0.0,203249418.55,222957471.5,0.9116062232971637
FUNDO DE INVESTIMENTO EM DIREITOS CREDITÓRIOS DE  RESPONSABILIDADE LIMITADA FGTS MT II,53179862000190,203077394.89,0.0,203077394.89,212708785.89,0.9547202953573306
SUMUP SMART III FIDC SEGMENTO MEIOS DE PAGAMENTO DE RESPONSABILIDADE LIMITADA,62627122000160,202006904.96,0.0,202006904.96,204070143.04,0.9898895641995235
FUNDO DE INVESTIMENTO EM DIREITOS CREDITÓRIOS PRATA DIGITAL,50057356000130,202000867.4,0.0,202000867.4,202932945.36,0.9954069657918456
BYX CONSIGNADO MULTICONVENIOS  FUNDO DE INVESTIMENTO EM DIREITOS CREDITÓRIOS RESP LIMITADA,52174102000127,201703119.43,0.0,201703119.43,202162483.94,0.9977277460137642
FUNDO DE INVESTIMENTO EM DIREITOS CREDITÓRIOS MERCANTIS AUTO PEÇAS,12796029000100,0.0,201372494.73,201372494.73,202196864.12,0.9959229368190855
VIA INVEST II FUNDO DE INVESTIMENTO EM DIREITOS CREDITÓRIOS RESPONSABILIDADE LIMITADA,30035329000159,201260499.16,0.0,201260499.16,202884356.35,0.9919961439156075
ARAWAK FUNDO DE INVESTIMENTO EM DIREITOS CREDITÓRIOS,51382517000123,201252666.59,0.0,201252666.59,201281100.05,0.9998587375566164
7S FUNDO DE INVESTIMENTO EM DIREITOS CREDITÓRIOS,41096982000144,84064940.6,117176758.47,201241699.07,221623863.24,0.9080326284722875
V7 FUNDO DE INVESTIMENTO EM DIREITOS CREDITÓRIOS - AÇÕES JUDICIAIS,19675590000180,200723834.03,0.0,200723834.03,196149463.45,1.0233208416660597
FERT-AGRO FUNDO DE INVESTIMENTO EM  DIREITOS CREDITÓRIOS DE RESPONSABILIDADE LIMITADA,47669200000103,200258757.0,343516.3,200602273.3,212788449.8,0.9427310245859031
XP OPUS I FUNDO DE INVESTIMENTO EM DIREITOS  CREDITÓRIOS DO SETOR DO ENTRETENIMENTO DE RESP LIMITADA,35949242000100,200368391.93,0.0,200368391.93,194935789.77,1.027868674943733
MIDAS FUNDO DE INVESTIMENTO EM DIREITOS CREDITÓRIOS NÃO PADRONIZADOS,46783889000121,199803834.0,0.0,199803834.0,199764886.99,1.0001949642431502
FUNDO DE INVESTIMENTO EM DIREITOS CREDITÓRIOS XPCE IV,26395682000172,199562584.61,0.0,199562584.61,224728496.36,0.8880163746137211
JUST TEC FUNDO DE INVESTIMENTO EM DIREITOS CREDITORIOS,44680409000171,199336890.1,0.0,199336890.1,403020270.2,0.4946076037343692
SOFISA  CONSIGNADO FUNDO DE INVESTIMENTO EM DIREITOS CREDITÓRIOS - RESPONSABILIDADE LIMITADA,46157224000102,199024784.95,0.0,199024784.95,206166722.5,0.9653584367865187
CS FUNDO DE INVESTIMENTO EM DIREITOS CREDITORIOS,37351013000115,0.0,198498540.04,198498540.04,227416423.7,0.8728417095409631
OLIVENZA FUNDO DE INVESTIMENTO EM DIREITOS CREDITÓRIOS NÃO PADRONIZADOS,65804737000102,198335787.32,0.0,198335787.32,197883284.68,1.0022867148214754
ZIPPI FUNDO DE INVESTIMENTO EM DIREITOS CREDITÓRIOS - RESPONSABILIDADE LIMITADA,52994887000184,198148867.38,0.0,198148867.38,271012127.86,0.7311439120627108
CUPERTINO FUNDO DE INVESTIMENTO EM DIREITOS CREDITÓRIOS - RESPONSABILIDADE LIMITADA,39769235000188,195373512.76,2532020.71,197905533.47,246272115.34,0.8036051227187222
MULTIPLIX MULTISSETORIAL FUNDO DE INVESTIMENTO EM DIREITOS CREDITÓRIOS - RESPONSABILIDADE LIMITADA,14770038000158,7934709.57,189652859.79,197587569.35999998,232485585.75,0.8498916985437235
EVEREST FUNDO DE INVESTIMENTO EM DIREITOS CREDITÓRIOS RECEBÍVEIS IMOBILIÁRIOS,45121179000173,197144759.25,381290.11,197526049.36,204503477.54,0.9658811269914214
BLUEFIN FUNDO DE INVESTIMENTO EM DIREITOS CREDITÓRIOS,51401568000155,197480873.22,0.0,197480873.22,197281277.48,1.0010117317900085
IB SIGMA FUNDO DE INVESTIMENTO EM DIREITOS CREDITÓRIOS,20093858000155,31158615.71,166170653.65,197329269.36,262367534.28,0.7521100882451759
GEAR CONSIGNADOS FUNDO DE INVESTIMENTO EM DIREITOS CREDITÓRIOS,51983505000154,197293166.04,0.0,197293166.04,202079142.08,0.9763163283912532
NEW TRADE BANK FUNDO DE INVESTIMENTO EM DIREITOS CREDITÓRIOS,13842701000110,4253816.08,192469263.29,196723079.37,205402109.63,0.9577461483933446
FUNDO DE INVESTIMENTO EM DIREITOS CREDITÓRIOS CONRETORNO - RESPONSABILIDADE LIMITADA,58238773000190,196615513.62,0.0,196615513.62,218955447.38,0.8979704134913403
GALAPAGOS ARQUIPÉLAGO FUNDO DE INVESTIMENTO EM DIREITOS  CREDITÓRIOS,41341188000119,196164737.2,0.0,196164737.2,197176707.93,0.9948676963895793
ENDLESS SUMMIT FUNDO DE INVESTIMENTO EM DIREITOS CREDITÓRIOS,40770569000150,195926490.68,0.0,195926490.68,229652471.92,0.853143399859643
PRASS FUNDO DE INVESTIMENTO EM DIREITOS CREDITÓRIOS II,11198684000102,194997954.84,0.0,194997954.84,233824430.93,0.8339503022178915
LBA FUNDO DE INVESTIMENTO EM DIREITOS CREDITÓRIOS,51144449000164,181365658.92,13627273.21,194992932.13,210511168.36,0.9262830739532929
SELLOR FUNDO DE INVESTIMENTO EM DIREITOS CREDITÓRIOS MULTISSETORIAL,55257461000136,194299639.44,0.0,194299639.44,210746904.77,0.9219572626798489
JC HONORÁRIOS TDA FUNDO DE INVESTIMENTO EM DIREITOS CREDITÓRIOS NÃO-PADRONIZADOS,22881521000138,194057536.5,0.0,194057536.5,194514946.58,0.9976484579306512
SP TUNE FUNDO DE INVESTIMENTO EM DIREITOS CREDITÓRIOS RESPONSABILIDADE LIMITADA,55891903000100,193724403.38,0.0,193724403.38,194355297.24,0.9967539147686777
JUGIS II PRÉ-PRECATÓRIOS FUNDO DE INVESTIMENTO EM DIREITOS CREDITÓRIOS,54091598000109,193249883.82,0.0,193249883.82,194268474.85,0.9947567868086343
FUNDO DE INVESTIMENTO EM DIREITOS CREDITÓRIOS RESPONSABILIDADE LIMITADA FLAGSHIP BTO RECEIVABLES,60405221000171,192905047.44,0.0,192905047.44,219292171.66,0.87967138078731
PAGALEVE FUNDO DE INVESTIMENTO EM DIREITOS CREDITÓRIOS COMERCIAIS DE RESPONSABILIDADE LIMITADA,50059866000146,192592639.7,0.0,192592639.7,196903368.94,0.9781073870741461
FIDC DE RESP LIMITADA REDE DE POSTOS MONTE CARLO,43143480000152,192558261.89,0.0,192558261.89,193232912.13,0.9965086162985209
PRAVALER CRÉDITO UNIVERSITÁRIO IV FUNDO DE INVESTIMENTO EM DIREITOS CREDITÓRIOS - RESP LIMITADA,55983705000168,0.0,192482978.65,192482978.65,260834195.78,0.7379514717171107
ICRED INSS FUNDO DE INVESTIMENTO EM DIREITOS CREDITÓRIOS RESPONSABILIDADE LIMITADA,57823707000115,192378705.95,0.0,192378705.95,192256772.17,1.000634223588713
GALAPAGOS SANTA HELENA FUNDO DE INVESTIMENTO EM DIREITOS CREDITÓRIOS RESPONSABILIDADE LIMITADA,59900616000161,192310324.61,0.0,192310324.61,192123071.5,1.000974651865276
AURUM - FUNDO DE INVESTIMENTO EM DIREITOS CREDITÓRIOS MULTISSETORIAL LP,15653649000189,3402914.08,188592712.79,191995626.87,213808096.02,0.8979810888547475
GV HOME EQUITY FUNDO DE INVESTIMENTO EM DIREITOS CREDITÓRIOS,54495443000120,191351362.06,0.0,191351362.06,196917487.73,0.9717337158107975
FIDC DONEGAL - RESPONSABILIDADE LIMITADA - SEGMENTO COMERCIAL,18063954000109,0.0,191025887.14,191025887.14,358653673.33,0.5326193521632653
LATACHE CRÉDITO ESTRUTURADO FIDC,44179672000181,190254143.65,0.0,190254143.65,317272614.73,0.5996551067349664
CONSIGNADOS VIII FUNDO DE INVESTIMENTO EM DIREITOS CREDITÓRIOS - RESPONSABILIDADE LIMITADA,53286391000119,190120633.09,0.0,190120633.09,194128409.97,0.9793550213458229
UNAVANTI FUNDO DE INVESTIMENTO EM DIREITOS CREDITÓRIOS,13327334000116,14650118.57,173703582.75,188353701.32,191404975.74,0.9840585418001631
FUNDO DE INVESTIMENTO EM DIREITOS CREDITÓRIOS MUSTANG MULTICARTEIRA - RESPONSABILIDADE LIMITADA,22802113000143,187405033.28,0.0,187405033.28,189997633.62,0.9863545651037672
VIVO PAY I FUNDO DE INVESTIMENTO EM DIREITOS CREDITORIOS RESPONSABILIDADE LIMITADA,36643574000125,0.0,186224878.68,186224878.68,245340390.99,0.7590469629910652
BRADESCO FARMTECH PLUS - FUNDO DE INVESTIMENTO NAS CADEIAS PRODUTIVAS DO AGRONEGÓCIO - RESP LTDA,58476520000155,185770178.41,0.0,185770178.41,288572745.95,0.6437551051414528
LIBRA FUNDO DE INVESTIMENTO EM DIREITOS CREDITÓRIOS MULTISSETORIAL,12400421000199,12307186.58,173044539.4,185351725.98000002,194318406.42,0.9538557329426663
PHD FUNDO DE INVESTIMENTO EM DIREITOS CREDITÓRIOS,39769038000169,26999846.6,158084843.07,185084689.67,220380755.93,0.8398405245909439
FUNDO DE INVESTIMENTO EM DIREITOS CREDITORIOS GOAL ONE,12610459000196,0.0,185054922.81,185054922.81,212964931.68,0.8689455176970758
RAVENA FUNDO DE INVESTIMENTO EM DIREITOS CREDITÓRIOS,53314997000110,184835297.99,0.0,184835297.99,455577017.38,0.4057169061182636
PERNAMBUCANAS FIDC DE RESPONSABILIDADE LIMITADA,54083697000130,0.0,184308543.88,184308543.88,226559970.92,0.8135088609500251
FEDERAL 4870 IAA FUNDO DE INVESTIMENTO EM DIREITOS CREDITÓRIOS NÃO-PADRONIZADOS,14042458000118,183932986.77,0.0,183932986.77,182114438.32,1.0099857455936831
BANQI EP FUNDO DE INVESTIMENTO EM DIREITOS CREDITÓRIOS RESPONSABILIDADE LIMITADA,42067134000170,183351322.88,0.0,183351322.88,185616518.04,0.9877963707976041
FGTS V FUNDO DE INVESTIMENTO EM DIREITOS CREDITÓRIOS,55768379000176,183235927.69,0.0,183235927.69,186681156.87,0.9815448477084424
NICE FUNDO DE INVESTIMENTO EM DIREITOS CREDITÓRIOS NÃO PADRONIZADOS,49788461000160,183232835.78,0.0,183232835.78,3808168.8,48.11573367756178
SALEM CRÉDITOS JUDICIAIS FUNDO DE INVESTIMENTO EM DIREITOS CREDITÓRIOS,40054639000174,183171065.61,0.0,183171065.61,140718898.67,1.3016806366538913
DIFAL FUNDO DE INVESTIMENTO EM DIREITOS CREDITÓRIOS -  RESPONSABILIDADE LIMITADA,65924624000140,182768220.52,0.0,182768220.52,182374743.99,1.0021575165584418
TKO I FUNDO DE INVESTIMENTO EM DIREITOS CREDITÓRIOS,62160076000131,182273445.4,0.0,182273445.4,182963544.47,0.9962282154513401
GAD FUNDO DE INVESTIMENTO EM DIREITOS CREDITÓRIOS,31608972000197,87964728.41,93986080.64,181950809.05,189073282.29,0.9623295626238955
V11 FUNDO DE INVESTIMENTO EM DIREITOS CREDITÓRIOS - PRECATÓRIOS,32274571000100,181942337.72,0.0,181942337.72,186955374.54,0.9731859175895078
OCEANO FUNDO DE INVESTIMENTO EM DIREITOS CREDITÓRIOS NÃO PADRONIZADOS,50996316000153,181490646.67,0.0,181490646.67,183654673.46,0.9882168705580403
PRIME AGRO FUNDO DE INVESTIMENTO EM DIREITOS CREDITÓRIOS DE RESPONSABILIDADE LIMITADA,53783414000109,181342331.15,0.0,181342331.15,183629370.23,0.9875453524829094
CONFIANÇA FUNDO DE INVESTIMENTO EM DIREITOS CREDITÓRIOS,22175369000178,18196301.79,162412736.72,180609038.51,202437121.53,0.8921735161267583
FUNDO DE INVESTIMENTO EM DIREITOS CREDITÓRIOS SAN MARINO,15489383000180,180382019.07,0.0,180382019.07,253403696.37,0.7118365740277934
FICOU FÁCIL FUNDO DE INVESTIMENTO EM DIREITOS CREDITÓRIOS EDUCACIONAL RESPONSABILIDADE LIMITADA,21081952000157,0.0,180033582.74,180033582.74,188782589.3,0.9536556491123411
SC1 FUNDO DE INVESTIMENTO EM DIREITOS CREDITÓRIOS NÃO PADRONIZADOS,55469182000136,179342105.01,0.0,179342105.01,202654477.31,0.8849649284365964
ST1 MASTER FUNDO DE INVESTIMENTO EM DIREITOS CREDITÓRIOS,52554072000184,179270085.73,0.0,179270085.73,454716263.57,0.39424603888706694
LIBRA II NP FUNDO DE INVESTIMENTO EM DIREITOS CREDITÓRIOS NÃO PADRONIZADOS MULTISSETORIAL,18563847000140,13582902.47,165271041.87,178853944.34,186648500.21,0.9582393865408494
CRÉDITO CORPORATIVO SOLIS ITER  FUNDO DE INVESTIMENTO EM DIREITOS CREDITÓRIOS,47117579000130,65518623.87,113023727.41,178542351.28,353470202.33,0.5051128782655143
GUARDIAN FUTURO V FUNDO DE  INVESTIMENTO EM DIREITOS CREDITÓRIOS RESPONSABILIDADE LIMITADA,62363602000160,0.0,177948877.51,177948877.51,209541559.77,0.8492295165948119
PER FUNDO DE INVESTIMENTO EM DIREITOS CREDITORIOS - RESPONSABILIDADE LIMITADA,30659408000130,104065008.06,73848230.71,177913238.76999998,180307880.73,0.9867191497659171
G5 FUNDO DE INVESTIMENTO EM DIREITOS CREDITÓRIOS DE INFRAESTRUTURA ALLOCATION,64756178000140,177862474.21,0.0,177862474.21,197909403.35,0.8987065354113202
ARC DEB III FUNDO DE INVESTIMENTO EM DIREITOS CREDITÓRIOS DE RESPONSABILIDADE LIMITADA,65205033000113,176652472.4,0.0,176652472.4,177199430.58,0.9969133186364667
SPDA HABITACAO FUNDO DE INVESTIMENTO EM DIREITOS CREDITORIOS RESPONSABILIDADE LIMITADA,25316863000101,176583564.47,0.0,176583564.47,246774625.41,0.7155661331736108
MILK INVEST FUNDO DE INVESTIMENTO EM DIREITOS CREDITÓRIOS,57362995000158,175912325.9,45945.97,175958271.87,176692586.66,0.995844110928021
SOL AGORA IV FIDC SEGMENTO FINANCEIRO DE RESPONSABILIDADE LIMITADA,65473122000140,175705124.2,0.0,175705124.2,204566279.58,0.858915382147754
CIELO FUNDO DE INVESTIMENTO EM DIREITOS CREDITÓRIOS NÃO-PADRONIZADOS,21824924000182,175653419.34,0.0,175653419.34,238192598.63,0.7374428103572347
FUNDO DE INVESTIMENTO EM DIREITOS CREDITÓRIOS DIRETO RESPONSABILIDADE LIMITADA,53110325000193,175281867.37,0.0,175281867.37,224078725.96,0.7822334164881379
CARTÃO DE COMPRA SUPPLIER FUNDO DE INVESTIMENTO EM DIREITOS CREDITÓRIOS II-RESPONSABILIDADE LIMITADA,50988212000105,0.0,174122010.64,174122010.64,193612039.06,0.8993346254983653
FIPER FUNDO DE INVESTIMENTO EM DIREITOS CREDITÓRIOS RESPONSABILIDADE LIMITADA,21093180000173,0.0,173970587.1,173970587.1,224417220.64,0.7752105056994525
CELOSIA FUNDO DE INVESTIMENTO EM DIREITOS CREDITÓRIOS RESPONSABILIDADE LIMITADA,54837785000180,173721758.77,0.0,173721758.77,170441347.34,1.0192465706308702
SG FUNDO DE INVESTIMENTO EM DIREITOS CREDITÓRIOS,29720582000162,33074804.53,140539940.39,173614744.92,191641668.27,0.9059342182066467
DUBLIN FUNDO DE INVESTIMENTO EM DIREITOS CREDITÓRIOS NÃO-PADRONIZADOS,31544287000144,0.0,173574304.61,173574304.61,72139921.16,2.406078379612136
ITAÚ POOL FUNDO DE INVESTIMENTO EM DIREITOS CREDITÓRIOS RESPONSABILIDADE LIMITADA,61289587000195,173433147.57,0.0,173433147.57,402584008.82,0.4307998921227494
GREEN FIDC SOLAR GD -FUNDO DE INVESTIMENTO EM DIREITOS CREDITORIOS SOCIOAMBIENTAL-ENERGIA SOLAR - IS,40169680000196,0.0,173344031.01,173344031.01,198886567.39,0.8715723403787586
FINANZI FUNDO DE INVESTIMENTO EM DIREITOS CREDITÓRIOS NÃO PADRONIZADOS,32316940000180,43502417.23,129087254.47,172589671.7,183539705.5,0.9403397005014807
EDENTOURMALINE HAN FIDC SEGMENTO MEIOS DE PAGAMENTO DE RESPONSABILIDADE LIMITADA,43722605000107,172518269.09,0.0,172518269.09,189504761.29,0.9103637708922496
FUNDO DE INVESTIMENTO EM DIREITOS CREDITÓRIOS FORNECEDORES MADEIRA MADEIRA I,38658727000133,172324745.25,0.0,172324745.25,196699440.04,0.8760815242532299
FUNDO DE INVESTIMENTO EM DIREITOS CREDITÓRIOS TRAMONTINA I,39375599000183,0.0,172205132.54,172205132.54,220758757.13,0.7800602557233649
QUATA FUNDO DE INVESTIMENTO EM DIREITOS CREDITORIOS MULTISETORIAL,10145630000108,171870607.61,0.0,171870607.61,234024477.0,0.7344129546329464
FUNDO DE INVESTIMENTO EM DIREITOS CREDITÓRIOS - PAGBANK MULTIADQUIRÊNCIA - RESPONSABILIDADE LIMITADA,55167862000103,171739834.87,0.0,171739834.87,217083099.02,0.7911248533179338
AUTOMOTIVO FUNDO DE INVESTIMENTO EM DIREITOS CREDITÓRIOS,30590978000111,171345583.02,0.0,171345583.02,183510468.34,0.9337101287461081
DGV FUNDO DE INVESTIMENTOS EM DIREITOS CREDITÓRIOS,63784711000114,170523907.67,0.0,170523907.67,190544148.53,0.8949312219007977
CREDITISE FUNDO DE INVESTIMENTO EM DIREITOS CREDITÓRIOS - RESPONSABILIDADE LIMITADA,28702814000197,0.0,170388070.31,170388070.31,179682476.82,0.9482731612203297
BOMTRATO FUNDO DE INVESTIMENTO EM DIREITOS CREDITÓRIOS - NÃO PADRONIZADOS,32388176000159,169888880.62,0.0,169888880.62,171241189.77,0.9921028979545381
GENESIS FUNDO DE  INVESTIMENTO EM DIREITOS CREDITÓRIOS RESPONSABILIDADE  LIMITADA,33019220000116,81927789.67,87640337.48,169568127.15,197463653.8,0.8587308291263878
FIDC SOMACRED CONSIGNADO PÚBLICO II - RESPONSABILIDADE LIMITADA,51956448000114,169094974.15,0.0,169094974.15,180061282.8,0.9390967981596541
DBANK FUNDO DE INVESTIMENTO EM DIREITOS CREDITÓRIOS DE RESPONSABILIDADE LIMITADA,55106118000190,169017719.01,0.0,169017719.01,169013209.68,1.000026680340599
DIP FINANCING 11 FUNDO DE INVESTIMENTO EM DIREITOS CREDITÓRIOS NÃO-PADRONIZADOS,24220859000174,52127188.36,116861918.68,168989107.04000002,185864324.86,0.9092067946190802
IBITIPOCA FUNDO DE INVESTIMENTO EM DIREITOS CREDITÓRIOS NÃO-PADRONIZADOS,49427492000195,168816965.31,0.0,168816965.31,165395941.67,1.020683842695643
CHIMERA ALTERNATIVE ASSETS VI.2 FUNDO DE INVESTIMENTO EM DIREITOS CREDITÓRIOS RESPONSABILIDADE LTDA,61085925000177,168634462.13,0.0,168634462.13,174907296.76,0.964136232471723
PENÍNSULA AZUL FUNDO DE INVESTIMENTO EM DIREITOS CREDITÓRIOS,53872780000126,168375673.49,0.0,168375673.49,128931729.09,1.3059289181832534
SALEM III CRÉDITOS JUDICIAIS FUNDO DE INVESTIMENTO EM DIREITOS CREDITÓRIOS,41184857000196,168199118.86,0.0,168199118.86,155394232.0,1.0824025878901349
FUNDO DE INVESTIMENTO EM DIREITOS CREDITÓRIOS ZONDA HY,51390507000130,167536480.51,0.0,167536480.51,203578064.8,0.8229593923814525
SAGA FUNDO DE INVESTIMENTO EM DIREITOS CREDITÓRIOS CRÉDITO PRIVADO - RESPONSABILIDADE LIMITADA,58476088000100,167364859.77,0.0,167364859.77,167604412.23,0.9985707270064511
FARMTECH UP CREDIT FUNDO DE INVESTIMENTO EM DIREITOS CREDITÓRIOS RESPONSABILIDADE LIMITADA,48660463000106,167091207.57,0.0,167091207.57,246112959.46,0.6789208009875515
INFRA FUNDO DE  INVESTIMENTO EM DIREITOS CREDITORIOS NÃO PADRONIZADO,45778027000148,151913691.81,15039256.14,166952947.95,172341934.56,0.96873084531772
CITY - 02 FUNDO DE INVESTIMENTO EM DIREITOS CREDITÓRIOS NÃO-PADRONIZADOS RESPONSABILIDADE ILIMITADA,32321307000180,166701570.92,0.0,166701570.92,2712460624.74,0.061457692472855346
LC SFH I FUNDO DE INVESTIMENTO EM DIREITOS CREDITÓRIOS DE RESPONSABILIDADE LIMITADA,43863266000170,166664033.53,0.0,166664033.53,153518417.09,1.0856289212016392
ESTRATÉGIA ATIVOS JUDICIAIS II - FUNDO DE INVESTIMENTO EM DIREITOS CREDITÓRIOS,37484246000196,166245578.13,0.0,166245578.13,167955386.73,0.9898198644694342
FUNDO DE INVESTIMENTO EM DIREITOS CREDITÓRIOS CONSIGNADO EXT V-EIGHT - RESPONSABILIDADE LIMITADA,63934300000168,166185169.82,0.0,166185169.82,174226321.8,0.9538465147118774
GAIA FUNDO DE INVESTIMENTO EM DIREITOS CREDITÓRIOS NÃO-PADRONIZADOS,40054828000147,0.0,166120669.91,166120669.91,166022451.9,1.0005915947444213
MOLEIRO CONSIGNADO FIDC FINANCEIROS DE RESPONSABILIDADE LIMITADA,30591284000107,165514290.69,0.0,165514290.69,173979165.62,0.9513454677183087
GREEN FIDC SOLAR GD II-FUNDO DE INVESTIMENTO EM DIREITOS CREDITÓRIOS SOCIOAMBIENTAL-ENERGIA SOLAR-IS,45080955000134,0.0,165107991.32,165107991.32,175734983.31,0.9395283068297575
LESTE CREDIT MD PRECATÓRIOS III FUNDO DE INVESTIMENTO EM DIREITOS CREDITÓRIOS RESP LIMITADA,51507998000156,164805781.7,0.0,164805781.7,162289432.71,1.0155053163226992
SIRIUS IV FUNDO DE INVESTIMENTO EM DIREITOS CREDITÓRIOS,58321970000179,86295157.67,78356609.78,164651767.45,169664370.3,0.970455771938818
RD FUNDO DE INVESTIMENTO EM DIREITOS CREDITÓRIOS COMERCIAIS CRÉDITO CORPORATIVO DE RESPONSA LIMITADA,49628680000181,164222193.63,0.0,164222193.63,272562955.16,0.6025110548628966
GALAPAGOS ARCESP FUNDO DE INVESTIMENTO EM DIREITOS CREDITÓRIOS - RESPONSABILIDADE LIMITADA,63113571000152,163997092.0,0.0,163997092.0,165293650.88,0.9921560273301648
BTG PACTUAL APOLO FUNDO DE INVESTIMENTO EM DIREITOS CREDITÓRIOS RESPONSABILIDADE LIMITADA,60570464000165,0.0,163362364.31,163362364.31,455169983.74,0.35890408011463926
GONN III FUNDO DE INVESTIMENTO EM DIREITOS CREDITÓRIOS DE RESPONSABILIDADE LIMITADA,62222488000159,163278188.11,0.0,163278188.11,169285530.81,0.9645135489651362
ESTRATÉGIA ATIVOS JUDICIAIS III - FUNDO DE INVESTIMENTO EM DIREITOS CREDITÓRIOS,42513808000112,162006382.77,0.0,162006382.77,162450095.19,0.9972686232071393
SALEM II CRÉDITOS JUDICIAIS FUNDO DE INVESTIMENTO EM DIREITOS CREDITÓRIOS,40054854000175,161996530.15,0.0,161996530.15,119203414.04,1.35899236993028
CISS FUNDO DE INVESTIMENTO EM DIREITOS CREDITÓRIOS PRESTAÇÃO DE SERVIÇOS,52892178000198,27832211.16,133880072.01,161712283.17000002,163832261.94,0.987060065307672
XP PJUS FUNDO DE INVESTIMENTO EM DIREITOS CREDITÓRIOS,53405469000177,161148572.86,0.0,161148572.86,165407684.32,0.9742508246971148
PARANÁ V PLUMA FUNDO DE INVESTIMENTO EM DIREITOS CREDITÓRIOS SEGMENTO AGRO RESPONSABILIDADE LIMITADA,65952538000141,161071225.38,0.0,161071225.38,162962234.85,0.9883960264061143
AVEIRO FUNDO DE INVESTIMENTO EM DIREITOS CREDITÓRIOS,63428693000138,0.0,161024348.42,161024348.42,160962870.99,1.000381935471341
SEJA FUNDO DE INVESTIMENTO EM DIREITOS CREDITÓRIOS,24987402000190,20597815.6,140422854.13,161020669.73,180573682.71,0.8917172608624148
SEGUE ÁRTICO FUNDO DE  INVESTIMENTO EM DIREITOS CREDITÓRIOS FINANCEIRO  RESPONSABILIDADE LIMITADA,58215693000110,160847649.72,0.0,160847649.72,165241770.88,0.9734079274471644
LARCA MULTIPLICA CAPITAL FUNDO DE INVESTIMENTO EM DIREITOS CREDITÓRIOS,41114564000132,2468668.97,158358318.47,160826987.44,186148756.93,0.8639702466585791
KASTEN FUNDO DE INVESTIMENTO EM DIREITOS CREDITÓRIOS,55938045000101,160768717.71,0.0,160768717.71,166437821.33,0.965938609537794
ANGÁ FGTS IV FUNDO DE INVESTIMENTO EM DIREITOS CREDITÓRIOS,55364540000146,160586535.0,0.0,160586535.0,162591663.09,0.9876677066222633
PBG SUPPLIERS - FUNDO DE INVESTIMENTO EM DIREITOS CREDITÓRIO,58922423000149,157031456.49,3505817.93,160537274.42000002,164840396.17,0.9738952231978248
PONTUAL BRASIL FUNDO DE INVESTIMENTO EM DIREITOS CREDITÓRIOS MULTISSETORIAL - RESPONSABILIDADE LIMIT,31844721000101,16693421.51,143766722.88,160460144.39,166559632.75,0.9633795520601613
PINE LIFT I CARTÃO INSS FIDC - RESP LIMITADA,62543802000103,160274912.0,0.0,160274912.0,160667845.39,0.9975543744359913
F3 FALCON FUNDO DE INVESTIMENTO EM DIREITOS CREDITÓRIOS RESPONSABILIDADE LIMITADA,58561243000189,160160915.75,0.0,160160915.75,188024680.81,0.8518079385112399
MKL LEGAL CLAIMS I FUNDO DE INVESTIMENTO EM DIREITOS CREDITÓRIOS,65494608000165,159737086.21,0.0,159737086.21,162486340.1,0.9830800922200107
"NEGOCIAL FIDC SEGMENTO ECONÔMICO FINANCEIRO, INDUSTRIAL, COMERCIAL E PRESTAÇÃO DE SERVIÇOS",12764483000180,4976128.14,154270604.75,159246732.89,172692886.08,0.9221383492092946
FUNDO DE INVESTIMENTO EM DIREITOS CREDITÓRIOS DE CONSÓRCIOS CONSORCIEI III RESPONSABILIDADE LIMITADA,57213492000110,159204502.47,0.0,159204502.47,129460738.27,1.2297512326707667
SP CAPITAL FUNDO DE INVESTIMENTO EM DIREITOS CREDITÓRIOS,49007595000104,679141.36,158487653.65,159166795.01000002,186388901.69,0.8539499592884802
MULVI FIDC RESPONSABILIDADE LIMITADA - ARRANJO DE PAGAMENTOS,29494026000115,159083968.76,0.0,159083968.76,206005384.41,0.7722320909990626
JES FUNDO DE INVESTIMENTO EM DIREITOS CREDITÓRIOS MULTISEGMENTOS,33133194000152,5557250.23,153429455.2,158986705.42999998,178212575.51,0.8921183310157526
BERLANDA FUNDO DE INVESTIMENTO EM DIREITOS CREDITÓRIOS  SEGMENTO ECONÔMICO FINANCEIRO,11812962000161,158933912.55,0.0,158933912.55,198291764.01,0.8015154504449558
JCI II - FUNDO DE INVESTIMENTO EM DIREITOS CREDITÓRIOS RESPONSABILIDADE LIMITADA,40054735000112,158681044.52,0.0,158681044.52,517918377.76,0.3063823400248828
SUN CAPITAL FUNDO DE INVESTIMENTO EM DIREITOS CREDITÓRIOS NÃO PADRONIZADOS,32156038000144,158572305.71,0.0,158572305.71,213548427.06,0.7425589965382722
LETO FUNDO DE INVESTIMENTO EM DIREITOS CREDITÓRIOS HIGH YIELD - RESPONSABILIDADE LIMITADA,45683318000152,158521212.9,0.0,158521212.9,157783000.67,1.004678655031691
JVD FUNDO DE INVESTIMENTO EM DIREITOS CREDITORIOS,58557938000197,26291283.62,131730994.41,158022278.03,171957404.18,0.9189617555786483
FUNDO DE INVESTIMENTO EM DIREITOS CREDI VAREJO BR,13767420000140,157808727.38,0.0,157808727.38,159397497.94,0.9900326505714786
CONTATO FUNDO DE INVESTIMENTO EM DIREITOS CREDITORIOS MULTISSETORIAL,29187006000100,11703422.97,145895023.03,157598446.0,163097214.97,0.9662853288389294
NOVA CAPITAL FUNDO DE INVESTIMENTO EM DIREITOS CREDITÓRIOS,33289359000180,13909581.36,143685596.85,157595178.20999998,206058388.08,0.7648083617387869
PACIFIC FUNDO DE INVESTIMENTO EM DIREITOS CREDITÓRIOS - RESPONSABILIDADE LIMITADA,34475959000103,157527029.76,0.0,157527029.76,163518121.08,0.9633613003841395
NORDE FUNDO DE INVESTIMENTO EM DIREITOS CREDITÓRIOS,52200741000110,156854373.33,0.0,156854373.33,173284525.87,0.9051839599784802
FUNDO DE INVESTIMENTO EM DIREITOS CREDITÓRIOS PFN MT III RESPONSABILIDADE LIMITADA,56972378000101,156504291.33,0.0,156504291.33,157817430.27,0.9916793795352425
SELECTOR FUNDO DE INVESTIMENTO EM DIREITOS CREDITÓRIOS NÃO-PADRONIZADOS,23104468000121,156235897.0,0.0,156235897.0,150410535.29,1.0387297452187667
NINFEIA FUNDO DE INVESTIMENTO EM DIREITOS CREDITÓRIOS,63384189000183,0.0,155882647.55,155882647.55,156174700.83,0.9981299578072002
AZ-ATHON FUNDO DE INVESTIMENTO EM DIREITOS CREDITÓRIOS DE RESPONSABILIDADE ILIMITADA,52148267000124,155862449.7,0.0,155862449.7,158225833.91,0.9850632216522599
ALAMIN CAPITAL FUNDO DE INVESTIMENTO EM DIREITOS CREDITORIOS MULTISSETORIAL,29969815000165,155741429.21,0.0,155741429.21,181543357.28,0.8578745680559114
PCS II PRINCIPAL FUNDO DE INVESTIMENTO EM DIREITOS CREDITÓRIOS - NÃO PADRONIZADOS,47463381000109,155167146.85,0.0,155167146.85,159146352.18,0.9749965658936411
FUNDO DE INVESTIMENTO EM DIREITOS CREDITÓRIOS BZR IV,58598420000100,155147285.07,0.0,155147285.07,151218155.79,1.0259831847536647
ATLÂNTICO FUNDO DE INVESTIMENTO  EM DIREITOS CREDITÓRIOS RESPONSABILIDADE LIMITADA,09194841000151,155050793.26,0.0,155050793.26,143574277.68,1.0799343431528798
MERCADO CRÉDITO ESTRUTURADO FUNDO DE INVESTIMENTO EM DIREITOS CREDITÓRIOS  RESPONSABILIDADE LIMITADA,63350255000102,0.0,154885311.18,154885311.18,157903052.35,0.9808886457539084
EXTRA BALANCE TOP SIERRA FUNDO DE INVESTIMENTO EM DIREITOS CREDITÓRIOS SEGMENTO FINANCEIRO,33489701000195,154825543.05,0.0,154825543.05,143612699.46,1.0780769641693357
KOBOLD H FUNDO DE INVESTIMENTO EM DIREITOS CREDITÓRIOS RESPONSABILIDADE  LIMITADA,10756703000106,59167189.9,95023314.13,154190504.03,244308940.33,0.6311291916772566
YAALEH FUNDO DE INVESTIMENTO EM  DIREITOS CREDITÓRIOS - RESPONSABILIDADE LIMITADA,36703167000166,6985812.56,147022296.76,154008109.32,201036011.56,0.7660722480759904
FUNDO DE INVESTIMENTO EM DIREITOS CREDITORIÓS ANTECIPA  RESPONSABILIDADE LIMITADA,34407714000130,153820186.64,0.0,153820186.64,169841163.37,0.9056708255401064
DIRECTCON FUNDO DE INVESTIMENTO DIREITOS CREDITÓRIOS DE RESPONSABILIDADE LIMITADA,60777129000132,153458414.27,0.0,153458414.27,154708417.44,0.9919202639993084
EICON FUNDO DE INVESTIMENTO EM DIREITOS CREDITÓRIOS,61415547000142,153322028.51,0.0,153322028.51,161430685.28,0.9497700405846904
LEGAL ONE FUNDO DE INVESTIMENTO EM DIREITOS CREDITÓRIOS - RESPONSABILIDADE LIMITADA,59843866000107,153250036.16,0.0,153250036.16,153081421.95,1.001101467492607
PSS PRINCIPAL FUNDO DE INVESTIMENTO EM DIREITOS CREDITÓRIOS - NÃO PADRONIZADOS,32388184000103,152783674.77,0.0,152783674.77,152694861.29,1.000581640267719
FUNDO DE INVESTIMENTO EM DIREITOS CREDITÓRIOS  FUTURO PREVIDENCIA CONSIGNADO PUBLICO IV RESP LTDA,59599914000163,152721017.26,0.0,152721017.26,154948511.59,0.9856242934692134
V CDT 1 FUNDO DE INVESTIMENTO EM DIREITOS CREDITÓRIOS RESPONSABILIDADE LIMITADA,62552447000120,0.0,152299312.44,152299312.44,167490006.72,0.9093038768253504
BRASPRESS URBANO 2 FUNDO DE INVESTIMENTO EM DIREITOS CREDITÓRIOS,60076899000158,152288932.36,0.0,152288932.36,172683489.86,0.8818963091576704
EVOLUX CAPITAL FUNDO DE INVESTIMENTO EM DIREITOS CREDITÓRIOS DE RESPONSABILIDADE LIMITADA,63618462000197,151914046.45,0.0,151914046.45,152114009.74,0.9986854380451754
PASSO FUNDO RS FUNDO DE INVESTIMENTO EM DIREITOS  CREDITÓRIOS RESPONSABILIDADE LIMITADA,32113780000172,0.0,151752391.35,151752391.35,765710103.17,0.19818517572349248
ROVENSA FUNDO DE INVESTIMENTO EM DIREITOS CREDITÓRIOS AGRONEGÓCIO  RESPONSABILIDADE LIMITADA,17198822000121,151614987.47,0.0,151614987.47,163904940.18,0.9250178018032695
FUNDO DE INVESTIMENTO EM DIREITOS CREDITÓRIOS QW1 - RESPONSABILIDADE ILIMITADA,15586793000140,151595464.21,0.0,151595464.21,197994246.37,0.7656559066201718
TECNOMYL FUNDO DE INVESTIMENTO EM DIREITOS CREDITÓRIOS RESPONSABILIDADE LIMITADA,39616091000120,151327457.27,0.0,151327457.27,221888273.29,0.6819984446506574
ELDORADO FUNDO DE INVESTIMENTO EM DIREITOS CREDITÓRIOS NÃO-PADRONIZADOS,30127068000105,150821664.37,0.0,150821664.37,153306059.22,0.9837945423511618
SOMAPAY CARTÃO CONSIGNADO PÚBLICO  FUNDO DE INVESTIMENTO EM DIREITOS CREDITÓRIOS RESP LIMITADA,55316469000126,150472301.89,0.0,150472301.89,159189935.48,0.9452375329902986
BRAVANO FUNDO DE  INVESTIMENTO EM DIREITOS CREDITÓRIOS,54114034000136,2611027.79,147502864.9,150113892.69,147501531.31,1.0177107407414616
ST 1019.A FIDC RESPONSABILIDADE LIMITADA,60882563000182,149839702.0,0.0,149839702.0,150356762.36,0.9965611100433114
URANO FUNDO DE INVESTIMENTOS EM DIREITOS CREDITÓRIOS,54501301000128,149781221.98,0.0,149781221.98,149657583.31,1.000826143702614
DETOMASO FIDC-NP MULTISSETORIAL,09104359000183,28436574.53,121220831.6,149657406.13,189647469.18,0.7891347391931486
CVPAR II FUNDO DE INVESTIMENTO EM DIREITOS CREDITÓRIOS - RESPONSABILIDADE LIMITADA,47425841000104,24837760.35,124672065.64,149509825.99,232043949.6,0.6443168470788692
UP.P III FUNDO DE INVESTIMENTO EM DIREITOS CREDITÓRIOS - RESPONSABILIDADE LIMITADA,58893878000183,149324144.69,0.0,149324144.69,163520394.22,0.9131836148162632
FUNDO DE INVESTIMENTO EM DIREITOS CREDITÓRIOS XPCE III,25043891000194,148985097.46,0.0,148985097.46,520230993.39,0.2863825864913642
FORNECEDORES BRASIL FUNDO DE INVESTIMENTO EM DIREITOS CREDITÓRIOS NÃO PADRONIZADO,26545451000106,60933095.11,87942382.03,148875477.14,163166250.25,0.9124158759050723
ORIZ JUS V FUNDO DE INVESTIMENTO EM DIREITOS CREDITÓRIOS - RESPONSABILIDADE LIMITADA,61631300000163,148835380.48,0.0,148835380.48,150177342.33,0.9910641523602729
IAA FUNDO DE INVESTIMENTO EM DIREITOS CREDITÓRIOS NÃO PADRONIZADOS,10237131000140,148280756.27,0.0,148280756.27,136816105.36,1.0837960624579497
STRUCTURE FUNDO DE INVESTIMENTO EM DIREITOS CREDITÓRIOS,32999089000138,0.0,148176733.39,148176733.39,161729639.36,0.9162002337751332
FUNDO DE INVESTIMENTO EM DIREITOS CREDITÓRIOS CLAIMS S1,35688101000181,147976145.02,0.0,147976145.02,148669339.97,0.9953373375428998
ARCELORMITTAL VÉRTICE FUNDO DE INVESTIMENTO EM DIREITOS CREDITÓRIOS COMERCIAIS - RESP LIMITADA,65873297000145,0.0,147349177.1,147349177.1,162575853.76,0.9063410936627887
BRISTOL FUNDO DE INVESTIMENTO EM DIREITOS CREDITÓRIOS MULTISSETORIAL,33499726000170,37672996.91,109253350.94,146926347.85,151656896.17,0.9688075620728959
SÃO MARTINHO FUNDO DE INVESTIMENTO EM DIREITOS CREDITÓRIOS MULTISSETORIAL,32771763000122,142048354.04,4841920.25,146890274.29,155446814.96,0.9449551882281936
PNEUCASH II FUNDO DE INVESTIMENTO EM DIREITOS CREDITÓRIOS DE  CLASSE ÚNICA FECHADA RESP LIMITADA,65836995000170,146439499.18,0.0,146439499.18,154321628.99,0.9489240110956141
SUPER BOX FUNDO DE INVESTIMENTO EM DIREITOS CREDITÓRIOS,54028640000139,0.0,146373158.58,146373158.58,156416953.58,0.9357883223645379
UP.P II FUNDO DE INVESTIMENTO EM DIREITOS CREDITÓRIOS - RESPONSABILIDADE LIMITADA,53109903000171,146102736.78,0.0,146102736.78,146633199.97,0.996382380046889
BANCOR FUNDO DE INVESTIMENTO EM DIREITOS CREDITÓRIOS,51555510000166,145824658.71,0.0,145824658.71,146432082.35,0.9958518404556446
FUNDO DE INVESTIMENTO EM DIREITOS CREDITÓRIOS INCLUSÃO CREDIÁRIA RESPONSABILIDADE LIMITADA,63066147000102,145661706.47,0.0,145661706.47,156443253.15,0.9310833387639765
PREMIUM RECEBÍVEIS MULTISSETORIAL FUNDO DE INVESTIMENTO EM  DIREITOS CREDITÓRIOS - RESP LIMITADA,27456204000198,22514023.95,123120315.46,145634339.41,164860734.48,0.8833779606123711
SEED FUNDO DE INVESTIMENTO EM  DIREITOS CREDITÓRIOS NÃO PADRONIZADOS,46390186000133,145620866.86,0.0,145620866.86,145487429.59,1.0009171738780185
DCASH FUNDO DE INVESTIMENTO EM DIREITOS CREDITÓRIOS,32202903000141,6614888.92,138653140.41,145268029.32999998,176190282.59,0.8244951264880083
IOX PME FUNDO DE INVESTIMENTO EM DIREITOS CREDITÓRIOS,24506071000129,5992000.0,139135921.85,145127921.85,305413658.75,0.47518477871612214
FUNDO DE INVESTIMENTO EM DIREITOS CREDITÓRIOS  SIGA ENERGIA PORTFÓLIO DE RESPONSABILIDADE  LIMITADA,53523699000130,144603070.9,0.0,144603070.9,147842692.85,0.9780873718710814
GTCS FUNDO DE INVESTIMENTO EM DIREITOS CREDITÓRIOS,57107628000108,144480769.42,43712.01,144524481.42999998,149471949.4,0.9669003582955878
FIDC GUARDIAN INSS FUNDO DE INVESTIMENTO EM DIREITOS CREDITÓRIOS RESPONSABILIDADE LIMITADA,53211671000168,144456932.4,0.0,144456932.4,148630070.82,0.9719226506656657
FÊNIX FUNDO DE INVESTIMENTO EM DIREITOS CREDITÓRIOS,52273542000131,144445132.26,0.0,144445132.26,147732108.15,0.9777504299426731
AJAXJUD - FUNDO DE INVESTIMENTO EM DIREITOS CREDITÓRIOS MULTISEGMENTOS DE RESPONSABILIDADE LIMITADA,10269029000127,56173348.15,88142611.17,144315959.32,189279045.29,0.7624507990247377
BLACKPARTNERS MIRUNA FI EM DIREITOS CREDITÓRIOS MULTISSEGMENTOS DE RESPONSABILIDADE LIMITADA,17093144000132,144284782.14,0.0,144284782.14,202325768.24,0.7131310232755352
FIDC JOHN DEERE I SEGMENTO RECEBÍVEIS COMERCIAIS - RESPONSABILIDADE LIMITADA,65783221000129,144168960.21,0.0,144168960.21,767075838.68,0.18794616247865265
FUNDO DE INVESTIMENTO EM DIREITOS CREDITÓRIOS PRATA DIGITAL IV,56780135000171,144098206.83,0.0,144098206.83,144396198.14,0.9979362939340615
JC CARBON FUNDO DE INVESTIMENTO EM DIREITOS CREDITÓRIOS,62015452000102,143576993.66,0.0,143576993.66,313774844.88,0.45757968174571023
HERA FUNDO DE INVESTIMENTO EM DIREITOS CREDITÓRIOS NÃO-PADRONIZADOS,42462074000190,143536453.64,0.0,143536453.64,144496238.29,0.9933577187796838
EMUNAH FUNDO DE INVESTIMENTO EM DIREITOS CREDITÓRIOS,38314663000153,115161355.53,27884088.57,143045444.1,153012233.43,0.9348627942578224
METROPOL FUNDO DE INVESTIMENTO EM DIREITOS CREDITÓRIOS,57284265000186,22115112.82,120636175.87,142751288.69,142891879.57,0.9990161030814132
JUGIS I PRECATÓRIOS FUNDO DE INVESTIMENTO EM DIREITOS CREDITÓRIOS,47984241000186,142644775.02,0.0,142644775.02,154086454.1,0.9257450685926325
BARCELONA FUNDO DE INVESTIMENTO EM DIREITOS CREDITÓRIOS RESPONSABILIDADE LIMITADA,37651102000187,3017252.06,139162259.94,142179512.0,152281950.83,0.9336596440028676
FUNDO DE INVESTIMENTO EM DIREITOS CREDITÓRIOS EXT VAMMO I RESPONSABILIDADE LIMITADA,59400657000199,142174645.78,0.0,142174645.78,137276419.21,1.0356814855616745
VECTOR FUNDO DE INVESTIMENTO EM DIREITOS CREDITÓRIOS  MULTISSETORIAL,19187295000185,5682183.54,136183408.51,141865592.04999998,132379912.24,1.0716549788369916
JP CAPITAL FUNDO DE INVESTIMENTO EM DIREITOS CREDITÓRIOS - RESPONSABILIDADE LIMITADA,40753151000135,317192.09,141057952.82,141375144.91,191042749.24,0.7400183753239207
LEO MADEIRAS FIDC SEGMENTO MEIOS DE PAGAMENTO DE RESPONSABILIDADE LIMITADA,50857998000113,141162080.57,0.0,141162080.57,176969443.65,0.797663583376474
FUNDO DE INVESTIMENTO EM DIREITOS CREDITÓRIOS CLAIMS,37564538000139,141007266.28,0.0,141007266.28,141607154.47,0.9957637155252131
CONSIGA FUNDO DE  INVESTIMENTO EM DIREITOS CREDITÓRIOS - RESPONSABILIDADE  LIMITADA,29242926000175,140887542.95,0.0,140887542.95,140418993.12,1.00333679810394
SBK CAPITAL FUNDO DE INVESTIMENTO EM DIREITOS CREDITÓRIOS MULTISSETORIAL RESPONSABILIDADE LIMITADA,19932422000123,26977758.82,113570418.4,140548177.22,161507626.42,0.8702262570220987
ZEFIRO FUNDO DE INVESTIMENTO EM DIREITOS CREDITÓRIOS,41755753000194,0.0,139800000.0,139800000.0,87184529.62,1.6034954895017302
NINE CAPITAL FUNDO DE INVESTIMENTO EM DIREITOS CREDITÓRIOS,49250454000100,139726767.72,0.0,139726767.72,139826739.9,0.9992850281707811
DLAW FUNDO DE INVESTIMENTO EM DIREITOS CREDITÓRIOS,60741672000180,138978817.82,0.0,138978817.82,140110397.23,0.9919236585408973
JIVEMAUÁ BOSSANOVA SECURITIZADO MASTER FIDC CRÉD PRIV RESPONSABILIDADE LIMITADA,57377286000146,138844019.84,0.0,138844019.84,460838990.45,0.3012853137804629
PBG FUNDO DE INVESTIMENTO EM DIREITOS CREDITÓRIOS DE RESPONSABILIDADE LIMITADA,55198653000119,138546628.49,0.0,138546628.49,153205043.24,0.9043215912478992
MTR CRÉDITOS SELECIONADOS I FUNDO DE INVESTIMENTO EM DIREITOS CREDITÓRIOS  RESPONSABILIDADE LIMITADA,55125894000138,138154756.0,0.0,138154756.0,166774766.47,0.8283912424176696
IS GREEN SOLFÁCIL III FUNDO DE INVESTIMENTO EM DIREITOS CREDITÓRIOS RESPONSABILIDADE LIMITADA,49920525000134,138151291.06,0.0,138151291.06,147651064.59,0.9356606499493983
NOVA FUNDO DE INVESTIMENTO EM DIREITOS CREDITÓRIOS  SERVIÇOS RESPONSABILIDADE LIMITADA,57506211000118,0.0,137669660.45,137669660.45,147092432.49,0.9359397905079813
FINANCE ASSET FUNDO DE INVESTIMENTO EM DIREITOS CREDITÓRIOS  NÃO PADRONIZADOS,41575924000101,10919200.04,126443417.8,137362617.84,60405910.82,2.27399299133687
SIMPALA FUNDO DE INVESTIMENTO EM DIREITOS CREDITÓRIOS,47758232000177,137035004.19,0.0,137035004.19,138493762.81,0.9894669724440855
KATETO INVESTIMENTO PRECATÓRIOS FUNDO DE INVESTIMENTO EM DIREITOS CREDITÓRIOS,52049112000130,136966058.33,0.0,136966058.33,144620111.37,0.9470747673508724
AMC FUNDO DE INVESTIMENTO EM DIREITOS CREDITÓRIOS,52918480000178,136914939.37,0.0,136914939.37,184119304.38,0.7436207725802837
FIDC MULTISEGMENTOS NPL IPANEMA X RESP LIMITADA,59309090000140,136156386.97,0.0,136156386.97,121289604.82,1.1225725994578273
FUNDO DE INVESTIMENTO EM DIREITOS CREDITÓRIOS AUTO GWM - RESPONSABILIDADE LIMITADA,56112240000132,0.0,135814158.29,135814158.29,197555010.67,0.6874751383394005
BRASFOR FUNDO DE INVESTIMENTO EM DIREITOS CREDITÓRIOS MULTISEGMENTOS,18862277000199,28605292.21,106261051.68,134866343.89000002,168125075.96,0.8021786346855668
HC HIDROCARBON FUNDO DE INVESTIMENTO EM DIREITOS CREDITÓRIOS NÃO-PADRONIZADOS,37388031000171,134480429.56,0.0,134480429.56,147960149.04,0.9088962834421325
SIGMA CREDIT FUNDO DE INVESTIMENTO EM DIREITOS CREDITORIOS,29236426000120,29873663.86,104509927.35,134383591.20999998,137273357.35,0.9789488201076623
G5 SPECIAL F FUNDO DE INVESTIMENTO EM DIREITOS CREDITÓRIOS,37120828000193,134342739.32,0.0,134342739.32,706366188.04,0.19018851920527155
JC 4870 V FUNDO DE INVESTIMENTO EM DIREITOS CREDITÓRIOS NÃO PADRONIZADOS - FIDC-NP,26471075000144,134177918.39,0.0,134177918.39,134108193.24,1.0005199171528263
MAUÁ SANEAMENTO III FUNDO DE INVESTIMENTO EM DIREITOS CREDITÓRIOS - RESPONSABILIDADE LIMITADA,48946018000107,134146231.99,0.0,134146231.99,140422725.77,0.9553028632254272
CREDIT PARTNERS FUNDO DE INVESTIMENTO EM DIREITO CREDITÓRIOS,32274874000123,0.0,134060024.6,134060024.6,140936265.13,0.9512102827213611
ROMAPE FUNDO DE INVESTIMENTO EM DIREITOS CREDITÓRIOS NÃO PADRONIZADOS,47279584000140,133987761.33,0.0,133987761.33,177282696.72,0.7557858934288441
MAIS TODOS FUNDO DE INVESTIMENTO EM DIREITOS CREDITÓRIOS RESPONSABILIDADE LIMITADA,45121220000101,133944972.8,0.0,133944972.8,142202146.92,0.9419335481295841
FUNDO DE INVESTIMENTO EM DIREITOS CREDITÓRIOS PRATA DIGITAL III FGTS RESPONSABILIDADE LIMITADA,55175561000113,133532449.73,0.0,133532449.73,139891954.25,0.9545398836259377
ITAÚ SONETO CRÉDITO PRIVADO FUNDO DE  INVESTIMENTO EM DIREITOS CREDITÓRIOS RESPONSABILIDADE LIMITADA,59017361000193,133456406.7,0.0,133456406.7,466110651.55,0.2863191524506151
BW GSS FUNDO DE INVESTIMENTO EM DIREITOS CREDITÓRIOS RESPONSABILIDADE LIMITADA,34736673000126,133245717.3,0.0,133245717.3,133467544.5,0.9983379689734233
PJUS ABETO FIDC DE PRECATÓRIOS FEDERAIS DE RESPONSABILIDADE LIMITADA,56797968000145,133065321.85,0.0,133065321.85,161249639.39,0.8252131437526311
BLUE HEALTH FIDC RECEBÍVEIS COMERCIAIS DE RESPONSABILIDADE LIMITADA,63679792000192,0.0,132968814.92,132968814.92,142173656.83,0.9352563469545808
UVA MERLOT CRÉDITOS JUDICIAIS FUNDO DE INVESTIMENTO EM DIREITOS CREDITÓRIOS,52015801000124,132897805.53,0.0,132897805.53,157231170.34,0.8452382898544798
CLOUDWALK BIG PICTURE III FUNDO DE INVESTIMENTO EM DIREITOS CREDITÓRIOS SEGMENTO MEIOS DE PAGAMENTO,54219179000100,132600947.64,0.0,132600947.64,151890811.96,0.8730017696851872
IMPETUS FUNDO DE INVESTIMENTO EM DIREITOS CREDITÓRIOS,31523738000167,132342361.95,0.0,132342361.95,257301424.5,0.5143475680601994
MERCANTIL NP FUNDO DE INVESTIMENTO EM DIREITOS CREDITORIOS NAO PADRONIZADOS MULTISETORIAL,09363400000136,25766638.35,106100693.41,131867331.75999999,211002624.21,0.6249558850451038
PARANÁ III FUNDO DE INVESTIMENTO EM DIREITOS CREDITÓRIOS DO SEGMENTO  AGRONEGÓCIO - RESP LIMITADA,64679472000103,131091802.92,0.0,131091802.92,389014033.19,0.33698476593509646
VAREJO PLUS FUNDO DE INVESTIMENTO EM DIREITOS CREDITÓRIOS FINANCEIROS DE RESPONSABILIDADE LIMITADA,62475708000156,130687454.0,0.0,130687454.0,135322690.93,0.9657467871933042
DIRETA CAPITAL FUNDO DE INVESTIMENTO EM DIREITOS CREDITÓRIOS MULTISETORIAL DE CLASSE  ÚNICA FECHADA,51030944000142,47891982.04,82506039.83,130398021.87,145818010.18,0.894251826019534
JCI III - FIDC RESPONSABILIDADE LIMITADA,40054747000147,130394774.24,0.0,130394774.24,424575799.25,0.30711777371752774
G5 FUNDO DE INVESTIMENTO EM DIREITOS CREDITÓRIOS TG,59286643000196,0.0,130039736.91,130039736.91,132965231.3,0.9779980498556091
PCS II BT FUNDO DE INVESTIMENTO EM DIREITOS CREDITÓRIOS NÃOPADRONIZADOS,32388130000130,129762050.87,0.0,129762050.87,136771196.65,0.9487527640930383
DB DRILLING FUNDO DE INVESTIMENTO EM DIREITOS CREDITÓRIOS NÃO PADRONIZADOS,55331248000127,128756394.42,0.0,128756394.42,128735586.42,1.0001616336288872
ORIZ JURI LSN IV FUNDO DE INVESTIMENTO EM DIREITOS CREDITÓRIOS RESPONSABILIDADE LIMITADA,67220127000197,128247685.78,0.0,128247685.78,164174167.14,0.7811684871873686
FUNDO DE INVESTIMENTO EM DIREITOS CREDITÓRIOS AGRO OPEA COCARI DE RESPONSABILIDADE LIMITADA,53273825000146,128056121.64,0.0,128056121.64,174781877.6,0.7326624670611732
SUSTINERI GERMINARE FUNDO DE INVESTIMENTO EM DIREITOS CREDITÓRIOS NÃO-PADRONIZADOS,50589310000161,128000000.0,0.0,128000000.0,127486551.17,1.0040274744691722
FUNDO DE INVESTIMENTO EM DIREITOS CREDITORIOS CCS ASSET II - RESPONSABILIDADE LIMITADA,37294908000165,127730544.8,0.0,127730544.8,373009337.34,0.3424325667310921
DIRETTO FGTS FUNDO DE INVESTIMENTO EM DIREITOS CREDITÓRIOS RESPONSABILIDADE LIMITADA,63672540000131,127423352.23,0.0,127423352.23,128170437.56,0.9941711572167313
ZILI CONSIG CLT - FUNDO DE  INVESTIMENTO EM DIREITOS CREDITÓRIOS,64009180000155,127362369.84,0.0,127362369.84,132570766.98,0.9607123255099991
VFA CONSIGNADO FUNDO DE INVESTIMENTO EM DIREITOS CREDITÓRIOS,51869340000194,127275398.76,0.0,127275398.76,131395453.6,0.9686438554217983
FUNDO DE INVESTIMENTO EM DIREITOS CREDITÓRIOS COMERCIAIS SKYFALL DE RESPONSABILIDADE LIMITADA,53030845000196,126950141.4,0.0,126950141.4,150394351.63,0.8441150882602466
CRONOS LEGAL CLAIMS  FUNDO DE INVESTIMENTO EM DIREITOS CREDITÓRIOS NÃO PADRONIZADOS  RESP LIMITADA,64019393000168,126947960.38,0.0,126947960.38,126622180.75,1.00257284804345
FUNDO DE INVESTIMENTO EM DIREITOS CREDITÓRIOS TETRA DE RESPONSABILIDADE LIMITADA,39774081000112,0.0,126803892.85,126803892.85,127673715.15,0.9931871466340736
TUNE FUNDO DE INVESTIMENTO EM DIREITOS CREDITÓRIOS RESPONSABILIDADE LIMITADA,55653447000151,126792591.0,0.0,126792591.0,127588359.89,0.9937629977320339
SOLIS  KEDU FUNDO DE INVESTIMENTO EM DIREITOS CREDITÓRIOS,47117685000114,126217904.11,0.0,126217904.11,128515890.89,0.9821190456364116
AFL INVEST FUNDO  DE INVESTIMENTO EM DIREITOS CREDITÓRIOS NÃO-PADRONIZADOS  RESP LIMITADA,45019040000113,20196659.45,105658511.69,125855171.14,127839848.73,0.9844752820836664
EUGÊNIA FIDC SEGMENTO  INFRAESTRUTURA E AGRONEGÓCIO DE RESPONSABILIDADE LIMITADA,63588528000143,125807809.49,0.0,125807809.49,126019808.83,0.9983177300301574
IUGU I UR - FIDC - UNIDADE DE RECEBÍVEIS  RESPONSABILIDADE LIMITADA,45019334000145,0.0,125395372.71,125395372.71,147341700.76,0.8510514814421232
TECNOMYL III FUNDO DE INVESTIMENTO EM DIREITOS CREDITÓRIOS - AGRONEGÓCIO,58396668000180,125186263.53,0.0,125186263.53,161719439.49,0.7740953340228522
FUNDO DE INVESTIMENTO EM DIREITOS CREDITÓRIOS LF I - SEGMENTO FINANCEIRO - RESPONSABILIDADE LIMITADA,17474548000176,125151761.86,0.0,125151761.86,132131158.97,0.947178264654557
4 ILHAS CAPITAL FUNDO DE INVESTIMENTO EM DIREITOS CREDITÓRIOS,57074997000141,3664074.59,121207561.66,124871636.25,130663330.3,0.955674679064873
NEXA FORTIS FUNDO DE INVESTIMENTO EM DIREITOS CREDITÓRIOS,63396234000110,124833759.79,0.0,124833759.79,125248171.14,0.9966912782340209
GUARDIAN MULTI CONSIGNADO II FUNDO DE INVESTIMENTO EM DIREITOS CREDITÓRIOS,50115378000109,124654607.97,0.0,124654607.97,127554295.01,0.9772670372269889
SDL FUNDO DE INVESTIMENTO EM DIREITOS CREDITÓRIOS DE RESPONSABILIDADE LIMITADA,43290912000158,118573289.84,5918402.68,124491692.52000001,176865601.4,0.703877359614146
PÁTRIA CRÉDITO ESTRUTURADO MASTER FUNDO DE INVESTIMENTO EM DIREITOS CREDITÓRIOS,50277965000102,124210226.46,0.0,124210226.46,424798102.73,0.2923982608720537
CHIMERA NPL & SPECIAL OPPORTUNITIES II FUNDO DE INVESTIMENTO EM DIREITOS CREDITÓRIOS DE RESPONSABILI,52155823000190,124083732.88,0.0,124083732.88,189586594.69,0.6544963428606008
FUNDO DE INVESTIMENTO EM DIREITOS CREDITÓRIOS COBUCCIO INSS,63931003000169,124072056.34,0.0,124072056.34,149131555.17,0.8319638067112367
CHIMERA ALTERNATIVE ASSETS V FUNDO DE INVESTIMENTO EM DIREITOS CREDITÓRIOS,53908929000180,123715500.81,0.0,123715500.81,124211665.13,0.9960054933690752
FUNDO DE INVESTIMENTO EM DIREITOS CREDITÓRIOS SÃO PAULO FUTEBOL CLUBE - RESPONSABILIDADE LIMITADA,57777919000103,123305852.36,0.0,123305852.36,178219407.0,0.6918766841144298
FUNDO DE INVESTIMENTO EM DIREITOS CREDITÓRIOS TELCO EQUITY RESPONSABILIDADE  LIMITADA,62125959000100,0.0,122538679.52,122538679.52,124497491.66,0.9842662521639434
BYRON 61 FUNDO DE INVESTIMENTO EM DIREITOS CREDITÓRIOS NAO PADRONIZADOS,46744586000108,110613683.86,11126987.44,121740671.3,119989669.2,1.014592940472912
MUFFY FUNDO DE INVESTIMENTO EM DIREITOS CREDITÓRIOS - NÃO PADRONIZADOS,43740863000108,121618456.59,0.0,121618456.59,50958000.23,2.386641077771352
APPALOOSA FUNDO DE  INVESTIMENTO EM DIREITOS CREDITÓRIOS,30659203000155,27932147.29,93567281.79,121499429.08000001,132683262.73,0.9157102906584517
B4 TRUST FUNDO DE INVESTIMENTO EM DIREITOS CREDITÓRIOS,32287737000123,4067954.0,117109357.38,121177311.38,124114828.62,0.9763322620458692
SOFISA RECEBÍVEIS FUNDO DE INVESTIMENTO EM DIREITOS CREDITÓRIOS RESPONSABILIDADE LIMITADA,28075236000106,10544778.75,110387572.87,120932351.62,156560274.06,0.7724331880873817
FIONA FUNDO DE INVESTIMENTO EM DIREITOS CREDITÓRIOS RESPONSABILIDADE LIMITADA,63070011000168,0.0,120833780.9,120833780.9,192413380.92,0.6279905291526438
VENICE FUNDO DE INVESTIMENTO EM DIREITOS  CREDITÓRIOS RESPONSABILIDADE LIMITADA,63614498000100,0.0,120833780.9,120833780.9,221095575.37,0.5465228360983098
FIDC SINAI MACRO FUNDO DE INVESTIMENTO EM DIREITOS CREDITÓRIOS NÃO PADRONIZADO RESP LIMITADA,45521649000196,107632938.33,13174408.11,120807346.44,186688047.62,0.6471080927789286
GUARDIAN MULTI CONSIGNADO XV FUNDO DE INVESTIMENTO EM DIREITOS CREDITÓRIOS RESPONSABILIDADE LIMITADA,63615626000122,120795362.4,0.0,120795362.4,120599988.93,1.0016200123377574
FIDC MDR II HIGH GRADE RECEBÍVEIS DE CREDENCIADORAS RESPONSABILIDADE LIMITADA,61709339000156,120136673.01,0.0,120136673.01,135172905.51,0.8887629703358887
FUNDO DE INVESTIMENTO EM DIREITOS CREDITÓRIOS RIOJA,29284754000100,119807465.16,0.0,119807465.16,119069945.18,1.0061940062110977
JGP ESTRUTURADOS III FUNDO DE INVESTIMENTO EM DIREITOS CREDITÓRIOS - RESPONSABILIDADE LIMITADA,50198834000121,119545536.75,0.0,119545536.75,148711484.28,0.8038756208290869
ASA SPECIAL SITUATIONS FUNDO DE INVESTIMENTO EM DIREITOS CREDITÓRIOS RESPONSABILIDADE LIMITADA,52351675000189,119469837.55,0.0,119469837.55,142447026.28,0.8386966065206931
AUGME LVG FUNDO DE INVESTIMENTO EM DIREITOS CREDITÓRIOS RESPONSABILIDADE LIMITADA,59764569000176,119190218.79,0.0,119190218.79,279238098.22,0.4268408198944795
VARYAGI I FUNDO DE INVESTIMENTO EM DIREITOS CREDITÓRIOS CONSIGNADO PÚBLICO RESPONSABILIDADE LIMITADA,57407013000105,118971559.74,0.0,118971559.74,121119256.67,0.9822679152015307
JIVEMAUÁ BOSSANOVA SECURITIZADO MASTER II FIDC CRED PRIV RESP LIMITADA,64447452000107,118953983.53,0.0,118953983.53,209409610.98,0.5680445275329836
NEW TRADE CAPITAL FUNDO DE INVESTIMENTO EM DIREITOS CREDITÓRIOS - RESPONSABILIDADE LIMITADA,60647052000186,266234.56,118256110.24,118522344.8,144706304.81,0.8190544631460277
LRS GCB FIDC RESPONSABILIDADE LIMITADA,66226268000154,118426240.8,0.0,118426240.8,124851107.98,0.9485397664149747
FUNDO DE INVESTIMENTO EM DIREITOS CREDITÓRIOS NÃO PADRONIZADOS CERES,20764347000118,118151124.97,0.0,118151124.97,117966390.98,1.0015659883163783
BERGAMO FUNDO DE INVESTIMENTO EM DIREITOS CREDITÓRIOS,26756123000140,118086979.4,0.0,118086979.4,121231134.25,0.9740647906212261
XPJUS FUNDO DE INVESTIMENTO EM DIREITOS CREDITÓRIOS,33475501000183,118076063.01,0.0,118076063.01,122579783.81,0.9632588616163591
EDISON FUNDO DE INVESTIMENTO EM DIREITOS CREDITÓRIOS,34218936000105,117875782.57,0.0,117875782.57,120616801.56,0.9772749819714254
VAIL II PRECATÓRIO FUNDO DE  INVESTIMENTO EM DIREITOS CREDITÓRIOS NÃO PADRONIZADO,46231905000173,117774156.1,0.0,117774156.1,113549267.52,1.037207537065405
HB FUNDO DE INVESTIMENTO EM DIREITOS CREDITÓRIOS DE RESPONSABILIDADE LIMITADA,59682007000183,117482720.09,0.0,117482720.09,117538310.95,0.999527040506617
AURÃ FUNDO DE INVESTIMENTO EM DIREITOS CREDITÓRIOS,56028964000100,117461591.61,0.0,117461591.61,115273712.08,1.0189798653181361
AUDAX LION FUNDO DE INVESTIMENTO EM DIREITOS CREDITÓRIOS,59258058000182,0.0,117352815.98,117352815.98,133494864.8,0.8790811253737455
AERIS FIDC - INDÚSTRIA E COMÉRCIO - RESPONSABILIDADE LIMITADA,54349601000133,75880765.56,41028077.07,116908842.63,153642697.13,0.7609137616939985
LINK BANK FUNDO DE INVESTIMENTO EM DIREITOS CREDITORIOS NÃO PADRONIZADOS,29970181000160,5967225.4,110614425.02,116581650.42,130565440.27,0.8928982292627933
BLUE ROCKET FUNDO DE INVESTIMENTO EM DIREITOS CREDITÓRIOS,47862139000108,116369089.88,177057.05,116546146.92999999,131073482.42,0.8891664795824229
MR FUNDO DE INVESTIMENTO EM DIREITOS CREDITÓRIOS,22175405000101,9029275.07,107144845.34,116174120.41,145164202.12,0.8002945541213022
VENTURE FINANCE FUNDO DE INVESTIMENTO EM DIREITOS CREDITÓRIOS,54950304000149,116102328.79,0.0,116102328.79,114139731.96,1.01719468581447
RIVO FUNDO DE INVESTIMENTO EM DIREITOS  CREDITÓRIOS,07383363000100,62560282.76,53486814.88,116047097.64,116288616.65,0.9979231070335378
TOPCRED FUNDO DE INVESTIMENTO EM DIREITOS CREDITÓRIOS RESPONSABILIDADE LIMITADA,43181488000103,115610146.94,0.0,115610146.94,119403421.23,0.9682314438654716
LUMUS FUNDO DE INVESTIMENTO EM DIREITOS CREDITÓRIOS - RESPONSABILIDADE LIMITADA,52808215000137,115584003.67,0.0,115584003.67,117104978.58,0.9870118680824407
AGROJIVE I FUNDO DE INVESTIMENTO EM  DIREITOS CREDITÓRIOS SEGMENTO AGRONEGÓCIO - RESP LIMITADA,60006903000101,115386969.93,0.0,115386969.93,115622173.08,0.9979657608594049
LGX FUNDO DE INVESTIMENTO EM DIREITOS CREDITÓRIOS - RESPONSABILIDADE LIMITADA,34218918000123,837439.09,114538282.18,115375721.27000001,121441290.33,0.950053486392333
SCORE I FUNDO DE INVESTIMENTO EM DIREITOS CREDITÓRIOS,49573227000115,115343722.08,0.0,115343722.08,129302893.22,0.8920428554042528
CHIMERA ALTERNATIVE ASSETS VI FUNDO DE INVESTIMENTO EM DIREITOS CREDITÓRIOS,53908944000128,114996720.59,0.0,114996720.59,116530256.23,0.9868400217281492
V SELECT FUNDO DE INVESTIMENTO EM DIREITOS CREDITÓRIOS,51943745000125,88563613.52,26151821.44,114715434.96,890681446.37,0.12879513256678504
VCE 2 FUNDO DE INVESTIMENTO EM DIREITOS CREDITÓRIOS DE RESPONSABILIDADE LIMITADA,46323013000100,114678397.13,0.0,114678397.13,118948467.24,0.9641015121162986
ASSET BANK - II FUNDO DE INVESTIMENTO EM DIREITOS CREDITORIOS,33490076000100,43624221.53,71053849.65,114678071.18,121694729.51,0.94234213463268
HILL FUNDO DE INVESTIMENTO EM DIREITOS CREDITÓRIOS NÃO PADRONIZADOS,41673465000190,113972521.02,0.0,113972521.02,113834300.28,1.0012142275189464
BASÃ FUNDO DE INVESTIMENTO EM DIREITOS CREDITÓRIOS DE RESPONSABILIDADE LIMITADA,53962432000140,113787436.07,0.0,113787436.07,113705933.43,1.0007167844064193
ATLANTIS FUNDO DE INVESTIMENTO EM DIREITOS CREDITÓRIOS RESPONSABILIDADE LIMITADA,63977188000142,0.0,113786513.52,113786513.52,162751803.35,0.6991413377786084
EXPLORER FUNDO DE INVESTIMENTO EM DIREITOS CREDITÓRIOS,33823944000118,112977665.4,666200.05,113643865.45,150730626.73,0.7539533797173644
VOX FUNDO DE INVESTIMENTO EM DIREITOS CREDITÓRIOS - RESPONSABILIDADE LIMITADA,58829200000131,113625345.28,0.0,113625345.28,132188157.49,0.8595728046863482
VOGAL FUNDO DE INVESTIMENTO EM DIREITOS CREDITÓRIOS - RESPONSABILIDADE LIMITADA,64078685000171,113483426.75,0.0,113483426.75,171258137.63,0.6626454562712741
ÓREAS FUNDO DE  INVESTIMENTO EM DIREITOS CREDITÓRIOS NÃO-PADRONIZADO,27974792000151,113258899.3,0.0,113258899.3,113578826.32,0.9971832160063124
BIO-STARS  FUNDO DE INVESTIMENTO EM DIREITOS CREDITÓRIOS NÃO  PADRONIZADO,46230862000101,33470048.38,79454623.62,112924672.0,118101092.88,0.9561695768111168
ZONDA - VX FUNDO DE INVESTIMENTO EM DIREITOS CREDITÓRIOS LP,26405908000179,112706027.56,0.0,112706027.56,119287550.34,0.9448264067688457
ARTESANAL CDC FUNDO DE INVESTIMENTO EM DIREITOS CREDITÓRIOS - RESPONSABILIDADE LIMITADA,47466676000139,112701274.05,0.0,112701274.05,122026057.91,0.9235836671305282
OPI CRÉDITO AGRÍCOLA FUNDO INVESTIMENTO EM DIREITOS CREDITÓRIOS RESPONSABILIDADE LIMITADA,49963418000193,112613914.41,0.0,112613914.41,157515922.16,0.7149367052278698
FUNDO DE INVESTIMENTO EM DIREITOS CREDITÓRIOS ANGÁ MULTIESTRATÉGIA II DE RESPONSABILIDADE  LIMITADA,31570816000184,112173953.77,0.0,112173953.77,155543794.7,0.7211727988657589
TRAÇADO FUNDO DE INVESTIMENTO EM DIREITOS CREDITÓRIOS RESPONSABILIDADE LIMITADA,41755684000119,112158907.82,0.0,112158907.82,121832899.05,0.9205962321718224
FUNDO DE  INVESTIMENTO EM DIREITOS CREDITÓRIOS CHRONOS - RESPONSABILIDADE LIMITADA,49936254000105,112100963.96,0.0,112100963.96,110393013.75,1.015471542554929
ÂNIMA COOASGO FUNDO DE INVESTIMENTO EM DIREITOS CREDITÓRIOS DO AGRONEGÓCIO - RESP LIMITADA,61891705000130,111742391.87,0.0,111742391.87,106652825.06,1.0477208813469006
FUNDO DE  INVESTIMENTO EM DIREITOS CREDITÓRIOS AMOVERI  RESPONSABILIDADE LIMITADA,48213067000130,111161381.7,273959.97,111435341.67,111127663.58,1.0027686903520519
STARS BANK I FUNDO DE INVESTIMENTO EM DIREITOS CREDITÓRIOS - RESPONSABILIDADE LIMITADA,52304780000167,16370114.15,95016395.49,111386509.64,151637878.52,0.7345559745832825
ACCESS FUNDO DE INVESTIMENTO EM DIREITOS CREDITÓRIOS ABERTO MULTISSETORIAL RESPONSABILIDADE LIMITADA,20905778000157,64038239.06,46972021.64,111010260.7,122797304.2,0.9040121965478783
FUNDO DE INVESTIMENTO EM DIREITOS CREDITÓRIOS COMERCIAIS DE RESPONSABILIDADE LIMITADA FORTBRASIL,29665263000100,0.0,110994595.05,110994595.05,112895536.7,0.9831619415119003
ATIVOS JUDICIAIS PEC - I - FUNDO DE INVESTIMENTO EM DIREITOS CREDITÓRIOS E DE RESP LIMITADA,43946439000114,110519939.89,0.0,110519939.89,110086493.63,1.003937324604568
FUNDO DE INVESTIMENTO EM DIREITOS CREDITÓRIOS ALION CONSIGNADOS,34218960000144,109752011.73,0.0,109752011.73,112488576.64,0.9756725083404878
HOME EQUITY MULTI FUNDO DE INVESTIMENTO EM DIREITOS CREDITÓRIOS RESPONSABILIDADE LIMITADA,56006031000104,109729960.73,0.0,109729960.73,114499497.05,0.958344477985635
ARTESANAL CONSIGNADO PRIVADO FUNDO DE INVESTIMENTO EM DIREITOS CREDITÓRIOS - RESPONSABILIDADE LIMITA,47463397000111,109528071.56,0.0,109528071.56,111138934.09,0.9855058666596934
NTZ EMPORIUM FUNDO DE INVESTIMENTO EM DIREITOS CREDITÓRIOS RESPONSABILIDADE LIMITADA,61604072000132,107959072.98,1474435.88,109433508.86,109593974.45,0.9985358174041474
MONT BLANC FEDERAL FUNDO DE INVESTIMENTO EM DIREITOS CREDITÓRIOS - RESPONSABILIDADE LIMITADA,61942290000187,109347560.83,0.0,109347560.83,123896175.55,0.8825741419747964
FITZ ROY SPECIAL SITUATIONS FIDC DE RESP LIMITADA,45207408000177,109202036.18,0.0,109202036.18,93324825.55,1.1701284790668436
AZUL FUNDO DE INVESTIMENTO EM DIREITOS CREDITÓRIOS MULTISSETORIAL - RESPONSABILIDADE LIMITADA,17198676000134,109167143.05,0.0,109167143.05,125576738.21,0.8693261555133046
ALGARVE LEGAL CLAIMS I FUNDO DE INVESTIMENTO EM DIREITOS CREDITÓRIOS - RESPONSABILIDADE LIMITADA,48053686000105,109079877.29,0.0,109079877.29,125257090.88,0.8708479218514005
TNB FUNDO DE INVESTIMENTO EM DIREITOS CREDITÓRIOS RESPONSABILIDADE LIMITADA,61868687000176,0.0,108646402.11,108646402.11,110611592.22,0.9822334163123576
DOMUS OCTANTE I FUNDO DE INVESTIMENTO EM DIREITOS CREDITÓRIOS DE RESPONSABILIDADE LIMITADA,56973257000184,108514023.28,0.0,108514023.28,112201745.85,0.9671331088294292
CAPITAL ANNEX FUNDO DE INVESTIMENTO EM DIREITOS CREDITÓRIOS MULTISSETORIAL,12093804000161,0.0,108425206.87,108425206.87,160343792.94,0.6762045781876463
ALGARVE COFFEE II FUNDO DE INVESTIMENTO EM DIREITOS CREDITÓRIOS RESPONSABILIDADE LIMITADA,53109835000140,108124114.53,0.0,108124114.53,110535686.6,0.9781828643384027
FIDC PLURIS FUNDO DE INVESTIMENTOS EM DIREITOS CREDITÓRIOS,65653001000180,105523840.59,2367969.29,107891809.88000001,109052360.7,0.9893578569730128
FIDC MRFG FUNDO DE INVESTIMENTO EM DIREITOS CREDITÓRIOS - RESPONSABILIDADE LIMITADA,19117931000100,0.0,107885509.54,107885509.54,160517474.38,0.6721106842523447
WH CONSIGNADO PÚBLICO FUNDO DE INVESTIMENTO EM DIREITOS CREDITÓRIOS - RESPONSABILIDADE LIMITADA,60290928000180,107880263.48,0.0,107880263.48,107958427.97,0.9992759760264227
GS3 I FUNDO DE INVESTIMENTO EM DIREITOS CREDITÓRIOS,53979245000179,11496623.49,96247330.2,107743953.69,144397273.44,0.7461633528334578
MULTI RECEBÍVEIS II FUNDO DE INVESTIMENTO EM DIREITOS CREDITÓRIOS MULTISEGMENTOS,09137729000189,51851239.09,55751441.46,107602680.55000001,133281248.13,0.8073354808700951
JAZZ CAPITAL FUNDO DE INVESTIMENTO EM DIREITOS CREDITÓRIOS DE RESPONSABILIDADE LIMITADA,55251884000149,107369520.98,0.0,107369520.98,182190597.93,0.5893252571751961
IS GREEN SOLFÁCIL II FUNDO DE INVESTIMENTO EM DIREITOS CREDITÓRIOS DE RESPONSABILIDADE LIMITADA,42462306000100,107125885.7,0.0,107125885.7,96077249.15,1.114997428087792
BARU FUNDO DE INVESTIMENTO EM DIREITOS CREDITÓRIOS RESPONSABILIDADE LIMITADA,40226200000181,104516395.61,2586627.53,107103023.14,127782170.86,0.8381687556188384
CVPAR EDUC FUNDO DE INVESTIMENTO EM DIREITOS CREDITÓRIOS,51864349000102,73668693.11,33255867.15,106924560.25999999,114697401.93,0.9322317546935911
BOAZ FUNDO DE INVESTIMENTO EM DIREITOS CREDITÓRIOS DE RESPONSABILIDADE LIMITADA,52549758000187,106804385.99,0.0,106804385.99,110927390.02,0.9628315060035522
INVISTA III FUNDO DE INVESTIMENTO EM DIREITOS CREDITÓRIOS - RESPONSABILIDADE LIMITADA,26489103000150,14487177.04,92190810.14,106677987.18,136418699.99,0.7819894720285407
SPARK FUNDO DE INVESTIMENTO EM DIREITOS CREDITÓRIOS DE RESPONSABILIDADE LIMITADA,39663988000104,106336510.43,0.0,106336510.43,117103997.53,0.90805192540723
ALL RISCKS FUNDO DE INVESTIMENTO EM DIREITOS CREDITÓRIOS NÃO PADRONIZADO,34599321000176,106321487.68,0.0,106321487.68,106340738.3,0.9998189722931424
EXA AGCN USD FUNDO DE INVESTIMENTO EM DIREITOS CREDITÓRIOS RESPONSABILIDADE LIMITADA,58594205000122,106206193.97,0.0,106206193.97,113491084.08,0.9358109038339534
BTS FUNDO DE INVESTIMENTO EM DIREITOS CREDITÓRIOS,48971114000105,0.0,106202874.32,106202874.32,386097116.86,0.27506777357912643
BANCOR FIDC DE RESPONSABILIDADE LIMITADA RECEBÍVEIS COMERCIAIS,52984899000128,105941157.94,0.0,105941157.94,114204499.0,0.927644347356228
CASHEW II FUNDO DE INVESTIMENTO EM DIREITOS CREDITÓRIOS,53451757000168,105862439.5,0.0,105862439.5,115145709.95,0.9193780605979059
WAAS FUNDO DE INVESTIMENTO EM DIREITOS CREDITÓRIOS DE RESPONSABILIDADE LIMITADA,48181381000189,0.0,105775632.02,105775632.02,106557648.88,0.9926610912663748
FUNDO DE INVESTIMENTO DIREITOS CREDITÓRIOS POUPACRED RESPONSABILIDADE ILIMITADA,53270792000180,105724001.59,0.0,105724001.59,106937710.14,0.9886503222445007
BANQI II FUNDO DE INVESTIMENTO EM DIREITOS CREDITÓRIOS,58442027000114,105685425.6,0.0,105685425.6,111639253.06,0.9466690496683979
VDP FUNDO DE INVESTIMENTO EM DIREITOS CREDITÓRIOS CRÉDITO PRIVADO - RESPONSABILIDADE LIMITADA,63867299000104,105596208.55,0.0,105596208.55,106367071.63,0.9927528033987674
VAIL III FUNDO DE INVESTIMENTO EM DIREITOS CREDITÓRIOS - RESPONSABILIDADE LIMITADA,55635126000124,105092545.82,0.0,105092545.82,107755465.56,0.9752873812371285
GUARDIAN MULTI CONSIGNADO XI FUNDO DE INVESTIMENTO EM DIREITOS CREDITÓRIOS RESPONSABILIDADE LIMITADA,57624136000190,105061348.87,0.0,105061348.87,123131064.3,0.8532481179081306
MARAJÓ FIDC - SEGMENTO FINANCEIRO E COMERCIAL - RESPONSABILIDADE LIMITADA,54008688000185,105009496.34,0.0,105009496.34,106321229.69,0.9876625453465445
PERNAMBUCANAS FORNECEDORES FUNDO DE INVESTIMENTO EM DIREITOS CREDITÓRIOS COMERCIAIS DE RESP LIMITADA,62543465000146,104974913.08,0.0,104974913.08,130839674.65,0.8023171363029676
GV CONSIGNADO PÚBLICO FUNDO DE INVESTIMENTO EM DIREITOS CREDITÓRIOS RESPONSABILIDADE LIMITADA,63938673000107,104767322.26,0.0,104767322.26,106831149.32,0.9806814110571999
SIMPLIX FGTS FUNDO DE INVESTIMENTO EM DIREITOS CREDITÓRIOS FINANCEIROS DE RESPONSABILIDADE LIMITADA,57391695000105,104660363.66,0.0,104660363.66,108159829.29,0.967645422029863
MIB FUNDO DE INVESTIMENTO EM DIREITOS CREDITÓRIOS  RESPONSABILIDADE LIMITADA,65870912000160,104124114.22,0.0,104124114.22,104124216.89,0.9999990139661736
SCORE EQI PREC FUNDO DE INVESTIMENTO EM DIREITOS CREDITÓRIOS - RESPONSABILIDADE LIMITADA,52746497000195,103994619.26,0.0,103994619.26,105853957.98,0.9824348682327845
MILLE - FUNDO DE INVESTIMENTO EM DIREITOS CREDITÓRIOS MULTISSEGMENTOS,14606072000191,6334446.75,97447290.16,103781736.91,147835225.3,0.7020095291862757
JC7 FUNDO DE INVESTIMENTO EM DIREITOS CREDITÓRIOS,56660547000178,0.0,103641438.74,103641438.74,109203477.35,0.9490672023916096
SOLFARMA FUNDO DE INVESTIMENTO EM DIREITOS CREDITÓRIOS COMERCIAIS - RESPONSABILIDADE LIMITADA,57378463000109,103527951.05,0.0,103527951.05,105088003.99,0.9851547952119402
NOVO HORIZONTE FUNDO DE INVESTIMENTO EM DIREITOS CREDITÓRIOS,45207507000159,103424244.98,0.0,103424244.98,148370880.53,0.6970656547332954
PETROBRAS BIOECONOMIA FUNDO DE INVESTIMENTO EM DIREITOS CREDITÓRIOS IS DE RESPONSABILIDADE LIMITADA,58532245000140,103124551.98,0.0,103124551.98,125683195.36,0.8205118566934564
FUNDO DE INVESTIMENTO EM DIREITOS CREDITÓRIOS ARM,12764295000151,553701.38,102468760.88,103022462.25999999,113929320.34,0.9042664518014274
RONEPAR FUNDO DE INVESTIMENTO EM DIREITOS CREDITÓRIOS,32156052000148,14437122.63,88477409.78,102914532.41,108671210.82,0.9470266470156922
INDIE MERX RAIZ I CRÉDITO AGRO FIDC DO AGRONEGÓCIO - RESPONSABILIDADE LIMITADA,54857414000160,102734553.88,0.0,102734553.88,104193325.49,0.9859993756496427
FUNDO DE INVESTIMENTO EM DIREITOS CREDITÓRIOS CONSÓRCIOS EXTERNOS -  RESPONSABILIDADE LIMITADA,57624406000162,102398065.45,0.0,102398065.45,99784414.9,1.026192973648433
OMEGA FUNDO DE INVESTIMENTO EM DIREITOS CREDITÓRIOS NP RESPONSABILIDADE LIMITADA,43444545000108,102201495.0,0.0,102201495.0,104809770.54,0.9751141947304944
MÚLTIPLO - FUNDO DE INVESTIMENTO EM DIREITOS CREDITÓRIOS NÃO-PADRONIZADOS MULTISSETORIAL,10842374000108,4632789.64,97472280.69,102105070.33,109014177.21,0.9366219416884595
AGROSS FUNDO DE INVESTIMENTO EM DIREITOS CREDITÓRIOS,33953549000150,102031439.13,0.0,102031439.13,18799119.1,5.427458520117573
FUNDO DE INVESTIMENTO EM DIREITOS CREDITÓRIOS CONCRÉDITO DE RESPONSABILIDADE ILIMITADA,52511329000110,101921930.82,0.0,101921930.82,103048400.38,0.9890685390957449
SIZE FÁCIL FUNDO DE INVESTIMENTO EM  DIREITOS CREDITÓRIOS - RESPONSABILIDADE LIMITADA,55847499000169,15995238.63,85673453.14,101668691.77,107908623.09,0.9421739325244132
ISAAC CRÉDITO FLEX FIDC FINANCEIROS DE RESPONSABILIDADE LIMITADA,60019532000100,101620808.85,0.0,101620808.85,106700592.42,0.9523921708887546
SOTREQ FUNDO DE INVESTIMENTO EM DIREITOS CREDITÓRIOS -  RESPONSABILIDADE LIMITADA,52100879000147,101577391.46,0.0,101577391.46,205217344.77,0.4949746892683178
FUNDO DE INVESTIMENTO EM DIREITOS CREDITÓRIOS DAYCOVAL FGTS I RESPONSABILIDADE LIMITADA,63848380000139,101443950.31,0.0,101443950.31,102701036.48,0.9877597518673066
FUNDO DE INVESTIMENTO EM DIREITOS CREDITÓRIOS - BRASILFACTORS CRÉDITO CORPORATIVO,12778706000168,100994665.54,0.0,100994665.54,110933332.06,0.910408654139907
SAN PRECA FEDERAL I FUNDO DE INVESTIMENTO EM DIREITOS CREDITÓRIOS - RESPONSABILIDADE LIMITADA,44395262000178,100957883.8,0.0,100957883.8,98675681.42,1.02312831639121
CAPITAL RS NP FUNDO DE INVESTIMENTO EM DIREITOS CREDITÓRIOS NÃO PADRONIZADOS MULTISSETORIAL,12910463000170,0.0,100944548.23,100944548.23,101490853.44,0.994617197594826
CONTINENTALBANCO FUNDO DE INVESTIMENTO EM DIREITOS CREDITORIOS,26690689000117,349407.7,100576261.02,100925668.72,139251677.92,0.7247716525037619
FIDC FUNTTEL PADTEC FUNDO DE INVESTIMENTO EM DIREITOS CREDITORIOS,42299401000134,100848006.7,0.0,100848006.7,106017699.74,0.9512374532490494
JIVEMAUÁ BOSSANOVA CRÉDITO SECURITIZADO II (VAREJO) FUNDO DE INVESTIMENTO EM DIREITOS CREDITÓRIOS,63912733000112,100801782.02,0.0,100801782.02,180733186.93,0.5577380874661478
MIATA FUNDO DE INVESTIMENTO EM DIREITOS CREDITÓRIOS - RESPONSABILIDADE LIMITADA,63831177000150,100782517.47,0.0,100782517.47,100943979.15,0.9984004823134615
ECO MULTI HY FUNDO DE INVESTIMENTO EM DIREITOS CREDITÓRIOS  RESPONSABILIDADE LIMITADA,53601640000113,86993019.81,13712067.63,100705087.44,196723584.04,0.5119116141129451
JIVEMAUÁ BOSSANOVA CRÉDITO SECURITIZADO (VAREJO) FUNDO DE INVESTIMENTO EM DIREITOS CREDITÓRIOS RL,60261869000111,100696524.81,0.0,100696524.81,205926088.48,0.48899352944189917
APG FUNDO DE INVESTIMENTO EM DIREITOS CREDITÓRIOS DE  RESPONSABILIDADE LIMITADA,51660048000167,13592157.32,86875604.39,100467761.71000001,110683975.77,0.9076992492460774
BR GOLD FUNDO DE INVESTIMENTO EM DIREITOS CREDITÓRIOS,60327259000173,100000000.01,0.0,100000000.01,98107985.06,1.0192850250552277
ST 1015.A FUNDO DE INVESTIMENTO EM DIREITOS CREDITÓRIOS RESPONSABILIDADE LIMITADA,56780297000100,99549175.22,0.0,99549175.22,104533194.75,0.9523211785316644
VLA FUNDO DE INVESTIMENTO EM DIREITOS CREDITORIOS - RESPONSABILIDADE LIMITADA,31771948000174,31922633.85,67593744.32,99516378.16999999,123279479.66,0.8072420360992947
MD LESTE IC PRECATÓRIOS FUNDO DE INVESTIMENTO EM DIREITOS CREDITÓRIOS - DE RESPONSABILIDADE LIMITADA,58817663000183,99182985.7,0.0,99182985.7,104541573.63,0.9487420387513447
STARK FUNDO DE INVESTIMENTO EM DIREITOS CREDITÓRIOS,52609463000159,99037383.18,0.0,99037383.18,98898451.15,1.001404794800975
CERUS  FUNDO DE INVESTIMENTO EM DIREITOS CREDITÓRIOS,47117653000119,97834456.24,973049.87,98807506.11,96216186.1,1.0269322669608498
GREEN LIFE ESG FUNDO DE INVESTIMENTO EM  DIREITOS CREDITÓRIOS,37036039000179,98746621.93,0.0,98746621.93,120767476.17,0.8176590673386099
FAMCRED FUNDO DE  INVESTIMENTO EM DIREITOS CREDITÓRIOS NÃO-PADRONIZADOS  RESPONSABILIDADE LIMITADA,08621199000187,0.0,98741153.74,98741153.74,161827873.73,0.6101615961706549
BANCRED FUNDO DE INVESTIMENTO EM DIREITOS CREDITÓRIOS NÃO PADRONIZADOS,36553528000135,17873263.31,80624067.47,98497330.78,114172215.02,0.8627084160778158
ARVIN CAPITAL FUNDO DE INVESTIMENTO EM DIREITOS CREDITÓRIOS RECEBÍVEIS COMERCIAIS RESP LIMITADA,64756643000142,98479737.82,0.0,98479737.82,106344122.49,0.9260477731551218
JPI FUNDO DE INVESTIMENTO EM DIREITOS CREDITÓRIOS,27217664000163,10390198.82,88014130.34,98404329.16,108159398.23,0.9098084010299693
IGNIS FUNDO DE INVESTIMENTO EM DIREITOS CREDITÓRIOS DE RESPONSABILIDADE LIMITADA,59818474000198,0.0,98396334.67,98396334.67,101274969.71,0.9715760463987998
M CREDIT FUNDO DE INVESTIMENTO EM DIREITOS CREDITÓRIOS,41265819000168,98360212.07,0.0,98360212.07,98749057.85,0.9960622836463852
VCTEX CL I FUNDO DE INVESTIMENTO EM DIREITOS CREDITÓRIOS RESPONSABILIDADE LIMITADA,57224939000157,98343482.76,0.0,98343482.76,99274611.39,0.9906206771604267
OCEANO II FUNDO DE INVESTIMENTO EM DIREITOS CREDITÓRIOS,63034209000196,98300002.71,0.0,98300002.71,99309396.8,0.9898358652602348
INTERLAKEN FUNDO DE INVESTIMENTO EM DIREITOS CREDITÓRIOS NÃO PADRONIZADOS,44615718000168,98155178.35,0.0,98155178.35,98152576.42,1.0000265090341476
FUNDO DE INVESTIMENTO EM DIREITOS CREDITÓRIOS SPECIAL SITUATIONS,36335649000100,98063490.71,0.0,98063490.71,123951361.74,0.7911449243752374
GRIF ADVANCED FUNDO DE INVESTIMENTO EM DIREITOS CREDITÓRIOS DE RESPONSABILIDADE LIMITDA,50120355000192,97819723.0,0.0,97819723.0,109972424.04,0.8894931966255492
SHETLAND FUNDO DE INVESTIMENTO EM DIREITOS CREDITÓRIOS,53991455000182,97776866.9,0.0,97776866.9,89147241.49,1.0968019342580335
RED NPL FUNDO DE INVESTIMENTO EM DIREITOS CREDITÓRIOS MULTISEGMENTOS - RESPONSABILIDADE LIMITADA,57690544000140,97753250.13,0.0,97753250.13,107952219.26,0.9055233028101436
FUNDO DE INVESTIMENTO EM DIREITOS CREDITÓRIOS BRZ CAPITAL CONSIG I RESPONSABILIDADE LIMITADA,33512746000133,97657772.17,0.0,97657772.17,97994599.11,0.9965628009802673
AXIOS NPL FUNDO DE INVESTIMENTO EM DIREITOS CREDITÓRIOS RESPONSABILIDADE LIMITADA,57283589000108,97170659.44,0.0,97170659.44,115184008.15,0.8436124163473989
FUNDO DE INVESTIMENTO EM DIREITOS CREDITÓRIOS VJP CONSIGNADO - RESPONSABILIDADE LIMITADA,57661848000189,97148828.64,0.0,97148828.64,99752301.87,0.9739006200238575
BLC IV MASTER FUNDO DE INVESTIMENTO EM DIREITOS CREDITÓRIOS,54980022000194,96941894.77,0.0,96941894.77,347683030.1,0.2788226239920819
BW CAPITAL FUNDO DE INVESTIMENTO EM DIREITOS CREDITÓRIOS - CRÉDITO CORPORATIVO,63709161000179,0.0,96873516.9,96873516.9,103467817.93,0.936267129606799
NORTE SANEAMENTO FUNDO DE INVESTIMENTO EM DIREITOS CREDITÓRIOS DE RESPONSABILIDADE LIMITADA,57088363000148,96785083.93,0.0,96785083.93,101480342.83,0.9537323311188898
SG 4870 III FUNDO DE INVESTIMENTO EM DIREITOS CREDITÓRIOS NÃO PADRONIZADOS,19686540000107,96753425.76,0.0,96753425.76,96668140.13,1.000882251690012
MCPO FUNDO DE INVESTIMENTO EM DIREITOS CREDITÓRIOS,52968533000165,96556579.53,0.0,96556579.53,113318733.22,0.8520795881343157
MUNDO FUNDO DE INVESTIMENTO EM DIREITOS CREDITÓRIOS NÃO PADRONIZADOS-RESPONSABILIDADE LIMITADA,27984265000128,96544919.32,0.0,96544919.32,100887070.68,0.9569602791444631
FUNDO DE INVESTIMENTO EM DIREITOS CREDITÓRIOS EMPIRICA HOME EQUITY,17334148000165,0.0,96543395.4,96543395.4,101967957.21,0.9468013093679197
911 MULTIESTRATÉGIA FUNDO DE INVESTIMENTO EM DIREITOS CREDITÓRIOS,50790524000100,4856204.04,91601567.86,96457771.9,115031960.07,0.8385301949241141
ALLCON PRIME FUNDO DE INVESTIMENTO EM DIREITOS CREDITÓRIOS NÃO PADRONIZADOS-RESP LIMITADA,27984240000124,96285353.29,0.0,96285353.29,107660185.57,0.8943450429722309
QUARTER PRECATÓRIOS FUNDO DE  INVESTIMENTO EM DIREITOS CREDITÓRIOS NÃO PADRONIZADOS,37298599000100,96254417.77,0.0,96254417.77,106200940.34,0.9063424246700977
SPREAD INVESTIMENTOS FUNDO DE INVESTIMENTO EM DIREITOS CREDITÓRIOS,18911897000170,96244443.18,0.0,96244443.18,552241945.03,0.1742794875437642
PRECATÓRIO OURO 35 FUNDO DE INVESTIMENTO EM DIREITOS CREDITÓRIOS,37036410000100,0.0,96206276.88,96206276.88,97710331.82,0.9846070020233814
ESTRATÉGIA VINCULADA I FUNDO DE INVESTIMENTO EM DIREITOS CREDITÓRIOS - RESPONSABILIDADE LIMITADA,54559035000194,96003844.76,0.0,96003844.76,97953864.1,0.9800924715128212
REAL TIME PADRONIZADO FUNDO DE INVESTIMENTO EM DIREITOS CREDITÓRIOS MULTISEGMENTOS,17198452000122,8810304.63,86811927.77,95622232.39999999,105328549.34,0.9078472360929603
FUNDO DE INVESTIMENTO EM DIREITOS CREDITÓRIOS AMETISTA RESPONSABILIDADE LIMITADA,58583926000137,95606472.89,0.0,95606472.89,100342453.67,0.9528018240855919
SIMPLIX CONSIGNADO PRIVADO II FUNDO DE INVESTIMENTO EM DIREITOS CREDITÓRIOS RESP LIMITADA,64381894000190,95335225.01,0.0,95335225.01,100132994.58,0.9520860272867714
ARC DEB I FUNDO DE INVESTIMENTO EM DIREITOS CREDITÓRIOS DE RESPONSABILIDADE LIMITADA,60275910000109,95287238.52,0.0,95287238.52,332259471.35,0.2867856200843257
AMADEUS FUNDO DE INVESTIMENTO EM DIREITOS CREDITÓRIOS,49815454000100,79149532.08,16010856.53,95160388.61,106372216.66,0.8945981535212656
GP - FIDC FCVS 2,07742454000187,95150688.72,0.0,95150688.72,97880805.34,0.9721077425699898
SIMPLIX CONSIGNADO PRIVADO I FUNDO DE INVESTIMENTO EM DIREITOS CREDITÓRIOS RESP LIMITADA,62159526000176,94888760.81,0.0,94888760.81,98605671.44,0.9623053058133509
FUNDO DE INVESTIMENTO EM DIREITOS CREDITÓRIOS NÃO-PADRONIZADOS - RECUPERARE,10996108000130,94694758.19,0.0,94694758.19,107323803.64,0.8823276382156371
DMX FUNDO DE INVESTIMENTO EM DIREITOS CREDITÓRIOS MULTISSETORIAL - RESPONSABILIDADE LIMITADA,55523204000107,0.0,94519264.54,94519264.54,100424580.43,0.9411965092140341
ICRED FGTS 2 FUNDO DE INVESTIMENTO EM DIREITOS CREDITÓRIOS RESPONSABILIDADE LIMITADA,63296865000167,0.0,94378004.04,94378004.04,96825558.24,0.9747220233532424
OS FUNDO DE INVESTIMENTO EM DIREITOS CREDITÓRIOS MULTISETORIAL - RESPONSABILIDADE LIMITADA,21888857000160,0.0,94142851.78,94142851.78,111576205.41,0.8437538401136777
ARTEB FUNDO DE INVESTIMENTO EM DIREITOS CREDITÓRIOS,38447838000109,94091563.62,0.0,94091563.62,94110701.93,0.9997966404499433
DJF IV FUNDO DE INVESTIMENTO EM DIREITOS CREDITÓRIOS- RESPONSABILIDADE LIMITADA,48887873000194,94010353.86,0.0,94010353.86,327184751.15,0.287331098193205
CLASSE ÚNICA DE COTAS DO ST 1014 FIDC RESPONSABILIDADE LIMITADA,56780221000184,0.0,93663130.05,93663130.05,46442051.98,2.0167741530958945
ACTIUM FUNDO DE INVESTIMENTO EM DIREITOS CREDITÓRIOS NÃO PADRONIZADO,37529228000183,93593905.71,0.0,93593905.71,79805393.72,1.1727766927430678
ELITE FUNDO DE INVESTIMENTO EM DIREITOS  CREDITÓRIOS - NÃO PADRONIZADOS,44395590000174,74633302.88,18904033.2,93537336.08,105707723.35,0.8848675680044339
PRIME PLUS FUNDO DE INVESTIMENTO EM DIREITOS CREDITÓRIOS RESPONSABILIDADE LIMITADA,53164551000157,71216790.22,22236574.54,93453364.75999999,108024251.97,0.8651146668986278
AFARE I - FUNDO DE INVESTIMENTO EM DIREITOS CREDITORIOS,26689672000140,0.0,93347449.08,93347449.08,16867314.37,5.534221218170133
HOVERLA FUNDO DE INVESTIMENTO EM DIREITOS CREDITÓRIOS DE RECEBÍVEIS DE CARTÕES - RESP LIMITADA,62800819000190,3306926.02,89850401.6,93157327.61999999,111290466.27,0.8370647616300978
CRESCER FUNDO DE INVESTIMENTO EM DIREITOS CREDITÓRIOS MULTISEGMENTOS,11203571000140,5464525.77,87587574.46,93052100.22999999,99221102.1,0.9378257070377773
ATLAS FUNDO DE  INVESTIMENTO EM DIREITOS CREDITÓRIOS DE RESPONSABILIDADE LIMITADA,19390746000187,0.0,93013170.51,93013170.51,106350408.53,0.8745915675891575
ISAAC CREDITO FUNDO DE INVESTIMENTO EM DIREITOS CREDITORIOS FINANCEIROS DE RESPONSABILIDADE LIMITADA,55728426000158,92913507.24,0.0,92913507.24,114276812.82,0.8130565155535986
FMD FUNDO DE INVESTIMENTO EM DIREITOS CREDITÓRIOS,47846883000119,11725831.4,81144544.58,92870375.98,117094401.42,0.7931239653968419
SSG FUNDO DE INVESTIMENTO EM DIREITOS CREDITÓRIOS,51051312000165,92682796.22,0.0,92682796.22,98371843.0,0.9421679353918376
AURORA FUNDO DE INVESTIMENTO EM DIREITOS CREDITÓRIOS NÃO PADRONIZADOS - RESPONSABILIDADE LIMITADA,44372728000110,92670464.74,0.0,92670464.74,133985895.65,0.691643432246594
VGR CONSIGNADO FUNDO DE INVESTIMENTO EM DIREITOS CREDITÓRIOS - RESP LIMITADA,59927305000196,92620780.11,0.0,92620780.11,92733682.66,0.9987825076416522
AVANTE FUNDO DE INVESTIMENTO EM DIREITOS CREDITÓRIOS NÃO-PADRONIZADOS,46098560000121,2454005.32,90147082.57,92601087.88999999,109390014.88,0.846522308197715
CREDERE FUNDO DE INVESTIMENTO EM DIREITOS CREDITÓRIOS,19153705000177,5519360.31,87063960.6,92583320.91,104531085.09,0.8857013282727035
GV CONSIGNADO PRIVADO I FUNDO DE INVESTIMENTO EM DIREITOS CREDITÓRIOS RESPONSABILIDADE  LIMITADA,63516387000153,92563761.67,0.0,92563761.67,114443604.59,0.8088155035103478
MILENIO WAREHOUSE FUNDO DE  INVESTIMENTO EM DIREITOS CREDITÓRIOS,41195699000170,92563466.38,0.0,92563466.38,98679165.68,0.9380244121658649
LUTÈCE FUNDO DE INVESTIMENTO EM DIREITOS CREDITÓRIOS,51645270000190,92535800.39,0.0,92535800.39,93126126.7,0.9936610022244166
ALLOY FUNDO DE INVESTIMENTO EM DIREITOS CREDITÓRIOS,58232693000128,92052823.13,210250.96,92263074.08999999,91758214.7,1.0055020620404462
VKTECH FUNDO DE INVESTIMENTO EM DIREITOS CREDITÓRIOS - RESPONSABILIDADE LIMITADA,65530283000129,92199474.76,0.0,92199474.76,92841577.6,0.9930838870191712
XP CRÉDITO ESTRUTURADO 360 PROFISSIONAL FUNDO DE INVESTIMENTO EM DIREITOS CREDITÓRIOS,36655893000150,92179963.28,0.0,92179963.28,190660747.68,0.4834763547382728
PEDRA AZUL FUNDO DE INVESTIMENTO EM DIREITOS CREDITÓRIOS,53205572000173,91985996.89,0.0,91985996.89,88186237.07,1.0430879006322025
PRISMA INFRATELCO VD FUNDO DE INVESTIMENTO EM DIREITOS CREDITÓRIOS,41195764000167,91979045.9,0.0,91979045.9,107100035.71,0.8588143345633998
G5 BRJUS FUNDO DE INVESTIMENTO EM DIREITOS CREDITÓRIOS NÃO PADRONIZADOS,13974813000124,91859614.89,0.0,91859614.89,92121774.21,0.9971542089560458
FUNDO DE INVESTIMENTO EM DIREITOS CREDITÓRIOS PRATA DIGITAL II RESPONSABILIDADE LIMITADA,53121758000144,91643984.65,0.0,91643984.65,96203798.57,0.9526025584459415
CLÁSSICO FUNDO DE INVESTIMENTO EM DIREITOS CREDITÓRIOS NÃO-PADRONIZADOS,54591932000185,91214811.92,0.0,91214811.92,146593727.9,0.6222286125517107
FLORENÇA FUNDO DE INVESTIMENTO EM DIREITOS CREDITÓRIOS,53315640000157,90794715.7,0.0,90794715.7,88365784.86,1.027487232120987
LIFT IV FUNDO DE INVESTIMENTO EM DIREITOS CREDITÓRIOS,48968438000194,90725436.59,0.0,90725436.59,132473587.82,0.6848567935917478
FS FUNDO DE INVESTIMENTO EM DIREITOS CREDITÓRIOS NÃO PADRONIZADOS,21397569000102,33388914.82,57171696.46,90560611.28,108713638.58,0.8330197798812374
BELLUNO PAGAMENTOS FUNDO DE INVESTIMENTO EM DIREITOS CREDITÓRIOS MULTISSETORIAL,10338491000139,3840533.5,86578897.66,90419431.16,98631056.6,0.9167440183338764
BC CONSÓRCIO FUNDO DE INVESTIMENTO EM DIREITOS CREDITÓRIOS,35138041000123,90376362.93,0.0,90376362.93,93196528.13,0.9697395894827098
FUNDO DE INVESTIMENTO EM DIREITOS CREDITÓRIOS HNDI FORNECEDORES - RESPONSABILIDADE LIMITADA,52307401000192,90267899.47,0.0,90267899.47,95206965.14,0.9481228535881046
MARIS II FUNDO DE INVESTIMENTO EM DIREITOS CREDITÓRIOS RESPONSABILIDADE LIMITADA,62107005000175,90166598.26,0.0,90166598.26,95691277.6,0.9422655911953255
SALTRI AGRO - FUNDO DE INVESTIMENTO EM DIREITOS CREDITÓRIOS,51137980000100,64505576.87,25638316.7,90143893.57,91589557.69,0.9842158412327626
VULCANO FUNDO DE INVESTIMENTO EM DIREITOS CREDITÓRIOS,54276269000124,90000000.0,0.0,90000000.0,1333286.25,67.50238367792363
AZZAM FUNDO DE INVESTIMENTO EM DIREITOS CREDITÓRIOS - RESPONSABILIDADE LIMITADA,51889748000128,89855667.86,0.0,89855667.86,93101319.13,0.9651385039403362
APOGE FUNDO DE INVESTIMENTO EM DIREITOS CREDITÓRIOS MULTISSETORIAL,55657825000175,19839349.62,69801752.38,89641102.0,90975949.43,0.9853274690908603
ALUME FUNDO DE INVESTIMENTO EM DIREITOS CREDITÓRIOS - RESPONSABILIDADE LIMITADA,44674270000153,0.0,89473784.29,89473784.29,106254467.18,0.842070801017968
GALAPAGOS ATLAS FUNDO DE INVESTIMENTO EM DIREITOS CREDITÓRIOS - RESPONSABILIDADE LIMITADA,63849932000123,89473472.78,0.0,89473472.78,92118920.25,0.9712822570779102
SATURNO FUNDO DE INVESTIMENTO EM DIREITOS CREDITÓRIOS,23104455000152,1027919.32,88379614.07,89407533.38999999,94165881.09,0.9494684524275605
AERO FUNDO DE INVESTIMENTO EM DIREITOS CREDITÓRIOS,55406636000120,89356326.64,0.0,89356326.64,90018111.5,0.9926483143339437
FUNDO DE INVESTIMENTO EM DIREITOS CREDITÓRIOS EMPÍRICA NOVERDE CRÉDITO PESSOAL,26758072000196,88716019.1,0.0,88716019.1,90787060.8,0.9771879199331894
FATOR FUNDO DE INVESTIMENTO EM DIREITOS CREDITÓRIOS,49260024000179,88575803.83,0.0,88575803.83,111882221.66,0.7916879242814278
EVERBLUE I FUNDO DE  INVESTIMENTO EM DIREITOS CREDITÓRIOS MULTISETORIAL,51862553000194,17550008.85,70908449.9,88458458.75,105604804.43,0.8376366892344804
FIDEM BANK FUNDO DE INVESTIMENTO EM DIREITOS CREDITÓRIOS,41755934000110,726174.8,87416196.81,88142371.61,112489131.37,0.783563447743956
ATLÂNTICO MASTER FUNDO DE INVESTIMENTO EM DIREITOS CREDITÓRIOS - RESPONSABILIDADE LIMITADA,62918704000103,88009912.22,0.0,88009912.22,88646803.91,0.992815401549653
CVPAR MIDDLE MARKET FUNDO DE INVESTIMENTO EM DIREITOS CREDITÓRIOS RESPONSABILIDADE LIMITADA,66886906000163,87956149.26,0.0,87956149.26,88866017.51,0.9897613477514325
MÖBIUS TOTAL RETURN 1 - FUNDO DE INVESTIMENTO EM DIREITOS CREDITÓRIOS RESPONSABILIDADE LIMITADA,47410102000149,87734069.16,0.0,87734069.16,120006878.15,0.7310753392846258
FLIP FUNDO DE INVESTIMENTO EM DIREITOS CREDITÓRIOS MULTISEGMENTOS - RESPONSABILIDADE LIMITADA,60354694000197,11376503.89,76314733.29,87691237.18,106249850.38,0.8253304533265171
ALGARVE PRECATÓRIOS I FUNDO DE INVESTIMENTO EM DIREITOS CREDITÓRIOS - RESPONSABILIDADE LIMITADA,55249383000128,87617007.01,0.0,87617007.01,43793744.44,2.000674026173771
ALTOMAX FUNDO DE INVESTIMENTO EM DIREITOS CREDITÓRIOS SEGMENTO RECEBÍVEIS COMERCIAIS DE RESP LTDA,58288437000152,87600428.58,0.0,87600428.58,89924502.54,0.9741552758774927
FUNDO DE INVESTIMENTO EM DIREITOS CREDITÓRIOS NP EXODUS INSTITUCIONAL - RESPONSABILIDADE LIMITADA,11629795000118,12900000.0,74471754.61,87371754.61,90621806.84,0.9641360910433155
IRONWOOD CONSIG MULTI I FUNDO DE INVESTIMENTO EM DIREITOS CREDITÓRIOS DE RESPONSABILIDADE LIMITADA,55685665000178,87173219.38,0.0,87173219.38,90189403.33,0.9665572247000694
GALAPAGOS SPECIAL OPPORTUNITIES RG FUNDO DE INVESTIMENTO EM DIREITOS CREDITÓRIOS - RESP LIMITADA,59148481000120,87143313.01,0.0,87143313.01,87623258.53,0.9945226241519463
BLIPAY FUNDO DE INVESTIMENTO EM DIREITOS CREDITÓRIOS FINANCEIRO - RESPONSABILIDADE LIMITADA,57354123000148,0.0,87093186.22,87093186.22,114499201.89,0.7606444829516881
FUNDO DE INVESTIMENTO EM DIREITOS CREDITÓRIOS HAM - RESPONSABILIDADE LIMITADA,61942198000117,86964672.87,0.0,86964672.87,98490212.12,0.8829778208218565
FUNDO DE INVESTIMENTO EM DIREITOS CREDITÓRIOS EV CONSIGNADO FEDERAL II (F2),32528203000141,86870928.11,0.0,86870928.11,94061570.6,0.9235538759970483
NTZ EMPREENDIMENTOS FUNDO DE INVESTIMENTO EM DIREITOS CREDITÓRIOS MULTICARTEIRA DE RESP LIMITADA,62935248000100,86842728.31,0.0,86842728.31,86986428.65,0.9983480142565894
VALECRED FUNDO DE INVESTIMENTO EM DIREITOS CREDITÓRIOS,24290695000151,21240195.2,65156002.26,86396197.46,103500350.99,0.8347430383917
FUNDO DE INVESTIMENTO EM DIREITOS CREDITÓRIOS TRINDADE - RESPONSABILIDADE LIMITADA,36643621000130,86343819.18,0.0,86343819.18,114092066.15,0.7567907400895115
AGRO DEFENDER FUNDO DE INVESTIMENTO EM DIREITOS CREDITÓRIOS - RESPONSABILIDADE LIMITADA,56963951000110,86326461.23,0.0,86326461.23,81179490.8,1.0634023492790867
ST2 MASTER FUNDO DE INVESTIMENTO EM DIREITOS CREDITÓRIOS,63947144000170,86099257.24,0.0,86099257.24,93509021.8,0.920758827144527
FIDC MULTISETORIAL EXICON I,09057948000158,9183335.85,76598491.95,85781827.8,103078927.08,0.8321955828413343
SCAN FUNDO DE INVESTIMENTO EM DIREITOS CREDITÓRIOS - RESPONSABILIDADE LIMITADA,59175559000103,85775060.63,0.0,85775060.63,87085409.7,0.9849532881051599
GENIAL REAL ESTATE FUNDO DE INVESTIMENTO EM DIREITOS CREDITÓRIOS DE RESPONSABILIDADE LIMITADA,58517380000116,85765659.2,0.0,85765659.2,86970896.86,0.9861420578203292
CRONOS FUNDO DE INVESTIMENTO EM DIREITOS CREDITÓRIOS NÃO PADRONIZADO,38421626000144,85678111.02,0.0,85678111.02,86114119.06,0.9949368576865285
ADEMICON FUNDO DE INVESTIMENTO EM DIREITOS CREDITÓRIOS,59510243000112,85648918.37,0.0,85648918.37,104937430.16,0.8161903549516083
CREDILOG II FUNDO DE INVESTIMENTO EM DIREITOS CREDITÓRIOS,51655558000146,11618618.09,74002053.57,85620671.66,86435509.5,0.9905728809292204
KRIPTA FUNDO DE INVESTIMENTO EM DIREITOS CREDITÓRIOS,25167283000191,0.0,85614414.03,85614414.03,191330728.55,0.44746818599829136
BDR KYIV FUNDO DE INVESTIMENTO EM DIREITOS CREDITORIOS - FIDC,49920326000126,85499475.41,0.0,85499475.41,125189703.95,0.6829593226304613
FUNDO DE INVESTIMENTO EM DIREITOS CREDITÓRIOS SERRAMBI RECEBÍVEIS COMERCIAIS RESP. LIMITADA,62913515000130,85167420.11,0.0,85167420.11,100742514.98,0.8453970017217451
FUNDO DE INVESTIMENTO EM DIREITOS CREDITÓRIOS CAP - RESPONSABILIDADE LIMITADA,49113994000141,85101841.38,0.0,85101841.38,99273854.97,0.8572432430040849
ACL NP FUNDO DE INVESTIMENTO EM DIREITOS CREDITÓRIOS NÃO PADRONIZADOS,24506241000175,0.0,85098000.55,85098000.55,103928514.12,0.8188128279380811
ROOT CAPITAL FIGUEIRA FUNDO DE INVESTIMENTO EM DIREITOS CREDITÓRIOS DE RESPONSABILIDADE LIMITADA,57271402000148,85084896.39,0.0,85084896.39,177286416.46,0.4799290215739521
FG NOW FUNDO DE INVESTIMENTO EM DIREITOS CREDITÓRIOS,43866327000153,84921574.02,0.0,84921574.02,94696542.07,0.8967758712585904
FAZ CRED CONDOLIVRE FUNDO DE INVESTIMENTO EM DIREITOS CREDITÓRIOS - RESPONSABILIDADE LIMITADA,42317295000174,83259797.02,1612575.97,84872372.99,89804390.72,0.9450804388242277
FUNDO DE  INVESTIMENTO EM DIREITOS CREDITÓRIOS FUTURO  PREVIDÊNCIA CONSIGNADO PÚBLICO I,42933402000199,84712286.79,0.0,84712286.79,88822071.02,0.9537301463160593
PEREGRINE BRAZIL - FUNDO DE INVESTIMENTO EM DIREITOS CREDITÓRIOS,37720508000174,84636193.9,0.0,84636193.9,84859926.9,0.9973635023246762
ORIZ JURI LSN III FUNDO DE INVESTIMENTO EM DIREITOS CREDITÓRIOS RESPONSABILIDADE LIMITADA,66790195000129,84402727.83,0.0,84402727.83,93250782.25,0.905115493870294
MCC FUNDO DE INVESTIMENTO EM DIREITOS CREDITÓRIOS - RESPONSABILIDADE LIMITADA,47117716000137,84354565.16,0.0,84354565.16,87438876.12,0.9647260909922134
TECNOMYL II FUNDO DE INVESTIMENTO EM DIREITOS CREDITÓRIOS AGRONEGÓCIO,45963700000110,84267753.64,0.0,84267753.64,83990025.47,1.0033066803878896
TITANIUM FUNDO DE INVESTIMENTO EM DIREITOS CREDITÓRIOS - RESPONSABILIDADE LIMITADA,56844622000150,19225463.95,64866994.34,84092458.29,99611772.06,0.8442020109766533
FUNDO DE INVESTIMENTO EM DIREITOS CREDITÓRIOS AZQ ALL CREDIT HY DE RESPONSABILIDADE ILIMITADA,33475421000128,84082957.23,0.0,84082957.23,115165764.04,0.7301037589677767
STRATEGI SINGLE NAME NPL FUNDO DE INVESTIMENTO EM DIREITOS CREDITÓRIOS - RESPONSABILIDADE LIMITADA,44076714000159,84017049.68,0.0,84017049.68,82418532.75,1.019395115111413
SORACHI FUNDO DE INVESTIMENTO EM DIREITOS CREDITÓRIOS,62084270000185,0.0,83903822.06,83903822.06,84599645.67,0.9917751001852394
OG CRED FUNDO DE INVESTIMENTO EM DIREITOS CREDITORIOS,37608798000169,0.0,83877837.65,83877837.65,110085265.28,0.7619351912052731
BUCAREST BANCO FUNDO DE INVESTIMENTO EM DIREITOS CREDITÓRIOS  INDUSTRIAL - RESPONSABILIDADE LIMITADA,46929959000107,1836775.52,81893706.85,83730482.36999999,90450388.59,0.9257061652829323
FUNDO DE INVESTIMENTO EM DIREITOS CREDITÓRIOS IS GREEN SOLFÁCIL I DE RESPONSABILIDADE LIMITADA,36771685000117,83625893.41,0.0,83625893.41,89925922.71,0.9299420110448373
PRAIA INVESTMENTS FUNDO DE INVESTIMENTO EM DIREITOS CREDITÓRIOS,56057697000191,0.0,83408578.96,83408578.96,84875960.0,0.9827114645890308
RESOLVE CAPITAL FIDC MULTICARTEIRA FINANCEIRO - RESP LIMITADA,63482686000114,83237583.19,0.0,83237583.19,82590986.82,1.0078288974971228
SARON FUNDO DE INVESTIMENTO EM DIREITOS CREDITÓRIOS RESPONSABILIDADE LIMITADA,64104152000117,83176714.74,0.0,83176714.74,90661005.44,0.9174475215261853
PCS II CLAIMS FUNDO DE  INVESTIMENTO EM DIREITOS CREDITÓRIOS - NÃO PADRONIZADOS,39615917000136,83152565.33,0.0,83152565.33,208495781.89,0.39882133142564175
SARFATY PRIVATE CREDIT FUNDO  DE INVESTIMENTO EM DIREITOS CREDITÓRIOS - RESPONSABILIDADE  LIMITADA,61621980000134,0.0,83150595.8,83150595.8,84280818.85,0.9865897950990304
CELETI IAAS FUNDO DE INVESTIMENTO EM DIREITOS CREDITÓRIOS,50835592000130,83025748.38,0.0,83025748.38,94019241.18,0.8830718833504203
PORTOSEG VEÍCULOS FUNDO DE INVESTIMENTO EM DIREITOS CREDITÓRIOS DE RESPONSABILIDADE LIMITADA,42606211000112,82949814.68,0.0,82949814.68,87543056.28,0.9475316284902271
SAGEL BANK FUNDO DE INVESTIMENTO DIREITOS CREDITÓRIOS DE RESPONSABILIDADE LIMITADA,58739374000103,82756045.89,0.0,82756045.89,83047786.58,0.9964870744662296
FUNDO DE INVESTIMENTO EM DIREITOS CREDITÓRIOS FRATTO,12803721000119,330803.24,82231840.71,82562643.94999999,103640698.41,0.7966237705518371
BNVT ORIGEM FUNDO DE INVESTIMENTO EM DIREITOS CREDITÓRIOS RESPONSABILIDADE LIMITADA,62169240000171,82443514.16,0.0,82443514.16,102384591.78,0.8052336071930764
SV FUNDO DE INVESTIMENTO EM DIREITOS CREDITÓRIOS,58223324000179,82223783.23,0.0,82223783.23,82485166.8,0.9968311445543444
VAREJO ENERGIA II FUNDO DE INVESTIMENTO EM DIREITOS CREDITÓRIOS,61089007000116,36653480.0,45518478.61,82171958.61,83625587.76,0.9826174118599701
FUNDO DE INVESTIMENTO EM DIREITOS CREDITÓRIOS KANAL,56986018000169,8952054.92,73125392.42,82077447.34,89547094.23,0.9165841510075765
LEVER I FGTS FUNDO DE INVESTIMENTO EM DIREITOS CREDITÓRIOS,62627243000101,81921875.11,0.0,81921875.11,82860747.91,0.988669269543406
SL FUNDO DE INVESTIMENTO EM DIREITOS CREDITORIOS MULTISSETORIAL,11122821000117,1759520.07,80161124.78,81920644.85,83273953.59,0.9837487151545243
MLC1 FUNDO DE INVESTIMENTO EM DIREITOS CREDITÓRIOS - RESPONSABILIDADE LIMITADA,41801514000123,81855128.4,0.0,81855128.4,175881125.07,0.4654003001596788
GALAXY CONSIG FUNDO DE INVESTIMENTO EM DIREITOS CREDITÓRIOS  RESPONSABILIDADE LIMITADA,61164467000161,81640088.45,0.0,81640088.45,81628065.1,1.0001472943158125
JC LOKI FUNDO DE INVESTIMENTO EM DIREITOS CREDITÓRIOS,57186320000103,81633302.77,0.0,81633302.77,81671742.03,0.9995293444336489
CHIMERA ALTERNATIVE ASSETS I FUNDO DE INVESTIMENTO EM DIREITOS CREDITÓRIOS NP DE RESP. LIMITADA,49319863000115,81593808.14,0.0,81593808.14,81705280.85,0.998635673131035
BROOKLYN FUNDO DE INVESTIMENTO EM DIREITOS CREDITÓRIOS RESPONSABILIDADE LIMITADA,55412790000104,81558780.67,0.0,81558780.67,82050486.57,0.9940072762447241
COOPERA FUNDO DE INVESTIMENTO EM DIREITOS CREDITÓRIOS - RESPONSABILIDADE LIMITADA,42627599000138,81444514.21,0.0,81444514.21,87750554.43,0.9281367478420841
ZENON HIGH YIELD DISTRESSED FUNDO DE INVESTIMENTO EM DIREITOS  CREDITÓRIOS NÃO - PADRONIZADOS - RL,62347912000191,81401478.0,0.0,81401478.0,17847744.41,4.560883220312768
ARKAD MULTIESTRATÉGIA FUNDO DE INVESTIMENTO EM DIREITOS CREDITÓRIOS,51776829000111,45711722.04,35423608.21,81135330.25,91792382.91,0.8839004684032556
JC ODIN FUNDO DE INVESTIMENTO EM DIREITOS CREDITÓRIOS,61427502000198,80987666.3,0.0,80987666.3,81376831.89,0.9952177348151615
NDMP I FUNDO DE INVESTIMENTO EM DIREITOS CREDITÓRIOS,24552987000115,80961932.96,0.0,80961932.96,101456182.22,0.7979990099020305
SIZE PROSP FUNDO DE INVESTIMENTO EM  DIREITOS CREDITÓRIOS - RESPONSABILIDADE LIMITADA,55847813000103,71312705.28,9642730.19,80955435.47,90113658.06,0.8983703160302047
IPÊ - FUNDO DE INVESTIMENTO EM DIREITOS CREDITÓRIOS NÃO-PADRONIZADOS,30142432000106,80845864.96,0.0,80845864.96,80904387.8,0.9992766419524158
HALFDOME II FUNDO DE INVESTIMENTO EM DIREITOS CREDITÓRIOS,59700632000100,80692449.64,0.0,80692449.64,61290583.54,1.3165554148678937
INTER BASE FUNDO DE INVESTIMENTO EM DIREITOS CREDITÓRIOS MULTISSETORIAL - RESPONSABILIDADE LIMITADA,46799305000106,1942860.24,78357817.68,80300677.92,85054363.2,0.9441100362032926
FUNDO DE INVESTIMENTO EM DIREITOS CREDITÓRIOS NXCO - RESPONSABILIDADE LIMITADA,56125110000134,80260579.44,0.0,80260579.44,101201557.44,0.7930765244159863
URUS FUNDO DE INVESTIMENTO EM DIREITOS CREDITÓRIOS,53294398000182,80220899.78,0.0,80220899.78,80226309.3,0.9999325717455134
APTA INVEST FUNDO DE INVESTIMENTO EM DIREITOS CREDITÓRIOS,39794865000102,80083552.58,0.0,80083552.58,84259461.07,0.9504398860736745
CENTAURO FUNDO DE INVESTIMENTO EM DIREITOS CREDITÓRIOS RESPONSABILIDADE LIMITADA,41673514000195,60009899.17,20022284.96,80032184.13,85593035.46,0.9350314975965686
FATTOR FUNDO DE INVESTIMENTO EM DIREITOS CREDITÓRIOS,48965359000120,2480843.1,77165606.85,79646449.94999999,122621531.87,0.6495307042358514
KREDITARE FUNDO DE INVESTIMENTO EM DIREITOS CREDITÓRIOS,23274015000143,3907796.13,75723625.99,79631422.11999999,89269292.35,0.8920359960711618
211 FUNDO DE INVESTIMENTO EM DIREITOS CREDITÓRIOS DE RESPONSABILIDADE LIMITADA,32321312000193,29898172.63,49496120.26,79394292.89,88091733.52,0.9012683678426494
MARIS FUNDO DE INVESTIMENTO EM DIREITOS CREDITÓRIOS RESPONSABILIDADE LIMITADA,53210273000127,79302670.54,0.0,79302670.54,81982249.81,0.9673151288698454
KÉRDOS - FUNDO DE INVESTIMENTO EM DIREITOS CREDITÓRIOS,42462558000139,79192872.05,0.0,79192872.05,92622987.78,0.8550023482086382
SERRANA FUNDO DE INVESTIMENTO EM DIREITOS CREDITÓRIOS,28065416000107,0.0,79137454.58,79137454.58,109523034.36,0.7225644819141587
ST 1007 FUNDO DE INVESTIMENTO EM DIREITOS CREDITÓRIOS RESPONSABILIDADE  LIMITADA,54326983000180,79045908.94,0.0,79045908.94,79055405.53,0.9998798742484927
NOVAX FUNDO DE INVESTIMENTO EM DIREITOS CREDITORIOS NÃO PADRONIZADOS,28879551000196,0.0,78926486.42,78926486.42,85813087.16,0.9197488289034538
VALKYRIES FUNDO DE INVESTIMENTOS EM DIREITOS CREDITÓRIOS,54852109000186,78759188.21,0.0,78759188.21,78632152.13,1.0016155742474144
LARCA CONSIGNADO III FUNDO DE INVESTIMENTO EM  DIREITOS CREDITORIOS - RESPONSABILIDADE LIMITADA,59602002000101,78650186.5,0.0,78650186.5,83569753.26,0.9411322091056751
MSB LONGO PRAZO FUNDO DE INVESTIMENTO EM DIREITOS CREDITÓRIOS NÃO PADRONIZADOS,49815200000191,78553734.5,0.0,78553734.5,78385354.46,1.002148105869521
AGROFORTE FUNDO DE INVESTIMENTO EM DIREITOS CREDITÓRIOS,58033772000100,78440517.23,0.0,78440517.23,114037581.51,0.6878479549579146
MEZZUS OPORTUNIDADES PRECATÓRIOS FUNDO DE INVESTIMENTO EM DIREITOS CREDITÓRIOS,64156127000187,78396286.04,0.0,78396286.04,78942551.18,0.9930802193261472
LATACHE LEGAL CLAIMS FUNDO DE INVESTIMENTO EM DIREITOS  CREDITÓRIOS NÃO-PADRONIZADO,51752029000160,78083385.53,0.0,78083385.53,157358617.21,0.496212961923752
CORUJA I FUNDO DE INVESTIMENTO EM DIREITOS CREDITÓRIOS - RESPONSABILIDADE LIMITADA,57140603000106,77989694.06,0.0,77989694.06,78081308.62,0.9988266774517591
BARRA RECUPERAÇÕES FUNDO DE INVESTIMENTO EM DIREITOS CREDITÓRIOS,47239731000158,0.0,77988766.97,77988766.97,78804689.63,0.9896462677052486
ISTAMBUL FUNDO DE INVESTIMENTO EM DIREITOS CREDITÓRIOS,62335320000150,77912828.72,0.0,77912828.72,82093594.05,0.9490731843528052
FUNDO DE INVESTIMENTO EM DIREITOS CREDITÓRIOS ZIPDIN I,19599487000107,77872553.08,0.0,77872553.08,89758241.51,0.8675810908274555
CHIMERA ALTERNATIVE ASSETS XIII FUNDO DE INVESTIMENTO EM DIREITOS CREDITÓRIOS DE RESP LIMITADA,63503400000130,77829620.0,0.0,77829620.0,86277725.34,0.9020824284981085
FEGIK FOZ FUNDO DE  INVESTIMENTO EM DIREITOS CREDITÓRIOS - RESPONSABILIDADE LIMITADA,39809526000152,71647562.96,6122304.43,77769867.38999999,78171859.09,0.9948575906383753
VERDES CAMPOS FUNDO DE INVESTIMENTO EM DIREITOS CREDITÓRIOS DE RESPONSABILIDADE LIMITADA,62637894000182,77707880.24,0.0,77707880.24,77673321.21,1.0004449279297143
ATIVA FUNDO DE INVESTIMENTO EM DIREITOS CREDITÓRIOS NÃO PADRONIZADO,50118274000158,52227894.48,25409680.38,77637574.86,113497571.8,0.6840461309322919
KIN FUNDO DE INVESTIMENTO EM DIREITOS CREDITÓRIOS RESPONSABILIDADE LIMITADA,55932544000183,70447665.4,7093486.06,77541151.46000001,77127692.47,1.005360707377066
AMERICA FUNDO DE INVESTIMENTO EM DIREITOS CREDITÓRIOS RESPONSABILIDADE LIMITADA,60137602000117,0.0,77415650.15,77415650.15,93991772.03,0.8236428410487965
RESPLENDOR FUNDO DE INVESTIMENTO EM DIREITOS CREDITÓRIOS - RESPONSABILIDADE LIMITADA,56075525000140,77256666.44,0.0,77256666.44,81049799.82,0.953199966089688
CIMARRON CRÉDITOS JUDICIAIS FUNDO DE INVESTIMENTO EM DIREITOS CREDITÓRIOS,41184960000136,77253354.29,0.0,77253354.29,77868288.4,0.9921028942251671
IORQ FREDERIC FUNDO DE INVESTIMENTO EM DIREITOS CREDITÓRIOS - RESPONSABILIDADE LIMITADA,63032712000102,77164501.22,0.0,77164501.22,102800944.55,0.7506205469004127
ORIZ JUS IV FUNDO DE INVESTIMENTO EM DIREITOS CREDITÓRIOS RESPONSABILIDADE LIMITADA,59550943000130,77133269.96,0.0,77133269.96,81439358.53,0.9471252150345245
V4 FIDC NP - AÇÕES JUDICIAIS,13776087000135,76927262.37,0.0,76927262.37,100171973.48,0.7679519500068454
AMENDOEIRA FUNDO DE INVESTIMENTO EM DIREITOS CREDITÓRIOS - RESPONSABILIDADE LIMITADA,53167853000189,76924703.15,0.0,76924703.15,77242601.33,0.9958844190313859
PARA TODOS - FUNDO DE INVESTIMENTO EM DIREITOS CREDITÓRIOS RESPONSABILIDADE LIMITADA,60145806000108,76894879.84,0.0,76894879.84,78577881.53,0.9785817375420404
AGROCANA FUNDO DE INVESTIMENTO EM DIREITOS CREDITÓRIOS - RESPONSABILIDADE LIMITADA,57053395000108,76503098.09,0.0,76503098.09,76358736.32,1.001890573062852
SOLUMA FUNDO DE INVESTIMENTO EM DIREITOS CREDITÓRIOS,51863647000188,76423104.08,0.0,76423104.08,97047493.27,0.7874814846312413
CEDAR OCTANTE FUNDO DE INVESTIMENTO EM DIREITOS CREDITÓRIOS,46268360000170,66834502.84,9573675.3,76408178.14,80552533.27,0.94855090260031
CRÉDITO PLUS I FUNDO DE INVESTIMENTO EM DIREITOS CREDITÓRIOS FINANCEIROS DE RESPONSABILIDADE LIMITAD,54565372000194,76377146.39,0.0,76377146.39,91917167.8,0.8309345056865427
AZURE CONSIGNADOS FUNDO DE INVESTIMENTO EM DIREITOS CREDITÓRIOS - RESPONSABILIDADE LIMITADA,46285154000178,75995512.78,0.0,75995512.78,76747081.56,0.9902072005251114
BULLSEYE MASTER I FUNDO DE INVESTIMENTO EM DIREITOS CREDITÓRIOS,20103394000110,75938229.61,0.0,75938229.61,83260919.77,0.9120512939296347
MERIDIANO FUNDO DE INVESTIMENTO EM DIREITOS CREDITÓRIOS MULTISEGMENTOS,09163026000125,75783495.84,0.0,75783495.84,80699331.29,0.9390845578095991
ASHER CONSIGNADO FUNDO DE INVESTIMENTOS EM DIREITOS CREDITÓRIOS RESPONSABILIDADE LIMITADA,62546276000127,75487855.0,0.0,75487855.0,76893715.23,0.9817168382904262
GFS EXCELÊNCIA FUNDO DE INVESTIMENTO EM DIREITOS CREDITÓRIOS NÃO PADRONIZADO,32024768000191,75485521.56,0.0,75485521.56,160025366.37,0.47170972497864744
FUNDO DE INVESTIMENTO EM  DIREITOS CREDITÓRIOS OGV II RESPONSABILIDADE LIMITADA,67102768000147,75463469.33,0.0,75463469.33,80419596.56,0.9383716476828841
POLÍGONO MASTER PROF FUNDO DE INVESTIMENTO EM DIREITOS CREDITÓRIOS,61290215000189,75355138.1,0.0,75355138.1,90457163.58,0.8330477666741802
GPC FUNDO DE INVESTIMENTO EM DIREITOS CREDITÓRIOS RESPONSABILIDADE LIMITADA,63453304000124,75070013.04,0.0,75070013.04,79433344.72,0.9450692691415602
CUPERTINO KAYA PRECATÓRIOS FIDC DE RESPONSABILIDADE LIMITADA,60315519000190,75065231.74,0.0,75065231.74,72011239.19,1.0424099430082312
KINERET FUNDO DE INVESTIMENTO EM DIREITOS CREDITÓRIOS,28796986000177,501442.62,74483607.61,74985050.23,98217809.86,0.7634567532801225
DAVOS FUNDO DE INVESTIMENTO EM DIREITOS CREDITÓRIOS NÃO PADRONIZADOS - RESPONSABILIDADE LIMITADA,46231870000172,74971405.7,0.0,74971405.7,83718334.89,0.8955195513444832
NAZARE MASTER FUNDO DE INVESTIMENTO EM DIREITOS CREDITÓRIOS,31848028000107,74948963.79,0.0,74948963.79,974199793.82,0.07693387359087052
ORIZ ALBRIGHT FUNDO DE INVESTIMENTO EM DIREITOS CREDITÓRIOS DE RESPONSABILIDADE LIMITADA,56264671000114,74778255.56,0.0,74778255.56,81402095.95,0.9186281346604565
CORAM DEO FUNDO DE INVESTIMENTO EM DIREITOS CREDITÓRIOS RESPONSABILIDADE LIMITADA,53465254000141,74727121.59,0.0,74727121.59,98140641.49,0.7614289091193102
ESTAIADA ÉXES FUNDO DE INVESTIMENTO EM DIREITOS CREDITÓRIOS RESPONSABILIDADE LIMITADA,52319921000115,0.0,74726614.06,74726614.06,75062769.76,0.9955216720476102
MOBI FUNDO DE INVESTIMENTO EM DIREITOS CREDITÓRIOS,47847106000199,4434199.68,70190371.58,74624571.25999999,88314097.65,0.8449904742926395
CANAL 86 FUNDO DE INVESTIMENTO EM DIREITOS CREDITÓRIOS NÃO-PADRONIZADOS,40634940000157,74601096.44,0.0,74601096.44,74622840.49,0.9997086140133876
IATROS FUNDO DE INVESTIMENTO EM DIREITOS CREDITÓRIOS - RESPONSABILIDADE LIMITADA,60058603000176,74520242.26,0.0,74520242.26,89164902.28,0.8357575722562661
GOLDEN STONE II FUNDO DE INVESTIMENTO EM DIREITOS CREDITÓRIOS MULTISSETORIAL,52322327000183,74483966.96,0.0,74483966.96,76400539.88,0.9749141442847092
TREVYS FUNDO DE INVESTIMENTO EM DIREITOS CREDITORIOS,29236389000150,7970911.01,66512038.09,74482949.10000001,75864101.82,0.9817943838144029
MCPG FUNDO DE INVESTIMENTO EM DIREITOS CREDITÓRIOS - RESPONSABILIDADE LIMITADA,61973031000113,74427620.65,0.0,74427620.65,143789130.97,0.5176164578498531
FUNDO DE INVESTIMENTO EM DIREITOS CREDITÓRIOS AGRO OPEN GROWTH SILOS RESPONSABILIDADE LIMITADA,52804600000106,74297438.57,0.0,74297438.57,83105973.46,0.8940084024857772
EXES CRÉDITO DIRETO - FUNDO DE INVESTIMENTO EM DIREITOS CREDITÓRIOS RESPONSABILIDADE LIMITADA,35448908000147,65592583.27,8677104.82,74269688.09,156572049.24,0.47434831727951904
TEXAS FUNDO DE INVESTIMENTO EM DIREITOS CREDITÓRIOS RESPONSABILIDADE LIMITADA,58546382000133,74255094.15,0.0,74255094.15,72732312.07,1.0209368028687777
FUNDO DE INVESTIMENTO EM DIREITOS CREDITÓRIOS FRV23 RESPONSABILIDADE LIMITADA,47239759000195,74223236.79,0.0,74223236.79,88029600.36,0.8431622600405044
WILDE FUNDO DE INVESTIMENTO EM DIREITOS CREDITÓRIOS NÃO PADRONIZADOS,51030502000104,74091661.81,0.0,74091661.81,73957952.08,1.0018079155282096
FUNDO DE INVESTIMENTO EM DIREITOS CREDITÓRIOS EMPÍRICA RECEBÍVEIS IMOBILIÁRIOS,38948969000161,74059905.95,0.0,74059905.95,70312969.75,1.0532894032683067
REALIZE CAP I FUNDO DE INVESTIMENTO EM DIREITOS CREDITÓRIOS,40989809000102,73962929.03,0.0,73962929.03,100173049.51,0.7383515765147639
INOVA CREDTECH III FIDC SEGMENTO MULTICARTEIRA DE RESPONSABILIDADE LIMITADA,52340225000190,9065174.53,64837149.82,73902324.35,86060327.05,0.8587269754048651
VOLCANO FUNDO DE INVESTIMENTO EM DIREITOS CREDITÓRIOS,39469320000120,73868144.73,0.0,73868144.73,70330619.6,1.0502985065412394
NTZ LEVE SAUDE FUNDO DE INVESTIMENTO EM DIREITOS CREDITÓRIOS COMERCIAIS - RESPONSABILIDADE LIMITADA,61302922000148,5433689.68,68268455.7,73702145.38,78398951.32,0.9400909596248411
DIAMANTE 44 CRÉDITOS JUDICIAIS FUNDO DE INVESTIMENTO EM DIREITOS CREDITÓRIOS,55304169000127,73677080.16,0.0,73677080.16,79046140.5,0.9320768818561103
G5 EO FUNDO DE INVESTIMENTO EM DIREITOS CREDITÓRIOS NÃO PADRONIZADOS,32510444000163,73660656.45,0.0,73660656.45,80527433.18,0.9147274852949684
IFOOD PAGO CRÉDITO IV FUNDO DE INVESTIMENTO EM DIREITOS CREDITÓRIOS DE RESPONSABILIDADE  LIMITADA,63882747000130,73614783.96,0.0,73614783.96,79962817.56,0.9206126823227962
CM ESTADUAL II FUNDO DE INVESTIMENTO EM DIREITOS CREDITÓRIOS - RESPONSABILIDADE LIMITADA,53337453000174,73335079.65,0.0,73335079.65,73640952.96,0.9958464237940249
SOULPAY FUNDO DE INVESTIMENTO EM DIREITOS CREDITÓRIOS,48967719000122,73326588.34,0.0,73326588.34,78431250.09,0.9349154610675924
MILLENNIUM FUNDO DE INVESTIMENTO EM DIREITOS CREDITÓRIOS RESPONSABILIDADE LIMITADA,40366022000194,73010668.88,0.0,73010668.88,75806561.0,0.9631180720623904
ST 2002 FUNDO DE INVESTIMENTO EM DIREITOS CREDITÓRIOS RESPONSABILIDADE LIMITADA,64655445000192,72842723.31,0.0,72842723.31,73364071.54,0.9928936846189657
FUNDO DE INVESTIMENTO EM DIREITOS CREDITÓRIOS SANTAFUSVE RESPONSABILIDADE LIMITADA,45880965000154,0.0,72818152.45,72818152.45,73950047.44,0.9846937895351809
FIRMA FUNDO DE INVESTIMENTO EM DIREITOS CREDITÓRIOS  PADRONIZADOS I,39722215000151,932753.92,71846802.88,72779556.8,81498895.67,0.8930127973107049
USECORP CATÁLISE FUNDO DE INVESTIMENTO EM DIREITOS CREDITÓRIOS SEGMENTO COMERCIAL DE RESP LIMITADA,52997828000160,72757231.4,0.0,72757231.4,75701835.1,0.9611026113685323
PROSPEROUS FUNDO DE INVESTIMENTO EM DIREITOS CREDITÓRIOS NÃO PADRONIZADO,41557655000142,72545180.33,0.0,72545180.33,71624570.0,1.0128532754891233
SANTIAGO HOME EQUITY FUNDO DE INVESTIMENTO EM DIREITOS CREDITÓRIOS,32969565000178,72485922.48,0.0,72485922.48,98947749.51,0.7325676717152049
LOTTE WORD FUNDO DE INVESTIMENTO EM DIREITOS CREDITÓRIOS,54019802000172,72447589.8,0.0,72447589.8,73035498.42,0.9919503716313517
GARSON  CARD FUNDO DE INVESTIMENTO EM DIREITOS CREDITÓRIOS - RESPONSABILIDADE LIMITADA,54233539000110,72415469.34,0.0,72415469.34,129019307.56,0.5612762206642865
PORTLAND CRÉDITOS JUDICIAIS FUNDO DE INVESTIMENTO EM DIREITOS CREDITÓRIOS,37021468000172,72382062.0,0.0,72382062.0,75496636.7,0.9587455172026226
INTRABANK FUNDO DE INVESTIMENTO EM DIREITOS CREDITÓRIOS,35162655000140,0.0,72185597.84,72185597.84,252494613.72,0.28588965434347485
GM FUNDO DE INVESTIMENTO EM DIREITOS CREDITÓRIOS DE RESPONSABILIDADE LIMITADA,53959749000127,27567288.54,44601608.4,72168896.94,99702301.95,0.7238438383919379
FUNDO DE INVESTIMENTO EM DIREITOS CREDITÓRIOS CREDITAS TEMPUS II - RESPONSABILIDADE LIMITADA,34218953000142,72156106.72,0.0,72156106.72,141183036.28,0.5110819870518796
FUNDO DE INVESTIMENTO EM DIREITOS CREDITORIOS ONIX PRIME,18387112000102,17430314.08,54584238.37,72014552.44999999,74535278.1,0.9661807708476235
PETROCASH FUNDO DE INVESTIMENTO EM DIREITOS CREDITÓRIOS RESPONSABILIDADE LIMITADA,59714095000158,71897256.74,0.0,71897256.74,92840031.16,0.7744208596407369
BLIPS FUNDO DE INVESTIMENTO EM DIREITOS CREDITÓRIOS - RESPONSABILIDADE LIMITADA,58482694000120,63327264.39,8542287.42,71869551.81,77002193.99,0.933344208599218
LINK CAPITAL FUNDO DE INVESTIMENTO EM DIREITOS CREDITÓRIOS DE RESPONSABILIDADE LIMITADA,59699204000105,71776832.82,0.0,71776832.82,70713081.2,1.0150432084410428
ORIZ JURI LC FUNDO DE INVESTIMENTO EM DIREITOS CREDITÓRIOS - RESPONSABILIDADE LIMITADA,63863686000164,71631850.75,0.0,71631850.75,72352052.91,0.9900458642010356
ISS VII FUNDO DE INVESTIMENTO EM DIREITOS CREDITÓRIOS,42583959000147,71571554.0,0.0,71571554.0,71182253.2,1.0054690710464893
FUTURO CAPITAL FUNDO DE INVESTIMENTO EM DIREITOS CREDITÓRIOS DE RESPONSABILIDADE LIMITADA,55122381000173,71548013.34,0.0,71548013.34,74029724.67,0.966476826152432
FUNDO DE INVESTIMENTO EM DIREITOS CREDITÓRIOS DE  RESPONSABILIDADE LIMITADA SAQUE FGTS,54326936000136,71481163.24,0.0,71481163.24,71839094.06,0.9950176039288432
QUATTUOR FUNDO DE INVESTIMENTO EM DIREITOS CREDITÓRIOS,54681307000124,2623505.08,68781215.82,71404720.89999999,84772900.87,0.8423059747536511
SIGULER GUFF (JUS BLC) 2C FUNDO DE INVESTIMENTO EM DIREITOS CREDITÓRIOS NÃO-PADRONIZADOS,15336665000148,71138305.04,0.0,71138305.04,80792046.0,0.8805112453768036
H3 CAPITAL FUNDO DE INVESTIMENTO EM DIREITOS CREDITÓRIOS RESPONSABILIDADE LIMITADA,63507342000112,70629265.68,0.0,70629265.68,75504664.49,0.9354291705958684
G5 CRÉDITOS CONDOMINIAIS FUNDO DE INVESTIMENTO EM DIREITOS CREDITÓRIOS - NÃO PADRONIZADOS,32948668000151,70552628.23,32413.37,70585041.60000001,75867433.99,0.9303733879981199
KUARÁ SPECIAL SITUATIONS I FUNDO DE INVESTIMENTO EM DIREITOS CREDITÓRIOS NP RESPONSABILIDADE LIMITAD,45207108000198,70542508.24,0.0,70542508.24,80038118.93,0.881361396082975
KATETO II FUNDO DE INVESTIMENTO EM DIREITOS CREDITÓRIOS,54134587000150,70418349.28,0.0,70418349.28,102268668.1,0.688562299561228
NN FUNDO DE INVESTIMENTO EM DIREITOS CREDITÓRIOS CRÉDITO CORPORATIVO - RESPONSABILIDADE LIMITADA,55595705000190,70395447.83,0.0,70395447.83,72039932.56,0.9771725948156551
CERUS NP FUNDO DE INVESTIMENTO EM DIREITOS CREDITÓRIOS,63492452000158,70364539.84,0.0,70364539.84,75077691.03,0.9372230135831336
REDEFLEX FUNDO DE INVESTIMENTO EM DIREITOS CREDITÓRIOS RECEBÍVEIS COMERCIAIS RESP. LIMITADA,57566020000141,70314279.2,0.0,70314279.2,71880522.48,0.9782104633360756
ANGÁ FGTS +AG FUNDO DE INVESTIMENTO EM DIREITOS CREDITÓRIOS - RESPONSABILIDADE LIMITADA,53270983000142,70306496.79,0.0,70306496.79,71093264.7,0.9889332989092566
LESTE CREDIT PRECATÓRIOS II FUNDO DE INVESTIMENTO EM DIREITOS CREDITÓRIOS RESPONSABILIDADE LIMITADA,45145657000185,70249244.11,0.0,70249244.11,69578818.22,1.0096354883160015
MS OPEN FUNDO DE INVESTIMENTO EM DIREITOS CREDITÓRIOS,35654917000194,23267533.55,46884078.09,70151611.64,93179677.67,0.7528638582378989
PLATA II FUNDO DE INVESTIMENTO EM DIREITOS CREDITÓRIOS MULTISSEGMENTOS,17030517000126,3486984.72,66537089.68,70024074.4,74308052.45,0.9423484008966245
BARDU 82 FUNDO DE INVESTIMENTO EM DIREITOS CREDITORIOS NAO PADRONIZADOS,46930133000168,70019695.66,0.0,70019695.66,77819800.06,0.899767097910994
SGC UT FUNDO DE INVESTIMENTO EM DIREITOS CREDITÓRIOS NÃO-PADRONIZADOS,28549910000147,69994236.45,0.0,69994236.45,70402186.61,0.9942054333871776
DIAMANTE FUNDO DE INVESTIMENTO EM DIREITOS CREDITÓRIOS RESPONSABILIDADE LIMITADA,53018439000108,21924765.59,47904939.73,69829705.32,71357862.94,0.9785845938059422
HUMACRED FUNDO DE INVESTIMENTO EM DIREITOS CREDITÓRIOS - RESPONSABILIDADE LIMITADA,35138000000137,32507756.65,37131242.99,69638999.64,69682252.79,0.9993792802576238
BANKAP FUNDO DE INVESTIMENTO EM DIREITOS CREDITO´RIOS  MULTISSETORIAL - RESPONSABILIDADE LIMITADA,45018852000144,0.0,69631662.24,69631662.24,84238055.78,0.8266057614370073
SADESUL FUNDO DE INVESTIMENTO EM DIREITOS CREDITÓRIOS RESPONSABILIDADE LIMITADA,28912351000198,69572076.96,0.0,69572076.96,68946526.16,1.0090729850340585
ZAB LEGACY FUNDO DE INVESTIMENTO EM DIREITOS CREDITÓRIOS DE RESPONSABILIDADE LIMITADA,58495913000106,69402714.16,0.0,69402714.16,67329914.84,1.03078571129825
DELTA ENERGIA STRATEGY - FUNDO DE INVESTIMENTO EM DIREITOS CREDITÓRIOS,32274415000140,69394819.79,0.0,69394819.79,74347037.95,0.9333905116256216
LEXIS II FUNDO DE INVESTIMENTO EM DIREITOS  CREDITÓRIOS,47463389000175,69272614.61,0.0,69272614.61,71611394.49,0.9673406739715621
ITAÚ SONETO IP CRÉDITO PRIVADO FUNDO DE INVESTIMENTO EM DIREITOS CREDITÓRIOS RESPONSABILIDADE LIMITA,61631615000100,69262211.95,0.0,69262211.95,278826338.98,0.248406273967425
ABC I FUNDO DE INVESTIMENTO EM DIREITOS CREDITÓRIOS,45880936000192,69175313.52,0.0,69175313.52,78780233.92,0.878079564859459
CREDIPAY FUNDO DE INVESTIMENTO EM DIREITOS CREDITÓRIOS COMERCIAIS DE RESPONSABILIDADE LIMITADA,58211468000105,68875565.08,0.0,68875565.08,77666173.61,0.8868154806474442
FUNDO DE INVESTIMENTO EM DIREITOS CREDITÓRIOS IS GREEN SOLFÁCIL V DE RESPONSABILIDADE LIMITADA,47240785000133,68819614.52,0.0,68819614.52,69778675.64,0.9862556703576898
ATICCA FUNDO DE INVESTIMENTO EM DIREITOS CREDITORIOS MULTISSETORIAL,28194790000102,11778706.94,56806875.14,68585582.08,72185229.97,0.950133179717014
FNX FUNDO DE INVESTIMENTO EM DIREITOS CREDITÓRIOS - RESPOSABILIDADE LIMITADA,62145323000120,68496155.65,0.0,68496155.65,69948751.48,0.9792334273412252
STRUCTURE II FUNDO DE INVESTIMENTO EM DIREITOS CREDITÓRIOS MULTISSETORIAL LP,64637478000100,68289125.51,0.0,68289125.51,71287452.52,0.9579403260460346
INVISTA ATIVOS ALTERNATIVOS I FUNDO DE INVESTIMENTO EM DIREITOS CREDITÓRIOS,31933790000191,68201565.45,0.0,68201565.45,95090625.9,0.7172270116480535
SB CRÉDITO MULTIESTRATÉGIA II FUNDO DE INVESTIMENTO EM DIREITOS CREDITÓRIOS DE CLASSE ÚNICA FECHADA,63079862000171,68196267.19,0.0,68196267.19,75173124.35,0.9071894746915624
MENESTYS EDIFICA FUNDO DE INVESTIMENTOS EM DIREITOS CREDITÓRIOS,58568550000191,68011382.69,0.0,68011382.69,68268973.06,0.9962268310411874
BT VAREJO III FUNDO DE INVESTIMENTOS EM DIREITOS CREDITÓRIOS RESPONSABILIDADE LIMITADA,65782846000176,66886518.63,1112014.97,67998533.60000001,80350443.32,0.846274529303991
GUARDIAN FUTURO VI FUNDO DE INVESTIMENTO EM DIREITOS CREDITÓRIOS RESPONSABILIDADE LIMITADA,64012744000109,0.0,67993978.35,67993978.35,102373454.8,0.6641758694461877
OCEAN ASSET FUNDO DE INVESTIMENTO EM DIREITOS CREDITORIOS,26984508000165,56869501.31,11092434.25,67961935.56,72764523.79,0.9339982180896232
REAG SPECIAL SITUATION FUNDO DE INVESTIMENTO EM DIREITOS CREDITÓRIOS ABERTO,22945880000101,67860585.0,0.0,67860585.0,373294620.65,0.18178827458546717
GRAND - FUNDO DE INVESTIMENTO EM DIREITOS CREDITÓRIOS NÃO PADRONIZADOS RESPONSABILIDADE LIMITADA,42700668000191,67620350.87,0.0,67620350.87,67257035.5,1.0054018939029807
CARMELO FUNDO DE  INVESTIMENTO EM DIREITOS CREDITÓRIOS RESPONSABILIDADE LIMITADA,62344612000159,67571857.39,0.0,67571857.39,146293737.45,0.46189166103637613
FUNDO DE INVESTIMENTO EM DIREITOS CREDITÓRIOS JUVO - RESPONSABILIDADE LIMITADA,42888478000140,0.0,67474452.81,67474452.81,110593461.46,0.6101124959761252
SÃO MIGUEL FUNDO DE INVESTIMENTO EM DIREITOS CREDITÓRIOS - RESPONSABILIDADE LIMITADA,65500424000160,67399454.24,0.0,67399454.24,68495474.99,0.9839986400538135
GRAN CAPITAL FUNDO DE INVESTIMENTO EM DIREITOS CREDITÓRIOS  RESPONSABILIDADE LIMITADA,28880400000158,60424735.39,6962541.42,67387276.81,71514593.54,0.9422870700133186
SG II A FUNDO DE INVESTIMENTO EM DIREITOS CREDITÓRIOS NÃO-PADRONIZADOS,20403406000122,67043277.82,0.0,67043277.82,69225374.59,0.9684783681861764
FIDC HOPE CONSIGNADO I DE RESP LIMITADA,59060877000110,67013009.12,0.0,67013009.12,75943493.57,0.8824061939977987
SERRA DO MAR FUNDO DE INVESTIMENTO EM DIREITOS CREDITÓRIOS,31772157000169,66929956.9,0.0,66929956.9,87919197.91,0.761266691360333
JBA CAPITAL FUNDO DE INVESTIMENTO EM DIREITOS CREDITÓRIOS  RESPONSABILIDADE LIMITADA,58153083000139,66857376.53,0.0,66857376.53,67191686.95,0.9950245270631652
SANTA VERÔNICA FUNDO DE INVESTIMENTO EM DIREITOS CREDITÓRIOS - RESPONSABILIDADE LIMITADA,63455599000178,66825333.35,0.0,66825333.35,66803835.82,1.0003218008327834
NTZ CONSIGNADO PÚBLICO FUNDO DE INVESTIMENTO EM DIREITOS CREDITÓRIOS - RESPONSABILIDADE LIMITADA,59678384000149,66800548.42,0.0,66800548.42,78420856.77,0.8518212012898416
SC CRÉDITOS I FUNDO DE INVESTIMENTO EM DIREITOS CREDITORIOS RESPONSABILIDADE LIMITADA,52287219000117,66591539.27,0.0,66591539.27,70356015.63,0.9464938949954578
MAQNELSON FUNDO DE INVESTIMENTO EM DIREITOS CREDITÓRIOS - RESPONSABILIDADE LIMITADA,50536324000117,0.0,66558392.93,66558392.93,100033081.36,0.6653638179000907
MILENIO ATIVY FUNDO DE INVESTIMENTO EM DIREITOS CREDITÓRIOS,46473452000191,0.0,66545459.11,66545459.11,66052437.42,1.0074640953348182
UP.P CRÉDITO PESSOAL FUNDO DE INVESTIMENTO EM DIREITOS CREDITÓRIOS - RESPONSABILIDADE LIMITADA,41332977000193,66478045.54,0.0,66478045.54,67128843.22,0.9903052451258969
LME REC MULTISETORIAL IPCA - FUNDO DE INVESTIMENTO EM DIREITOS CREDITORIOS,12440789000180,66470947.12,0.0,66470947.12,38442603.41,1.7290958786289965
VANGUARD I FUNDO DE INVESTIMENTO EM DIREITOS CREDITÓRIOS,45217948000131,49525893.91,16740322.2,66266216.11,72640523.69,0.9122486009709548
AZURE CONSIGNADOS II FUNDO DE INVESTIMENTO EM DIREITOS CREDITÓRIOS - RESPONSABILIDADE LIMITADA,55234274000137,66234261.16,0.0,66234261.16,67219245.17,0.985346696358923
ELO FUNDO DE INVESTIMENTO EM DIREITOS CREDITÓRIOS  RESPONSABILIDADE LIMITADA,60096277000191,66135028.4,0.0,66135028.4,73549010.91,0.8991967068180932
FUNDO DE INVESTIMENTO EM DIREITOS CREDITÓRIOS RECONLOG BANK,42449623000196,66074692.97,0.0,66074692.97,72872864.74,0.9067118907119281
FUNDO DE INVESTIMENTO EM DIREITOS CREDITÓRIOS  MULTICRED CONSIGNADO,54111764000183,65976813.48,0.0,65976813.48,66804309.94,0.9876131276448599
CHEMICAL XII - FUNDO DE INVESTIMENTO EM DIREITOS CREDITÓRIOS - INDÚSTRIA PETROQUÍMICA,46711630000175,65723699.27,0.0,65723699.27,116020959.44,0.566481259827789
YELLOW CAPITAL FUNDO DE INVESTIMENTO EM DIREITOS CREDITÓRIOS DE RESPONSABILIDADE LIMITADA,57810758000102,0.0,65660034.3,65660034.3,65764869.15,0.9984059141095394
CONCRETO BEM REAL FUNDO DE INVESTIMENTO EM DIREITOS CREDITÓRIOS  RESPONSABILIDADE LIMITADA,59090507000126,59261661.84,6387970.1,65649631.940000005,68846077.31,0.9535711329549388
SOLITUDE PRECATÓRIO FUNDO DE INVESTIMENTO EM DIREITOS CREDITÓRIOS NÃO PADRONIZADO,20717010000150,65637980.26,0.0,65637980.26,68576251.45,0.957153225382371
FUNDO DE INVESTIMENTO EM DIREITOS CREDITÓRIOS SETOR PÚBLICO,36335689000152,65498569.14,0.0,65498569.14,131989610.83,0.49624033837300163
GV CONSIGNADO PRIVADO II FUNDO DE INVESTIMENTO EM DIREITOS CREDITÓRIOS RESPONSABILIDADE LIMITADA,64039922000195,65457322.06,0.0,65457322.06,76193940.19,0.8590882935936012
KMRBANK  FUNDO  DE  INVESTIMENTO  EM  DIREITOS  CREDITÓRIOS  RESPONSABILIDADE  LIMITADA,52910525000168,65377385.01,0.0,65377385.01,65795088.41,0.9936514501295736
VERTIS CAPITAL FUNDO DE INVESTIMENTO EM DIREITOS CREDITÓRIOS - RESPONSABILIDADE LIMITADA,57691429000190,0.0,65313076.53,65313076.53,74827471.9,0.8728488998971512
POLICARD II FUNDO DE INVESTIMENTO EM DIREITOS CREDITÓRIOS RESPONSABILIDADE LIMITADA,13895002000138,0.0,65272146.06,65272146.06,85428393.89,0.7640568093091654
MULTINVEST 1940 FUNDO DE INVESTIMENTO EM DIREITOS CREDITÓRIOS DE RESPONSABILIDADE LIMITADA,23711475000191,65137621.49,0.0,65137621.49,212864381.0,0.30600526581288395
SOLAR FUNDO DE INVESTIMENTO EM DIREITOS CREDITÓRIOS MULTISSETORIAL,29970251000180,16887081.69,47778705.23,64665786.92,105681429.08,0.611893569976694
ALMOUROL FUNDO DE INVESTIMENTO EM DIREITOS CREDITÓRIOS,50637204000106,64632003.76,0.0,64632003.76,64705025.67,0.998871464631319
SOLAR VIALOC FUNDO DE INVESTIMENTO EM DIREITOS CREDITÓRIOS,39680495000182,19614676.28,44984314.39,64598990.67,64460423.69,1.0021496442633762
AVANTI FUNDO DE INVESTIMENTO EM DIREITOS CREDITÓRIOS,38168015000136,64403904.82,23089.39,64426994.21,77903338.52,0.827011979640125
PRISMA CAPITAL FUNDO DE INVESTIMENTO EM DIREITOS CREDITORIOS,63864746000163,0.0,64291035.94,64291035.94,65009539.66,0.9889477186923985
SYNGENTA TECH I FUNDO DE INVESTIMENTO EM DIREITOS CREDITÓRIOS DE RESPONSABILIDADE ILIMITADA,41196339000192,64287841.61,0.0,64287841.61,52587089.83,1.2225023635615777
MB FUNDO DE INVESTIMENTO EM DIREITOS CREDITORIOS MULTISEGMENTOS,19424674000141,62788840.7,1388723.1,64177563.800000004,69700965.6,0.9207557348387726
MOOREA FUNDO DE INVESTIMENTO EM DIREITOS CREDITÓRIOS,55658832000191,64052948.11,0.0,64052948.11,64026946.67,1.0004061015143204
FUNDO DE INVESTIMENTO EM DIREITOS CREDITÓRIOS COOPER CARD II - CRÉDITOS FINANCEIROS,52923834000172,63928706.34,0.0,63928706.34,72000774.17,0.8878891522618749
STEP-UP CRÉDITO JUDICIAIS FUNDO DE INVESTIMENTO EM DIREITOS CREDITÓRIOS RESPONSABILIDADE LIMITADA,11439669000109,63807867.55,0.0,63807867.55,63746129.4,1.0009685003714124
FUNDO DE INVESTIMENTO EM DIREITOS CREDITÓRIOS MULTISSETORIAL PREVIA,11823118000136,6195496.78,57489528.89,63685025.67,74676749.3,0.852809291606377
MATTEH FUNDO DE INVESTIMENTO EM DIREITOS CREDITÓRIOS,58723201000105,63582793.73,0.0,63582793.73,98687019.07,0.6442873067723314
QUATTRO CAPITAL FUNDO DE INVESTIMENTO EM DIREITOS CREDITÓRIOS CRÉDITO CORPORATIVO,62968483000170,52737278.64,10741814.2,63479092.84,65448786.59,0.9699048087424595
FUNDO DE INVESTIMENTO EM  DIREITOS CREDITÓRIOS SOLIS EXT CAPITAL,32302296000191,44447864.47,18963167.89,63411032.36,75693426.45,0.8377349967356379
NOBEL FUNDO DE INVESTIMENTO EM DIREITOS CREDITORIOS,34082112000150,18898307.92,44297636.44,63195944.36,70669631.97,0.8942447073564405
RIVELLO FUNDO DE INVESTIMENTO EM DIREITOS CREDITÓRIOS RESPONSABILIDADE LIMITADA,63812703000134,0.0,63185000.65,63185000.65,63571472.62,0.9939206698528105
PRIMO CAPITAL II FUNDO DE INVESTIMENTO EM DIREITOS CREDITÓRIOS DE RESPONSABILIDADE LIMITADA,53374563000106,63119573.06,0.0,63119573.06,89017883.77,0.7090662054277231
CORPORE FUNDO DE INVESTIMENTO EM DIREITOS CREDITÓRIOS MULTISSETORIAL,10810396000196,41899304.87,21109617.68,63008922.55,73685561.09,0.8551054184555982
CASHGO FUNDO DE INVESTIMENTO EM DIREITOS CREDITÓRIOS - RESPONSABILIDADE LIMITADA,54705382000188,62775474.21,0.0,62775474.21,65994473.53,0.9512231987344107
CANAL 56 FUNDO DE INVESTIMENTO EM DIREITOS CREDITORIOS NAO PADRONIZADOS,32510527000152,62649350.4,0.0,62649350.4,62669299.22,0.9996816811381604
FIDARA FUNDO DE INVESTIMENTO EM DIREITOS CREDITÓRIOS DE CLASSE ÚNICA  FECHADA,51475474000120,62568969.02,0.0,62568969.02,64579309.86,0.9688702024788098
AIRA FUNDO DE INVESTIMENTO EM DIREITOS CREDITÓRIOS RESPONSABILIDADE LIMITADA - CRÉDITO CORPORATIVO,58545400000162,62069210.09,475350.86,62544560.95,63122841.36,0.9908388089391926
3RD - FUNDO DE INVESTIMENTO EM DIREITOS CREDITÓRIOS,40975325000104,62450043.25,0.0,62450043.25,62522911.43,0.9988345363590181
FUNDO DE INVESTIMENTO EM DIREITOS CREDITÓRIOS CONCRÉDITO II RESPONSABILIDADE LIMITADA,56822910000104,62350524.54,0.0,62350524.54,62979761.14,0.9900089078045049
TENDA FUNDO DE INVESTIMENTO EM DIREITOS CREDITÓRIOS NÃO PADRONIZADO,60759882000103,21849700.63,40449852.22,62299552.849999994,74355470.78,0.8378610503903529
MOUSTACHE RAPPI FUNDO DE INVESTIMENTO EM DIREITOS CREDITÓRIOS - RESPONSABILIDADE LIMITADA,61975703000120,62021639.74,0.0,62021639.74,68114624.08,0.9105480735995277
EXPOBAND FUNDO DE INVESTIMENTO EM DIREITOS CREDITORIOS RESPONSABILIDADE LIMITADA,60309214000176,141514.48,61766200.8,61907715.279999994,92579639.75,0.6686968694971617
ST 2006 FUNDO DE INVESTIMENTOS EM DIREITOS CREDITÓRIOS DE  RESPONSABILIDADE LIMITADA,66733119000181,61768845.36,0.0,61768845.36,61782608.32,0.9997772356918193
SFT CI FUNDO DE INVESTIMENTO EM DIREITOS CREDITÓRIOS,52259540000198,27981738.2,33762590.53,61744328.730000004,74377943.89,0.8301429899879423
ANTARES FUNDO DE INVESTIMENTO EM DIREITOS CREDITORIOS - RESPONSABILIDADE LIMITADA,51852080000144,61742650.02,0.0,61742650.02,60388116.72,1.0224304610504833
BS2 PRECATÓRIOS FUNDO DE INVESTIMENTO EM DIREITOS CREDITÓRIOS,64919562000116,61710970.11,0.0,61710970.11,62529903.34,0.9869033344646778
SEVEN CRÉDITO ESTRUTURADO 360 FUNDO DE INVESTIMENTO EM DIREITOS CREDITÓRIOS - RESPONSABILIDADE LIMIT,60715499000145,61548978.75,0.0,61548978.75,343410226.07,0.17922873018188454
AEDGER FUNDO DE INVESTIMENTO EM DIREITOS CREDITÓRIOS NÃO PADRONIZADOS,57377862000155,61492019.19,0.0,61492019.19,61330271.7,1.0026373189864737
CHAVANTES FUNDO DE INVESTIMENTO EM DIREITOS CREDITÓRIOS RESPONSABILIDADE  LIMITADA,57740051000177,61371860.37,0.0,61371860.37,61272462.62,1.0016222254786207
PRECAVIDA EQI FUNDO DE INVESTIMENTO EM DIREITOS CREDITÓRIOS,63515403000193,61366513.21,0.0,61366513.21,66637917.47,0.9208948229456128
FRUCTUS FUNDO DE INVESTIMENTO EM  DIREITOS CREDITÓRIOS - RESPONSABILIDADE LIMITADA,62135992000111,5495680.15,55823745.65,61319425.8,70157252.07,0.8740283290858943
ARES ENYO FUNDO DE INVESTIMENTO EM DIREITOS CREDITÓRIOS DE RESPONSABILIDADE LIMITADA,62948345000129,61227586.39,0.0,61227586.39,93882720.88,0.6521709832873349
BONTEMPO FUNDO DE INVESTIMENTO EM DIREITOS CREDITÓRIOS DE RESPONSABILIDADE LIMITADA,54618084000150,61221977.7,0.0,61221977.7,65178265.14,0.939300510200723
SPESI I FUNDO DE INVESTIMENTO EM DIREITOS CREDITÓRIOS NÃO-PADRONIZADOS MULTISSETORIAL RESP LIMITADA,51292131000120,61084618.84,0.0,61084618.84,80680446.92,0.7571180028361697
CLM FUNDO DE INVESTIMENTO EM DIREITOS CREDITÓRIOS MULTISSETORIAL,18676987000124,0.0,60911206.04,60911206.04,67137289.95,0.9072634013878601
SIMONETTI FUNDO DE INVESTIMENTO EM DIREITOS CREDITÓRIOS,42556229000157,60087495.23,823490.2,60910985.43,62139208.34,0.9802343328341153
FIDC VALE CONSIGNADO FINANCEIRO RESP LIMITADA,61386747000114,60874969.7,0.0,60874969.7,67261860.77,0.9050443892440059
LOG FUNDO DE INVESTIMENTO EM DIREITOS CREDITÓRIOS- RESPONSABILIDADE LIMITADA,65621080000148,60745894.48,0.0,60745894.48,62957940.54,0.9648647010841375
EXES MÁQUINAS FUNDO DE INVESTIMENTO EM DIREITOS CREDITÓRIOS,42462162000191,0.0,60686493.39,60686493.39,63007728.64,0.9631595155054299
SONAR PRECATÓRIOS FUNDO DE INVESTIMENTO EM DIREITOS CREDITÓRIOS,37780694000137,60576885.38,0.0,60576885.38,68609137.68,0.8829273684000629
LARCA CONSIGNADO II FUNDO DE INVESTIMENTO EM DIREITOS CREDITÓRIOS - RESPONSABILIDADE LIMITADA,54634742000106,60396016.5,0.0,60396016.5,60838718.64,0.9927233487177862
CAPITALIZA FUNDO DE INVESTIMENTO EM DIREITOS CREDITÓRIOS DE RESPONSABILIDADE LIMITADA,55106451000108,60289956.03,0.0,60289956.03,60176891.6,1.0018788679008472
BELL FUNDO DE INVESTIMENTO EM DIREITOS CREDITÓRIOS,52766910000183,60190628.41,0.0,60190628.41,60156745.38,1.0005632457305653
FUNDO DE INVESTIMENTO EM DIREITOS CREDITÓRIOS PRECATÓRIOS SELECIONADOS I,09236210000158,60186372.65,0.0,60186372.65,60456315.85,0.9955349048944734
XP ADDEBITARE FUNDO DE INVESTIMENTO EM DIREITOS CREDITÓRIOS,53405628000133,60175706.72,0.0,60175706.72,64967739.46,0.9262398110226628
SANTA CLARA FUNDO DE INVESTIMENTO EM DIREITOS CREDITÓRIOS DE RESPONSABILIDADE LIMITADA,61134294000139,60154851.51,0.0,60154851.51,60924845.12,0.9873615828077463
ASA DISTRESSED FUNDO DE INVESTIMENTO EM DIREITOS CREDITÓRIOS NÃO-PADRONIZADOS,40063188000131,60042156.58,0.0,60042156.58,54648251.31,1.0987022483007243
MINEO FIDC RESPONSABILIDADE LIMITADA,57752893000149,60000000.0,0.0,60000000.0,60558921.17,0.9907706220784381
SETE QUATTRO FUNDO DE INVESTIMENTO EM DIREITOS CREDITÓRIOS CRÉDITO CORPORATIVO,63604811000111,0.0,59999297.03,59999297.03,67889652.86,0.8837767539293322
POLÍGONO MASTER PRO FUNDO DE INVESTIMENTO EM DIREITOS CREDITÓRIOS,55325522000155,0.0,59814310.35,59814310.35,227063726.01,0.2634252128293083
FOUR EVEN FUNDO DE INVESTIMENTO EM DIREITOS CREDITÓRIOS NÃO PADRONIZADOS,41391208000166,59793284.88,0.0,59793284.88,37234320.23,1.605864818013357
BS INTER FUNDO DE INVESTIMENTO EM DIREITOS CREDITÓRIOS NÃO- PADRONIZADOS MULTISSETORIAL,36875515000182,58748916.93,1013641.37,59762558.3,87598483.86,0.682232792927245
BLACK BELT FUNDO DE INVESTIMENTO EM DIREITOS CREDITÓRIOS RESPONSABILIDADE LIMITADA,27643856000131,59744317.52,0.0,59744317.52,60861485.25,0.9816440935443652
SQUARE FUNDO DE INVESTIMENTO EM DIREITOS CREDITÓRIOS,46191210000105,36744436.24,22818496.31,59562932.55,112664748.65,0.5286740818553275
TERA PERFORMANCE FUNDO DE INVESTIMENTO EM DIREITOS CREDITÓRIOS MULTISSETORIAL LP,40155056000130,3668439.75,55821851.09,59490290.84,69553455.11,0.8553175503059492
AF6 FUNDO DE INVESTIMENTO EM DIREITOS CREDITÓRIOS NÃO-PADRONIZADO,51774918000129,51879020.89,6991502.36,58870523.25,61691374.05,0.954274793786993
FUNDO DE INVESTIMENTO EM DIREITOS CREDITÓRIOS MT CARTÃO CONSIGNADO I,58188881000104,0.0,58831617.15,58831617.15,68107152.92,0.8638096679669575
QUINTO ANDAR FUNDO DE INVESTIMENTO EM DIREITOS CREDITÓRIOS DE RESPONSABILIDADE LIMITADA,37980187000147,58791561.42,0.0,58791561.42,66250848.21,0.8874084333780033
BTZ FUNDO DE INVESTIMENTO EM DIREITOS CREDITÓRIOS RESPONSABILIDADE LIMITADA,41755875000180,858137.46,57892676.0,58750813.46,72089358.14,0.8149720704393554
NACIONAL 2 FUNDO DE INVESTIMENTO EM DIREITOS CREDITORIOS DE RESPONSABILIDADE LIMITADA,61753889000172,58676802.56,0.0,58676802.56,65847054.45,0.8911074770179033
BEM BARATO FUNDO DE INVESTIMENTO EM DIREITOS CREDITÓRIOS,53604320000117,50560711.3,8100000.0,58660711.3,58728466.41,0.9988462986666979
AURI FUNDO DE INVESTIMENTO EM DIREITOS CREDITÓRIOS RESPONSABILIDADE LIMITADA,26452257000178,37262350.8,21245610.9,58507961.699999996,61376674.17,0.9532605422370346
K-FUNDO DE INVESTIMENTO EM DIREITOS CREDITÓRIOS - RESP LIMITADA CRÉDITO PESSOAL,45963673000185,58427047.45,0.0,58427047.45,62757211.36,0.9310013332944245
BELA VISTA FUNDO DE INVESTIMENTO EM DIREITOS CREDITÓRIOS - RESPONSABILIDADE LIMITADA,50640401000184,0.0,58276637.56,58276637.56,66799228.75,0.872414826496032
ST 2004 FUNDO DE INVESTIMENTO EM DIREITOS CREDITÓRIOS RESPONSABILIDADE LIMITADA,65343721000140,58121403.27,0.0,58121403.27,67326049.87,0.8632825389611707
GRATIAM FLOW FUNDO DE INVESTIMENTO EM DIREITOS CREDITÓRIOS MULTISSETORIAL RESPONSABILIDADE LIMITADA,46929994000126,58085166.08,0.0,58085166.08,59617032.03,0.974304894124398
SANREMO FUNDO DE INVESTIMENTO EM DIREITOS CREDITÓRIOS,54996578000179,58073728.28,0.0,58073728.28,61231191.9,0.9484337390466508
FLUXASSET FUNDO DE INVESTIMENTO EM DIREITOS CREDITÓRIOS MULTISSETORIAL,11261368000120,10051835.81,47786461.42,57838297.230000004,63484445.64,0.9110624917161992
MURALE FUNDO DE INVESTIMENTO EM DIREITOS CREDITÓRIOS,64415486000101,56035402.33,1784266.68,57819669.01,64581043.83,0.8953040332113814
FUNDO DE INVESTIMENTOS EM DIREITOS CREDITÓRIOS GCB CRÉDITO MULTIESTRATÉGIA II RESP LIMITADA,64447553000170,57788150.02,0.0,57788150.02,58144593.54,0.9938697048461645
FIDUSSIA - FUNDO DE INVESTIMENTO EM DIREITOS CREDITÓRIOS NÃO PADRONIZADOS,18392964000198,0.0,57653328.18,57653328.18,51092465.98,1.1284115392388427
ZANDVOORT FUNDO DE INVESTIMENTO EM DIREITOS CREDITÓRIOS NÃO PADRONIZADOS,57679175000194,57564186.02,0.0,57564186.02,57433638.58,1.002273013572319
FUTEBOL FUNDO DE INVESTIMENTO EM DIREITOS CREDITÓRIOS RESPONSABILIDADE LIMITADA,60960463000127,57344097.03,0.0,57344097.03,66878710.51,0.8574342506413257
FUNDO DE INVESTIMENTO EM DIREITOS CREDITÓRIOS BB CONSÓRCIOS RESPONSABILIDADE LIMITADA,58486398000106,57155813.1,0.0,57155813.1,71042998.84,0.8045242181952915
ATLÂNTICO CORPORATE FUNDO DE INVESTIMENTO EM DIREITOS CREDITÓRIOS NÃO - PADRONIZADOS,32156003000105,57040542.77,0.0,57040542.77,50487103.09,1.129804232742719
HT3 FUNDO DE INVESTIMENTO EM DIREITOS CREDITÓRIOS  RESPONSABILIDADE LIMITADA,28296597000182,57018235.98,0.0,57018235.98,57311583.88,0.9948815251622739
SALUS - FUNDO DE INVESTIMENTO EM DIREITOS CREDITÓRIOS RESPONSABILIDADE LIMITADA,59224026000166,56982430.02,0.0,56982430.02,57201492.17,0.9961703420367259
COBUCCIO FUNDO DE INVESTIMENTO EM DIREITOS CREDITÓRIOS CONSIGNADO PRIVADO - RESP LIMITADA,64352617000159,56899707.61,0.0,56899707.61,64094429.03,0.8877481002813451
AGHI FUNDO DE INVESTIMENTO EM DIREITOS CREDITÓRIOS NÃO-PADRONIZADOS,28549975000192,56890896.33,0.0,56890896.33,58794361.46,0.9676250394981328
METROPOLITANA ATIVOS FUNDO DE INVESTIMENTO EM DIREITOS CREDITÓRIOS MULTISSETORIAL,18114024000137,53940666.52,2734688.98,56675355.5,69280726.56,0.8180537115313994
NXFS FUNDO DE INVESTIMENTO EM DIREITOS CREDITÓRIOS - RESPONSABILIDADE LIMITADA,65788078000168,56620315.53,0.0,56620315.53,72073142.63,0.7855952087543931
F18 FUNDO DE INVESTIMENTO EM DIREITOS CREDITÓRIOS,52259591000110,0.0,56522280.86,56522280.86,58386946.58,0.9680636541346602
BRIT FUNDO DE INVESTIMENTO EM DIREITOS CREDITÓRIOS,34691408000179,56444363.11,0.0,56444363.11,56665580.94,0.9960960811425504
FIDC DE LOCAÇÃO DE VEÍCULOS KOVI I RESPONSABILIDADE LIMITADA,38137153000158,56436746.96,0.0,56436746.96,56127937.47,1.0055018855835396
ARP CRÉDITO FUNDO DE INVESTIMENTO EM DIREITOS CREDITÓRIOS RESPONSABILIDADE LIMITADA,54272451000107,56427477.0,0.0,56427477.0,72915726.02,0.7738725248998076
ITAÚ SONETO III CRÉDITO PRIVADO FUNDO DE INVESTIMENTO EM DIREITOS CREDITÓRIOS RESP LIMITADA,61285889000195,56375991.03,0.0,56375991.03,297671343.4,0.1893900514106391
OBSIDE FUNDO DE INVESTIMENTO EM DIREITOS CREDITORIOS,36566311000160,56372592.14,0.0,56372592.14,56313725.91,1.0010453264998675
BONA FIDE - FUNDO DE INVESTIMENTO EM DIREITOS CREDITÓRIOS NÃO PADRONIZADOS RESPONSABILIDADE LIMITADA,58944590000190,56340532.06,0.0,56340532.06,62279620.51,0.9046383327103547
EVOLUT FUNDO DE INVESTIMENTO EM DIREITOS CREDITÓRIOS MULTISSETORIAL,27326119000105,4109939.92,52094699.71,56204639.63,69991285.7,0.8030233916677431
FIDELIS FUNDO DE INVESTIMENTO EM DIREITOS CREDITÓRIOS,63442029000143,56087749.68,0.0,56087749.68,56027465.85,1.0010759692426816
FUNDO DE INVESTIMENTO EM DIREITOS  CREDITÓRIOS PREMIUM SOLIS - RESPONSABILIDADE LIMITADA,13039712000166,6102872.83,49882236.49,55985109.32,64340720.32,0.8701349478457315
AMPLIC FUNDO DE INVESTIMENTO EM DIREITOS CREDITÓRIOS,32933119000103,55981370.92,0.0,55981370.92,63465400.97,0.8820770067530546
FUNDO DE INVESTIMENTO EM DIREITOS CREDITÓRIOS NEXA CITRINO - RESPONSABILIDADE LIMITADA,66571503000125,55975339.91,0.0,55975339.91,55973793.41,1.0000276290011054
CONDOCONTA FUNDO DE INVESTIMENTO EM DIREITOS CREDITÓRIOS,44395545000110,55918442.03,2986.99,55921429.02,42888201.2,1.3038884228140581
INUIT FUNDO DE INVESTIMENTO EM DIREITOS CREDITÓRIOS,47425691000139,0.0,55807773.63,55807773.63,55976597.06,0.9969840354922068
ECO MULTI COMMODITIES FIDC AGROPECUARIOS,09009924000123,55780585.61,0.0,55780585.61,56563787.96,0.9861536439081157
BDI NPL FUNDO DE INVESTIMENTO EM DIREITOS CREDITÓRIOS DE RESPONSABILIDADE LIMITADA,31405473000100,55720150.53,0.0,55720150.53,55536218.45,1.0033119302165954
RED WOOD FUNDO DE  INVESTIMENTO EM DIREITOS CREDITÓRIOS NÃO PADRONIZADOS RESPONSABILIDADE  LIMITADA,61909085000110,15926118.2,39768036.08,55694154.28,56997679.08,0.9771302126500552
CORAL FUNDO DE INVESTIMENTO EM DIREITOS CREDITÓRIOS,58114311000161,55479611.27,0.0,55479611.27,55679885.58,0.9964031120410216
ITAÚ HIMALAIA PRIVATE MARKETS FUNDO DE INVESTIMENTO EM DIREITOS CREDITÓRIOS RESPONSABILIDADE LIMITAD,53823295000162,55239570.06,0.0,55239570.06,316605115.85,0.1744746603721059
MIDCARD FUNDO DE INVESTIMENTO EM DIREITOS CREDITÓRIOS RESPONSABILIDADE LIMITADA,55676289000155,55176431.04,0.0,55176431.04,70702525.78,0.7804025447646461
DOLPHIN FUNDO DE INVESTIMENTO EM DIREITOS CREDITÓRIOS - RESPONSABILIDADE LIMITADA,57334752000106,55015200.0,0.0,55015200.0,55089279.36,0.9986552853683944
DVNP FUNDO DE INVESTIMENTO EM DIREITOS CREDITÓRIOS NÃO PADRONIZADOS DE RESPONSABILIDADE ILIMITADA,44900271000179,55000000.0,0.0,55000000.0,54670659.65,1.0060240785845356
CREDX FUNDO DE INVESTIMENTO EM DIREITOS CREDITÓRIOS,48313744000192,54901714.84,0.0,54901714.84,70370368.63,0.7801822828109293
DELTA ENERGIA PRÉ-PAGAMENTO I - FIDC DE RESPONSABILIDADE LIMITADA,34644098000131,0.0,54884632.18,54884632.18,54948857.33,0.9988311831561066
CLASSE ÚNICA DE COTAS DO ST 1016 FUNDO DE INVESTIMENTO EM DIREITOS CREDITÓRIOS RESP LIMITADA,58488141000185,54644852.94,0.0,54644852.94,54666545.02,0.9996031927755437
VIP II FGTS FUNDO DE INVESTIMENTO EM DIREITOS CREDITORIOS DE RESPONSABILIDADE LIMITADA,60026040000134,0.0,54592627.54,54592627.54,58252875.46,0.9371662275708029
ALBAREDO FUNDO DE INVESTIMENTO EM DIREITOS CREDITÓRIOS RESPONSABILIDADE ILIMITADA,53073677000116,52640372.18,1861561.51,54501933.69,59040477.81,0.9231282623659376
BEFLY FUNDO DE INVESTIMENTO EM DIREITOS CREDITÓRIOS RESPONSABILIDADE LIMITADA,59356952000195,54237239.49,0.0,54237239.49,65120262.59,0.8328780833007388
SIMPALA ÁRTICO FEDERAL FIDC FINANCEIRO RESPONSABILIDADE LIMITADA,60010893000188,54199395.37,0.0,54199395.37,63771714.23,0.8498971060198204
BTG EMPRESAS FUNDO DE INVESTIMENTO EM DIREITOS CREDITÓRIOS,55521594000178,54161897.35,0.0,54161897.35,67303088.45,0.8047460911134457
AG 42 - FUNDO DE INVESTIMENTO EM DIREITOS CREDITÓRIOS,28065338000140,54035438.5,0.0,54035438.5,41710718.58,1.2954808821229375
CACO3 II FUNDO DE INVESTIMENTO EM DIREITOS CREDITÓRIOS DE RESPONSABILIDADE LIMITADA,57584003000137,54013658.87,0.0,54013658.87,82904582.44,0.6515159630541648
FUNDO DE INVESTIMENTO EM DIREITOS CREDITÓRIOS ANGÁ SABEMI CONSIGNADOS VI - RESPONSABILIDADE LIMITADA,25248974000110,0.0,53877956.35,53877956.35,56139932.1,0.9597082563981227
NANBAN II FUNDO DE INVESTIMENTO EM DIREITOS CREDITÓRIOS RESPONSABILIDADE LIMITADA,46073588000104,50257819.89,3577713.28,53835533.17,55073782.32,0.9775165405781413
QUATA ARCEL NPL I FUNDO DE INVESTIMENTO EM DIREITOS CREDITORIOS NÃO PADRONIZADOS,30332581000120,53804234.71,0.0,53804234.71,56797747.09,0.947295226776221
URBANO FUNDO DE INVESTIMENTO EM DIREITOS CREDITÓRIOS MULTISETORIAL,23773276000108,49093639.01,4545538.34,53639177.349999994,160242652.43,0.33473720346355096
DOMINUS WISE FUNDO DE INVESTIMENTO EM DIREITOS CREDITÓRIOS,62800204000164,53612188.29,0.0,53612188.29,38834134.3,1.380542897540528
ESTÍMULO BRASIL FUNDO DE INVESTIMENTO EM DIREITOS CREDITORIOS IS DE RESPONSABILIDADE LIMITADA,42336359000184,53560402.71,0.0,53560402.71,71355393.96,0.7506146310400107
CHIMERA ALTERNATIVE ASSETS VIII FUNDO DE INVESTIMENTO EM DIREITOS CREDITÓRIOS NP DE RESP LIMITADA,54875483000105,53548453.95,0.0,53548453.95,53640789.96,0.9982786232255555
AXIS RENOVÁVEIS FUNDO DE INVESTIMENTO EM DIREITOS CREDITÓRIOS,35817199000120,53542232.07,0.0,53542232.07,53696578.03,0.99712559038839
RM 2 FUNDO DE INVESTIMENTO EM DIREITOS CREDITÓRIOS NÃO PADRONIZADO,55466785000184,53208601.96,0.0,53208601.96,53328292.99,0.9977555810754631
DESKONT FUNDO DE INVESTIMENTO EM DIREITOS CREDITÓRIOS,33512447000107,53190860.37,0.0,53190860.37,67607868.97,0.7867554647167279
FUNDO DE INVESTIMENTO EM DIREITOS CREDITÓRIOS FINANCEIROS DE RESPONSABILIDADE LIMITADA DMCARD,32101535000145,53176442.25,0.0,53176442.25,54326229.06,0.9788355122397666
ITAPIRA FUNDO DE INVESTIMENTO EM DIREITOS CREDITÓRIOS,55559261000138,53148079.48,0.0,53148079.48,54368147.46,0.9775591401031709
CASA DO PRECATÓRIO I FUNDO DE INVESTIMENTO EM DIREITOS CREDITÓRIOS PODER PÚBLICO RL,46231978000165,53088990.6,0.0,53088990.6,62788722.52,0.8455179285275256
LEPTA SPECIAL FUNDO DE INVESTIMENTO EM DIREITOS CREDITÓRIOS,55586406000190,9026355.68,44023521.58,53049877.26,57596211.31,0.9210653974177176
REASON X FUNDO DE INVESTIMENTO EM DIREITOS CREDITÓRIOS - RESPONSABILIDADE LIMITADA,55051705000120,52990456.28,0.0,52990456.28,57332412.5,0.924266989113706
VLTZ I FUNDO DE INVESTIMENTO EM DIREITOS CREDITÓRIOS NÃO PADRONIZADO,43143355000142,52870824.12,0.0,52870824.12,63689379.59,0.8301356436560634
RIVER II FUNDO DE  INVESTIMENTO EM DIREITOS CREDITÓRIOS NÃO-PADRONIZADOS  RESPONSABILIDADE LIMITADA,49176545000142,52865684.57,0.0,52865684.57,32348816.08,1.634238620642589
CREDI PLUS FUNDO DE INVESTIMENTO EM DIREITOS CREDITÓRIOS,53145978000108,52854140.22,0.0,52854140.22,64760314.58,0.8161501463169699
FUNDO DE INVESTIMENTO EM DIREITOS CREDITÓRIOS XPCE SECURITIZAÇÃO,31216568000178,52854023.99,0.0,52854023.99,115215198.7,0.4587417683288689
FUNDO DE INVESTIMENTO EM DIREITOS CREDITÓRIOS FISERV - RESPONSABILIDADE LIMITADA,34661403000101,0.0,52847543.56,52847543.56,58397851.2,0.9049569885544008
KRONOS PERFORMANCE FUNDO DE INVESTIMENTO EM DIREITOS CREDITÓRIOS DE RESPONSABILIDADE LIMITADA,57704202000131,52784270.38,0.0,52784270.38,53568407.95,0.9853619399939624
CRÉDITO ENERGIA FUNDO DE INVESTIMENTO EM DIREITOS CREDITÓRIOS RESPONSABILIDADE LIMITADA,40211648000121,52761237.14,0.0,52761237.14,53032270.13,0.9948892817649403
FICRED FUNDO DE INVESTIMENTO EM DIREITOS CREDITÓRIOS,53996774000180,52616769.22,0.0,52616769.22,52696510.0,0.9984867920095657
WONE ATIVOS JUDICIAIS FUNDO DE INVESTIMENTO EM DIREITOS CREDITORIOS NAO-PADRONIZADOS,40319383000180,52590119.7,0.0,52590119.7,74140325.05,0.7093321976203018
VERTIGO FUNDO DE INVESTIMENTO EM DIREITOS CREDITÓRIOS MULTISEGMENTOS,09221411000181,11566535.36,41019531.51,52586066.87,59618554.37,0.8820419653862197
CONCRETO PIX FUNDO DE INVESTIMENTO EM DIREITOS CREDITÓRIOS  RESPONSABILIDADE LIMITADA,61784023000129,52504855.08,0.0,52504855.08,50110384.91,1.047783910945816
RAYO FUNDO DE INVESTIMENTO EM DIREITOS CREDITÓRIOS,58533096000133,43308872.77,9148954.22,52457826.99,59560285.51,0.8807517717690001
STORRBERG FUNDO DE INVESTIMENTO EM DIREITOS CREDITÓRIOS DE RESPONSABILIDADE LIMITADA,57333077000109,52420563.11,0.0,52420563.11,55118210.8,0.9510570526356781
JIF CRÉDITOS II PFN - FUNDO DE INVESTIMENTO EM DIREITOS CREDITÓRIOS,65344431000110,52366145.49,0.0,52366145.49,138958808.6,0.37684653472194496
RÉGIA DESENVOLVE SP FUNDO DE INVESTIMENTO EM DIREITOS CREDITÓRIOS IS DO AGRONEGÓCIO,58594307000148,52365472.98,0.0,52365472.98,70376581.53,0.7440752568761491
XP FUNDO DE INVESTIMENTO EM DIREITOS CREDITÓRIOS CRÉDITO IMOBILIÁRIO RESPONSABILIDADE LIMITADA,60292446000169,52283123.97,0.0,52283123.97,62158112.7,0.8411311363705545
Z INVEST FUNDO DE INVESTIMENTO EM DIREITOS CREDITÓRIOS  RESPONSABILIDADE ILIMITADA,53160371000105,52263581.79,0.0,52263581.79,52249369.86,1.0002720019406566
ALVORADA I FUNDO DE INVESTIMENTO EM DIREITOS CREDITÓRIOS,50434429000165,5224476.17,46957272.94,52181749.11,58578630.41,0.8907983806513171
ALGARVE BETA FUNDO DE INVESTIMENTO EM DIREITOS CREDITÓRIOS,52511479000124,52082999.58,0.0,52082999.58,52686355.03,0.9885481648966521
FUNDO DE INVESTIMENTO EM DIREITOS CREDITÓRIOS CREDIBLUE-GENIAL,32311976000171,52024998.14,0.0,52024998.14,59727662.8,0.871036898165719
CVPAR NC FUNDO DE  INVESTIMENTO EM DIREITOS CREDITÓRIOS RESPONSABILIDADE LIMITADA,58426775000103,52023277.46,0.0,52023277.46,51990254.18,1.0006351821225121
SMT AGRO FUNDO DE INVESTIMENTO EM DIREITOS CREDITÓRIOS DE  RESPONSABILIDADE LIMITADA,56197290000160,51997828.14,0.0,51997828.14,62062683.96,0.8378275772525904
PAIOL FUNDO DE INVESTIMENTO EM DIREITOS  CREDITÓRIOS,64168221000156,0.0,51881584.33,51881584.33,52298604.2,0.9920261759108285
FUNDO DE INVESTIMENTO EM DIREITOS CREDITORIOS MULTISETORIAL PROSPECTA LP,08930397000122,9428264.88,42271383.76,51699648.64,56323566.24,0.9179043887189768
CANAL 78 FUNDO DE INVESTIMENTO EM DIREITOS CREDITÓRIOS NÃO PADRONIZADOS,39617894000107,51684022.79,0.0,51684022.79,51543021.0,1.0027356136148868
ESTRATÉGIA ATIVOS JUDICIAIS IV - FUNDO DE INVESTIMENTO EM DIREITOS CREDITÓRIOS,42513856000100,51629367.15,0.0,51629367.15,56188237.49,0.9188643291968117
AURA FUNDO DE INVESTIMENTO EM DIREITOS CREDITÓRIOS - RESPONSABILIDADE LIMITADA,61135235000185,51562684.62,0.0,51562684.62,56425378.94,0.9138207946255753
ERGA OMNES II FUNDO DE INVESTIMENTO EM DIREITOS CREDITÓRIOS NÃO-PADRONIZADO,54105228000175,51496842.17,0.0,51496842.17,51296794.93,1.0038997999830785
MARINO INVEST FUNDO DE INVESTIMENTO EM DIREITOS CREDITÓRIOS  NÃO-PADRONIZADOS RESP LIMITADA,28240255000140,6277143.4,45159894.01,51437037.41,87391303.9,0.5885830181554254
FP POLO PETROS 2 RECUPERAÇÃO DE CRÉDITO FUNDO DE INVESTIMENTO EM DIREITOS CREDITÓRIOS,21397791000105,51405544.51,0.0,51405544.51,52430984.09,0.9804421069373828
PBL CREDITOS JUDICIAIS FUNDO DE INVESTIMENTO EM DIREITOS CREDITÓRIOS DE RESPONSABILIDADE LIMITADA,61670371000175,51344777.54,0.0,51344777.54,56958667.15,0.9014392384706635
ARTESANAL CP AUTO FUNDO DE INVESTIMENTO EM DIREITOS CREDITÓRIOS - RESPONSABILIDADE LIMITADA,47463403000130,51280491.6,0.0,51280491.6,53441092.04,0.9595704287183575
FUNDO DE INVESTIMENTO EM DIREITOS CREDITORIOS GO KENERSON RESPONSABILIDADE LIMITADA,40782833000176,51226673.57,0.0,51226673.57,53607894.73,0.9555807745856616
AMYX FUNDO DE INVESTIMENTO EM DIREITOS CREDITÓRIOS,59092306000168,0.0,51199786.98,51199786.98,51398371.75,0.9961363606815035
DTB TOWERS INFRA FUNDO DE INVESTIMENTO EM DIREITOS CREDITÓRIOS RESPONSABILIDADE LIMITADA,64276709000105,51196011.02,0.0,51196011.02,51581362.82,0.9925292435303671
VENTURA FUNDO DE INVESTIMENTO EM DIREITOS CREDITÓRIOS,22753713000169,4932808.99,46180085.42,51112894.410000004,67674648.5,0.7552738808831789
ESTRUTURADO FUNDO DE INVESTIMENTO EM DIREITOS CREDITÓRIOS,38305947000183,51106194.82,0.0,51106194.82,53258000.06,0.9595965819674829
CORES I FUNDO DE INVESTIMENTO EM DIREITOS CREDITÓRIOS,47629727000104,50971140.05,0.0,50971140.05,52134046.56,0.9776939143087303
FACIO 3 FUNDO DE INVESTIMENTO EM DIREITOS CREDITÓRIOS RESPONSABILIDADE LIMITADA,60736775000151,50963158.03,0.0,50963158.03,52120538.31,0.9777941610442281
4P FUNDO DE INVESTIMENTO EM DIREITOS CREDITÓRIOS  RESPONSABILIDADE LIMITADA,59473971000100,8429933.49,42479280.26,50909213.75,58692164.95,0.8673936937471923
PRIORITY FUNDO DE INVESTIMENTO EM DIREITOS CREDITÓRIOS,56147999000150,50835613.63,0.0,50835613.63,55660578.76,0.9133144994628152
PROA FUNDO DE INVESTIMENTO EM DIREITOS CREDITÓRIOS MULTISSETORIAL,26913809000106,989143.89,49805470.25,50794614.14,51398548.42,0.9882499740057834
FUNDO DE INVESTIMENTO EM DIREITOS CREDITÓRIOS SPECIAL 2 DE RESPONSABILIDADE LIMITADA,64024849000188,50633405.11,0.0,50633405.11,256845872.9,0.1971353658063781
VELSO  FUNDO DE INVESTIMENTO EM DIREITOS CREDITÓRIOS DE RESPONSABILIDADE LIMITADA,42479713000120,50601689.16,0.0,50601689.16,60894707.95,0.8309702248929169
GLOBALCASH FUNDO DE INVESTIMENTO EM DIREITOS CREDITORIOS MULTISSETORIAL - RESPONSABILIDADE  LIMITA,21053720000195,6433792.1,44144708.05,50578500.15,54965357.22,0.9201886917164659
JGP SPECIAL SITUATIONS V FUNDO DE INVESTIMENTO EM DIREITOS CREDITÓRIOS - RESPONSABILIDADE LIMITADA,66685178000121,50500000.0,0.0,50500000.0,54575368.23,0.9253258683876406
FUNDO DE INVESTIMENTOS EM DIREITOS CREDITÓRIOS GCB CRÉDITO MULTIESTRATÉGIA RESPONSABILIDADE LIMITADA,54083491000100,50361242.94,0.0,50361242.94,56164343.78,0.8966764240541795
MPA FUNDO DE INVESTIMENTO EM DIREITOS CREDITÓRIOS NÃO PADRONIZADOS,57456281000109,50314095.59,0.0,50314095.59,105935308.52,0.47495114039811365
IGUANA FUNDO DE INVESTIMENTO EM DIREITOS CREDITÓRIOS,12712606000139,36009761.13,14269150.0,50278911.13,56986175.36,0.8823001510870303
FORTEZZA FUNDO DE INVESTIMENTO EM DIREITOS CREDITÓRIOS CRÉDITO CORPORATIVO,63606839000198,50270688.45,0.0,50270688.45,50201475.26,1.0013787082877852
SEPTEM FUNDO DE INVESTIMENTO EM DIREITOS CREDITÓRIOS RESPONSABILIDADE  ILIMITADA,64151892000104,50151528.55,0.0,50151528.55,12425982.87,4.036021059636307
BOCAINA VD FUNDO DE INVESTIMENTO EM DIREITOS CREDITÓRIOS DE RESPONSABILIDADE LIMITADA,46322902000145,50131840.47,0.0,50131840.47,50096334.83,1.0007087472590657
HAWK FUNDO DE INVESTIMENTO EM DIREITOS CREDITÓRIOS NÃO  PADRONIZADOS,41575962000156,47930614.35,2178620.93,50109235.28,57418025.79,0.8727091290680895
LC2M FUNDO DE INVESTIMENTO EM DIREITOS CREDITÓRIOS - DE RESPONSABILIDADE LIMITADA,63677254000169,0.0,50053467.46,50053467.46,56436204.07,0.8869035096321637
MARGEM MASTER FUNDO DE  INVESTIMENTO EM DIREITOS CREDITÓRIOS DE RESPONSABILIDADE LIMITADA,66733060000121,50000000.0,0.0,50000000.0,50202448.6,0.9959673560623893
AXIUM CAPITAL FUNDO DE INVESTIMENTO EM DIREITOS  CREDITÓRIOS NP - RESPONSABILIDADE LIMITADA,48213143000108,35294173.27,14675680.73,49969854.0,52791311.04,0.9465545184535732
GRANA TECH CRÉDITO POPULAR FUNDO DE INVESTIMENTO EM DIREITOS CREDITÓRIOS FINANCEIRO - RESP LIMITADA,51254064000150,49868379.8,0.0,49868379.8,50233110.67,0.9927392338412794
RVC FUNDO DE INVESTIMENTO EM DIREITOS CREDITÓRIOS NÃO-PADRONIZADOS,46098515000177,49849722.83,0.0,49849722.83,58607821.35,0.8505643390547224
ID 112 FUNDO DE INVESTIMENTO EM DIREITOS CREDITÓRIOS NÃO-PADRONIZADOS,45899745000172,49697166.82,0.0,49697166.82,49703298.87,0.9998766269012438
IC PRECATÓRIOS ESTADUAIS II FUNDO DE INVESTIMENTO EM DIREITOS CREDITÓRIOS - DE RESP LTDA,53622208000109,49671366.53,0.0,49671366.53,50167278.6,0.9901148301474738
ITUPEVA FUNDO DE INVESTIMENTO EM DIREITOS CREDITÓRIOS,23033778000100,45168491.76,4435496.23,49603987.989999995,62643994.76,0.791839476074945
CROWN FUNDO DE INVESTIMENTO EM DIREITOS CREDITÓRIOS NÃO PADRONIZADOS,33823914000101,49538762.78,0.0,49538762.78,54752750.04,0.9047721391858695
SANTA BÁRBARA FUNDO DE  INVESTIMENTO EM DIREITOS CREDITÓRIOS MULTISSETORIAL- RESP  LIMITADA,44680424000110,49422466.19,0.0,49422466.19,49412635.04,1.0001989602455332
FUNDO DE INVESTIMENTO EM DIREITOS CREDITÓRIOS MÁQUINAS & SERVIÇOS,61184629000123,49371893.82,0.0,49371893.82,70293219.63,0.7023706422877931
WAY ENGELUZ FUNDO DE INVESTIMENTO EM DIREITOS CREDITÓRIOS RESPONSABILIDADE LIMITADA,45019002000160,46819809.37,2353091.48,49172900.849999994,56142194.26,0.8758635371869413
MOBILITAS FUNDO DE INVESTIMENTO EM DIREITOS CREDITÓRIOS - RESPONSABILIDADE LIMITADA,57270666000187,49170374.28,0.0,49170374.28,53019295.56,0.9274052731303396
POLO SPECIAL SITUATIONS VII FUNDO DE INVESTIMENTO EM DIREITOS CREDITÓRIOS - NÃO PADRONIZADO - RESPON,53823009000169,49043247.59,0.0,49043247.59,49104668.38,0.998749186339582
FUNDO DE INVESTIMENTO EM DIREITOS CREDITÓRIOS MULTISSETORIAL MILÊNIO RECEBÍVEIS LP,15578550000160,2109715.37,46901917.19,49011632.559999995,52948247.49,0.92565164822984
ALGARVE TETRA FUNDO DE INVESTIMENTO EM DIREITOS CREDITÓRIOS,52258572000179,48928543.63,0.0,48928543.63,51272578.61,0.9542828731546803
ZEUS FUNDO DE INVESTIMENTO EM DIREITOS CREDITÓRIOS,34691362000198,11474594.32,37446227.95,48920822.27,90714623.91,0.5392826444227498
INCOR CRED FUNDO DE INVESTIMENTO EM DIREITOS CREDITÓRIOS  RESPONSABILIDADE LIMITADA,63023974000100,3334280.64,45517478.48,48851759.12,50108143.37,0.9749265455572197
RIO BRAVO AGRO RECEBÍVEIS FUNDO DE INVESTIMENTO EM DIREITOS CREDITÓRIOS DE RESPONSABILIDADE LIMITADA,58033643000111,48789139.31,0.0,48789139.31,69334603.97,0.7036766133561576
DW CRÉDITOS FUNDO DE INVESTIMENTO EM DIREITOS CREDITÓRIOS,52856414000110,48573457.58,0.0,48573457.58,48577177.61,0.9999234202112386
NEO SÃO RAFAEL FUNDO DE INVESTIMENTO EM DIREITOS CREDITÓRIOS - RESPONSABILIDADE LIMITADA,62088020000113,0.0,48429831.1,48429831.1,48694915.8,0.9945562140185487
AGROMERCANTIL CRÉDITO AGRO FUNDO DE INVESTIMENTO EM DIREITOS CREDITÓRIOS - RESPONSABILIDADE LIMITADA,57752597000148,9919464.55,38428734.73,48348199.28,68736909.66,0.7033804621003382
GRUPOSC - FUNDO DE INVESTIMENTO EM DIREITOS CREDITÓRIOS,51388629000191,48247100.57,0.0,48247100.57,59351910.23,0.8128988668272557
BEB (BEM ESTAR BRASIL) FUNDO DE INVESTIMENTO EM DIREITOS CREDITÓRIOS DE RESPONSABILIDADE LIMITADA,63673464000189,48214451.92,0.0,48214451.92,58502639.09,0.8241414860930849
ADJUD I FUNDO DE INVESTIMENTOS EM DIREITOS CREDITÓRIOS,40676423000140,48198111.48,0.0,48198111.48,49075557.94,0.9821204995555471
NAVESA FUNDO DE INVESTIMENTO EM DIREITOS CREDITÓRIOS,51027087000121,48164940.38,0.0,48164940.38,48187084.68,0.9995404515515506
CMF FUNDO DE INVESTIMENTOS EM DIREITOS CREDITÓRIOS NÃO PADRONIZADOS MULTISSETORIAL LP,21081879000113,0.0,48054730.95,48054730.95,49711985.37,0.9666628800345579
ESTÍMULO RETOMADA RIO GRANDE DO SUL FIDC IS DE RESPONSABILIDADE LIMITADA,57340272000158,47838535.68,0.0,47838535.68,54850668.82,0.8721595690471655
MONTENEGRO FUNDO DE INVESTIMENTO EM DIREITOS CREDITÓRIOS NÃO PADRONIZADO,40617721000160,45449491.74,2387482.17,47836973.910000004,48001549.2,0.9965714587811678
MEDTECH CPV FUNDO DE INVESTIMENTO EM DIREITOS CREDITÓRIOS,52519160000145,47760483.32,0.0,47760483.32,49121825.54,0.9722864082302589
MULTIMAX FUNDO DE INVESTIMENTO EM DIREITOS CREDITÓRIOS - RESPONSABILIDADE LIMITADA,57204749000178,0.0,47663184.9,47663184.9,58358965.26,0.8167242974177434
EGM NP FUNDO DE INVESTIMENTO EM DIREITOS CREDITÓRIOS NÃO PADRONIZADOS MULTISSETORIAL,13416131000104,0.0,47364188.9,47364188.9,71113467.95,0.6660368319163092
INOVA CREDTECH VI FUNDO DE INVESTIMENTO EM DIREITOS CREDITÓRIOS - RESPONSABILIDADE LIMITADA,53129205000138,29849985.14,17455050.51,47305035.650000006,51733947.37,0.9143906091618234
GREENWOOD FUNDO DE INVESTIMENTO EM DIREITOS CREDITÓRIOS NÃO PADRONIZADOS,36399603000155,47291193.54,0.0,47291193.54,47774677.33,0.9898799151135994
OCCAM PORTFOLIO CRÉDITO FUNDO DE INVESTIMENTO EM DIREITOS CREDITÓRIOS DE RESPONSABILIDADE LIMITADA,59560195000177,47218404.23,0.0,47218404.23,123109892.55,0.38354679101699857
PRIMATO FUNDO DE INVESTIMENTO EM DIREITOS CREDITÓRIOS DO AGRONEGÓCIO DE RESPONSABILIDADE LIMITADA,55074368000196,47180622.14,0.0,47180622.14,53578061.88,0.8805959096779482
FUNDO DE INVESTIMENTO EM DIREITOS CREDITÓRIOS CV 01 RESPONSABILIDADE LIMITADA,47227461000165,47126661.47,0.0,47126661.47,47814147.04,0.9856217121383579
GROW FUNDO DE INVESTIMENTO EM DIREITOS CREDITÓRIOS,62390047000166,47121500.72,0.0,47121500.72,48664128.26,0.9683005204211584
FIDC FINANCEIROS FACTA CONSIGNADO INSS DE RESPONSABILIDADE LIMITADA,35946113000169,0.0,46999092.41,46999092.41,52485945.72,0.8954605231032502
QUANTHAS FUNDO DE INVESTIMENTO EM DIREITOS  CREDITÓRIOS MULTISSETORIAL - RESPONSABILIDADE LIMITADA,27531301000106,30516660.55,16157147.39,46673807.94,46156848.84,1.011200051844787
TRAPP FUNDO DE INVESTIMENTO EM DIREITOS CREDITÓRIOS INDUSTRIAIS DE RESPONSABILIDADE ILIMITADA,53358983000107,46659802.59,0.0,46659802.59,57464431.78,0.8119770986100578
IRLA FUNDO DE INVESTIMENTO EM DIREITOS CREDITORIOS MULTISSETORIAL,31772126000108,16212716.28,30392058.94,46604775.22,55713486.68,0.8365079623840911
MATRI INFINITY FUNDO DE INVESTIMENTO EM DIREITOS CREDITÓRIOS,55395204000160,46592833.71,0.0,46592833.71,47187887.04,0.9873897017364734
FUNDO DE INVESTIMENTO EM DIREITOS CREDITÓRIOS ALTERNATIVE ASSETS IV - E,47410134000144,46553868.4,0.0,46553868.4,64782699.71,0.7186157509396578
MULTI RECEBÍVEIS III FUNDO DE INVESTIMENTO EM DIREITOS CREDITÓRIOS MULTISEGMENTOS,29492868000138,18941163.54,27478154.08,46419317.62,50082085.51,0.9268647091529635
JACARANDÁ FUNDO DE INVESTIMENTO EM DIREITOS CREDITÓRIOS ECO INVEST BRASIL DE RESP LIMITADA,62837773000184,46403249.25,0.0,46403249.25,548942005.71,0.08453215233544055
EUCATEX FUNDO DE INVESTIMENTO EM DIREITOS CREDITÓRIOS INDUSTRIAIS DE RESPONSABILIDADE ILIMITADA,55984759000148,46372474.23,0.0,46372474.23,61819545.89,0.7501264132951397
FUNDO DE INVESTIMENTO EM DIREITOS CREDITÓRIOS SIGA ENERGIA DE RESPONSABILIDADE LIMITADA,42793689000107,0.0,46294726.49,46294726.49,49644881.49,0.9325176151206077
UNIQUE EON FUNDO DE INVESTIMENTO EM DIREITOS CREDITÓRIOS,64787056000110,0.0,46276404.71,46276404.71,72987533.69,0.6340316266411988
LIWE FUNDO DE INVESTIMENTO EM DIREITOS CREDITÓRIOS MULTISEGMENTO RESPONSABILIDADE LIMITADA,57363296000122,0.0,46220610.1,46220610.1,48872799.83,0.9457328055845906
ORIGINAL FUNDO DE INVESTIMENTO EM DIREITOS CREDITÓRIOS,57660765000175,0.0,46207944.63,46207944.63,58763326.53,0.7863398374224068
NR11 FUNDO DE INVESTIMENTO EM DIREITOS CREDITÓRIOS DE  RESPONSABILIDADE LIMITADA,55948310000124,46206667.04,0.0,46206667.04,46213809.75,0.999845442086713
ROCK AX FUNDO DE INVESTIMENTO EM DIREITOS CREDITÓRIOS,58363671000105,0.0,46040747.06,46040747.06,46092085.96,0.9988861667045281
MLC ISE FUNDO DE INVESTIMENTO EM DIREITOS CREDITÓRIOS - RESPONSABILIDADE LIMITADA,57391433000132,46018365.75,0.0,46018365.75,42692472.74,1.0779034990607106
WCAPITAL FUNDO DE INVESTIMENTO EM DIREITOS CREDITÓRIOS,49460350000120,28816734.25,17111122.2,45927856.45,59491519.16,0.7720067851432558
COMPROCRED FUNDO DE INVESTIMENTO EM DIREITOS CREDITÓRIOS MULTISEGMENTOS,17047287000108,2258419.29,43656136.99,45914556.28,50613201.39,0.9071656212023699
JC CRÉDITOS JUDICIAIS FUNDO DE INVESTIMENTO EM DIREITOS CREDITÓRIOS NÃO-PADRONIZADOS,34964344000132,45908835.91,0.0,45908835.91,45715993.29,1.0042182747463606
CITRINO TEMPO CAPTOR (CTC) FUNDO DE INVESTIMENTO EM DIREITOS CREDITÓRIOS RESPONSABILIDADE LIMITADA,52649689000183,45907658.73,0.0,45907658.73,46180681.57,0.9940879426046114
CRÉDITO IMOBILIÁRIO BL FUNDO DE INVESTIMENTO EM DIREITOS CREDITÓRIOS  DE RESPONSABILIDADE LIMITADA,61794035000134,45823579.13,0.0,45823579.13,62896780.22,0.7285520652999812
VERSATILE FUNDO DE INVESTIMENTO EM DIREITOS CREDITÓRIOS RESPONSABILIDADE LIMITADA,41609394000167,45727879.47,0.0,45727879.47,48075421.31,0.9511696044250433
VERDE AM II FUNDO DE INVESTIMENTO EM DIREITOS CREDITÓRIOS DE RESPONSABILIDADE LIMITADA,49409950000163,45718971.2,0.0,45718971.2,68642304.62,0.6660465649149995
MOMENTO PRECATÓRIOS I FUNDO DE INVESTIMENTO EM DIREITOS  CREDITÓRIOS DE RESPONSABILIDADE LIMITADA,50041229000142,45671739.52,0.0,45671739.52,55554639.88,0.8221048614238627
MACCABI FUNDO DE INVESTIMENTO EM DIREITOS CREDITÓRIOS DE RESPONSABILIDADE LIMITADA,35654828000148,45398999.52,49137.61,45448137.13,45620498.95,0.9962218339569475
THE ONE FUNDO DE INVESTIMENTO EM DIREITOS CREDITÓRIOS - RESPONSABILIDADE LIMITADA,55508226000190,45447200.58,0.0,45447200.58,47567189.28,0.9554317013031635
SIGULER GUFF (JUS BLC) 2A FUNDO DE INVESTIMENTO EM DIREITOS CREDITÓRIOS NÃO-PADRONIZADOS,13762574000149,45437290.94,0.0,45437290.94,45707267.3,0.9940933602915264
MUNDIAL  FUNDO DE INVESTIMENTO EM DIREITOS CREDITÓRIOS,46082740000115,0.0,45392651.11,45392651.11,46366941.13,0.9789873992923457
CALLIS FUNDO DE INVESTIMENTO EM DIREITOS CREDITÓRIOS,63735087000165,45267006.2,0.0,45267006.2,63068244.18,0.7177464156256776
FBS FUNDO DE INVESTIMENTO EM DIREITOS CREDITÓRIOS RESPONSABILIDADE LIMITADA,64125992000166,45195430.03,0.0,45195430.03,51986674.96,0.8693656608116335
FUNDO DE INVESTIMENTO EM DIREITOS CREDITÓRIOS BRASIL CONSIG,53165872000176,0.0,44959475.99,44959475.99,45478809.34,0.9885807619518475
FUNDO DE INVESTIMENTO EM DIREITOS CREDITÓRIOS IS SOLAR KOMPASS ENERGIA,38051251000178,0.0,44884819.35,44884819.35,45802597.08,0.9799623211671386
MERCANTIL DE CRÉDITO FUNDO DE INVESTIMENTO EM DIREITOS CREDITÓRIOS MULTI OPEN I,26199650000100,10303494.24,34548759.96,44852254.2,44750933.9,1.0022640935321354
FUNDO DE INVESTIMENTO EM DIREITOS CREDITÓRIOS GENIAL MULTI CONSIGNADOS II  RESPONSABILIDADE LIMITADA,61289833000109,44761259.59,0.0,44761259.59,45852308.1,0.9762051561805676
SP SELECIONADOS I FUNDO DE INVESTIMENTO EM DIREITOS CREDITÓRIOS - RESPONSABILIDADE LIMITADA,54410544000150,44710097.22,0.0,44710097.22,44806919.14,0.9978391301643061
FUNDO DE INVESTIMENTO EM DIREITOS CREDITÓRIOS CRÉDITO NITRO AGRO II - RESPONSABILIDADE LIMITADA,62313140000177,44658693.66,0.0,44658693.66,63629242.66,0.7018580104533338
LAVORO MULTICRÉDITO II FUNDO DE INVESTIMENTO EM DIREITOS CREDITÓRIOS MULTISEGMENTOS,49508860000120,0.0,44487604.83,44487604.83,48557581.37,0.9161824698601129
IGNIS CAPITAL FUNDO DE INVESTIMENTO EM DIREITOS CREDITÓRIOS,47847076000110,6704702.6,37749052.09,44453754.690000005,48333808.37,0.9197238162923599
VEGA SPECIAL OPPORTUNITIES GLOBAL FI EM DIREITOS CREDITÓRIOS NÃO PADRONIZADOS RESP LIMITADA,66148387000136,0.0,44435984.42,44435984.42,97209755.92,0.4571144531683544
FUNDO DE INVESTIMENTO EM DIREITOS CREDITÓRIOS ANGÁ MULTIESTRATÉGIA I DE  RESPONSABILIDADE LIMITADA,28796939000123,44421534.7,0.0,44421534.7,63281647.42,0.7019655225657209
K2 FUNDO DE INVESTIMENTO EM DIREITOS CREDITÓRIOS,55993250000161,14193821.13,30128535.73,44322356.86,45863174.66,0.9664040308717696
VOLUS FUNDO DE  INVESTIMENTO EM DIREITOS CREDITÓRIOS NÃO-PADRONIZADOS  RESPONSABILIDADE LIMITADA,45899460000131,10504244.47,33736837.57,44241082.04,44581102.67,0.9923729874400614
PANGU FUNDO DE INVESTIMENTO EM DIREITOS CREDITÓRIOS MULTISSETORIAL - NÃO PADRONIZADOS,20953316000105,1003733.57,43223507.1,44227240.67,46044954.85,0.9605230543515236
GRUPO CASAS BAHIA FUNDO DE INVESTIMENTO EM DIREITOS CREDITÓRIOS,52667588000135,44223258.06,0.0,44223258.06,164893557.73,0.26819275821807453
COBUCCIO I FIDC - SEGMENTO MEIOS DE PAGAMENTO RESPONSABILIDADE LIMITADA.,60871114000139,44152572.57,0.0,44152572.57,53306839.43,0.8282721887494203
LESTE HIGH YIELD FIDC DE RESPONSABILIDADE LIMITADA,42085799000106,44127072.89,0.0,44127072.89,53873327.94,0.8190894191490335
FUNDO DE INVESTIMENTO EM DIREITOS CREDITÓRIOS EMPÍRICA MEZZO SAÚDE,34475955000117,0.0,43995608.63,43995608.63,44435051.86,0.9901104373325694
BPD CONSIGNADO FUNDO DE INVESTIMENTO EM DIREITOS CREDITÓRIOS,40265649000159,43894789.19,0.0,43894789.19,44402924.27,0.9885562699224448
ATHENAS FUNDO DE INVESTIMENTO EM DIREITOS CREDITÓRIOS,56886293000100,17476469.28,26409069.71,43885538.99,48352562.34,0.9076155815985656
FUNDO DE INVESTIMENTO EM DIREITOS CREDITÓRIOS ALUMIE,30143979000118,0.0,43781021.28,43781021.28,57180258.36,0.7656667272183343
WBL FUNDO DE INVESTIMENTO EM DIREITOS CREDITÓRIOS MULTISEGMENTOS,51769350000158,43659137.32,0.0,43659137.32,51333059.22,0.8505072166630165
TRADX FUNDO DE INVESTIMENTO EM DIREITOS CREDITÓRIOS DE RESPONSABILIDADE LIMITADA,54851851000177,0.0,43589856.35,43589856.35,49996949.11,0.8718503253887846
MACCRED FUNDO DE INVESTIMENTO EM DIREITOS CREDITÓRIOS,08270249000129,376441.29,43078175.21,43454616.5,57508221.11,0.7556244248432118
REVESTPAY FUNDO DE  INVESTIMENTO EM DIREITOS CREDITÓRIOS RESPONSABILIDADE LIMITADA,63894672000108,43450351.04,0.0,43450351.04,49582298.07,0.8763278978851897
B100 FUNDO DE INVESTIMENTO EM DIREITOS CREDITÓRIOS,61194816000198,43411485.12,0.0,43411485.12,97674686.9,0.4444496982564681
FUNDO DE INVESTIMENTO EM DIREITOS CREDITÓRIOS BLUE II SEGMENTO CRÉDITO CORPORATIVO DE RESP LTDA,55374251000128,43399957.38,0.0,43399957.38,43984629.1,0.9867073627318594
CONCRETO FUNDO DE INVESTIMENTO EM DIREITOS CREDITÓRIOS NÃO PADRONIZADOS RESP LIMITADA,42357817000161,43389589.92,0.0,43389589.92,46452202.63,0.9340695911796852
ALGARVE MALL FUNDO DE INVESTIMENTO EM DIREITOS CREDITÓRIOS - RESPONSABILIDADE LIMITADA,42043830000146,43378458.17,0.0,43378458.17,43501803.46,0.9971645936446425
PLANNER FUNDO DE INVESTIMENTO EM DIREITOS CREDITÓRIOS,64113643000124,43234816.92,0.0,43234816.92,52900035.87,0.8172927713366408
CRÉDITO PLUS II FUNDO DE INVESTIMENTO EM DIREITOS CREDITÓRIOS FINANCEIROS DE RESP LIMITADA,66334710000166,43116389.39,0.0,43116389.39,66978436.55,0.6437353812792156
ÍMPAR II FUNDO DE INVESTIMENTO EM DIREITOS CREDITÓRIOS NÃO PADRONIZADO,47463370000129,43062756.04,0.0,43062756.04,47315500.99,0.9101194141239505
CLASSE A DO GAMA FUNDO DE INVESTIMENTO EM DIREITOS CREDITÓRIOS NÃO PADRONIZADOS - MULTICLASSE,62497775000171,34638212.3,8410628.55,43048840.849999994,46597666.06,0.923841138192834
F6 FUNDO DE INVESTIMENTO EM DIREITOS CREDITÓRIOS MULTISSEGMENTOS,60595957000150,43046864.59,0.0,43046864.59,38969239.43,1.1046370219086414
ROOT GENERAL FUNDO DE INVESTIMENTO EM DIREITOS CREDITÓRIOS,29800237000139,43008991.15,0.0,43008991.15,47876269.3,0.8983363110542116
GRIFFIN INVESTMENTS FUNDO DE INVESTIMENTO EM DIREITOS CREDITÓRIOS NÃO PADRONIZADOS RESP LIMITADA,42196361000103,42987391.5,0.0,42987391.5,10110104.76,4.251923448911918
APOENA PRECATÓRIOS - FUNDO DE INVESTIMENTO EM DIREITOS CREDITÓRIOS,62771666000109,42952262.7,0.0,42952262.7,42932288.52,1.0004652484339542
PENSILVANIA FUNDO DE INVESTIMENTO EM DIREITOS CREDITÓRIOS NÃO-PADRONIZADOS RESPONSABILIDADE LIMITADA,50462226000182,42884200.35,0.0,42884200.35,44451883.69,0.9647330279424656
FORESTAY FUNDO DE INVESTIMENTO EM DIREITOS CREDITÓRIOS,51503629000195,42836995.0,0.0,42836995.0,42959968.76,0.9971374802275346
FUTURA FUNDO DE INVESTIMENTO EM DIREITOS CREDITÓRIOS RESPONSABILIDADE LIMITADA,57182384000128,42739598.28,0.0,42739598.28,42997580.59,0.9940000738074085
TAXATION MIND FUNDO DE INVESTIMENTO EM DIREITOS CREDITÓRIOS,61068908000121,42738678.29,0.0,42738678.29,59882283.74,0.7137115624308018
BF3 FUNDO DE INVESTIMENTO EM DIREITOS CREDITÓRIOS,59197255000139,0.0,42701297.28,42701297.28,43286670.43,0.9864768266030851
NX BOATS FUNDO DE INVESTIMENTO EM DIREITOS CREDITÓRIOS - RESPONSABILIDADE LIMITADA,61430639000100,34262233.72,8369300.89,42631534.61,51179775.4,0.8329761957103079
ALOHA FUNDO DE INVESTIMENTO EM DIREITOS CREDITÓRIOS,59870750000167,0.0,42482635.85,42482635.85,56908094.5,0.7465130615118382
VOLTZ SUPPLY I FUNDO DE INVESTIMENTO EM DIREITOS CREDITÓRIOS RESPONSABILIDADE LIMITADA,52165424000100,0.0,42454034.99,42454034.99,53400755.65,0.7950081318746283
CROW TECH FUNDO DE INVESTIMENTO EM DIREITOS CREDITÓRIOS NÃO-PADRONIZADOS,53635506000133,42319269.98,0.0,42319269.98,43309465.34,0.9771367447686897
ZEFIROS I FUNDO DE INVESTIMENTO EM DIREITOS CREDITÓRIOS NÃO PADRONIZADOS,51139857000128,42317700.7,0.0,42317700.7,52658706.2,0.8036221121589197
VARYAGI II FUNDO DE INVESTIMENTO EM DIREITOS CREDITÓRIOS CONSIGNADO PÚBLICO RESP LIMITADA,58479412000136,42216486.97,0.0,42216486.97,43480055.68,0.9709391193217534
META FUNDO DE INVESTIMENTO EM DIREITOS CREDITORIOS,29953928000172,11838281.34,30290602.1,42128883.44,44496555.09,0.9467897763049052
LOGIC FUNDO DE INVESTIMENTO EM DIREITOS CREDITÓRIOS,54048775000166,42111175.8,0.0,42111175.8,52396773.41,0.8036978817471043
CREDITMIX FUNDO DE INVESTIMENTO EM DIREITOS CREDITÓRIOS - RESPONSABILIDADE LIMITADA,09072384000122,42100964.18,0.0,42100964.18,42851145.51,0.9824933191150064
BAVIERA FUNDO DE INVESTIMENTO EM DIREITOS CREDITÓRIOS - RESPONSABILIDADE LIMITADA,40188893000165,42056956.22,0.0,42056956.22,35750868.37,1.176389781214145
GRUPO WINE FUNDO DE INVESTIMENTO EM DIREITOS CREDITÓRIOS RECEBÍVEIS COMERCIAIS DE  RESP LIMITADA,63630763000136,42043496.72,0.0,42043496.72,98170103.75,0.4282718986125142
CREDENCIAL - FUNDO DE INVESTIMENTO EM DIREITOS CREDITÓRIOS RESPONSABILIDADE LIMITADA,10528349000154,0.0,42017516.25,42017516.25,251620870.57,0.1669874051179347
CAPITAL FINANÇAS FUNDO DE INVESTIMENTO EM DIREITOS CREDITORIOS MULTISSETORIAL,29109383000112,5874954.05,36101461.22,41976415.269999996,46123600.71,0.9100853928106082
MOBILE FUNDO DE INVESTIMENTO EM DIREITOS CREDITÓRIOS  RESPONSABILIDADE LIMITADA,58954874000168,0.0,41639935.18,41639935.18,41958488.54,0.9924078923935423
CHIMERA ALTERNATIVE ASSETS X FUNDO DE INVESTIMENTO EM DIREITOS CREDITÓRIOS DE RESP. LIMITADA,56659005000185,41613234.93,0.0,41613234.93,42176456.66,0.9866460633585146
CREDIAL BANK PAN FUNDO DE INVESTIMENTO EM DIREITOS CREDITÓRIOS NÃO-PADRONIZADOS,48928987000135,41468467.08,0.0,41468467.08,41410831.66,1.0013917957618725
FUNDO DE INVESTIMENTO EM DIREITOS CREDITÓRIOS FINANCIAMENTO DE VEÍCULOS PESADOS - RESPONSABILIDADE L,53560257000164,41448212.73,0.0,41448212.73,43316737.77,0.9568636712690286
AEG 4 FUNDO DE INVESTIMENTO EM DIREITOS CREDITÓRIOS DE RESPONSABILIDADE LIMITADA,49743173000199,41418717.73,0.0,41418717.73,41465661.46,0.9988678890352373
LEPAPIE FUNDO DE INVESTIMENTO EM DIREITOS CREDITÓRIOS MULTISEGMENTOS,28267746000185,308143.72,41061951.6,41370095.32,42424474.0,0.9751469239194339
MATURITY FUNDO DE INVESTIMENTO EM DIREITOS CREDITÓRIOS  MULTISSEGMENTOS,12377935000170,0.0,41369902.43,41369902.43,44074932.87,0.9386265556438045
FUNDO DE INVESTIMENTO EM DIREITOS CREDITÓRIOS EMPÍRICA LAUNCHPAD,42739077000128,41341933.25,0.0,41341933.25,43504604.39,0.9502886839146361
BI5 FUNDO DE INVESTIMENTO EM DIREITOS CREDITÓRIOS DE RESPONSABILIDADE LIMITADA,58649649000118,257586.12,40954683.12,41212269.239999995,45329584.41,0.9091693598432441
SUN FUNDO DE INVESTIMENTO EM DIREITOS CREDITÓRIOS NÃO-PADRONIZADOS RESPONSABILIDADE LIMITADA,41557609000143,1590916.84,39588634.09,41179550.93000001,53180978.26,0.7743285715556901
PORTO NP - FUNDO DE INVESTIMENTO EM DIREITOS CREDITÓRIOS NÃO PADRONIZADOS MULTISSETORIAL,15558603000180,0.0,41161893.33,41161893.33,80162367.58,0.5134815072536559
XP CRÉDITO ESTRUTURADO 90 FUNDO DE INVESTIMENTO EM DIREITOS CREDITÓRIOS - RESPONSABILIDADE LIMITADA,61802352000155,41152853.63,0.0,41152853.63,109816506.77,0.3747419658520978
ATVOS ENERGIA FUNDO DE INVESTIMENTO EM DIREITOS CREDITÓRIOS RESPONSABILIDADE LIMITADA,52680835000133,41143948.59,0.0,41143948.59,51962049.66,0.7918076530701658
DEVLET FIDC MULTISSETORIAL DE RESPONSABILIDADE ILIMITADA,53073545000194,3934506.96,37194116.33,41128623.29,41118463.54,1.000247084864689
INFINITO FDC CLT FUNDO DE INVESTIMENTO EM DIREITOS CREDITÓRIOS CONSIGNADO PRIVADO RESP LIMITADA,63428663000121,41061469.77,0.0,41061469.77,49319441.2,0.8325615370110885
ST 1020 FUNDO DE INVESTIMENTO EM DIREITOS CREDITÓRIOS RESPONSABILIDADE LIMITADA,60095481000198,41060604.02,0.0,41060604.02,41309285.35,0.9939800137452632
WALL FUNDO DE INVESTIMENTO  EM DIREITOS CREDITÓRIOS,41649863000171,31458953.76,9591968.07,41050921.83,33082405.81,1.2408686981764583
PRIME FUNDO DE INVESTIMENTO EM DIREITOS CREDITÓRIOS MULTISSETORIAL,20905862000170,5670669.62,35366298.91,41036968.529999994,51133740.4,0.8025418873914414
QG DISTRESSED II FUNDO DE INVESTIMENTO EM DIREITOS CREDITÓRIOS - RESPONSABILIDADE LIMITADA,39737206000134,41007310.65,0.0,41007310.65,44679759.85,0.9178050819357749
CM FEDERAL FUNDO DE INVESTIMENTO EM DIREITOS CREDITÓRIOS  NÃO PADRONIZADOS,44395637000108,40955382.68,0.0,40955382.68,41102801.49,0.9964134121116813
PODIUM FUNDO DE INVESTIMENTO EM DIREITOS CREDITÓRIOS  RESPONSABILIDADE LIMITADA,56938161000185,40916679.28,0.0,40916679.28,55160027.48,0.7417813432894976
ST 1023 FUNDO DE INVESTIMENTO EM DIREITOS CREDITÓRIOS RESPONSABILIDADE LIMITADA,62541630000120,40823618.56,0.0,40823618.56,41666896.69,0.9797614366082036
NONI FUNDO DE  INVESTIMENTO EM DIREITOS CREDITORIOS MULTISSETORIAL RESPONSABILIDADE  LIMITADA,66004736000146,40813431.0,0.0,40813431.0,40841749.07,0.9993066391463434
UDA FUNDO DE INVESTIMENTO EM DIREITOS CREDITÓRIOS DE RESPONSABILIDADE LIMITADA,63615453000142,40712259.42,0.0,40712259.42,40937552.16,0.9944966729051248
HOLE IN ONE FUNDO DE INVESTIMENTO EM DIREITOS CREDITÓRIOS,55567840000122,40593055.34,0.0,40593055.34,40378402.28,1.0053160364917737
V3 FIDC MULTICARTEIRA - NP,08611414000169,40584091.15,0.0,40584091.15,63277565.36,0.6413661922532602
SC FUNDO DE INVESTIMENTO EM DIREITOS CREDITÓRIOS,45523882000108,5920345.34,34637746.85,40558092.19,44874512.97,0.9038113063670316
ACELERA VAREJO FUNDO DE INVESTIMENTO EM DIREITOS CREDITÓRIOS  RESPONSABILIDADE LIMITADA,44680388000194,12596559.92,27945756.01,40542315.93,42030269.48,0.9645980487774879
DUBLIN FUNDO INVESTIMENTO EM DIREITOS  CREDITÓRIOS,42867116000172,40486243.31,0.0,40486243.31,56177295.48,0.7206869423682695
KREDITON FUNDO DE INVESTIMENTO EM DIREITOS CREDITÓRIOS,61290894000196,1981497.23,38485255.3,40466752.529999994,49357122.01,0.8198766638338684
MOOVPAY FUNDO DE INVESTIMENTO EM DIREITOS CREDITÓRIOS DE CLASSE ÚNICA ABERTA,50200709000109,40365414.72,0.0,40365414.72,43333776.46,0.9315000449420788
FUNDO DE INVESTIMENTO EM DIREITOS CREDITÓRIOS DE RESPONSABILIDADE LIMITADA INCLUSÃO FINANCEIRA PLUS,55255330000110,40228305.71,0.0,40228305.71,67540425.16,0.5956181888802312
PROSPER FUNDO DE INVESTIMENTO EM DIREITOS CREDITÓRIOS,24774059000103,1112434.25,39094160.13,40206594.38,47914027.23,0.8391403667030058
KSK FUNDO DE INVESTIMENTO EM DIREITOS CREDITÓRIOS  NÃO-PADRONIZADOS RESPONSABILIDADE LIMITADA,53279486000105,15070027.38,24933386.21,40003413.59,60726975.57,0.6587420699700096
ANIL FUNDO DE INVESTIMENTO EM DIREITOS CREDITÓRIOS DE RESPONSABILIDADE LIMITADA,55657044000180,39962215.39,0.0,39962215.39,40046133.31,0.99790446884471
FUNDO DE INVESTIMENTO EM DIREITOS CREDITÓRIOS DB CRÉDITO GLOBAL,27538324000134,38352474.43,1601076.86,39953551.29,53877274.09,0.7415659378620206
DANIELE II - FUNDO DE INVESTIMENTO EM DIREITOS CREDITÓRIOS MULTISSEGMENTOS,11491061000115,13262734.25,26647442.55,39910176.8,36955554.83,1.079950686266019
PLETORA FUNDO DE INVESTIMENTO EM DIREITOS CREDITORIOS,42273967000197,20211025.35,19690890.97,39901916.32,75758538.04,0.5266986052308988
INVESTMACH FUNDO DE INVESTIMENTO EM DIREITOS CREDITORIOS - FIDC,50153414000129,39850514.26,0.0,39850514.26,40438481.07,0.9854602152592671
IPO III FUNDO DE INVESTIMENTO EM DIREITOS CREDITÓRIOS - RESPONSABILIDADE LIMITADA,61922025000137,39823541.54,0.0,39823541.54,89165913.12,0.446622931864167
CAPIA FUNDO DE INVESTIMENTO EM DIREITOS CREDITÓRIOS,56661864000109,33674154.66,6094645.94,39768800.599999994,47940192.63,0.8295502879375892
ALGARVE COFFEE CRÉDITOS JUDICIAIS FUNDO DE INVESTIMENTO EM DIREITOS CREDITÓRIOS,42043708000170,39500000.0,0.0,39500000.0,39684251.83,0.9953570542090777
ORUMAS I FUNDO DE INVESTIMENTO EM DIREITOS CREDITÓRIOS,58055646000156,39461265.2,0.0,39461265.2,49706476.87,0.7938857807847689
ITAÚ CRÉDITO ESTRUTURADO ALPES III UPFRONT FIDC RESPONSABILIDADE LIMITADA,62014262000162,39457525.78,0.0,39457525.78,225442580.95,0.17502250734412558
NEOWISE  FEEDER I FUNDO DE INVESTIMENTO EM DIREITOS CREDITÓRIOS - RESPONSABILIDADE LIMITADA,60762129000169,3678725.26,35764919.34,39443644.6,29754968.83,1.325615389663307
ORIZ JUS I FUNDO DE INVESTIMENTO EM DIREITOS CREDITÓRIOS,52997572000190,39435705.56,0.0,39435705.56,35583151.3,1.1082690576649405
SEQUOIA CAPITAL FUNDO DE INVESTIMENTO EM DIREITOS CREDITORIOS,35179032000180,39435685.35,0.0,39435685.35,48144101.48,0.8191176932937955
BLUECAPITAL FUNDO DE INVESTIMENTO EM DIREITOS CREDITÓRIOS DE RESPONSABILIDADE LIMITADA,59056669000148,0.0,39362594.04,39362594.04,48417018.55,0.8129908701286606
FUNDO DE INVESTIMENTO EM DIREITOS CREDITÓRIOS OGV - RESPONSABILIDADE LIMITADA,62392007000153,39339229.35,0.0,39339229.35,39517268.34,0.9954946534140927
FIZZ CARD FUNDO  DE INVESTIMENTO EM DIREITOS CREDITÓRIOS NÃO-PADRONIZADOS RESPONSABILIDADE LIMITADA,52112338000139,329461.64,38993518.64,39322980.28,44071975.7,0.8922445534929808
HOMMA PREC FUNDO DE INVESTIMENTO EM DIREITOS CREDITÓRIOS - RESP LIMITADA,57660538000140,39172153.06,130439.16,39302592.22,44242299.9,0.8883487591927833
VAIL PRECATÓRIO FUNDO DE INVESTIMENTO EM DIREITOS CREDITÓRIOS NÃO PADRONIZADO,40226165000109,39211250.6,0.0,39211250.6,37404623.05,1.0482995791077756
BOCAINA ORIZ FUNDO DE INVESTIMENTO EM DIREITOS CREDITÓRIOS DE RESPONSABILIDADE LIMITADA,50774127000136,39170269.47,0.0,39170269.47,41447399.82,0.9450597538111137
LRS FUNDO DE INVESTIMENTO EM DIREITOS CREDITÓRIOS RESPONSABILIDADE LIMITADA,60851290000109,39163825.69,0.0,39163825.69,39320950.24,0.996004050028268
FUNDO DE INVESTIMENTO EM DIREITOS CREDITORIOS BUDAPESTE 01,32068046000139,35318520.18,3794441.77,39112961.95,42533144.67,0.9195878238833264
GUARDIAN FUNDO DE INVESTIMENTO EM DIREITOS CREDITÓRIOSRESPONSABILIDADE LIMITADA,40802124000105,2874465.43,36064282.2,38938747.63,43510303.95,0.8949316390606368
ARIA FUNDO DE INVESTIMENTO EM DIREITOS CREDITÓRIOS NÃO PADRONIZADOS DE RESPONSABILIDADE LIMITADA,51114682000102,15796889.14,23116668.87,38913558.010000005,38133853.41,1.0204465200937585
CITRINO TEMPO CAPTOR II FUNDO DE INVESTIMENTO EM DIREITOS CREDITÓRIOS,60351586000160,38884891.15,0.0,38884891.15,39378673.51,0.9874606654824316
MDR I FUNDO DE INVESTIMENTO EM DIREITOS CREDITÓRIOS  RESPONSABILIDADE LIMITADA,58159938000139,38879119.61,0.0,38879119.61,39256752.13,0.9903804441399161
B8 FUNDO DE INVESTIMENTO EM DIREITOS CREDITÓRIOS,13807406000122,9782010.56,29094079.79,38876090.35,39808170.44,0.9765857089211157
SQUID FUNDO DE INVESTIMENTO EM DIRETOS CREDITÓRIOS,28849641000134,19206746.48,19606507.57,38813254.05,40793048.81,0.9514673500080563
NACIONAL CRED FUNDO DE INVESTIMENTO EM DIREITOS CREDITÓRIOS,47859927000145,689904.87,38093873.96,38783778.83,42282420.61,0.9172554047397051
SGI FUNDO DE INVESTIMENTO EM DIREITOS CREDITÓRIOS,65631354000180,0.0,38760000.0,38760000.0,38949657.78,0.995130694573204
FUNDO DE INVESTIMENTO EM DIREITOS CREDITÓRIOS  VAREJO CORPORATIVO I - RESPONSABILIDADE LIMITADA,65225163000118,38755835.61,0.0,38755835.61,41330853.64,0.9376974390021333
FITZ ROY SPECIAL SITUATIONS II FIDC DE RESPONSABILIDADE LIMITADA,59999281000180,35290968.84,3454144.11,38745112.95,39349427.86,0.9846423456994071
BELLENZIER PRIME CASH FUNDO DE INVESTIMENTO EM DIREITOS CREDITÓRIOS,50382278000149,20226983.19,18395460.4,38622443.59,40962331.09,0.9428770912754223
APUAMA LIBRA FUNDO DE INVESTIMENTO EM DIREITOS CREDITÓRIOS - RESPONSABILIDADE LIMITADA,51646633000102,385302.89,38183557.82,38568860.71,39873690.97,0.967275909797723
BRAVA FUNDO DE INVESTIMENTO EM DIREITOS CREDITÓRIOS,52258922000105,552308.45,37956945.33,38509253.78,39937201.22,0.9642451800231584
CUIVRÉ FUNDO DE INVESTIMENTO EM DIREITOS CREDITÓRIOS,53643695000196,38401315.98,0.0,38401315.98,38689765.57,0.9925445505872057
LANCIA! FUNDO DE INVESTIMENTO EM DIREITOS CREDITÓRIOS,29786909000107,38336718.94,0.0,38336718.94,43530865.1,0.8806790044703245
INTRABANK MULTICRED FUNDO DE INVESTIMENTO EM DIREITOS CREDITÓRIOS FINANCEIROS DE RESPONSABILIDADE LI,54422007000120,26370964.62,11959082.4,38330047.02,48169308.84,0.7957358729667005
BC CONSÓRCIO II FUNDO DE INVESTIMENTO EM DIREITOS CREDITÓRIOS  RESPONSABILIDADE LIMITADA,62590185000199,0.0,38312834.92,38312834.92,37506944.66,1.0214864278417075
DUAS RODAS FUNDO DE INVESTIMENTO EM DIREITOS CREDITÓRIOS NÃO-PADRONIZADO,13598246000159,3108274.19,35136188.21,38244462.4,99126150.52,0.38581607577188903
VISÃO MULTIMERCADO FUNDO DE INVESTIMENTO EM DIREITOS CREDITÓRIOS,10545253000102,758834.87,37178638.19,37937473.059999995,39969902.71,0.9491509983212565
M7 CORAL FUNDO DE INVESTIMENTO EM DIREITOS CREDITÓRIOS,55569572000188,22607828.54,15227053.82,37834882.36,39740232.18,0.9520548895796612
STRATEGI VISION FUNDO DE INVESTIMENTO EM DIREITOS CREDITÓRIOS RESPONSABILIDADE LIMITADA,57507339000104,37478816.6,0.0,37478816.6,38936672.83,0.9625582741400353
FINANÇA NP - FUNDO DE INVESTIMENTO EM DIREITOS CREDITORIOS NÃO PADRONIZADOS MULTISSETORIAL,19425573000195,0.0,37467837.12,37467837.12,37726652.78,0.9931397131489701
FUNDO DE INVESTIMENTO EM DIREITOS CREDITÓRIOS PEGCARD DE RESPONSABILIDADE LIMITADA,58458737000132,37459572.75,0.0,37459572.75,54935539.58,0.6818823121860743
BERETTA FUNDO DE  INVESTIMENTO EM DIREITOS CREDITÓRIOS - RESPONSABILIDADE LIMITADA,16802124000120,37359205.7,0.0,37359205.7,348509717.19,0.10719702739201549
FUNDO DE  INVESTIMENTO EM DIREITOS CREDITÓRIOS ECO,50149859000135,37327678.61,0.0,37327678.61,42315515.17,0.8821274764123355
MOZART FUNDO DE INVESTIMENTO EM DIREITOS CREDITÓRIOS,64679924000149,37170203.69,0.0,37170203.69,37871418.69,0.9814843218380631
WAREHOUSE SOL AGORA FUNDO DE INVESTIMENTO EM DIREITOS CREDITÓRIOS SEGMENTO FINANCEIRO RESP LIMITADA,64330030000149,37115569.0,0.0,37115569.0,213555283.22,0.1737984115418224
LONDRES FUNDO DE INVESTIMENTO EM DIREITOS CREDITÓRIOS NÃO PADRONIZADO,42358012000132,0.0,37065695.01,37065695.01,36602329.31,1.012659459349583
CRAWFORD FUNDO DE INVESTIMENTO EM DIREITOS CREDITÓRIOS,57661136000160,36994913.02,0.0,36994913.02,36772736.05,1.0060418939101488
VINCI ANTECIPE PLUS FUNDO DE INVESTIMENTO EM DIREITOS CREDITÓRIOS - RESPONSABILIDADE LIMITADA,35688072000158,36845043.35,0.0,36845043.35,64544955.71,0.5708431115135395
HAMPTON FUNDO DE INVESTIMENTO EM DIREITOS CREDITÓRIOS DE RESPONSABILIDADE LIMITADA,13026491000191,329721.72,36485420.06,36815141.78,38850262.87,0.9476162852022423
M SUL FUNDO DE INVESTIMENTO EM DIREITOS CREDITORIOS,28960803000107,25986940.45,10503344.64,36490285.09,38203524.68,0.9551549338876343
LAW FUNDO DE INVESTIMENTO EM DIREITOS CREDITÓRIOS MULTISSETORIAL,46610394000109,1100307.52,35385371.68,36485679.2,37095502.43,0.9835607232669042
ITAÚNA PRECATÓRIOS FUNDO DE INVESTIMENTO EM DIREITOS CREDITÓRIOS - RESPONSABILIDADE LIMITADA,57377642000121,36447427.75,0.0,36447427.75,39685878.41,0.9183979090359765
BANQI III FUNDO DE INVESTIMENTO EM DIREITOS CREDITÓRIOS,60234640000198,36303774.55,0.0,36303774.55,35923262.72,1.0105923516181103
VASTA FUNDO DE INVESTIMENTO EM DIREITOS CREDITÓRIOS,33003417000167,36218836.69,0.0,36218836.69,41256141.36,0.8779017013238195
LESTE CREDIT FUNDO DE INVESTIMENTO EM DIREITOS CREDITÓRIOS RESPONSABILIDADE LIMITADA,23381539000133,36194553.28,0.0,36194553.28,38369007.93,0.9433278375618402
ALGARVE GAMA FUNDO DE INVESTIMENTO EM DIREITOS CREDITÓRIOS RESPONSABILIDADE LIMITADA,63565094000166,36144562.19,0.0,36144562.19,37009263.6,0.9766355413243076
G5 SPECIAL FUNDO DE INVESTIMENTO EM DIREITOS CREDITÓRIOS NÃO PADRONIZADOS,26648770000139,35968736.45,0.0,35968736.45,127761153.77,0.28153108663022997
ITAÚ CRÉDITO ESTRUTURADO ADVISORY ALPES III FIDC RESPONSABILIDADE LIMITADA,61885788000155,35912971.8,0.0,35912971.8,201609967.33,0.17813093407835728
REDWOOD HIGH YIELD CP FUNDO DE INVESTIMENTO EM DIREITOS CREDITÓRIOS RESPONSABILIDADE LIMITADA,64013807000141,35777017.51,0.0,35777017.51,47343845.41,0.7556846555274354
FUNDO DE INVESTIMENTO EM DIREITOS CREDITÓRIOS REV FINANCEIRO RESPONSABILIDADE LIMITADA,63985864000120,35766114.45,0.0,35766114.45,35874318.23,0.9969838094397705
BEAT FUNDO DE INVESTIMENTO EM DIREITOS CREDITORIOS - RESPONSABILIDADE LIMITADA,41865425000140,35696121.26,0.0,35696121.26,30671117.33,1.1638350463706435
GUARDIAN MULTI CONSIGNADO VII FUNDO DE INVESTIMENTO EM DIREITOS CREDITÓRIOS RESP LIMITADA,54065359000176,35674801.76,0.0,35674801.76,35762907.34,0.9975363977217405
ITAÚ MULTIEMPRESAS II FUNDO DE INVESTIMENTO EM DIREITOS CREDITÓRIOS RESPONSABILIDADE LIMITADA,63694302000127,35609806.43,0.0,35609806.43,43732241.39,0.8142689534806851
VÊNETO FUNDO DE INVESTIMENTO EM DIREITOS CREDITÓRIOS,42031145000108,35587881.8,0.0,35587881.8,36712626.38,0.9693635489774511
VIA PRIME FLEX FUNDO DE INVESTIMENTO EM DIREITOS CREDITÓRIOS  NÃO-PADRONIZADOS  RESP LIMITADA,57740019000191,5537022.24,29978149.35,35515171.59,37898276.03,0.937118394564609
CARAJÁS FUNDO DE INVESTIMENTO EM DIREITOS CREDITÓRIOS NÃO PADRONIZADO CRÉDITO CORPORATIVO,46390267000133,32643569.72,2843547.15,35487116.87,35739417.86,0.9929405400225508
NTZ FINANCIAMENTOS LONGO PRAZO FUNDO DE INVESTIMENTO EM DIREITOS CREDITÓRIOS  RESP  LIMITADA,63823304000179,35475065.15,0.0,35475065.15,51750794.0,0.6854979877216956
AGROCRED FUNDO DE INVESTIMENTO NAS CADEIAS PRODUTIVAS DO AGRONEGÓCIO - RESPONSABILIDADE LIMITADA,34850033000142,19349848.95,16115487.61,35465336.56,36326602.96,0.976291028342277
MEINBERG FUNDO DE INVESTIMENTO EM DIREITOS CREDITORIOS MULTISSETORIAL,12910431000174,1291306.05,33997741.45,35289047.5,43194173.88,0.8169862814841268
PAGOL FUNDO DE INVESTIMENTO EM DIREITOS CREDITÓRIOS,46285106000180,35281152.51,0.0,35281152.51,40568759.32,0.8696630880847948
VITTRA FUNDO DE INVESTIMENTO EM DIREITOS CREDITÓRIOS DE RESPONSABILIDADE LIMITADA,55105668000195,35271157.77,0.0,35271157.77,35256769.81,1.0004080907036446
ARGENTA FUNDO DE INVESTIMENTO EM DIREITOS CREDITÓRIOS MERCANTIS DE RESPONSABILIDADE LIMITADA,45931917000148,35251762.86,0.0,35251762.86,40072348.5,0.8797029417928924
FUNDO DE INVESTIMENTO EM DIREITOS CREDITÓRIOS CAPITAL 5,21254441000190,0.0,35243551.26,35243551.26,50013719.1,0.7046776743303618
AUGME K 2 FUNDO DE INVESTIMENTO EM DIREITOS CREDITÓRIOS DE RESPONSABILIDADE LIMITADA,58032774000184,35243535.88,0.0,35243535.88,97178255.98,0.36266894815701756
POTENCIAL FUNDO DE INVESTIMENTO EM DIREITOS CREDITÓRIOS,51869653000142,13003553.72,22130299.51,35133853.230000004,38580806.8,0.9106562600448264
MULTIPLIER FUNDO DE INVESTIMENTO EM DIREITOS CREDITÓRIOS NÃO-PADRONIZADO,46879430000126,35062962.86,0.0,35062962.86,33042658.13,1.0611423185765352
ANZEN FUNDO DE INVESTIMENTO EM DIREITOS CREDITÓRIOS,60043514000156,0.0,35058614.83,35058614.83,42144016.88,0.8318764423862388
FUNDO DE RECUPERAÇÃO DE ATIVOS FIDC - RESPONSABILIDADE LIMITADA,22415372000111,34918040.51,0.0,34918040.51,35866953.93,0.973543518029104
FD BNK FUNDO DE INVESTIMENTO EM DIREITOS CREDITÓRIOS,64120858000172,34806248.2,0.0,34806248.2,34811731.75,0.999842479827221
JGM LP FUNDO DE INVESTIMENTO EM DIREITOS CREDITÓRIOS MULTISSETORIAL,14718674000130,742886.96,33992307.67,34735194.63,35879179.89,0.9681156240608821
JUGIS FUNDO DE INVESTIMENTO EM DIREITOS CREDITÓRIOS,44395279000125,34642755.68,0.0,34642755.68,72484925.87,0.4779304836723012
FUNDO DE INVESTIMENTO EM DIREITOS CREDITÓRIOS EMPÍRICA OPORTUNA PRECATÓRIOS FEDERAIS RESP LIMITADA,23076742000104,34601181.76,0.0,34601181.76,48987529.27,0.7063263298969802
KAISEN FUNDO DE INVESTIMENTO EM DIREITOS CREDITÓRIOS RESPONSABILIDADE LIMITADA,52680896000109,31967819.75,2626394.1,34594213.85,38720544.65,0.8934330382669347
SENECA CAPITAL 1 FUNDO DE  INVESTIMENTO EM DIREITOS CREDITÓRIOS NÃO PADRONIZADOS - RESP LIMITADA,63528674000183,34500897.57,0.0,34500897.57,34393242.95,1.00313010960195
FUNDO DE INVESTIMENTO EM DIREITOS CREDITÓRIOS UNIBLUE INVESTCOOP,56213199000190,0.0,34453087.8,34453087.8,37484275.42,0.9191344214064041
HESTIA FUNDO DE INVESTIMENTO EM DIREITOS CREDITÓRIOS DE RESPONSABILIDADE LIMITADA,61286809000116,34441609.88,0.0,34441609.88,34231972.81,1.0061240136863734
ANTENA MULTI TELE INFRA FIDC,63670619000123,34431793.92,0.0,34431793.92,34263412.36,1.0049143254685449
TALÓ II FUNDO DE INVESTIMENTO EM DIREITOS CREDITÓRIOS RESPONSABILIDADE LIMITADA,54773936000184,34395754.06,0.0,34395754.06,39918281.91,0.8616541698249659
PASSARE FUNDO DE INVESTIMENTO EM DIREITOS CREDITÓRIOS NÃO-PADRONIZADOS,49290956000164,34377455.53,0.0,34377455.53,34591021.93,0.9938259586423268
MONTBLANC FUNDO DE INVESTIMENTO EM DIREITOS CREDITÓRIOS,50706970000185,0.0,34227011.67,34227011.67,96379154.02,0.35512878296169137
SUCCESSUS FUNDO DE INVESTIMENTO EM DIREITOS CREDITÓRIOS,57786054000141,34205404.89,0.0,34205404.89,35115709.85,0.9740769882229791
FIRMA PLUS FUNDO DE INVESTIMENTO EM DIREITOS CREDITÓRIOS,38315192000106,62192.26,34120421.38,34182613.64,37420347.31,0.9134766536724589
ATIVOS ESPECIAIS IV B FUNDO DE INVESTIMENTO EM DIREITOS CREDITÓRIOS,59061264000106,34166926.9,0.0,34166926.9,75076876.37,0.45509254715947095
ENCORE FUNDO DE INVESTIMENTO EM DIREITOS CREDITÓRIOS,52356126000105,34114937.81,0.0,34114937.81,36610701.32,0.9318296721992433
SOUTO FUNDO DE INVESTIMENTO EM DIREITOS CREDITÓRIOS,45207458000154,34036089.82,0.0,34036089.82,46565462.43,0.7309299219601887
B7 FUNDO DE INVESTIMENTO EM PRECATÓRIOS E DIREITOS CREDITÓRIOS NÃO PADRONIZADOS,45755835000190,34025161.7,0.0,34025161.7,34226333.14,0.9941223198179857
77SOL FUNDO DE INVESTIMENTO EM DIREITOS CREDITÓRIOS FINANCEIROS DE RESPONSABILIDADE LIMITADA,63123419000150,0.0,33934241.58,33934241.58,41254406.98,0.8225604017638942
BR8 FUNDO DE INVESTIMENTO EM DIREITOS CREDITÓRIOS,55749847000165,1228397.93,32632519.38,33860917.31,34137447.24,0.9918995135150006
FIDUCIA FUNDO DE INVESTIMENTO EM DIREITOS CREDITÓRIOS CRÉDITO CORPORATIVO,62966067000132,33846193.4,0.0,33846193.4,34511553.0,0.980720670553423
GUARDIAN MULTI CONSIGNADO IX FUNDO DE INVESTIMENTO EM DIREITOS CREDITÓRIOS RESPONSABILIDADE LIMITADA,54827590000150,33791643.58,0.0,33791643.58,34806277.05,0.9708491238938753
LIFT EVENT CAPITAL I FUNDO DE INVESTIMENTO EM DIREITOS CREDITÓRIOS RESPONSABILIDADE LIMITADA,62800922000130,33724873.52,0.0,33724873.52,35483943.78,0.9504263034879603
TC FUNDO DE INVESTIMENTO EM DIREITOS CREDITÓRIOS - RESPONSABILIDADE LIMITADA,62772042000106,19615100.25,14107846.1,33722946.35,35375493.88,0.9532855276704902
TITAN FUNDO DE INVESTIMENTO EM DIREITOS CREDITÓRIOS,45523682000155,0.01,33426738.19,33426738.200000003,34621185.82,0.965499517370373
MAGGIORE FUNDO DE INVESTIMENTO EM DIREITOS CREDITÓRIOS CRÉDITO CORPORATIVO,62967950000147,3145682.84,30277647.42,33423330.26,34167223.08,0.9782278817842988
ERETEZ FUNDO DE INVESTIMENTO EM DIREITOS CREDITÓRIOS - RESPONSABILIDADE LIMITADA,62792509000171,33350699.5,0.0,33350699.5,33364253.9,0.9995937448491843
ITAÚNA LBZ PRECATÓRIOS FUNDO DE INVESTIMENTO EM DIREITOS CREDITÓRIOS - RESPONSABILIDADE LIMITADA,59482333000147,33348361.71,0.0,33348361.71,39280325.76,0.8489838377043033
FUNDO DE INVESTIMENTO  EM DIREITOS CREDITÓRIOS GARANTIDO TÊXTIL,50115649000126,0.0,33256270.74,33256270.74,47060025.29,0.7066777065049044
BLP W FUNDO DE INVESTIMENTO EM DIREITOS CREDITÓRIOS DE RESPONSABILIDADE LIMITADA,35609597000150,33233635.0,0.0,33233635.0,35371821.25,0.9395511405848236
CDC EMPRÉSTIMOS FUNDO DE INVESTIMENTO EM DIREITOS CREDITÓRIOS DE CLASSE ÚNICA FECHADA,57996195000199,33213237.23,0.0,33213237.23,33662527.48,0.9866531041001917
LUPUS II FUNDO DE INVESTIMENTO EM DIREITOS CREDITÓRIOS DE RESPONSABILIDADE LIMITADA,62900843000100,33107320.37,0.0,33107320.37,33215783.77,0.996734582548133
NAPOLI FUNDO DE INVESTIMENTO EM DIREITOS CREDITÓRIOS,60401316000117,31600820.94,1503485.96,33104306.900000002,33877309.58,0.9771822883935166
NILO FUNDO DE INVESTIMENTO EM DIREITOS  CREDITÓRIOS- RESPONSABILIDADE LIMITADA,59928229000133,33038837.25,0.0,33038837.25,33820910.98,0.9768760300258478
IRLANDA FUNDO DE INVESTIMENTO EM DIREITOS CREDITÓRIOS - RESPONSABILIDADE LIMITADA,57223832000194,32998148.58,0.0,32998148.58,43249222.04,0.7629766970023398
GALES FUNDO DE INVESTIMENTO EM DIREITOS CREDITÓRIOS - RESPONSABILIDADE LIMITADA,54486959000108,32925385.53,0.0,32925385.53,34119701.61,0.9649962917714977
ACCRÉDITO FUNDO DE INVESTIMENTO EM DIREITOS CREDITÓRIOS RESPONSABILIDADE LIMITADA,60300116000178,32781332.72,0.0,32781332.72,35698925.51,0.9182722519426327
LIFT CRÉDITO ESTRUTURADO I FUNDO DE INVESTIMENTO EM DIREITOS CREDITÓRIOS RESPOSABILIDADE LIMITADA,62604155000194,32761786.64,0.0,32761786.64,103305144.42,0.31713606155762053
CREDISA FUNDO DE INVESTIMENTO EM DIREITOS CREDITÓRIOS,28879529000146,0.0,32756554.33,32756554.33,37394750.96,0.8759666394098643
Z 5 II FUNDO DE INVESTIMENTO EM  DIREITOS CREDITÓRIOS RESPONSABILIDADE LIMITADA,58475489000138,0.0,32727150.22,32727150.22,33184993.84,0.9862032935064724
PAZ FUNDO DE INVESTIMENTO EM DIREITOS CREDITÓRIOS RESPONSABILIDADE LIMITADA,55790739000136,32700000.0,0.0,32700000.0,5077316.63,6.4404098430237156
JGP ESTRUTURADOS FUNDO DE INVESTIMENTO EM DIREITOS CREDITÓRIOS - RESPONSABILIDADE LIMITADA,41075407000165,32686349.01,0.0,32686349.01,32286349.86,1.0123891103123914
BULL CONSIGNADO PRIVADO FUNDO DE INVESTIMENTO EM DIREITOS  CREDITÓRIOS DE RESPONSABILIDADE LIMITADA,65604780000124,0.0,32672740.88,32672740.88,38323060.28,0.852560850863239
FINANTO INSS RECEIVABLES I FUNDO DE INVESTIMENTO EM DIREITOS CREDITÓRIOS RESPONSABILIDADE LIMITADA,66575588000110,32615926.03,0.0,32615926.03,34203009.33,0.9535981385530324
CASHEW FUNDO DE INVESTIMENTO EM DIREITOS CREDITÓRIOS,52258634000142,32591617.04,0.0,32591617.04,32885967.29,0.9910493662112987
VERGINIA FUNDO DE INVESTIMENTO EM DIREITOS CREDITÓRIOS,52532399000155,32559389.9,0.0,32559389.9,32036260.86,1.0163292789469438
FUNDO DE INVESTIMENTO EM DIREITOS CREDITÓRIOS OSHER,52982703000166,32504886.82,0.0,32504886.82,446221266.45,0.07284477290515297
CRUCE II FUNDO DE INVESTIMENTO EM DIREITOS CREDITÓRIOS NÃO PADRONIZADOS,49938183000180,32487858.26,0.0,32487858.26,41300684.62,0.7866179110325848
OC SAFIRA CAPITAL FUNDO DE INVESTIMENTO EM DIREITOS  CREDITÓRIOS RESPONSABILIDADE LIMITADA,63993226000150,4938933.99,27528464.11,32467398.1,30321408.53,1.0707747322449337
CERRADO FUNDO DE INVESTIMENTOS EM DIREITOS CREDITÓRIOS MULTISSETORIAL,59509925000105,32369647.96,0.0,32369647.96,33701164.03,0.9604905020842984
FUNDO DE INVESTIMENTO EM DIREITOS CREDITÓRIOS SALES FINANCE - RESPONSABILIDADE LIMITADA,45829624000154,32283590.66,0.0,32283590.66,91577343.55,0.352528140788159
ARACATUY FUNDO DE INVESTIMENTO EM DIREITOS CREDITÓRIOS,63249161000133,0.0,32278133.47,32278133.47,34981613.99,0.9227171015959175
SANTÉ FUNDO DE INVESTIMENTO EM DIREITOS CREDITORIOS,54244336000129,32063461.42,84031.44,32147492.860000003,37035081.57,0.8680281370310481
VALOR MAX FUNDO DE INVESTIMENTO EM DIREITOS CREDITÓRIOS SEGMENTO NPL-RESPONSABILIDADE LIMITADA,53937754000139,32120905.17,0.0,32120905.17,33928240.78,0.9467306418355358
FIDC CANAAN - FUNDO DE INVESTIMENTO EM DIREITOS CREDITÓRIOS RESPONSABILIDADE LIMITADA,45722284000168,32104032.86,0.0,32104032.86,36009339.18,0.8915474038421385
MV I FUNDO DE INVESTIMENTO EM DIREITOS CREDITÓRIOS RESPONSABILIDADE LIMITADA,59701895000134,32084261.14,0.0,32084261.14,33473811.74,0.9584884263915623
VICENZA FUNDO DE INVESTIMENTO EM DIREITOS CREDITÓRIOS,65095860000100,32042105.05,0.0,32042105.05,17857263.0,1.7943458104413874
ARC TURBI FUNDO DE INVESTIMENTO EM DIREITOS CREDITÓRIOS,57654431000199,31986864.95,0.0,31986864.95,32745701.56,0.9768263749484927
BRASIL SPECIAL SITUATIONS I FUNDO DE INVESTIMENTO EM DIREITOS CREDITORIOS,48979218000166,31986000.0,0.0,31986000.0,28451851.08,1.124215078662643
CENTRAL CAPITAL FUNDO DE INVESTIMENTO EM DIREITOS CREDITÓRIOS RESPONSABILIDADE LIMITADA,35476474000199,18504.2,31947312.94,31965817.14,37615669.68,0.849800559499171
EMPRESTA I FUNDO DE INVESTIMENTO EM DIREITOS CREDITÓRIOS FINANCEIROS DE RESPONSABILIDE LIMITADA,44642151000119,31881829.81,0.0,31881829.81,34481928.6,0.9245953200541108
TARGET FUNDO DE INVESTIMENTO EM DIREITOS CREDITORIOS- MULTICREDITO,09410142000100,17937318.39,13927906.43,31865224.82,35832812.16,0.8892750219468123
W&V FUNDO DE  INVESTIMENTO EM DIREITOS CREDITÓRIOS RESPONSABILIDADE LIMITADA,62395029000177,31860541.6,0.0,31860541.6,27993948.47,1.1381224636511593
GETNET FUNDO DE INVESTIMENTO EM DIREITOS CREDITÓRIOS RESPONSABILIDADE LIMITADA,38612809000147,31845021.55,0.0,31845021.55,60169999.38,0.5292508206437678
AKIREDE FUNDO DE INVESTIMENTO EM DIREITOS CREDITÓRIOS,52200745000106,18254282.65,13468802.36,31723085.009999998,31574360.53,1.0047102927027989
GHIA RECEBÍVEIS I FUNDO DE INVESTIMENTO EM DIREITOS CREDITÓRIOS,40676621000104,23915758.53,7765713.75,31681472.28,41216727.76,0.7686556891288743
CONFIANÇA CONDOMÍNIO GARANTIDO FUNDO DE INVESTIMENTO EM DIREITOS CREDITÓRIOS,53390769000120,16299.81,31623599.55,31639899.36,31933114.81,0.9908178249524165
TERTON FUNDO DE INVESTIMENTO DIREITOS CREDITÓRIOS DE RESPONSABILIDADE LIMITADA,57378455000162,31610697.54,0.0,31610697.54,31727815.43,0.9963086683273737
MEDSYSTEMS B24 FIDC SEGMENTO RECEBIVEIS COMECIAIS DE RESPONSABILIDADE LIMITADA,52327272000102,31588842.97,0.0,31588842.97,32688422.29,0.9663618112172889
PINTIA FUNDO DE INVESTIMENTO EM DIREITOS CREDITÓRIOS NÃO PADRONIZADOS,48963423000133,31581737.23,0.0,31581737.23,31376331.79,1.0065465090493932
TSALEACH FUNDO DE INVESTIMENTO EM DIREITOS CREDITÓRIOS  RESPONSABILIDADE LIMITADA,53078148000105,16478404.23,15031759.0,31510163.23,43777440.26,0.7197808515723391
PROSPER INVEST FUNDO DE INVESTIMENTO EM DIREITOS CREDITÓRIOS MULTISSETORIAL  RESP LIMITADA,57441816000178,24192726.3,7300709.46,31493435.76,31830651.37,0.9894059469258043
CREDIFIT CONSIGNADO PRIVADO FUNDO DE INVESTIMENTO EM DIREITOS CREDITORIOS - RESPONSABILIDADE LIMITAD,62456242000141,31482471.48,0.0,31482471.48,33653676.97,0.9354838553916268
NETMONEY FUNDO DE INVESTIMENTO EM DIREITOS CREDITÓRIOS,50824501000160,12432252.72,18924419.96,31356672.68,32230236.4,0.9728961429522746
MAVERICKS CONSIG FUNDO DE INVESTIMENTO EM DIREITOS CREDITÓRIOS RESPONSABILIDADE LIMITADA,60869078000179,31314969.35,0.0,31314969.35,29169304.1,1.0735590140458648
FUNDO DE INVESTIMENTO EM DIREITOS CREDITÓRIOS EXT WARREN I DE RESPONSABILIDADE LIMITADA,56806240000132,31302286.5,0.0,31302286.5,32030120.6,0.9772765732265147
FUNDO DE INVESTIMENTO EM DIREITOS CREDITÓRIOS FGTS VISION RESPONSABILIDADE LIMITADA,55483719000112,31176912.33,0.0,31176912.33,32393175.24,0.9624531123920781
JC SILOS FUNDO DE INVESTIMENTO EM DIREITOS CREDITÓRIOS NÃO-PADRONIZADO,23216640000139,31163633.97,0.0,31163633.97,32276336.16,0.9655257590426582
CPO1 FUNDO DE INVESTIMENTO EM DIREITOS CREDITÓRIOS,49000711000155,31085991.68,0.0,31085991.68,31102992.12,0.9994534146446615
BS PLUS FUNDO DE INVESTIMENTO EM DIREITOS CREDITÓRIOS,41341254000150,31044325.87,0.0,31044325.87,42551342.23,0.7295733634487517
SPECIAL SITUATIONS III FUNDO DE INVESTIMENTO EM DIREITOS CREDITÓRIOS,50292336000143,31043978.78,0.0,31043978.78,33156140.62,0.9362965109779414
SKIEN FUNDO DE INVESTIMENTO EM DIREITOS CREDITÓRIOS,60115023000173,30973702.87,0.0,30973702.87,31139965.33,0.9946608013773278
MAV ALTERNATIVE CREDIT FUNDO DE INVESTIMENTO EM DIREITOS CREDITÓRIOS,50123492000180,30790621.59,0.0,30790621.59,43497466.5,0.7078716087981813
EVORA FUNDO DE INVESTIMENTO EM DIREITOS CREDITÓRIOS,65668467000150,30787505.3,0.0,30787505.3,30777009.19,1.000341037361207
RUMOS DISTRIBUIDORA DE PETRÓLEO FUNDO DE INVESTIMENTO EM DIREITOS CREDITÓRIOS,45953246000116,30757674.44,0.0,30757674.44,31051233.72,0.990545970487127
BETTA FUNDO DE INVESTIMENTO EM DIREITOS CREDITÓRIOS,41579569000130,0.0,30730648.58,30730648.58,32036606.17,0.9592354576177629
NANBAN FUNDO DE INVESTIMENTO EM DIREITOS CREDITÓRIOS NÃO PADRONIZADOS RESPONSABILIDADE LIMITADA,36741161000183,30705295.13,0.0,30705295.13,47285152.16,0.6493644141421328
G5 SANEAMENTO FUNDO DE INVESTIMENTO EM DIREITOS CREDITÓRIOS,37310965000190,30635993.27,0.0,30635993.27,36039254.21,0.8500728980540133
CROMO FUNDO DE INVESTIMENTO EM DIREITOS CREDITÓRIOS RESPONSABILIDADE LIMITADA,59685331000155,30493017.19,0.0,30493017.19,33495278.66,0.9103676222408833
Z5 FUNDO DE  INVESTIMENTO EM DIREITOS CREDITÓRIOS MULTISSETORIAL - RESPONSABILIDADE  LIMITADA,52349539000154,0.0,30473520.98,30473520.98,32056000.92,0.9506338939798108
CREDICAN FUNDO DE INVESTIMENTO EM DIREITOS CREDITÓRIOS  RESPONSABILIDADE LIMITADA,57041943000180,30423712.26,0.0,30423712.26,30480975.56,0.9981213429377522
SHR FUNDO DE INVESTIMENTO EM DIREITOS  CREDITÓRIOS RESPONSABILIDADE LIMITADA,54233886000142,30412703.89,0.0,30412703.89,32964993.32,0.9225757637738845
FUNDO DE INVESTIMENTO EM DIREITOS CREDITÓRIOS NÃO PADRONIZADOS NPL MASSIFICADO,59263667000120,30359940.03,0.0,30359940.03,36287788.01,0.8366434465951347
PINARELLO FUNDO DE INVESTIMENTO EM DIREITOS CREDITÓRIOS RESPONSABILIDADE LIMITADA,29109292000187,4012342.88,26325473.56,30337816.439999998,40004799.95,0.7583544094188126
VICTORY FUND - FUNDO DE INVESTIMENTO EM DIREITOS CREDITÓRIOS - RESPONSABILIDADE LIMITADA,61532126000100,30326001.99,0.0,30326001.99,39418101.06,0.7693420325814142
KAPA CAPITAL FUNDO DE INVESTIMENTO EM DIREITOS CREDITÓRIOS,35265609000177,25954904.38,4331142.3,30286046.68,36546445.97,0.8287001889283846
ARC CRÉDITO I FUNDO DE INVESTIMENTO EM DIREITOS CREDITÓRIOS,30868828000127,30253632.0,0.0,30253632.0,59642525.15,0.50724934807694
ITAÚ CRÉDITO ESTRUTURADO ALPES III CHAMADA DE CAPITAL FIDC RESPONSABILIDADE LIMITADA,62014120000103,30226353.81,0.0,30226353.81,209397046.92,0.14434947509812762
SILVERSTONE FUNDO DE INVESTIMENTO EM DIREITOS CREDITÓRIOS NÃO-PADRONIZADOS RESPONSABILIDADE LIMITADA,48502650000161,30161060.76,0.0,30161060.76,34241093.95,0.8808439591340802
AUGME VINTAGE II FUNDO DE INVESTIMENTO EM DIREITOS  CREDITÓRIOS DE RESPONSABILIDADE LIMITADA,58731626000158,30086553.1,0.0,30086553.1,43314721.06,0.694603413428977
MINASFAC FUNDO DE INVESTIMENTO EM DIREITOS CREDITÓRIOS,31238162000196,30080506.34,0.0,30080506.34,47840903.56,0.6287612503445785
FENESTRA FUNDO DE INVESTIMENTO EM DIREITOS CREDITÓRIOS- RESPONSABILIDADE LIMITADA,64156218000112,30057878.02,0.0,30057878.02,51247535.84,0.586523381608898
SETTORE CRÉDITO PRIVADO FUNDO DE INVESTIMENTO EM DIREITOS CREDITÓRIOS,20256882000168,12903110.33,17013218.7,29916329.03,30423875.63,0.9833174903101588
AIMORES FIDC-NP - RESPONSABILIDADE LIMITADA,12401806000170,29914590.03,0.0,29914590.03,29935997.31,0.999284898385769
SILVER BIRD FUNDO DE INVESTIMENTO EM DIREITOS CREDITÓRIOS,59717706000111,29865820.34,0.0,29865820.34,29908601.68,0.9985695974536781
VETRO FUNDO DE INVESTIMENTO EM DIREITOS  CREDITÓRIOS RESPONSABILIDADE LIMITADA,56056018000160,0.0,29863277.41,29863277.41,29922490.57,0.9980211152590565
DHT GROWTH CAPITAL FUNDO DE INVESTIMENTO EM DIREITOS CREDITÓRIOS CRÉDITO CORPORATIVO,65470525000136,0.0,29847133.4,29847133.4,30876769.77,0.966653365048555
LCBANK FUNDO DE INVESTIMENTO EM DIREITOS CREDITÓRIOS NÃO PADRONIZADOS,52343885000125,29778786.77,0.0,29778786.77,38721124.41,0.7690579037603935
TS FUNDO DE INVESTIMENTO EM DIREITOS CREDITÓRIOS,19527871000196,29734621.7,0.0,29734621.7,41874397.55,0.7100907341889627
DC1 FUNDO DE INVESTIMENTO EM DIREITOS CREDITÓRIOS,58242641000132,29653413.73,0.0,29653413.73,30768430.63,0.9637610083722363
FUNDO DE INVESTIMENTO EM DIREITOS CREDITÓRIOS FINEDU.TECH,59225114000182,29626688.39,0.0,29626688.39,22215274.04,1.333617957476252
EXANTE - CG CRÉDITOS PRIVADOS AUTO I - FUNDO DE INVESTIMENTO EM DIREITOS CREDITÓRIOS,63821288000185,29614078.12,0.0,29614078.12,31574073.93,0.9379238860862451
JUSTOO CRÉDITO JUDICIAL PRIVADO FUNDO DE INVESTIMENTO EM DIREITOS CREDITÓRIOS,56348388000170,29605873.33,0.0,29605873.33,30962083.85,0.9561976988832422
SANTO INÁCIO FUNDO DE INVESTIMENTO EM DIREITOS CREDITÓRIOS RESPONSABILIDADE LIMITADA,61559162000159,29588545.45,0.0,29588545.45,34158654.92,0.8662093258442625
PLENO INVEST FUNDO DE INVESTIMENTO EM DIREITOS CREDITÓRIOS,20636504000100,486350.79,29083872.61,29570223.4,33049147.43,0.8947348328011013
SARAFINA FUNDO DE INVESTIMENTO EM DIREITOS CREDITÓRIOS NÃO PADRONIZADOS,43809819000107,29545414.47,0.0,29545414.47,15997543.57,1.8468719488538325
ESTRATÉGIA ATIVOS JUDICIAIS I - FUNDO DE INVESTIMENTO EM DIREITOS CREDITÓRIOS,55074349000160,29528480.46,0.0,29528480.46,29467658.45,1.002064025891409
RIZA MEYENII DLG FUNDO DE INVESTIMENTO EM DIREITOS CREDITÓRIOS,37087653000160,0.0,29496737.11,29496737.11,337438888.67,0.0874135676129685
PERSA FUNDO DE INVESTIMENTO EM DIREITOS CREDITÓRIOS NÃO-PADRONIZADOS,45188001000140,27364251.9,2096038.38,29460290.279999997,30020952.27,0.9813243102697887
MEDSYSTEMS B24 II FIDC SEGMENTO RECEBÍVEIS COMERCIAIS DE RESPONSABILIDADE LIMITADA,58376702000154,29457071.75,0.0,29457071.75,68648249.14,0.42910157387882947
RCJ FUNDO DE INVESTIMENTO EM DIREITOS CREDITÓRIOS RESPONSABILIDADE LIMITADA,64009633000143,29240185.49,0.0,29240185.49,32051355.17,0.9122917060732817
AUGME NAMARI VENTURE DEBT FUNDO DE INVESTIMENTO EM DIREITOS CREDITÓRIOS DE RESPONSABILIDADE LIMITADA,46322877000108,29229797.41,0.0,29229797.41,30810974.96,0.9486813529252889
REALINVEST FUNDO DE INVESTIMENTO EM DIREITOS CREDITÓRIOS,42449234000160,2664566.39,26491340.5,29155906.89,29697024.75,0.9817787180852183
PENHA FUNDO  DE INVESTIMENTO EM DIREITOS CREDITÓRIOS RESPONSABILIDADE LIMITADA,53292327000140,29000000.0,0.0,29000000.0,29152534.36,0.9947677152827821
RENEGOCIAÇÃO DESPORTIVA FIDC MULTICARTEIRA OUTROS RESP. LIMITADA,67025009000128,28957647.2,0.0,28957647.2,31297243.05,0.9252459443069059
MINASVERDE FUNDO DE INVESTIMENTO EM DIREITOS CREDITÓRIOS,42605189000196,28953927.53,0.0,28953927.53,47017811.86,0.6158076351194962
EXITUS FUNDO DE INVESTIMENTO EM DIREITOS CREDITÓRIOS,31847511000177,28945242.24,0.0,28945242.24,29287318.93,0.9883199725171975
NPL BRASIL I - FUNDO DE  INVESTIMENTO EM DIREITOS CREDITÓRIOS,40754316000193,28937110.21,0.0,28937110.21,35969835.39,0.8044826976896543
DB 18 FUNDO DE INVESTIMENTO EM DIREITOS CREDITÓRIOS MULTISSETORIAL,18269128000110,951603.95,27969600.42,28921204.37,31197725.16,0.9270292696558905
EXT LOOMY FUNDO DE INVESTIMENTO EM DIREITOS CREDITÓRIOS RESPONSABILIDADE LIMITADA,61062538000115,28913190.49,0.0,28913190.49,30066365.33,0.9616456852252317
DASI ASSET FUNDO DE INVESTIMENTO EM DIREITOS CREDITÓRIOS  RESPONSABILIDADE LIMITADA,64576181000181,28903148.07,0.0,28903148.07,32592706.7,0.8867980292658542
ATLAS  CRÉDITO ESTRUTURADO FUNDO DE INVESTIMENTO EM DIREITOS CREDITÓRIOS  RESPONSABILIDADE LIMITADA,63098061000153,28896611.37,0.0,28896611.37,29756447.31,0.9711042137845858
VIA CERTA FUNDO DE INVESTIMENTO EM DIREITOS CREDITÓRIOS FINANCEIROS,55897261000148,28860811.89,0.0,28860811.89,31314232.14,0.9216515915500906
GPR FUNDO DE INVESTIMENTO EM DIREITOS CREDITORIOS,35982683000104,1147913.38,27635787.78,28783701.16,33082431.38,0.8700600276133634
VALORIZA FUNDO DE INVESTIMENTO EM DIREITOS CREDITÓRIOS RESPONSABILIDADE LIMITADA,52093999000164,28759942.74,0.0,28759942.74,33044722.87,0.8703339063590699
GDV CAPTA FUNDO DE INVESTIMENTO EM DIREITOS CREDITÓRIOS,53165079000177,28641386.8,0.0,28641386.8,31753730.17,0.9019849525288071
COPOBRAS FUNDO DE INVESTIMENTO  EM DIREITOS CREDITÓRIOS DE RESPONSABILIDADE LIMITADA RECEBÍVEIS COME,57182898000183,28581038.62,0.0,28581038.62,30607830.61,0.9337819130069996
SOLUS FUNDO DE INVESTIMENTO EM DIREITOS CREDITÓRIOS - RESPONSABILIDADE LIMITADA,54974598000149,0.0,28555489.49,28555489.49,29258126.75,0.9759848856352363
MÖBIUS VD TOTAL RETURN 1 - FIDC MULTICARTEIRA OUTROS - RESP LIMITADA,47410122000110,28551750.43,0.0,28551750.43,54861108.26,0.5204369969102043
MC 1338 FUNDO DE INVESTIMENTO EM DIREITOS CREDITÓRIOS MULTISSEGMENTOS,67147404000183,28540440.61,0.0,28540440.61,29936885.11,0.95335371416001
CAPITAL FUTEBOL FUNDO DE INVESTIMENTO EM DIREITOS CREDITÓRIOS DE RESPONSABILIDADE LIMITADA,60776193000107,28530167.67,0.0,28530167.67,28847299.95,0.9890065177486395
BRD FUNDO DE INVESTIMENTO EM DIREITOS CREDITÓRIOS RESPONSABILIDADE LIMITADA,59175312000189,16385294.25,12085789.15,28471083.4,29612643.33,0.9614502522696612
VIRTUS FUNDO DE INVESTIMENTO EM DIREITOS CREDITÓRIOS,60101506000119,9850804.69,18614250.06,28465054.75,34990389.99,0.8135106455839762
ST 1013 FUNDO DE INVESTIMENTO EM DIREITOS CREDITÓRIOS RESPONSABILIDADE LIMITADA,56266633000109,28463957.0,0.0,28463957.0,28619701.44,0.9945581388986006
AMAZÔNIA FUNDO DE INVESTIMENTO EM DIREITOS CREDITÓRIOS,54954874000107,28442469.79,0.0,28442469.79,31794066.95,0.8945841950552978
VGR IMOBILIÁRIO FUNDO DE INVESTIMENTO EM DIREITOS CREDITÓRIOS RESPONSABILIDADE LIMITADA,61621939000168,28436241.87,0.0,28436241.87,29551851.58,0.9622490757650185
WSUL PRECATÓRIOS FEDERAIS  - FUNDO DE INVESTIMENTO EM DIREITOS CREDITÓRIOS - RESP LIMITADA,63764461000150,28405452.5,0.0,28405452.5,31483977.62,0.9022193079554095
LUME FUNDO DE INVESTIMENTO EM DIREITOS CREDITÓRIOS DE RESPONSABILIDADE LIMITADA,55675974000167,28375383.6,0.0,28375383.6,24887040.25,1.1401670634578573
GOLDEN BIRD FUNDO DE INVESTIMENTO EM DIREITOS CREDITÓRIOS,32155992000112,28274614.25,0.0,28274614.25,138251209.18,0.20451621665881475
VALE M CAPITAL FUNDO DE INVESTIMENTO EM DIREITOS CREDITÓRIOS,49141366000170,0.0,28178763.01,28178763.01,27913352.09,1.009508385776966
AMALFI FUNDO DE INVESTIMENTO EM DIREITOS CREDITÓRIOS RESPONSABILIDADE LIMITADA,50184026000105,529019.24,27631566.14,28160585.38,33581919.34,0.8385639038343303
ITAPEVA XII MULTICARTEIRA FUNDO DE INVESTIMENTO EM DIREITOS CREDITÓRIOS RESPONSABILIDADE LIMITADA,30366229000105,28146386.82,0.0,28146386.82,16872781.38,1.6681533522009044
GRBIGO FUNDO DE INVESTIMENTO EM DIREITOS CREDITÓRIOS DE RESPONSABILIDADE LIMITADA,63054582000109,28127829.35,0.0,28127829.35,32953406.33,0.853563636739826
BEAUTY E CAFÉ FRANCHISING GROUP FUNDO DE INVESTIMENTO EM DIREITOS CREDITÓRIOS - INDÚSTRIA E COMÉRCIO,54968636000150,28063055.06,0.0,28063055.06,29988912.45,0.9357810192946827
FAZ CRED FUNDO DE  INVESTIMENTO EM DIREITOS CREDITÓRIOS - RESPONSABILIDADE LIMITADA,66571531000142,27984069.33,0.0,27984069.33,28035972.64,0.9981486888053974
COPPER CAPITAL FUNDO DE INVESTIMENTO EM DIREITOS CREDITÓRIOS PADRONIZADO,36731351000110,0.0,27929319.46,27929319.46,31645506.33,0.8825682600478083
FUNDO DE INVESTIMENTO EM DIREITOS CREDITÓRIOS NÃO-PADRONIZADOS TRYBE VQV SSI - RESPONSABILIDADE LIMI,39883874000170,0.0,27902839.25,27902839.25,30290746.27,0.9211671116084391
MT - FUNDO DE INVESTIMENTO EM DIREITOS CREDITORIOS,26545364000140,987818.92,26876595.1,27864414.020000003,34564122.63,0.8061658129813203
JIVE DISTRESSED & SPECIAL SITS IV (OFFSHORE) FIDC RESPONSABILIDADE LIMITADA,55582283000119,27833032.88,0.0,27833032.88,262460353.17,0.10604661825617553
JIVE DISTRESSED & SPECIAL SITS IV (PROFISSIONAL) FIDC - RESPONSABILIDADE LIMITADA,55039863000164,27833032.88,0.0,27833032.88,227210224.23,0.12249903354624228
ORIZ JURI LC II FUNDO DE INVESTIMENTO EM DIREITOS CREDITÓRIOS - RESPONSABILIDADE LIMITADA,66279914000141,27784855.09,0.0,27784855.09,28375054.48,0.9792000614336794
JRP FUNDO DE INVESTIMENTO EM DIREITOS CREDITÓRIOS RESPONSABILIDADE LIMITADA,55364405000109,27779508.37,0.0,27779508.37,30503431.45,0.9107010932699509
JUSINVEST I - FUNDO DE INVESTIMENTO EM DIREITOS CREDITORIOS,38328747000146,27731473.45,0.0,27731473.45,30932288.28,0.8965218867409314
ERGA OMNES FUNDO DE INVESTIMENTO EM DIREITOS CREDITÓRIOS NÃO-PADRONIZADO,49839322000118,27694619.17,0.0,27694619.17,23782364.17,1.164502358639982
INSS CONSIGNADO (PDL) I FUNDO DE INVESTIMENTO EM DIREITOS CREDITÓRIOS RESPONSABILIDADE LIMITADA,40365950000134,27684584.66,0.0,27684584.66,32398248.41,0.8545086854589001
PANDION FUNDO DE INVESTIMENTO EM DIREITOS CREDITÓRIOS,47463373000162,27672309.51,0.0,27672309.51,40144805.22,0.6893123371343138
FUNDO DE INVESTIMENTO EM DIREITOS CREDITÓRIOS GOAL NP,25306519000123,0.0,27668242.64,27668242.64,36923613.99,0.749337338633574
BENFICA FUNDO DE INVESTIMENTO EM DIREITOS CREDITÓRIOS,11026623000150,282029.41,27381216.73,27663246.14,33098605.04,0.835782840593091
BIOENERGY FUNDO DE INVESTIMENTO EM DIREITOS CREDITÓRIOS NÃO PADRONIZADO,47425628000100,27606931.72,0.0,27606931.72,27142564.91,1.017108435092253
"PROBANK FIDC FINANCEIROS, IMOBILIÁRIOS, VAREJISTAS E INDUSTRIAIS DE RESPONSABILIDADE LIMITADA",54851950000159,14914139.77,12685199.43,27599339.2,28907586.24,0.9547438160648034
LTA IRONTREND ONE FUNDO DE INVESTIMENTO EM DIREITOS CREDITÓRIOS,63778221000105,27588532.63,0.0,27588532.63,29434682.36,0.9372797807898614
GO.BANK FUNDO DE INVESTIMENTO EM DIREITOS CREDITÓRIOS,55596335000106,13943546.73,13641666.71,27585213.44,33010226.65,0.8356565900767604
JUDICIAL ASSETS N2 FUNDO DE INVESTIMENTO EM DIREITOS CREDITORIOS,59111770000154,27550592.05,0.0,27550592.05,27391741.71,1.0057992055299647
ATLAS 7 - FUNDO DE INVESTIMENTO EM DIREITOS CREDITÓRIOS DE RESPONSABILIDADE LIMITADA,42043592000179,27484894.77,0.0,27484894.77,26861943.45,1.0231908506977367
INCENTIVO FUNDO DE INVESTIMENTO EM DIREITOS CREDITÓRIOS MULTISSETORIAL II,13344834000166,27474572.83,0.0,27474572.83,-26083273.04,
ALMAM FUNDO DE  INVESTIMENTO EM DIREITOS CREDITÓRIOS NÃO-PADRONIZADOS RESPONSABILIDADE  LIMITADA,62576847000176,24105864.54,3326575.07,27432439.61,27902128.94,0.9831665414847014
FUNDO DE INVESTIMENTO EM DIREITOS CREDITÓRIOS TARGET TRADING - RESPONSABILIDADE LIMITADA,64077421000101,27412713.61,0.0,27412713.61,27956282.56,0.9805564653013723
MAXINVESTOR FUNDO DE INVESTIMENTO EM DIREITOS CREDITÓRIOS NÃO-PADRONIZADOS MULTISSETORIAL LP,20861236000120,565.57,27376651.28,27377216.85,35894288.34,0.7627179174211759
C+ VALORA FUNDO DE INVESTIMENTO EM DIREITOS CREDITÓRIOS,32990730000173,27351401.83,0.0,27351401.83,28943462.88,0.944994106040431
MACRO FUND - FUNDO DE INVESTIMENTO EM DIREITOS CREDITÓRIOS MULTISEGMENTOS,09609468000152,0.0,27275079.54,27275079.54,31472558.59,0.866630511211958
3G BANK - FUNDO DE INVESTIMENTO EM DIREITOS CREDITORIOS NAO-PADRONIZADOS,41387466000179,27263680.6,0.0,27263680.6,27763941.86,0.9819816198102355
CHAPADA FUNDO DE INVESTIMENTO EM DIREITOS CREDITÓRIOS RESPONSABILIDADE LIMITADA,63244964000103,27249138.46,0.0,27249138.46,30352033.29,0.897769786941348
BORDER FUNDO DE INVESTIMENTO EM DIREITOS CREDITÓRIOS,62121679000124,27248189.23,0.0,27248189.23,27288863.17,0.9985095040512821
OSAKA FUNDO DE INVESTIMENTO EM DIREITOS CREDITÓRIOS DE RESPONSABILIDADE LIMITADA,49583436000140,26614237.13,624523.59,27238760.72,33085953.36,0.8232726566353353
GRUPO K FUNDO DE INVESTIMENTO EM DIREITOS CREDITÓRIOS,63212782000142,27149853.07,0.0,27149853.07,27823103.0,0.9758024857975043
EQUIPMED FUNDO DE INVESTIMENTO EM DIREITOS CREDITÓRIOS DE RESPONSABILIDADE LIMITADA,39338006000109,25029475.82,2097282.03,27126757.85,28562017.37,0.9497493646402051
FORSETI VCM FUNDO DE INVESTIMENTO EM DIREITOS CREDITÓRIOS - RESPONSABILIDADE LIMITADA,23956975000193,27124093.72,0.0,27124093.72,33684724.14,0.805234254176083
MOKA FUND I FUNDO DE INVESTIMENTO EM DIREITOS CREDITÓRIOS,12400426000111,6338542.04,20785498.97,27124041.009999998,30603989.72,0.8862910116674814
ONZE II FUNDO DE INVESTIMENTO EM DIREITOS CREDITÓRIOS - RESPONSABILIDADE LIMITADA,62972105000160,27105211.24,0.0,27105211.24,29107812.74,0.9312005502478714
MINHA CASA MINHA VIDA FUNDO DE INVESTIMENTO EM DIREITOS CREDITÓRIOS NP RESPONSABILIDADE LIMITADA,61995402000168,27102461.77,0.0,27102461.77,27271482.81,0.993802279062801
ÉXES SPECIAL OPPORTUNITIES II FUNDO DE INVESTIMENTO EM DIREITOS CREDITÓRIOS RESP LTDA,60447905000136,27045931.13,0.0,27045931.13,43861313.04,0.6166238367131199
SÃO LUÍS FUNDO DE INVESTIMENTO EM DIREITOS CREDITÓRIOS,24270499000115,27013656.45,0.0,27013656.45,39953760.29,0.676123004541358
UA FUNDO DE INVESTIMENTO EM DIREITOS CREDITÓRIOS NÃO-PADRONIZADOS,29018916000150,26994640.0,0.0,26994640.0,27525235.04,0.9807233239160744
KUARÁ ORIZ LSN I FUNDO DE INVESTIMENTOS EM DIREITOS CREDITÓRIOS NP RESP LIMITADA,56154338000152,26993220.39,0.0,26993220.39,27765085.2,0.9722001641831808
TMOV FUNDO DE INVESTIMENTO EM DIREITOS CREDITÓRIOS,49934838000141,26960934.61,0.0,26960934.61,26661448.71,1.0112329192332175
LATACHE II DISTRESSED FUNDO DE INVESTIMENTO EM DIREITOS CREDITORIOS NAO PADRONIZADOS,19476304000158,26865625.72,0.0,26865625.72,8495589.36,3.1623027645959576
ÁRTICO DISTRESSED MULTIESTRATÉGIA FUNDO DE INVESTIMENTO EM DIREITOS CREDITÓRIOS NÃO PADRONIZADOS,54389751000170,24679411.56,2175168.99,26854580.549999997,28021489.14,0.958356653203906
ALGARVE SMALL  CLAIMS I FUNDO DE INVESTIMENTO EM DIREITOS CREDITÓRIOS NÃO PADRONIZADOS,40800541000119,26847250.61,0.0,26847250.61,27062293.87,0.9920537682048309
CLASSE I DO TUNDRA FIDC DE RESPONSABILIDADE LIMITADA,55333402000108,26837445.55,0.0,26837445.55,26866701.22,0.9989110806808609
ITAPEVA X  MULTICARTEIRA FUNDO DE INVESTIMENTO EM DIREITOS CREDITÓRIOS RESPONSABILIDADE LIMITADA,22443425000108,26790812.87,0.0,26790812.87,33502396.33,0.7996685552313745
NOVA PROSPER FUNDO DE INVESTIMENTO EM DIREITOS CREDITÓRIOS  RESPONSABILIDADE LIMITADA,56769153000152,313580.43,26406520.45,26720100.88,31270435.75,0.8544844431852856
CAPITALE FUNDO DE INVESTIMENTO EM DIREITOS CREDITÓRIOS MULTISSEGMENTO,58315066000150,0.0,26715952.28,26715952.28,26997975.74,0.9895539034957294
MAIS TODOS PF FUNDO DE INVESTIMENTO EM DIREITOS CREDITÓRIOS FINANCEIRO RESPONSABILIDADE LIMITADA,58088190000120,26691534.04,0.0,26691534.04,27433632.37,0.9729493229335711
DELPAR FUNDO DE INVESTIMENTO EM DIREITOS CREDITÓRIOS,25970315000192,0.0,26680490.46,26680490.46,45252745.38,0.5895883274253625
LOGFIN FUNDO DE INVESTIMENTO EM DIREITOS CREDITÓRIOS,46268912000140,26677048.58,0.0,26677048.58,26746320.39,0.9974100433633517
C&J FUNDO DE INVESTIMENTO EM DIREITOS CREDITORIOS,26208267000162,917873.37,25672047.6,26589920.970000003,40544278.77,0.6558242439294475
UTILITY CREDIT FUNDO DE INVESTIMENTO EM DIREITOS CREDITÓRIOS,30144093000199,18939870.44,7649648.29,26589518.73,60619025.64,0.43863322528322973
IZI CASH I FUNDO DE INVESTIMENTO EM DIREITOS CREDITÓRIOS,52354707000108,0.0,26539232.09,26539232.09,30802241.89,0.8616006648079731
STZ FORNECEDORES FUNDO DE INVESTIMENTO EM DIREITOS CREDITÓRIOS CORPORATIVOS,43143438000131,0.0,26489978.54,26489978.54,34037264.34,0.7782640307220412
VECTIS PRO SOLUTTI CRÉDITOS JUDICIAIS FIDC DE RESPONSABILIDADE LIMITADA,45144657000160,26473482.54,0.0,26473482.54,25731273.86,1.0288446146909884
CONSULT PRECATÓRIOS E RECEBÍVEIS  FUNDO DE INVESTIMENTO EM DIREITOS CREDITÓRIOS RESP LIMITADA,55659693000110,26368602.0,0.0,26368602.0,19738301.19,1.3359104082046889
IMOB RS FUNDO DE INVESTIMENTO EM DIREITOS CREDITÓRIOS - RESPONSABILIDADE LIMITADA,56125191000172,26348687.16,0.0,26348687.16,29108392.54,0.90519210649617
PRECATO V FUNDO DE INVESTIMENTO EM DIREITOS CREDITÓRIOS RESPONSABILIDADE LIMITADA,59388384000104,26337920.42,0.0,26337920.42,28177263.48,0.9347224381350747
FUNDO DE INVESTIMENTO EM DIREITOS CREDITORIOS F COBALTO - FINANCEIRO,16502939000194,26334272.83,0.0,26334272.83,26581137.41,0.9907127909467437
JAUNE FUNDO DE INVESTIMENTO EM DIREITO CREDITÓRIOS  DE RESPONSABILIDADE LIMITADA,61250504000154,26278909.56,0.0,26278909.56,35948903.11,0.731007271058847
AMFI  CATÁLISE FUNDO DE INVESTIMENTO EM DIREITOS CREDITÓRIOS DE  RESPONSABILIDADE LIMITADA,59733020000114,26208226.81,0.0,26208226.81,26264059.87,0.997874164912951
SUPERNOVA FUNDO DE INVESTIMENTO EM DIREITOS CREDITÓRIOS MULTISSETORIAL LP,18675887000183,0.0,26194879.79,26194879.79,27318484.95,0.9588701510330279
ITAÚ CRÉDITO ESTRUTURADO DOLOMITAS I FIDC - RESPONSABILIDADE LIMITADA,56415135000172,26188919.9,0.0,26188919.9,343078065.63,0.07633516252899715
JIVEMAUÁ BOSSANOVA CRÉDITO SECURITIZADO II FUNDO DE INVESTIMENTO EM DIREITOS CREDITÓRIOS,64118207000148,26173104.28,0.0,26173104.28,370378260.21,0.07066587619143783
FDR FUNDO DE INVESTIMENTO EM DIREITOS CREDITÓRIOS,53936215000185,26122743.73,0.0,26122743.73,38904304.74,0.6714615234632773
QG P FUNDO DE INVESTIMENTO EM DIREITOS CREDITÓRIOS - RESPONSABILIDADE LIMITADA,27944346000102,26109716.34,0.0,26109716.34,26721153.86,0.9771178474102017
BSB FUNDO DE INVESTIMENTO EM DIREITOS CREDITÓRIOS,60307274000150,26061039.61,0.0,26061039.61,26336643.69,0.9895353377885182
MFM FUNDO DE INVESTIMENTO EM DIREITOS CREDITÓRIOS SEGMENTO ECONÔMICO DE  TELECOMUNICAÇÕES,50366328000102,26051622.35,0.0,26051622.35,26084695.69,0.9987320787486633
LB I FUNDO  DE INVESTIMENTO EM DIREITOS CREDITÓRIOS RESPONSABILIDADE LIMITADA,57300010000160,25985998.6,0.0,25985998.6,25459261.93,1.0206893927816234
LIONS FUNDO DE INVESTIMENTO EM DIREITOS CREDITÓRIOS,53145182000155,25985990.64,0.0,25985990.64,26642047.16,0.975375146059159
AVANTI FUNDO DE INVESTIMENTO EM DIREITOS CREDITÓRIOS  RESPONSABILIDADE LIMITADA,54519336000194,25955617.81,0.0,25955617.81,27149227.47,0.9560352256314127
BOCOM BBM AGRO FUNDO DE INVESTIMENTO EM DIREITOS CREDITÓRIOS SEGMENTO AGRONEGÓCIO - RL,66332324000135,25937357.71,0.0,25937357.71,26059039.43,0.9953305370166518
KEYCASH HOME EQUITY FUNDO DE INVESTIMENTO EM DIREITOS CREDITÓRIOS,40995902000120,0.0,25930767.9,25930767.9,40546244.23,0.6395356312882349
CTZ FUNDO DE INVESTIMENTO EM DIREITOS CREDITÓRIOS - RESPONSABILIDADE LIMITADA,65793331000171,25814180.19,0.0,25814180.19,26038515.03,0.9913844994715891
NO STRESS FUNDO DE INVESTIMENTO EM DIREITOS CREDITÓRIOS,42867154000125,25810365.66,0.0,25810365.66,12886660.71,2.002874619021455
B33 FUNDO  DE INVESTIMENTO EM DIREITOS CREDITORIOS,47117821000176,25769738.54,0.0,25769738.54,26892755.8,0.9582409006963875
DIPLOMATA FUNDO DE INVESTIMENTO EM DIREITOS CREDITÓRIOS,30828789000134,25747907.83,0.0,25747907.83,24289802.11,1.0600295429907889
PETRUS MULTICREDITO FUNDO DE INVESTIMENTO EM DIREITOS CREDITORIOS,61384065000172,0.0,25743932.92,25743932.92,29037882.4,0.8865637158169634
MINKE FUNDO DE INVESTIMENTO EM  DIREITOS CREDITÓRIOS,39273409000117,25568702.1,0.0,25568702.1,31458445.26,0.8127770424977449
SUPERE FUNDO DE INVESTIMENTO EM DIREITOS CREDITÓRIOS,41687522000190,4400040.05,21148810.62,25548850.67,26390008.07,0.9681259134984418
CPM FUNDO DE INVESTIMENTO EM DIREITOS CREDITÓRIOS,53319087000120,25472786.71,0.0,25472786.71,25207483.89,1.0105247640406207
JIF CRÉDITOS PFN FIDC CRÉDITO PRIVADO RESPONSABILIDADE ILIMITADA,65344702000138,25464668.78,0.0,25464668.78,56672203.37,0.4493326051529519
PRECATÓRIOS ESTADUAIS E MUNICIPAIS PULVERIZADOS I FI DIREITOS CREDITÓRIOS-RESPONSABILIDADE LIMITADA,54023881000195,25453155.56,0.0,25453155.56,25424397.56,1.0011311182470355
NX CAPITAL FUNDO DE  INVESTIMENTO EM DIREITOS CREDITÓRIOS NÃO PADRONIZADOS RESP LIMITADA,63354125000130,25381456.57,0.0,25381456.57,20541813.14,1.235599622925983
FFP FUNDO DE INVESTIMENTO EM DIREITOS CREDITÓRIOS MULTISSEGMENTOS,65867787000139,0.0,25330003.29,25330003.29,24820376.79,1.0205325851541998
FUNDO DE INVESTIMENTO EM DIREITOS CREDITÓRIOS DAV,59524577000145,25282313.56,0.0,25282313.56,25823878.44,0.9790285227194555
DENARIUS FUNDO DE INVESTIMENTO EM DIREITOS CREDITÓRIOS,39591404000132,25189570.37,0.0,25189570.37,20621185.07,1.221538446238289
G5 SAÚDE II FUNDO DE INVESTIMENTO EM DIREITOS CREDITÓRIOS,64082064000161,25158946.78,0.0,25158946.78,37067210.99,0.6787385969445445
PRECATO VI FUNDO DE INVESTIMENTO EM DIREITOS CREDITÓRIOS DE  RESPONSABILIDADE LIMITADA,65562163000103,25145951.29,0.0,25145951.29,40368242.38,0.6229141970882112
FERPAR - FUNDO DE INVESTIMENTO EM DIREITOS CREDITÓRIOS NÃO PADRONIZADOS,35940459000150,0.0,25064019.0,25064019.0,32762284.49,0.765026596593112
SPECIAL SITUATIONS IV FUNDO DE INVESTIMENTO EM DIREITOS CREDITÓRIOS - RESPONSABILIDADE LIMITADA,57400405000134,25054182.18,0.0,25054182.18,119207181.41,0.21017342985259332
ATLAS FUNDO DE INVESTIMENTO EM DIREITOS CREDITÓRIOS,59958357000120,25031395.49,0.0,25031395.49,14293076.32,1.751295167645197
CREDIHOME FUNDO DE INVESTIMENTO EM DIREITOS CREDITÓRIOS - RESPONSABILIDADE LIMITADA,31962973000135,25011620.78,0.0,25011620.78,25898147.95,0.9657687039354489
ASGARD FUNDO DE INVESTIMENTO EM DIREITOS CREDITÓRIOS NÃO-PADRONIZADOS,33823975000179,25000000.0,0.0,25000000.0,25190575.16,0.9924346642031971
FCC I - FUNDO DE INVESTIMENTO EM DIREITOS CREDITÓRIOS,32274365000109,24945124.85,0.0,24945124.85,28606083.66,0.8720216701624511
CONSORTI PRECATÓRIOS FIDC DE ATIVOS JUDICIAIS DE RESP LIMITADA,60373765000107,24864011.08,0.0,24864011.08,24589076.64,1.0111811616200648
PRINCIPIAPAY CRÉDITO EDUCAÇÃO FUNDO DE INVESTIMENTO EM DIREITOS CREDITÓRIOS FINANCEIROS RESPONSABILI,58494685000150,24862894.15,0.0,24862894.15,26016049.31,0.9556752393009668
SCORE EQI PREC II FUNDO DE INVESTIMENTO EM DIREITOS CREDITÓRIOS,60543693000190,0.0,24799233.96,24799233.96,30270698.47,0.8192488186084462
FUNDO DE INVESTIMENTO EM DIREITOS CREDITÓRIOS LEJÚ,65659857000163,18651521.82,6122311.18,24773833.0,25609895.73,0.9673539190157413
ANTALLI FUNDO DE INVESTIMENTO EM DIREITOS CREDITÓRIOS,61443209000114,11770989.42,12995048.64,24766038.060000002,24659119.42,1.004335866102067
OPENSEA SP FUNDO DE INVESTIMENTO EM DIREITOS CREDITÓRIOS RESPONSABILIDADE LIMITADA,63381126000173,24738704.91,0.0,24738704.91,26820758.02,0.922371578445045
FUNDO DE  INVESTIMENTO EM DIREITOS CREDITÓRIOS GOFLUX FRETES RESPONSABILIDADE  LIMITADA,53077542000129,457020.43,24281057.55,24738077.98,32855142.18,0.7529438723615958
MT INSS RECEIVABLES III FUNDO DE INVESTIMENTO EM DIREITOS CREDITÓRIOS RESPONSABILIDADE,44173467000109,0.0,24594161.89,24594161.89,33343874.61,0.7375916019856938
LESTE PRECATÓRIOS IV FUNDO DE INVESTIMENTO EM DIREITOS CREDITÓRIOS DE RESPONSABILIDADE LIMITADA,64064985000100,24590999.68,0.0,24590999.68,26092079.41,0.9424699079589379
FRUTOS CAPITAL FUNDO DE INVESTIMENTO EM DIREITOS CREDITORIOS,57889361000158,842689.34,23639244.75,24481934.09,24735274.94,0.9897579125109979
SARFATY INSURED CREDIT  FUNDO DE INVESTIMENTO EM DIREITOS CREDITÓRIOS RESPONSABILIDADE  LIMITADA,57658801000166,0.0,24458928.39,24458928.39,27464761.3,0.8905567437063434
BTF FUNDO DE INVESTIMENTO EM DIREITOS CREDITÓRIOS,51296133000198,3139245.87,21307586.2,24446832.07,24272118.31,1.0071981257576526
SOLUCRED FUNDO DE INVESTIMENTO EM DIREITOS CREDITÓRIOS,49793609000154,6478067.22,17967532.69,24445599.91,27519510.87,0.8883006687683908
W CAPITAL II - FUNDO DE INVESTIMENTO EM DIREITOS CREDITÓRIOS DE RESPONSABILIDADE LIMITADA,55037275000191,24405729.56,0.0,24405729.56,26769608.45,0.9116954252649893
INVESTHOR FUNDO DE INVESTIMENTO EM DIREITOS CREDITÓRIOS,22397286000123,0.0,24399159.97,24399159.97,29619368.94,0.8237569145860404
FRADE IV FUNDO DE INVESTIMENTO EM DIREITOS CREDITÓRIOS,35820716000110,24375056.84,0.0,24375056.84,25401796.81,0.959580025866682
ID FINANCIAL FUNDO DE INVESTIMENTO EM DIREITOS CREDITÓRIOS MULTISEGMENTOS,12769511000151,24342676.98,0.0,24342676.98,26368603.63,0.923168982384222
ROOT ANGELIM FUNDO DE INVESTIMENTO EM DIREITOS CREDITÓRIOS,52324264000102,24308700.92,0.0,24308700.92,24645734.74,0.9863248621493523
ONDABRASIL FUNDO DE  INVESTIMENTO EM DIREITOS CREDITÓRIOS NÃO-PADRONIZADOS RESP LIMITADA,27531244000157,24190284.59,0.0,24190284.59,24455751.75,0.9891450010323236
ALLUGG FUNDO DE INVESTIMENTO EM DIREITOS CREDITÓRIOS,32511204000183,0.0,24112873.75,24112873.75,25446821.56,0.9475790009037184
THE CAPITAL UNIVERSE FUNDO DE INVESTIMENTO EM DIREITOS CREDITÓRIOS RESPONSABILIDADE LIMITADA,52286780000181,699200.02,23402449.56,24101649.58,30024214.14,0.8027403970547353
MLC 1C FUNDO DE INVESTIMENTO EM DIREITOS CREDITÓRIOS - RESPONSABILIDADE LIMITADA,63939263000180,24095047.17,0.0,24095047.17,26774542.72,0.8999237604906517
MITTU FUNDO DE INVESTIMENTO EM DIREITOS CREDITÓRIOS,31570850000159,20949794.57,3057087.44,24006882.01,30138244.71,0.7965587326336365
TRINU FUNDO DE INVESTIMENTO EM DIREITOS CREDITÓRIOS RESPONSABILIDADE LIMITADA,53075146000162,23999999.01,0.04,23999999.05,179247105.67,0.1338933700507545
VISHNU FUNDO DE INVESTIMENTO EM DIREITOS CREDITÓRIOS,48984429000197,23959497.82,0.0,23959497.82,25427209.67,0.9422779035116989
BANSULCRED FUNDO DE INVESTIMENTO EM DIREITOS CREDITÓRIOS,34027522000107,50297.26,23800457.2,23850754.46,35455940.05,0.6726871273576627
AVCALA FUNDO DE INVESTIMENTO EM DIREITOS CREDITÓRIOS,32302142000108,1176310.41,22611902.86,23788213.27,25802955.7,0.921918153353261
CLAIMS II FUNDO DE INVESTIMENTO EM DIREITOS CREDITÓRIOS,30418801000132,23771788.41,0.0,23771788.41,23073320.16,1.0302716837089994
CROWN OCEAN CAPITAL IV FUNDO DE INVESTIMENTO EM DIREITOS CREDITORIOS NAO PADRONIZADOS,32907653000145,23718409.8,0.0,23718409.8,23725442.38,0.9997035848736828
NOVA ERA FUNDO DE INVESTIMENTO EM DIREITOS CREDITÓRIOS MULTISSETORIAL - RESPONSABILIDADE LIMITADA,45018961000161,919953.73,22790518.87,23710472.6,25413544.69,0.9329856534861843
ST 1008 FUNDO DE INVESTIMENTO EM DIREITOS CREDITÓRIOS  RESPONSABILIDADE LIMITADA,54304772000146,23663690.08,0.0,23663690.08,25848150.88,0.9154887012946745
HCS VELA LASER FUNDO DE INVESTIMENTO EM DIREITOS CREDITÓRIOS RESPONSABILIDADE LIMITADA,65880344000188,23658078.27,0.0,23658078.27,23631245.19,1.0011354915826167
PRECATÓRIOS E CRÉDITOS JUDICIAIS LEXIS I FUNDO DE INVESTIMENTO EM DIREITOS CREDITÓRIOS NP,37348481000130,23579013.89,0.0,23579013.89,23782206.66,0.9914561010714891
FORCE CAPITAL FUNDO DE INVESTIMENTO EM DIREITOS CREDITÓRIOS PADRONIZADO,33304615000160,6645274.41,16908711.13,23553985.54,24489272.41,0.9618083030666895
HEIVI FUNDO DE INVESTIMENTO EM DIREITOS CREDITORIOS,58593281000113,1131025.39,22407041.14,23538066.53,25227773.77,0.9330219441713347
CL VIII FUNDO DE INVESTIMENTO EM DIREITOS CREDITÓRIOS RESPONSABILIDADE LIMITADA,54837634000122,23523225.0,0.0,23523225.0,27105100.55,0.8678523422780662
RHB CRED FUNDO DE INVESTIMENTO EM DIREITOS CREDITÓRIOS DE RESPONSABILIDADE LIMITADA,56823795000192,23493705.43,0.0,23493705.43,23583006.85,0.9962133149276509
TABARE FUNDO DE INVESTIMENTO EM DIREITOS CREDITÓRIOS NÃO PADRONIZADOS DE RESPONSABILIDADE ILIMITADA,53250913000122,23428124.17,0.0,23428124.17,41804816.0,0.5604168708696147
HOPE II FUNDO DE INVESTIMENTO EM DIREITOS CREDITÓRIOS MULTISSEGMENTOS,13963676000122,3798930.27,19586197.58,23385127.849999998,27862806.16,0.8392955008089537
P2 INVEST FUNDO DE INVESTIMENTOS EM DIREITOS CREDITÓRIOS,49000456000140,12341.12,23355412.25,23367753.37,27063863.04,0.8634300777927674
EL CALAFATE FUNDO DE INVESTIMENTO EM DIREITOS CREDITÓRIOS,53272409000123,23342407.95,0.0,23342407.95,43033709.95,0.5424214639435241
ONZE I FUNDO DE INVESTIMENTO EM DIREITOS CREDITÓRIOS - RESPONSABILIDADE LIMITADA,57533260000140,23336354.19,0.0,23336354.19,23813746.82,0.9799530651934596
CONTEA CAPITAL GENOVA D45 FUNDO DE INVESTIMENTO EM COTAS DE FUNDOS DE  INVESTIMENTO EM DIREITOS CRED,47444058000198,23305625.21,0.0,23305625.21,128103305.79,0.1819283668464025
3MI FUNDO DE INVESTIMENTO EM DIREITOS CREDITÓRIOS,54444075000190,6085318.92,17193314.04,23278632.96,23519832.17,0.9897448583707305
CAP FUNDO DE INVESTIMENTO EM DIREITOS CREDITÓRIOS  RESPONSABILIDADE LIMITADA,62853435000136,23168664.8,79636.25,23248301.05,23168911.85,1.0034265398614306
KYOMI RENDA FUNDO DE INVESTIMENTO EM DIREITOS CREDITÓRIOS,51628065000117,0.0,23201513.44,23201513.44,107579251.03,0.2156690367135009
VULTURE FUNDO DE INVESTIMENTO EM DIREITOS CREDITÓRIOS  RESPONSABILIDADE LIMITADA,53864827000100,23194182.64,0.0,23194182.64,24162483.28,0.9599254501791423
JGP SPECIAL SITUATIONS MASTER II FIDC DE RESPONSABILIDADE LIMITADA,45064053000104,23071284.95,0.0,23071284.95,23583484.56,0.9782814278909088
PAGEDU FUNDO DE INVESTIMENTO EM DIREITOS CREDITÓRIOS,53624183000182,23042677.41,0.0,23042677.41,34050633.76,0.6767180185958455
MONTANTE FUNDO DE INVESTIMENTO EM DIREITOS CREDITÓRIOS DE RESPONSABILIDADE LIMITADA,61220318000172,7296779.95,15738433.31,23035213.26,22141673.17,1.0403555812218683
PATAGONIA FUNDO DE INVESTIMENTO EM DIREITOS CREDITÓRIOS NÃO PADRONIZADOS,42866957000165,8890496.31,14123347.0,23013843.310000002,23045346.57,0.9986329882302135
ALIANÇA CRED FUNDO DE INVESTIMENTO EM  DIREITOS CREDITÓRIOS NÃO PADRONIZADOS,32907712000185,0.0,22966433.15,22966433.15,30424382.78,0.7548693203103329
IC LESTE PROSOLUTTI CRÉDITOS TRABALHISTAS FUNDO DE INVESTIMENTO EM DIREITOS CREDITÓRIOS,57883732000194,22940725.55,0.0,22940725.55,22669663.05,1.011957059061802
TX CAPITAL FUNDO DE INVESTIMENTO EM  DIREITOS CREDITÓRIOS NÃO PADRONIZADOS,52356145000123,13453503.52,9431107.77,22884611.29,23088059.7,0.9911881547153137
LC III FUNDO DE INVESTIMENTO EM DIREITOS CREDITÓRIOS DE RESPONSABILIDADE LIMITADA,57310139000159,22839960.43,0.0,22839960.43,23652479.89,0.9656475995845355
SF3 QUATÁ FUNDO DE INVESTIMENTO EM DIREITOS  CREDITÓRIOS,55768218000182,22832706.82,0.0,22832706.82,23469366.86,0.9728727219699697
SP RECEBÍVEIS PREMIUM I FUNDO DE INVESTIMENTO EM DIREITOS CREDITÓRIOS  MULTISSEGMENTOS,07738319000168,0.0,22769881.86,22769881.86,22537671.77,1.0103031977912242
CAPELLA - FUNDO DE INVESTIMENTO EM DIREITOS CREDITÓRIOS DE RESPONSABILIDADE LIMITADA,20589460000104,22760285.28,0.0,22760285.28,46791605.71,0.48641812852205285
BES CARD FUNDO DE INVESTIMENTO EM DIREITOS CREDITÓRIOS - CREDITO PESSOAL,52883033000120,22738427.14,0.0,22738427.14,29436249.7,0.7724634548129955
FUNDO DE INVESTIMENTO EM DIREITOS CREDITÓRIOS MOBILIDADE RESPONSABILIDADE LIMITADA,65385241000141,22723993.35,0.0,22723993.35,25940534.76,0.876003272879329
TORONTO FUNDO DE INVESTIMENTO DIREITOS CREDITÓRIOS DE  RESPONSABILIDADE LIMITADA,56973948000188,0.0,22694109.39,22694109.39,54931339.38,0.4131359192428998
TD I FUNDO DE INVESTIMENTO EM DIREITOS CREDITÓRIOS DE RESPONSABILIDADE LIMITADA,63679664000149,0.0,22677687.99,22677687.99,28464608.1,0.7966977065108442
INOVA CREDTECH I FUNDO DE INVESTIMENTO EM DIREITOS CREDITORIOS FINANCEIRO- RESPONSABILIDADE LIMITADA,21205491000187,22612717.44,0.02,22612717.46,24368680.57,0.9279418060835947
ATLAS HUB I FUNDO DE INVESTIMENTO EM DIREITOS CREDITÓRIOS DE RESPONSABILIDADE LIMITADA,63802702000109,22534669.28,0.0,22534669.28,24677848.17,0.9131537370991127
BLUMENAU FUNDO DE INVESTIMENTO EM DIREITOS CREDITÓRIOS,22397315000157,22515487.94,0.0,22515487.94,22462755.39,1.0023475548339664
VRE FUNDO DE INVESTIMENTO EM DIREITOS CREDITÓRIOS RESPONSABILIDADE LIMITADA,60869787000154,22492168.67,0.0,22492168.67,32475477.76,0.6925893080379428
MM FUNDO DE INVESTIMENTO EM DIREITOS CREDITÓRIOS,64536059000181,22466891.73,0.0,22466891.73,22722277.34,0.9887605627649645
KUARÁ COMETA FUNDO DE INVESTIMENTO EM DIREITOS CREDITÓRIOS,64276414000120,22412011.0,0.0,22412011.0,22368871.28,1.0019285604293575
SANTA CATARINA FUNDO DE INVESTIMENTO EM DIREITOS CREDITÓRIOS - RESPONSABILIDADE LIMITADA,61270134000117,22381640.69,0.0,22381640.69,22664610.34,0.9875149122021041
CLASSE ÚNICA DE COTAS DO INARI FIDC DE RESPONSABILIDADE LIMITADA,60315422000188,22356612.11,0.0,22356612.11,22638713.33,0.9875389905827303
LARCA CONSIGNADO FUNDO DE INVESTIMENTO EM DIREITOS CREDITÓRIOS RESPONSABILIDADE LIMITADA,51326028000154,22340407.95,0.0,22340407.95,22954880.87,0.9732312738419364
DAVOS ADONAI FUNDO DE INVESTIMENTO EM DIREITOS CREDITORIOS,29613776000169,1269921.4,21066067.45,22335988.849999998,25730664.99,0.8680688532022273
FUNDO DE INVESTIMENTO EM DIREITOS CREDITÓRIOS DIAMOND MOUNTAIN DISTRESSED ASSETS,16829910000111,22317400.0,0.0,22317400.0,21513406.01,1.037371766684749
TCG IRON I FUNDO DE INVESTIMENTO EM DIREITOS CREDITÓRIOS - RESPONSABILIDADE LIMITADA,58304663000180,7756255.53,14556290.97,22312546.5,21587477.25,1.0335874934158877
EXPLORER FUNDO DE INVESTIMENTO EM DIREITOS CREDITÓRIOS - RESPONSABILIDADE LIMITADA,55636084000146,22283264.35,0.0,22283264.35,23341250.38,0.9546731210721027
RES JUDICATA FIDC NÃO PADRONIZADOS RESPONSABILIDADE LIMITADA,64155784000100,22184521.88,0.0,22184521.88,24212431.52,0.9162451058116612
CEDRO FIDC MULTISSETORIAL NP,21053703000158,2752758.35,19379369.81,22132128.16,22333046.33,0.9910035484173915
DUX FUNDO DE INVESTIMENTO EM DIREITOS CREDITÓRIOS RESPONSABILIDADE LIMITADA,65794289000103,0.0,22093868.65,22093868.65,25285112.49,0.8737896127113493
MJC FUNDO DE INVESTIMENTO EM DIREITOS CREDITÓRIOS CLASSE ÚNICA FECHADA,37569593000111,22082168.46,0.0,22082168.46,35330338.66,0.625020005398386
GHIA CRÉDITO CORPORATIVO FUNDO DE INVESTIMENTO EM DIREITOS CREDITÓRIOS RESPONSABILIDADE LIMITADA,51498070000152,21337763.21,728917.27,22066680.48,36780057.98,0.5999631781983396
NOVALAR-ELETRO FUNDO DE INVESTIMENTO EM DIREITOS  CREDITÓRIOS RESPONSABILIDADE LIMITADA,54478603000122,21970238.69,0.0,21970238.69,28076452.27,0.7825147735447845
JC SALUS FUNDO DE INVESTIMENTO EM DIREITOS CREDITÓRIOS,64168109000115,21951259.1,0.0,21951259.1,23151718.91,0.9481481347166201
CONCRETO-CONSIGNADO FUNDO DE INVESTIMENTO EM DIREITOS  CREDITÓRIOS RESPONSABILIDADE LIMITADA,58479927000136,21734853.24,0.0,21734853.24,21955804.96,0.9899365238303701
USIQUÍMICA DO BRASIL FUNDO DE INVESTIMENTOS EM DIREITOS CREDITÓRIOS DE RESPONSABILIDADE LIMITADA,60788422000103,21708059.48,0.0,21708059.48,42823433.56,0.5069201060112285
POLO RECUPERAÇÃO DE CRÉDITO FUNDO DE INVESTIMENTO EM DIREITOS CREDITÓRIOS IV RESPONSABILIDADE LIMITA,67229050000116,21640236.9,0.0,21640236.9,21861579.64,0.989875263194842
WL3 FUNDO DE INVESTIMENTO EM DIREITOS CREDITÓRIOS,51226491000124,21613221.84,0.0,21613221.84,6422747.04,3.365105570154916
JMP43 FUNDO DE INVESTIMENTO EM DIREITOS CREDITÓRIOS,55728962000153,21608204.72,0.0,21608204.72,26250108.51,0.8231663008847501
CAPITEL INVEST FIDC  CREDITÓRIOS NÃO PADRONIZADOS - RESPONSABILIDADE LIMITADA,59070167000171,0.02,21606476.92,21606476.94,21744002.41,0.9936752458260972
PARUSIA FUNDO DE INVESTIMENTO EM DIREITOS CREDITÓRIOS  RESPONSABILIDADE LIMITADA,60413367000169,21552535.22,0.0,21552535.22,21018685.43,1.0253988191496521
ITAÚ APALACHES SPECIALE PRIVATE MARKETS FIDC RESPONSABILIDADE LIMITADA,64989111000155,21350684.57,0.0,21350684.57,166420145.28,0.12829387051716434
AGROVITA FUNDO DE INVESTIMENTO EM DIREITOS CREDITÓRIOS RESPONSABILIDADE LIMITADA,53125630000159,21308844.94,23702.58,21332547.52,22518960.57,0.9473149283994683
AGRO30 FUNDO DE INVESTIMENTO EM DIREITOS CREDITÓRIOS - RESPONSABILIDADE LIMITADA,59813000000153,21304468.08,0.0,21304468.08,21642138.55,0.9843975460548928
LEGEND II SPECIAL ASSETS LEGAL CLAIMS FUNDO DE INVESTIMENTO EM DIREITOS  CREDITÓRIOS,58534471000160,0.0,21286517.11,21286517.11,20726182.78,1.0270350954610272
ST 1009 FUNDO DE INVESTIMENTO EM DIREITOS CREDITÓRIOS - RESPONSABILIDADE LIMITADA,55048271000109,21275388.04,0.0,21275388.04,21214415.99,1.0028740857174074
APG SAFIRA FUNDO DE INVESTIMENTO EM DIREITOS CREDITÓRIOS DE RESPONSABILIDADE LIMITADA,65216273000113,4170981.87,17009139.53,21180121.400000002,20622543.81,1.0270372847858678
ORIZ ALOCAÇÃO CRÉDITO ESTRUTURADO FUNDO DE INVESTIMENTO EM DIREITOS CREDITÓRIOS DE RESP LIMITADA,54422165000180,21170787.95,0.0,21170787.95,219697477.3,0.0963633638864728
COINVEST FUNDO DE INVESTIMENTO EM DIREITOS CREDITÓRIOS,39851553000193,14044209.9,7113109.95,21157319.85,24146886.95,0.8761924422725639
AMB FUNDO DE INVESTIMENTOS EM DIREITOS CREDITÓRIOS NÃO PADRONIZADOS,32517659000106,222081.1,20821115.82,21043196.92,23531649.23,0.8942508327538928
MLC 1A  - FUNDO DE INVESTIMENTO EM DIREITOS CREDITÓRIOS - RESPONSABILIDADE LIMITADA,50695489000131,21012750.92,0.0,21012750.92,23020024.58,0.9128031487097571
FMV FUNDO DE INVESTIMENTO  EM DIREITOS CREDITÓRIOS RESPONSABILIDADE LIMITADA,63269491000190,20658172.36,154367.69,20812540.05,19297786.09,1.078493665176698
DFC FUNDO DE INVESTIMENTO EM DIREITOS CREDITÓRIOS,29109316000106,0.0,20804338.28,20804338.28,24332650.65,0.8549967933723653
DIGITAL STRATEGY FUNDO DE INVESTIMENTO EM DIREITOS CREDITÓRIOS -  RESPONSABILIDADE LIMITADA,42556334000196,20745276.54,0.0,20745276.54,40760713.83,0.5089527290057275
MEU PRECATÓRIO FUNDO DE INVESTIMENTO EM DIREITOS CREDITÓRIOS RESPONSABILIDADE LIMITADA,64126861000101,0.0,20701175.94,20701175.94,20899158.23,0.9905267816138258
ÁGUAS DO FUTURO FUNDO DE INVESTIMENTO EM DIREITOS CREDITÓRIOS DE  RESPONSABILIDADE LIMITADA,59081408000188,20659592.2,0.0,20659592.2,27375290.07,0.7546803028268332
WK CAPITAL FUNDO DE INVESTIMENTO EM DIREITOS CREDITÓRIOS,58157509000122,0.0,20625821.75,20625821.75,22425267.73,0.9197581049347855
CAPITAL HILL FUNDO DE INVESTIMENTO EM DIREITOS CREDITÓRIOS RESPONSABILIDADE LIMITADA,49950299000134,0.0,20614890.4,20614890.4,23231310.71,0.8873752607994798
RELAUREA FUNDO DE INVESTIMENTO EM DIREITOS CREDITÓRIOS MULTISEGMENTO DE RESPONSABILIDADE LIMITADA,53167385000142,20599006.39,0.0,20599006.39,21180337.85,0.972553248955847
FUNDO DE INVESTIMENTO EM DIREITOS CREDITÓRIOS OPEN PME I SEGMENTO FINANCEIRO DE RESP LIMITADA,52306146000163,20584579.05,0.0,20584579.05,24337486.66,0.8457972401822367
VD INDEX YIELD FUNDO DE INVESTIMENTO EM DIREITOS CREDITÓRIOS - RESPONSABILIDADE LIMITADA,67231435000118,20563971.25,0.0,20563971.25,20561471.26,1.0001215861437338
DELTA FUNDO DE INVESTIMENTO EM DIREITOS CREDITÓRIOS MULTISEGMENTOS,09220444000107,0.0,20555464.63,20555464.63,22931209.52,0.8963968783274193
VCG FUNDO DE INVESTIMENTO EM DIREITOS CREDITÓRIOS RECEBÍVEIS COMERCIAIS,60910091000124,20545011.35,0.0,20545011.35,20505916.15,1.001906532715438
NEXUN FUNDO DE INVESTIMENTO EM DIREITOS CREDITORIOS DE RESPONSABILIDADE LIMTADA,66584389000178,20540962.33,0.0,20540962.33,25502436.23,0.8054509829863419
YIELD HUNTER - FUNDO DE INVESTIMENTO EM DIREITOS CREDITÓRIOS RESPONSABILIDADE LIMITADA,34553995000130,20536631.28,0.0,20536631.28,22317085.06,0.9202201463491667
LEF I FUNDO DE INVESTIMENTO DIREITOS CREDITÓRIOS RESP LIMITADA,67106913000168,20519734.04,0.0,20519734.04,21072606.26,0.9737634627070566
SWP FUNDO DE INVESTIMENTO EM DIREITOS CREDITÓRIOS MULTISSEGMENTOS,54075641000134,20467990.4,0.0,20467990.4,23368545.69,0.8758778005068059
NTZ IMPULSE FUNDO DE INVESTIMENTO EM DIREITOS CREDITÓRIOS - RESPONSABILIDADE LIMITADA,62122004000108,14663216.94,5800249.45,20463466.39,20987076.22,0.9750508444096174
ST 1024 FUNDO DE INVESTIMENTO EM DIREITOS CREDITÓRIOS RESPONSABILIDADE LIMITADA,64382297000180,20395620.12,0.0,20395620.12,20558344.78,0.992084739226754
DILARY INVEST FUNDO DE INVESTIMENTO EM DIREITOS CREDITÓRIOS,61755814000120,0.0,20384220.39,20384220.39,20429983.35,0.9977600099218876
MELBOURNE FUNDO DE INVESTIMENTO EM DIREITOS CREDITORIOS,33701697000187,20383492.82,0.0,20383492.82,14814111.29,1.375951106412945
TRUST FUNDO DE INVESTIMENTO EM DIREITOS CREDITÓRIOS,20906292000133,13730108.66,6613509.74,20343618.4,22168098.25,0.9176979536347913
APROVOU FUNDO DE INVESTIMENTO EM DIREITOS CREDITÓRIOS - RESPONSABILIDADE LIMITADA,62135021000171,20342726.79,0.0,20342726.79,22796380.1,0.8923665380539956
MILAGRE FUNDO DE INVESTIMENTO EM DIREITOS CREDITÓRIOS RESPONSABILIDADE LIMITADA,49684321000141,18482835.44,1842489.51,20325324.950000003,25106338.27,0.8095694693274761
BAHREIN I FUNDO DE INVESTIMENTO EM DIREITOS CREDITORIOS,61306033000159,20300186.88,0.0,20300186.88,32774921.71,0.6193817046954587
HCS VELA I FUNDO DE INVESTIMENTO EM DIREITOS CREDITÓRIOS RESPONSABILIDADE LIMITADA,61652960000120,20272252.29,0.0,20272252.29,75810663.72,0.2674063422643782
NEO MORIÁ PRECATÓRIOS I - FUNDO DE INVESTIMENTO EM DIREITOS CREDITÓRIOS - RESPONSABILIDADE LIMITADA,61698214000178,20238951.06,0.0,20238951.06,21064098.14,0.9608268498126167
ACTIVA FUNDO DE INVESTIMENTO EM DIREITOS CREDITORIOS MULTISSETORIAL NÃO PADRONIZADOS LP,13425492000109,1475532.87,18733488.33,20209021.2,22848025.05,0.8844975071488728
KVS STEEL CREDIT FUNDO DE INVESTIMENTO EM DIREITOS CREDITÓRIOS,64883935000146,12486296.64,7701607.45,20187904.09,23036850.02,0.8763309251253266
STEP-UP XIV FUNDO DE INVESTIMENTO EM DIREITOS CREDITORIOS RESPONSABILIDADE LIMITADA,37484183000178,20157512.77,0.0,20157512.77,24817143.93,0.8122414419184134
FRAGATA FUNDO DE INVESTIMENTO EM DIREITOS CREDITÓRIOS,55445774000118,14519319.73,5604750.3,20124070.03,21984057.44,0.9153938068495149
PLGN AUTO LOANS I CO-INVEST FUNDO DE INVESTIMENTO EM DIREITOS CREDITÓRIOS RESPONSABILIDADE LIMITADA,58555763000189,20116249.04,0.0,20116249.04,27557186.45,0.7299819622913645
ORION - FUNDO DE INVESTIMENTO EM DIREITOS CREDITÓRIOS,26710026000117,0.0,20000000.0,20000000.0,19711603.53,1.0146307970105566
GREEN WAY I FUNDO  DE INVESTIMENTO EM DIREITOS CREDITORIOS RESPONSABILIDADE LIMITADA,35686949000171,20000000.0,0.0,20000000.0,14127999.54,1.415628585163445
MAGIC FUNDO DE INVESTIMENTO EM DIREITOS CREDITÓRIOS,49998142000189,20000000.0,0.0,20000000.0,30810794.13,0.6491231584494054
PRIMER CAPITAL FUNDO DE INVESTIMENTO EM DIREITOS CREDITÓRIOS RESPONSABILIDADE LIMITADA,55512068000141,44061.59,19908535.27,19952596.86,22734005.34,0.8776542699624438
IC PRECATÓRIOS ESTADUAIS FUNDO DE INVESTIMENTO EM DIREITOS CREDITÓRIOS DE RESPONSABILIDADE LIMITADA,40132398000134,19862477.84,0.0,19862477.84,22127543.17,0.8976359321684242
FLEETER AUTO FUNDO DE INVESTIMENTO EM DIREITOS CREDITÓRIOS MERCANTIS - RESPONSABILIDADE LIMITADA,65281804000151,0.0,19856540.87,19856540.87,24121059.53,0.8232035099993802
LCBANK II FUNDO DE INVESTIMENTO EM DIREITOS CREDITÓRIOS NÃO  PADRONIZADOS - RESP LIMITADA,63509598000169,19825254.32,0.0,19825254.32,16766686.45,1.1824193396304612
SOLARIS FUNDO DE INVESTIMENTO EM DIREITOS CREDITÓRIOS,54407927000170,19760926.93,0.0,19760926.93,41267882.45,0.4788451879967977
MEZZO FUNDO DE INVESTIMENTO EM DIREITOS CREDITÓRIOS,40770670000101,19718056.0,0.0,19718056.0,969334455.98,0.020341849893352845
SIMOCRED FUNDO DE INVESTIMENTO EM DIREITOS CREDITÓRIOS MULTISSEGMENTOS,30659303000181,11425461.97,8258931.81,19684393.78,24892907.6,0.7907631401001947
SOLDI FUNDO DE INVESTIMENTO  EM DIREITOS CREDITÓRIOS NÃO PADRONIZADO,47463387000186,6763388.33,12890682.74,19654071.07,19815754.72,0.9918406514268764
PSS ABSOLUTO FUNDO DE INVESTIMENTO EM DIREITOS CREDITÓRIOS NÃO PADRONIZADO,32273345000105,19592720.42,0.0,19592720.42,19620108.77,0.9986040673718447
ENGELBERG 41 FUNDO DE INVESTIMENTO EM DIREITOS CREDITÓRIOS NÃO-PADRONIZADOS,43809891000134,19522350.59,0.0,19522350.59,25435999.04,0.7675087013212908
FIPAN FUNDO DE INVESTIMENTO EM DIREITOS CREDITÓRIOS  MULTISSEGMENTOS,49466341000146,0.0,19522220.68,19522220.68,19573556.82,0.9973772707499157
CSE BANK FUNDO DE INVESTIMENTO EM DIREITOS CREDITÓRIOS,56284148000150,19447426.6,0.0,19447426.6,21451259.27,0.9065867115408746
MEDCASH FUNDO DE INVESTIMENTO EM DIREITOS CREDITÓRIOS DE RESPONSABILIDADE LIMITADA,59744598000176,19419251.93,0.0,19419251.93,20729640.84,0.9367867045978207
CAPITAL MULTICRÉDITOS FUNDO DE INVESTIMENTO EM DIREITOS CREDITÓRIOS NÃO-PADRONIZADO,46879163000197,19287496.93,0.0,19287496.93,19670666.45,0.9805207657313513
BAMAQ CAPITAL FUNDO DE INVESTIMENTO EM DIREITOS CREDITÓRIOS NÃO PADRONIZADOS,50792099000180,19276719.18,0.0,19276719.18,26272006.29,0.7337360903166866
ALBATROZ FUNDO DE INVESTIMENTO EM DIREITOS CREDITÓRIOS MULTISSETORIAL,25354081000159,12931614.54,6342859.8,19274474.34,19936133.01,0.9668110826874945
REC FUNDO DE INVESTIMENTO EM DIREITOS CREDITÓRIOS NÃO PADRONIZADO,37036353000151,10646035.29,8585226.25,19231261.54,21910039.85,0.8777374058495835
ECOFINANCE FUNDO DE INVESTIMENTO EM DIREITOS CREDITÓRIOS,44585499000111,268290.97,18956267.8,19224558.77,22715909.42,0.8463037254882662
SERIGY FUNDO DE INVESTIMENTO EM DIREITOS CREDITÓRIOS RESPONSABILIDADE LIMITADA,55261422000102,19191713.49,0.0,19191713.49,21436196.49,0.8952947179296918
ANTARES FUNDO DE INVESTIMENTO EM DIREITOS CREDITÓRIOS,60078440000193,2146234.39,17028970.71,19175205.1,33726868.99,0.5685438842747437
CREDIRECOVER FUNDO DE INVESTIMENTO EM DIREITOS CREDITÓRIOS - RESPONSABILIDADE LIMITADA,61621790000117,19161360.63,0.0,19161360.63,19746268.83,0.9703787988993969
NETZER FUNDO DE INVESTIMENTO EM DIREITOS CREDITÓRIOS,63964785000132,19083927.79,0.0,19083927.79,20570945.68,0.927712711261216
FUNDO DE INVESTIMENTO EM DIREITOS CREDITÓRIOS MP - RESPONSABILIDADE LIMITADA,56977387000195,19077481.26,0.0,19077481.26,41521730.62,0.45945775802540484
MEDAL FUNDO DE INVESTIMENTO EM DIREITOS CREDITÓRIOS INDUSTRIAIS DE RESPONSABILIDADE ILIMITADA,52258509000132,19020127.64,0.0,19020127.64,23593228.94,0.8061689092396015
ONCRED FUNDO DE INVESTIMENTO EM DIREITOS CREDITÓRIOS,60368384000121,18984005.61,0.0,18984005.61,19007377.8,0.998770362211667
RECOVERY LEX FUNDO DE INVESTIMENTO EM DIREITOS CREDITÓRIOS MULTICARTEIRA - RESPONSABILIDADE LIMITAD,50768516000159,18797529.04,0.0,18797529.04,19017203.13,0.9884486646906842
BAÍA FUNDO DE INVESTIMENTO EM DIREITOS CREDITÓRIOS,63866372000115,18789082.08,0.0,18789082.08,20145896.55,0.932650578909083
FS TATUÍ FUNDO DE INVESTIMENTO EM DIREITOS CREDITÓRIOS,47846982000109,0.0,18749228.22,18749228.22,23236990.94,0.80686988553777
SINAI DIRECT FUNDO DE INVESTIMENTO EM DIREITOS  CREDITÓRIOS RESPONSABILIDADE LIMITADA,60232878000184,18704273.28,0.0,18704273.28,18948112.62,0.9871312069497294
OLIVER FUNDO DE INVESTIMENTO EM DIREITOS CREDITORIOS,35477786000117,18601871.28,0.0,18601871.28,18470561.66,1.0071091297826837
ARPEL CAPITAL FUNDO DE INVESTIMENTO EM DIREITOS CREDITORIOS,50309743000116,12897484.37,5672139.39,18569623.759999998,20054572.62,0.9259545995750069
ATACADO FUNDO DE INVESTIMENTO EM DIREITOS CREDITÓRIOS,42265317000108,10642943.05,7897494.2,18540437.25,21238672.22,0.8729565133803832
PRECPAGO-F2 FUNDO DE INVESTIMENTO EM DIREITOS CREDITÓRIOS,57790697000169,18516941.62,0.0,18516941.62,25181845.74,0.7353290069038443
VRF FUNDO DE INVESTIMENTO DIREITOS CREDITÓRIOS DE RESPONSABILIDADE LIMITADA,57391545000193,18462348.24,0.0,18462348.24,22013606.61,0.8386789392163122
AGROCETE FUNDO DE INVESTIMENTO EM DIREITOS CREDITÓRIOS NÃO-PADRONIZADOS,48348391000166,18443049.83,0.0,18443049.83,18463411.33,0.9988971972927388
GCRED FUNDO DE INVESTIMENTO EM DIREITOS CREDITÓRIOS,61750443000194,18435875.0,0.0,18435875.0,15270303.29,1.2073024778802544
ALBATROZ FUNDO DE INVESTIMENTO EM DIREITOS CREDITÓRIOS - NÃO PADRONIZADOS,13409986000108,18434770.4,0.0,18434770.4,18455470.4,0.9988783813389011
E-JUS FUNDO DE INVESTIMENTO EM DIREITOS CREDITORIOS NAO PADRONIZADOS,47542777000141,18352270.1,0.0,18352270.1,18461940.91,0.9940596272875841
SG III FUNDO DE INVESTIMENTO EM DIREITOS CREDITÓRIOS NÃO-PADRONIZADOS,12036226000121,18307410.58,0.0,18307410.58,22259917.88,0.8224383701095666
RESTART FUNDO DE INVESTIMENTO EM DIREITOS CREDITORIOS RESPONSABILIDADE LIMITADA,53676261000192,18302625.1,0.0,18302625.1,16656060.31,1.0988567980275283
CONDOCASH II - FUNDO DE INVESTIMENTO EM DIREITOS CREDITÓRIOS,41124590000141,18301154.32,0.0,18301154.32,11481896.42,1.59391390155042
KINEA SPECIAL OPPORTUNITIES FUNDO DE INVESTIMENTO EM DIREITOS CREDITÓRIOS RESPONSABILIDADE LIMITADA,65084272000162,18273579.73,0.0,18273579.73,49014959.96,0.37281637575370163
1618 LEGAL CLAIMS FUNDO DE INVESTIMENTO EM DIREITOS CREDITÓRIOS,50714026000170,18256528.77,0.0,18256528.77,19195972.39,0.9510603786610259
CONECTEPAG ELETROBIDU FUNDO DE INVESTIMENTO EM DIREITOS CREDITÓRIOS RESP LIMITADA,64655872000170,18234054.99,0.0,18234054.99,18987136.39,0.9603372839099302
ARM CAPITAL PRECATÓRIOS FUNDO DE INVESTIMENTO EM DIREITOS CREDITÓRIOS - DE RESPONSABILIDADE LIMITADA,55241106000179,18127699.91,0.0,18127699.91,20274305.17,0.8941218827476097
BRAFIC FUNDO DE  INVESTIMENTO EM DIREITOS CREDITÓRIOS NÃO-PADRONIZADOS RESPONSABILIDADE LIMITADA,33498764000108,18073633.73,1693.54,18075327.27,18211331.96,0.9925318647587816
LAVORO FORNECEDORES FUNDO DE INVESTIMENTO EM DIREITOS CREDITÓRIOS DO AGRONEGÓCIO - RESP LTDA,61669748000176,0.0,18046950.06,18046950.06,20713043.47,0.8712843231434593
CANAL 87 FUNDO DE INVESTIMENTO EM DIREITOS CREDITÓRIOS NÃO-PADRONIZADOS,40669040000145,18038138.95,0.0,18038138.95,18083527.26,0.9974900742898539
HAOC FUNDO DE INVESTIMENTO EM DIREITOS CREDITÓRIOS,52998251000100,0.0,18033420.44,18033420.44,20152731.47,0.8948375294359044
AIBR FUNDO DE INVESTIMENTO EM DIREITOS CREDITÓRIOS DE RESPONSABILIDADE LIMITADA,62161418000138,18017399.6,0.0,18017399.6,30933490.24,0.5824560843348274
SÓCRATES FUNDO DE INVESTIMENTO EM DIREITOS CREDITÓRIOS,53171779000174,18015956.7,0.0,18015956.7,18928897.9,0.9517699760005573
OPTACRED FUNDO DE INVESTIMENTO EM DIREITOS CREDITÓRIOS,31881619000186,0.0,17971803.27,17971803.27,22692180.6,0.7919822068576344
INNOVAR FUNDO DE INVESTIMENTO EM DIREITOS CREDITORIOS RESPONSABILIDADE LIMITADA,59912498000101,0.0,17934913.82,17934913.82,22618103.41,0.7929450800932561
MAGALU I FUNDO DE INVESTIMENTOS EM DIREITOS CREDITÓRIOS - RESPONSABILIDADE LIMITADA,35688153000158,17915440.21,0.0,17915440.21,46577039.45,0.38464102531102373
NEO CONSIGNADO PRIVADO I - FUNDO DE INVESTIMENTO EM DIREITOS CREDITÓRIOS RESPONSABILIDADE LIMITADA,63813211000163,17873860.75,0.0,17873860.75,18746605.65,0.9534451774206922
FIDERE DA AMAZÔNIA FUNDO DE INVESTIMENTO EM DIREITOS CREDITÓRIOS,54462447000101,0.0,17830241.78,17830241.78,36810446.8,0.48437993368773785
EMBRAPREC FUNDO DE INVESTIMENTO EM DIREITOS CREDITÓRIO NÃO PADRONIZADO,53323357000177,17797653.74,0.0,17797653.74,16513142.21,1.0777872262991912
ONNI FUNDO DE  INVESTIMENTO EM DIREITOS CREDITÓRIOS,42794237000131,6227971.1,11445884.43,17673855.53,17011587.55,1.0389304042349652
HR DIGITAL FUNDO DE INVESTIMENTO EM DIREITOS CREDITÓRIOS,59905357000161,17632822.97,0.0,17632822.97,23221532.09,0.7593307324279998
BLP PCJ VII FUNDO DE INVESTIMENTO EM DIREITOS CREDITÓRIOS RESPONSABILIDADE LIMITADA,32511681000149,17623734.0,0.0,17623734.0,20186737.08,0.8730352968960351
AKZ IWS FUNDO DE INVESTIMENTO EM DIREITOS CREDITÓRIOS RECEBÍVEIS COMERCIAIS RESP LIMITADA,61281536000117,17597717.77,0.0,17597717.77,21485500.38,0.8190508695985976
FUNDO DE INVESTIMENTO EM DIREITOS CREDITÓRIOS NEXA BWM - RESPONSABILIDADE LIMITADA,61149505000107,17591976.54,0.0,17591976.54,17831592.17,0.9865622975382348
JGP SPECIAL SITUATIONS IV FUNDO DE INVESTIMENTO EM DIREITOS CREDITÓRIOS - RESPONSABILIDADE LIMITADA,54976450000143,17532742.17,0.0,17532742.17,18445032.74,0.9505400406245093
SX CORPORATE FUNDO DE INVESTIMENTO EM DIREITOS CREDITÓRIOS,54969186000110,12256365.37,5246965.29,17503330.66,17450689.05,1.0030165920582947
BRCARD FUNDO DE INVESTIMENTO EM DIREITOS CREDITÓRIOS,41687533000170,17487892.12,0.0,17487892.12,24172825.23,0.7234525527573179
PRINCIPIAPAY EDUCAÇÃO FUNDO DE INVESTIMENTO EM DIREITOS CREDITÓRIOS,49004860000192,17458257.24,0.0,17458257.24,17875655.37,0.9766499117732765
ADVANTAGE CREDIT FUNDO DE INVESTIMENTO EM DIREITOS CREDITÓRIOS NÃO-PADRONIZADO,49000687000154,17446806.65,0.0,17446806.65,17850398.3,0.9773903280354252
VERDE AM I FUNDO DE INVESTIMENTO EM DIREITOS CREDITÓRIOS RESPONSABILIDADE LIMITADA,49921110000185,0.0,17343925.53,17343925.53,60583532.92,0.2862811839134983
FUNDO DE INVESTIMENTO EM DIREITOS CREDITÓRIOS NEXUS,29720600000106,5991158.33,11351493.55,17342651.880000003,21059501.0,0.8235072559411547
AGROFUTURO FUNDO DE INVESTIMENTO EM DIREITOS CREDITÓRIOS MULTISSEGMENTOS,47328080000172,17340244.98,0.0,17340244.98,19206835.87,0.9028163252586798
LU INVEST FUNDO DE INVESTIMENTO EM DIREITOS CREDITÓRIOS,61138429000134,8156491.75,9166848.97,17323340.72,17375762.05,0.9969830773551597
RELOAD FUNDO DE INVESTIMENTO EM DIREITOS CREDITÓRIOS,46405697000181,0.0,17297353.54,17297353.54,28154032.64,0.6143828048073187
BBG I FUNDO DE INVESTIMENTO EM DIREITOS CREDITÓRIOS,49325599000122,0.0,17241379.67,17241379.67,18342370.25,0.9399755557763861
STARK INFRA FUNDO DE INVESTIMENTO EM DIREITOS CREDITÓRIOS,65190945000169,0.0,17238323.79,17238323.79,17279123.88,0.997638763962609
TRADIÇÃO FUNDO DE INVESTIMENTO EM DIREITOS CREDITORIOS,33701253000141,0.0,17234295.08,17234295.08,16660977.96,1.03441077236741
CM ESTADUAL FUNDO DE INVESTIMENTO EM DIREITOS CREDITÓRIOS  NÃO PADRONIZADOS,44395657000170,17199725.04,0.0,17199725.04,18067373.92,0.9519770341920282
SOLFÁCIL IV FUNDO DE INVESTIMENTO EM DIREITOS CREDITÓRIOS,44909456000144,17147745.58,0.0,17147745.58,19990406.16,0.8577987582019193
UNIQUE CAPITAL FUNDO DE INVESTIMENTO EM DIREITOS CREDITÓRIOS,60696087000105,17134377.23,0.0,17134377.23,17209146.59,0.9956552546281727
FUNDO DE INVESTIMENTO EM DIREITOS CREDITÓRIOS FEDERAL PADRONIZADO  RESPONSABILIDADE LIMITADA,62838423000132,17086593.17,0.0,17086593.17,21616889.32,0.7904279342445188
FATURACRED FUNDO DE INVESTIMENTO EM DIREITOS CREDITÓRIOS RESPONSABILIDADE,63535955000163,17042073.74,0.0,17042073.74,17090372.29,0.9971739322479088
SAM - FUNDO DE INVESTIMENTO EM DIREITOS CREDITÓRIOS,30808102000107,16998891.03,0.0,16998891.03,16876386.32,1.0072589420316138
HIKARI FUNDO DE INVESTIMENTO EM DIREITOS CREDITORIOS,44465412000172,16971199.34,0.0,16971199.34,18907426.54,0.897594355535177
PRECATO I FUNDO DE INVESTIMENTO EM DIREITOS CREDITORIOS DE RESPONSABILIDADE LIMITADA,35705695000191,16945775.29,0.0,16945775.29,110353430.17,0.1535591169562645
BRASPOR FUNDO DE INVESTIMENTO EM DIREITOS CREDITÓRIOS MULTISSETORIAL,18677046000105,302896.6,16561183.4,16864080.0,18571703.93,0.9080523824611714
POTI BANK FUNDO DE INVESTIMENTO EM DIREITOS CREDITÓRIOS,55333029000187,16860033.96,0.0,16860033.96,22473139.87,0.7502304554472565
LOYALTY FUNDO DE INVESTIMENTO EM DIREITOS CREDITÓRIOS,57998329000100,16848853.29,0.0,16848853.29,18990665.74,0.8872176215766515
FRAM CAPITAL NANSEN II FUNDO DE INVESTIMENTO EM DIREITOS CREDITÓRIOS - NÃO PADRONIZADO,14283986000169,16796050.88,0.0,16796050.88,22195822.42,0.7567212677312454
ANKER FUNDO DE INVESTIMENTO EM DIREITOS CREDITÓRIOS CONSÓRCIOS I - RESPONSABILIDADE LIMITADA,62359337000147,16791415.99,0.0,16791415.99,16204570.45,1.0362148161724336
GALGA FUNDO DE INVESTIMENTO EM DIREITOS CREDITÓRIOS-RESPONSABILIDADE LIMITADA,48513136000121,16759050.29,0.0,16759050.29,16948362.64,0.9888300507830058
SIMULTI FUNDO DE INVESTIMENTO EM DIREITOS CREDITÓRIOS,48928851000125,16680550.49,0.0,16680550.49,17267586.41,0.9660035915812741
MULTIBANK FUNDO DE INVESTIMENTO EM DIREITOS CREDITÓRIOS MULTISSETORIAL LP,29494000000177,4365994.26,12275933.4,16641927.66,29092457.55,0.5720358148292631
VIRTUS CAPITAL FUNDO DE INVESTIMENTO EM DIREITOS CREDITÓRIOS DE CLASSE ÚNICA ABERTA,60456726000165,13285914.74,3338265.69,16624180.43,18154533.9,0.9157040616724399
WBR FUNDO DE INVESTIMENTO EM DIREITOS CREDITÓRIOS,40733257000177,26747.15,16586141.86,16612889.01,17120953.04,0.9703250146873833
OCTOPUS CAPITAL FUNDO DE INVESTIMENTO EM DIREITOS CREDITÓRIOS RESPONSABILIDADE LIMITADA,58265368000161,16518391.67,0.0,16518391.67,16614161.0,0.9942356806341289
ZTIRAH FUNDO DE INVESTIMENTO EM DIREITOS CREDITÓRIOS,57246541000111,16500000.0,0.0,16500000.0,16644790.77,0.9913011360730971
MFDH2 FUNDO DE INVESTIMENTO EM DIREITOS CREDITÓRIOS,51902751000134,16452127.11,0.0,16452127.11,71447537.89,0.23026863620310542
INFRA CAPITAL FUNDO DE INVESTIMENTO EM DIREITOS CREDITÓRIOS,64310285000140,0.0,16430675.36,16430675.36,16404676.62,1.0015848370926315
CLASSE ÚNICA DO FIDC CRÉDITO NITRO AGRO - RESPONSABILIDADE LIMITADA,51554551000138,16376049.44,0.0,16376049.44,64451699.14,0.25408250920473713
HALFDOME FUNDO DE INVESTIMENTO EM DIREITOS  CREDITÓRIOS,54782494000132,16369647.49,0.0,16369647.49,247452217.13,0.06615276144969896
MA MÁQUINAS FUNDO DE INVESTIMENTO EM DIREITOS CREDITÓRIOS SEGMENTO ECONÔMICO DO AGRONEGÓCIO,11813230000196,16369603.82,0.0,16369603.82,19216579.0,0.8518479704426059
FUNDO DE INVESTIMENTO EM DIREITOS CREDITÓRIOS ASAAS - RESPONSABILIDADE LIMITADA,29828802000176,0.0,16325934.52,16325934.52,22585828.73,0.7228397379244627
LIMELIGHT FUNDO DE INVESTIMENTO EM DIREITOS CREDITÓRIOS - RESPONSABILIADE LIMITADA,45964979000156,16308603.37,0.0,16308603.37,17858956.03,0.9131890656208754
FUNDO DE INVESTIMENTO EM DIREITOS CREDITÓRIOS INSOLVÊNCIA,36669346000124,16270619.7,0.0,16270619.7,34120004.63,0.47686452204329605
SPRINGS I FUNDO DE INVESTIMENTO EM DIREITOS CREDITÓRIOS DE PRECATÓRIOS DE RESPONSABILIDADE LIMITADA,63139835000147,16241238.76,0.0,16241238.76,18567101.37,0.8747320562509536
QUARTZO ALPHA FUNDO DE INVESTIMENTO EM DIREITOS CREDITÓRIOS  NÃO - PADRONIZADOS,44415022000198,16234424.32,0.0,16234424.32,25760541.32,0.6302050922895746
ACRE BG FUNDO DE INVESTIMENTO EM DIREITOS CREDITÓRIOS,45930576000196,16181089.55,0.0,16181089.55,17084420.08,0.9471254789000718
MAGNUS FUNDO DE INVESTIMENTO EM DIREITOS CREDITÓRIOS RESPONSABILIDADE LIMITADA,64111846000181,16158186.08,0.0,16158186.08,17086396.79,0.9456754562469692
PREMIUM RECEBÍVEIS MULTISSETORIAL II FUNDO DE INVESTIMENTO  EM DIREITOS CREDITÓRIOS - RESP LIMITADA,59929292000194,155121.84,15960014.41,16115136.25,23017086.61,0.7001379680692786
CAPITAL FORTE FUNDO DE INVESTIMENTO EM DIREITOS CREDITORIOS MULTISSETORIAL,14364744000108,537230.3,15556328.16,16093558.46,19023760.02,0.8459714821402589
RAT FUNDO DE INVESTIMENTO EM DIREITOS CREDITÓRIOS RESPONSABILIDADE LIMITADA,56834392000149,16093311.34,0.0,16093311.34,13199419.91,1.2192438341784673
DIVIX FUNDO DE INVESTIMENTO EM DIREITOS CREDITÓRIOS NÃO-PADRONIZADOS,61766813000181,3018958.66,13064113.07,16083071.73,17015687.75,0.9451908125194646
STEP-UP XII FUNDO DE INVESTIMENTO EM DIREITOS CREDITORIOS RESPONSABILIDADE LIMITADA,34737918000130,16059636.79,0.0,16059636.79,18947159.81,0.8476012738080135
PW2 CLASSE DE INVESTIMENTO EM DIREITOS CREDITÓRIOS - RESPONSABILIDADE LIMITADA,65526160000114,0.0,16056562.19,16056562.19,57237844.18,0.2805235315904939
AURA INVEST FUNDO DE INVESTIMENTO EM DIREITOS CREDITÓRIOS CRÉDITO CORPORATIVO,63606548000108,0.0,16055748.66,16055748.66,17393645.26,0.9230812989456126
MACEIÓ FUNDO DE INVESTIMENTO EM DIREITOS CREDITÓRIOS,60698656000151,0.0,16000000.0,16000000.0,16172639.31,0.9893252235030523
GUARDIAN WAREHOUSE II FUNDO DE INVESTIMENTO EM DIREITOS CREDITÓRIOS - RESPONSABILIDADE LIMITADA,60305004000100,15984017.99,0.0,15984017.99,20058146.2,0.7968841103571177
ENGENHO FUNDO DE  INVESTIMENTO EM DIREITOS CREDITÓRIOS,46082838000172,15940942.43,0.0,15940942.43,17379597.67,0.9172216027484138
RDG FUNDO DE INVESTIMENTO EM DIREITOS CREDITÓRIOS MULTISSETORIAL LP,13348521000186,2307841.11,13613170.73,15921011.84,35622070.77,0.4469423448961386
PRINZ DISCOVERY MASTER FUNDO DE INVESTIMENTO EM DIREITOS CREDITÓRIOS,50442399000139,15919208.01,0.0,15919208.01,483106385.91,0.03295176481679888
TIVIO ALT CREDITO HIGH YIELD 180 FI EM DIREITOS CREDITÓRIOS - RESPONSABILIDADE LIMITADA,58038938000180,15875270.59,0.0,15875270.59,145438042.93,0.10915486945627315
PLATINUM FIDC MULTISSETORIAL,10774307000101,0.0,15872445.59,15872445.59,20573589.94,0.771496157758066
EOS FUNDO DE INVESTIMENTO EM DIREITOS CREDITÓRIOS WH,48169685000120,15870039.69,0.0,15870039.69,21491333.36,0.7384390453659595
Z8 FUNDO DE INVESTIMENTO EM DIREITOS CREDITÓRIOS,60693131000123,15816477.85,0.0,15816477.85,16039871.41,0.9860726090446881
FUNDO DE INVESTIMENTO EM DIREITOS CREDITÓRIOS ENERGIA SOLAR,34508740000155,15769896.15,0.0,15769896.15,18507021.97,0.8521033894898435
OPINVEST FUNDO DE INVESTIMENTO EM DIREITOS CREDITÓRIOS,55790118000152,220816.29,15526606.89,15747423.18,17157073.12,0.917838553805732
RECEBÍVEIS BRASIL INFRA FUNDO DE INVESTIMENTO EM DIREITOS CREDITÓRIOS NÃO-PADRONIZADOS,50555281000117,15699545.79,0.0,15699545.79,18406983.19,0.8529124858727053
KP DRACMA FUNDO DE INVESTIMENTO EM DIREITOS CREDITÓRIOS RESPONSABILIDADE LIMITADA,45145595000101,15684803.36,0.0,15684803.36,15794090.96,0.993080475459032
BACKSTAGE FUNDO DE INVESTIMENTO EM DIREITOS CREDITÓRIOS RESPONSABILIDADE LIMITADA,52315385000180,15683259.4,0.0,15683259.4,9725700.45,1.6125583427772547
ROCKET II PRECATÓRIOS FUNDO DE INVESTIMENTO EM DIREITOS CREDITÓRIOS,35949828000175,15645831.88,0.0,15645831.88,14760052.66,1.0600119281688254
CLEAM CAPITAL BANK FUNDO DE INVESTIMENTO EM DIREITOS CREDITÓRIOS,56069419000154,15643074.56,0.0,15643074.56,16736393.49,0.9346741619899617
STERN FUNDO DE INVESTIMENTO EM DIREITOS CREDITÓRIOS RESPONSABILIDADE LIMITADA,59137241000120,15557114.95,0.0,15557114.95,26879134.86,0.5787803450903182
GPMG FUNDO DE INVESTIMENTO EM DIREITOS CREDITÓRIOS RESPONSABILIDADE LIMITADA,63937880000147,15506174.27,0.0,15506174.27,16275376.1,0.9527383069199857
NG OPPORTUNITY FUNDO DE INVESTIMENTO EM DIREITOS CREDITÓRIOS NÃO PADRONIZADOS,46230817000157,15505422.64,0.0,15505422.64,15468436.06,1.0023911001640071
FDCE FUNDO DE INVESTIMENTO EM DIREITOS CREDITÓRIOS,54856185000160,15492638.95,0.0,15492638.95,24513422.59,0.6320063586844892
VOLT FUNDO DE INVESTIMENTO EM DIREITOS CREDITÓRIOS RESPONSABILIDADE LIMITADA,60942645000175,15462371.37,0.0,15462371.37,15986583.52,0.9672092445928684
CANAL 75 FUNDO DE INVESTIMENTO EM DIREITOS CREDITÓRIOS,38440284000100,0.0,15439646.67,15439646.67,17502348.65,0.8821471322935851
EVOQUE FUNDO DE INVESTIMENTO EM DIREITOS CREDITÓRIOS,50367468000197,15434430.89,0.0,15434430.89,15274448.86,1.0104738332273941
POLÍGONO DELTA FUNDO DE INVESTIMENTO EM DIREITOS CREDITÓRIOS,61536498000104,0.0,15421728.49,15421728.49,361288775.99,0.042685324081108054
EVEREST FUNDO DE INVESTIMENTO EM DIREITOS CREDITÓRIOS,51942865000108,15420000.0,0.0,15420000.0,15067867.45,1.0233697669008894
MAIS TODOS NOVOS NEGÓCIOS FUNDO DE INVESTIMENTO EM DIREITOS CREDITÓRIOS RESPONSABILIDADE LIMITADA,59998554000172,15399517.74,0.0,15399517.74,17494639.59,0.8802420684792169
HOSPCOM EQUIPAMENTOS HOSPITALARES FUNDO DE INVESTIMENTO EM DIREITOS CREDITÓRIOS RESP LIMITADA,61294007000158,15397661.73,0.0,15397661.73,15603684.55,0.9867965274906817
FUNDO DE INVESTIMENTO EM DIREITOS CREDITÓRIOS ATLÉTICO MINEIRO - RESPONSABILIDADE LIMITADA,63570081000185,15378325.51,0.0,15378325.51,18245172.1,0.8428709483096626
DANIELE I - FUNDO DE INVESTIMENTO EM DIREITOS CREDITÓRIOS MULTISSEGMENTOS,09414255000175,8240311.28,7127264.21,15367575.49,13420660.42,1.1450684995425882
CORE RETURN CAPITAL FUNDO DE INVESTIMENTO EM DIREITOS  CREDITÓRIOS RESPONSABILIDADE LIMITADA,64569883000138,15365406.34,0.0,15365406.34,15314905.48,1.0032974973346032
GELMAR FUNDO DE INVESTIMENTO EM DIREITOS CREDITÓRIOS,63699134000162,15043684.41,305382.89,15349067.3,15725837.22,0.9760413442712718
FUNDO DE INVESTIMENTO EM DIREITOS CREDITÓRIOS CREDITAS AUTO VEÍCULOS,59673010000130,15338705.05,0.0,15338705.05,17237845.62,0.8898272665931904
FIDC MILAS II JCPE - FUNDO DE INVESTIMENTO EM DIREITOS CREDITÓRIOS,45207430000117,15311417.36,0.0,15311417.36,15990056.46,0.9575586801899258
FUNDO DE INVESTIMENTO EM DIREITOS CREDITÓRIOS PARAGUAÇU II,52203362000183,15300000.0,0.0,15300000.0,17776199.28,0.8607014221096198
D'ORO CAPITAL FUNDO DE INVESTIMENTO EM DIREITOS CREDITÓRIOS CRÉDITO CORPORATIVO - RESP LIMITADA,51731270000103,8952327.11,6341214.98,15293542.09,15468167.28,0.9887106735504609
FUNDO DE INVESTIMENTO EM DIREITOS CREDITÓRIOS OPEN II RESPONSABILIDADE LIMITADA,46073462000130,15267338.47,0.0,15267338.47,20586726.89,0.7416107743390771
CONDOCASH III FUNDO DE INVESTIMENTO EM DIREITOS CREDITÓRIOS,63241235000195,8492272.03,6770703.09,15262975.12,20770876.11,0.7348257742797735
BELLAGIO FUNDO DE INVESTIMENTO EM DIREITOS CREDITÓRIOS NP,58954368000179,15216053.74,0.0,15216053.74,17841418.21,0.8528500123085226
VERA CRUZ I - ATIVOS JUDICIAIS - PROCESSO DE CONHECIMENTO - FIDC - RESPONSABILIDADE LIMITADA,49156414000101,15210111.38,0.0,15210111.38,15724591.69,0.9672818016427619
CONCRETO II  FUNDO DE INVESTIMENTO EM DIREITOS CREDITÓRIOS NÃO-PADRONIZADOS  RESP LIMITADA,59079987000124,14751377.91,441021.05,15192398.96,26413156.54,0.5751830129425342
FRAM CAPITAL BALTO FUNDO DE INVESTIMENTO E DIREITOS CREDITORIOS NAO - PADRONIZADOS,38448253000103,15175326.8,0.0,15175326.8,14668153.48,1.0345764939459852
ST 3001 FUNDO DE INVESTIMENTO EM DIREITOS CREDITÓRIOS,52719781000172,15111333.18,0.0,15111333.18,59012329.7,0.2560707780360686
FIGTREE COBRAFIX EDUCACIONAL INADIMPLENCIA FUNDO DE INVESTIMENTO EM DIREITOS CREDITÓRIOS,62838783000134,15072926.16,0.0,15072926.16,16099111.13,0.9362582839689982
FUNDO DE INVESTIMENTO EM DIREITOS CREDITÓRIOS BDR KYIV I,55928021000163,278288.48,14733454.26,15011742.74,12675594.27,1.1843028752923315
FIDC MILAS II PRODUTOR RURAL - FUNDO DE INVESTIMENTO EM DIREITOS CREDITÓRIOS,41114200000152,14979248.92,0.0,14979248.92,15220979.46,0.9841185949540726
FINZA FUNDO DE INVESTIMENTO EM DIREITOS CREDITÓRIOS,61664240000185,14966792.99,0.0,14966792.99,15342166.84,0.975533192024654
REAL TIME FUNDO DE INVESTIMENTO EM DIREITOS CREDITÓRIOS MULTISEGMENTOS,29492579000139,3868982.23,11084977.39,14953959.620000001,17580053.57,0.8506208220843323
JEP AGRO FUNDO DE INVESTIMENTO EM DIREITOS CREDITÓRIOS CRÉDITO CORPORATIVO,64721990000130,0.0,14936841.26,14936841.26,15975114.17,0.9350068551028077
HARPY EAGLE  CONSIG FUNDO DE INVESTIMENTO EM DIREITOS CREDITÓRIOS RESPONSABILIDADE  LIMITADA,65947492000172,14917986.74,0.0,14917986.74,17220484.53,0.8662930891410869
PROJEÇÃO FUNDO DE INVESTIMENTO EM DIREITOS CREDITÓRIOS MULTISSETORIAL LP,26648789000185,0.0,14895602.69,14895602.69,19597628.38,0.7600716985327385
BLACK STONE FUNDO DE INVESTIMENTO EM DIREITOS CREDITÓRIOS RESPONSABILIDADE LIMITADA,66193864000185,14883392.33,0.0,14883392.33,16112755.61,0.9237024808322033
SÉCULO FUNDO DE INVESTIMENTO EM DIREITOS CREDITÓRIOS - RESPONSABILIDADE LIMITADA,62114622000106,1009060.71,13819101.38,14828162.09,16263885.63,0.9117232146940522
DSX FUNDO DE INVESTIMENTO EM DIREITOS CREDITÓRIOS,31368600000130,804126.49,14004100.03,14808226.52,19586785.23,0.7560314950162957
AKRON FUNDO DE INVESTIMENTO EM DIREITOS CREDITÓRIOS NÃO- PADRONIZADOS RESPONSABILIDADE LIMITADA,43809937000115,0.0,14783517.26,14783517.26,38371271.13,0.3852756717366532
WH1 FUNDO DE INVESTIMENTO EM DIREITOS CREDITÓRIOS RESPONSABILIDADE LIMITADA,61591473000103,14756407.65,0.0,14756407.65,17237770.44,0.8560508275338188
FUNDO DE INVESTIMENTO EM DIREITOS CREDITÓRIOS MULTISETORIAL ITÁLIA,13990000000128,14695744.29,0.0,14695744.29,37584697.62,0.3910033928856177
GERIZIM FUNDO DE INVESTIMENTO EM DIREITOS CREDITÓRIOS RESPONSABILIDADE LIMITADA,51539073000197,14688456.52,0.0,14688456.52,13098196.28,1.121410628303701
GUATAMBU FUNDO DE INVESTIMENTO EM DIREITOS CREDITÓRIOS NÃO-PADRONIZADO,40669872000161,3060053.33,11615603.54,14675656.87,14986714.0,0.9792444741388939
VERA CRUZ II - ATIVOS JUDICIAIS - PROCESSO DE CONHECIMENTO - FIDC - RESPONSABILIDADE LIMITADA,55579164000107,14634960.45,0.0,14634960.45,14816649.72,0.9877374930612856
FUNDO DE INVESTIMENTO EM DIREITOS CREDITÓRIOS 3BGP  RESPONSABILIDADE LIMITADA,63143050000148,14630273.0,0.0,14630273.0,14808382.97,0.9879723552287356
MALCOM FUNDO DE INVESTIMENTO EM DIREITOS CREDITÓRIOS NP,59715778000120,0.0,14615414.22,14615414.22,14588945.76,1.0018142818840667
FUNDO DE INVESTIMENTO EM DIREITOS CREDITÓRIOS CREDITAS AUTO IX,45853976000145,14603127.78,0.0,14603127.78,17415581.18,0.838509357170933
VERAXS THERAS FUNDO DE INVESTIMENTO EM DIREITOS CREDITÓRIOS NÃO PADRONIZADO DE RESP LIMITADA,56320097000174,14594442.67,0.0,14594442.67,12994236.49,1.1231473800889704
WEG INTEGRADORES FUNDO DE INVESTIMENTO EM DIREITOS CREDITÓRIOS RECEBÍVEIS COMERCIAIS RESP LIMITADA,65220183000104,14537613.57,0.0,14537613.57,101038762.31,0.14388154840413345
CENTRUM FUNDO DE INVESTIMENTO EM DIREITOS CREDITORIOS,17213074000109,0.0,14512166.35,14512166.35,24972355.23,0.5811292613908567
ASHER FUNDO DE INVESTIMENTO EM DIREITOS CREDITÓRIOS,60866189000121,2499504.77,12005269.63,14504774.4,16814391.64,0.8626404517362604
MASTER VELOZ FUNDO DE INVESTIMENTO EM DIREITOS CREDITÓRIOS NÃO-PADRONIZADOS,60604312000136,14423682.8,0.0,14423682.8,14418525.84,1.0003576620839902
GRAN FIDC NÃO-PADRONIZADOS MULTISSETORIAL NP - GRANFIDC,09520712000106,0.0,14415696.83,14415696.83,21159905.23,0.6812741679750898
SANTA ALICE CRÉDITOS JUDICIAIS FUNDO DE INVESTIMENTO EM DIREITOS CREDITÓRIOS,32274528000145,14413634.44,0.0,14413634.44,14502928.64,0.9938430228668628
YUNUS NEGOCIOS SOCIAIS FUNDO DE INVESTIMENTO EM DIREITOS CREDITORIOS,29330482000120,14410608.91,0.0,14410608.91,23512489.01,0.6128916808369834
FUNDO DE INVESTIMENTO EM DIREITOS CREDITÓRIOS CONSIGNADO Q1,46766118000126,14396052.45,0.0,14396052.45,14464225.97,0.9952867495197186
EC CAPITAL MARKETS FUNDO DE INVESTIMENTO EM DIREITOS CREDITÓRIOS,60395009000170,14296009.8,0.0,14296009.8,14313344.65,0.9987889029137575
FUNDO DE INVESTIMENTO EM DIREITOS CREDITÓRIOS CONSIGNADO EXT SETHI - RESPONSABILIDADE LIMITADA,64656842000189,14271229.2,0.0,14271229.2,14565525.73,0.9797949943273347
METALFRIO SOLUTIONS FUNDO DE INVESTIMENTO EM DIREITOS CREDITÓRIOS,42813981000136,6906527.0,7357847.88,14264374.879999999,14299368.56,0.9975527814495326
FAST CAPITAL FUNDO DE INVESTIMENTO EM DIREITOS CREDITÓRIOS,37511950000190,0.0,14255238.95,14255238.95,14124591.71,1.0092496294889362
LEGACY FUNDO DE INVESTIMENTO EM DIREITOS CREDITÓRIOS,45145563000106,14248910.95,0.0,14248910.95,27588969.96,0.5164712916306353
BLUE CRÉDITO IMOBILIÁRIO FIDC ABERTO DE RESPONSABILIDADE LIMITADA,39857521000103,14214163.5,0.0,14214163.5,20602982.73,0.6899080432321462
UJAY SPARTA FUNDO DE INVESTIMENTO EM DIREITOS CREDITORIOS NAO - PADRONIZADOS - FIDC NP,45019108000164,14194436.57,0.0,14194436.57,13765668.18,1.0311476627500693
VSI SAC FUNDO DE INVESTIMENTO EM DIREITOS CREDITÓRIOS,49998666000170,14145736.65,0.0,14145736.65,14719659.74,0.9610097583682325
FUNDO DE INVESTIMENTO EM DIREITOS CREDITÓRIOS PIX CARD CONSIG,54287342000163,14067250.29,71182.41,14138432.7,19773110.14,0.7150333255565429
AMETISTA CONSIGNADO I FUNDO DE INVESTIMENTO EM DIREITOS CREDITÓRIOS,50153210000198,14100955.19,0.0,14100955.19,19399936.6,0.726855735703796
EXODO FUNDO DE INVESTIMENTO EM DIREITOS CREDITORIOS,61941406000163,0.0,14027054.27,14027054.27,14726685.44,0.9524922853244565
SPREADSUL FUNDO DE INVESTIMENTO EM DIREITOS CREDITÓRIOS,10841829000170,3518405.35,10474038.41,13992443.76,37318581.45,0.37494575668014835
HEALTH MERCANTIL FUNDO DE INVESTIMENTO EM DIREITOS CREDITÓRIOS,51294885000110,0.0,13954368.36,13954368.36,14375707.56,0.9706908895968108
CLT  NOW III FUNDO DE INVESTIMENTO EM DIREITOS CREDITÓRIOS DE RESPONSABILIDADE  LIMITADA,66688902000170,0.0,13931836.27,13931836.27,15105594.44,0.9222964594566462
MORELIA FUNDO DE INVESTIMENTO EM DIREITOS CREDITÓRIOS NÃO-PADRONIZADOS,34964529000147,13929966.55,0.0,13929966.55,13821665.63,1.0078355910857033
COHAB MINAS FUNDO DE INVESTIMENTO EM DIREITOS CREDITÓRIOS IMOBILIÁRIOS DE RESPONSABILIDADE LIMITADA,53765941000182,13877358.03,0.0,13877358.03,11597177.36,1.1966151417037567
CHIMERA  ALTERNATIVE ASSETS XI FUNDO DE INVESTIMENTO EM DIREITOS CREDITÓRIOS  RESP LIMITADA,58423669000176,13854324.76,0.0,13854324.76,0.11,125948406.9090909
BR4 FUND FUNDO DE INVESTIMENTO EM DIREITOS CREDITÓRIOS  RESPONSABILIDADE LIMITADA,60369814000120,13841763.7,0.0,13841763.7,13856619.28,0.9989279073271904
FKP FUNDO DE INVESTIMENTO EM DIREITOS CREDITÓRIOS,61601122000128,13788943.08,0.0,13788943.08,12064143.1,1.142969124761128
MARANATA FUNDO DE INVESTIMENTO EM DIREITOS CREDITÓRIOS,54776077000187,13095849.59,678057.77,13773907.36,15823045.24,0.8704966175019291
FUNDO DE INVESTIMENTO EM DIREITOS CREDITÓRIOS - FORNECEDORES I DE RESPONSABILIDADE LIMITADA,08987105000198,13751705.36,0.0,13751705.36,13722894.63,1.002099464491771
BOCAINA 051 FUNDO DE INVESTIMENTO EM DIREITOS CREDITÓRIOS DE RESPONSABILIDADE LIMITADA,47227626000107,13727117.64,0.0,13727117.64,13705008.54,1.001613213150176
INVESTMAX FUNDO DE INVESTIMENTO EM DIREITOS CREDITÓRIOS,48213253000170,13684459.07,0.0,13684459.07,13526069.24,1.0117099674110497
DS CAPITAL FUNDO DE INVESTIMENTO EM DIREITOS CREDITÓRIOS,62031792000119,3628822.31,10049481.11,13678303.42,14451592.14,0.9464911054430021
SNOW FUNDO DE INVESTIMENTO EM DIREITOS CREDITÓRIOS RESPONSABILIDADE LIMITADA,60397788000143,13660814.63,0.0,13660814.63,13651078.96,1.0007131795243824
SAM 2 - FUNDO DE INVESTIMENTO EM DIREITOS CREDITÓRIOS,32274238000100,13657200.95,0.0,13657200.95,17195310.85,0.7942398406830777
ALPS BANK FUNDO DE INVESTIMENTO EM DIREITOS CREDITÓRIOS MULTISSETORIAL,51410150000104,6534402.44,7086831.28,13621233.72,14018237.57,0.9716794748257359
VENTURO FUNDO DE INVESTIMENTO EM DIREITOS CREDITÓRIOS,56661282000122,13598125.13,0.0,13598125.13,18405824.85,0.7387946609738602
FUNDO DE INVESTIMENTO EM DIREITOS CREDITÓRIOS TG REAL,24852946000144,13575653.01,0.0,13575653.01,26299016.96,0.5162038197339525
RIO CAPITAL FUNDO DE INVESTIMENTO EM DIREITOS CREDITÓRIOS,31894591000111,13573388.83,0.0,13573388.83,18268983.37,0.7429745024722741
ALLIANCE FUNDO DE INVESTIMENTO EM DIREITOS CREDITÓRIOS,32670379000133,2747095.77,10824226.43,13571322.2,16227756.97,0.8363030223517082
CHIMERA ALTERNATIVE ASSETS XVII FUNDO DE INVESTIMENTO EM DIREITOS CREDITÓRIOS DE RESP. LIMITADA,67223502000152,13462815.87,0.0,13462815.87,13621408.75,0.9883570867807634
BARUC FUNDO DE INVESTIMENTO EM DIREITOS CREDITÓRIOS NÃO PADRONIZADOS,44585152000179,13438966.35,0.0,13438966.35,15015543.97,0.8950036293623533
CONTEA CAPITAL POTENZA D90 FUNDO DE INVESTIMENTO EM COTAS DE FUNDOS DE  INVESTIMENTO EM DIREITOS CRE,44839666000103,13430404.6,0.0,13430404.6,73883726.81,0.1817775737617803
CLASSE ÚNICA DO STRATEGI SPECIAL OPPORTUNITIES I FIDC RESPONSABILIDADE LTDA,42133745000179,13428504.53,0.0,13428504.53,13427115.6,1.0001034421718988
ABC FUNDO DE  INVESTIMENTO EM DIREITOS CREDITÓRIOS,42582289000144,8153673.88,5263381.07,13417054.95,17851031.66,0.7516122992524007
BMJ FUNDO DE INVESTIMENTO EM DIREITOS CREDITÓRIOS,62431397000123,13406435.15,0.0,13406435.15,15919258.07,0.8421520080301079
GRUPO AFFIX FUNDO DE INVESTIMENTO EM DIREITOS CREDITÓRIOS MULTISSETORIAL,43702427000144,9125981.21,4266503.46,13392484.670000002,17349512.3,0.771922832090214
F2 BANK FUNDO DE INVESTIMENTO EM DIREITOS CREDITÓRIOS,43722793000165,115553.08,13270593.44,13386146.52,29648832.84,0.45148983072076976
EL CHALTÉN FUNDO DE INVESTIMENTO EM DIREITOS CREDITÓRIOS,53272875000109,13378841.67,0.0,13378841.67,15945650.68,0.8390276407334417
GAMBOA FUNDO DE INVESTIMENTO EM DIREITOS CREDITÓRIOS RESPONSABILIDADE LIMITADA,59472452000119,13364607.59,0.0,13364607.59,13589883.85,0.9834232387497558
HOLDER FUNDO DE INVESTIMENTO EM DIREITOS CREDITÓRIOS NÃO PADRONIZADOS,41341232000190,13342891.83,0.0,13342891.83,10032658.15,1.329945825972352
SPS CORP I FUNDO DE INVESTIMENTO EM DIREITOS CREDITÓRIOS NÃO PADRONIZADOS RESP LIMITADA,28472352000169,13336990.46,0.0,13336990.46,15775643.82,0.8454165555570968
NPL SN FUNDO DE INVESTIMENTO EM DIREITOS CREDITÓRIOS RESPONSABILIDADE LIMITADA,54585485000151,13279271.36,0.0,13279271.36,12837728.13,1.0343941876264051
FUNDO DE INVESTIMENTO EM DIREITOS CREDITÓRIOS MAIS EDUCAÇÃO RESPONSABILIDADE LIMITADA,58242346000186,13271274.22,0.0,13271274.22,13352468.51,0.9939191551031039
FINTRUST FUNDO DE INVESTIMENTO EM DIREITOS CREDITÓRIOS,54776530000155,0.0,13213408.6,13213408.6,16999152.59,0.7772980758919112
FATURE FUNDO DE INVESTIMENTO EM DIREITOS CREDITÓRIOS MULTISSETORIAL,43122353000177,8267223.32,4943964.71,13211188.030000001,11759416.63,1.1234560731776708
FUNDO DE INVESTIMENTO EM DIREITOS CREDITÓRIOS ERFOLG PARANAPANEMA CRÉDITOS PÚBLICOS RESP LIMITADA,64191967000180,13182676.91,0.0,13182676.91,5932142.24,2.22224558627576
CLASSE INSS DO MT GLOBAL FUNDO DE INVESTIMENTO EM DIREITOS CREDITÓRIOS RESPONSABILIDADE LIMITADA,63953769000144,0.0,13165328.84,13165328.84,574402792.52,0.022920029309470322
FIRENZE CAPITAL FUNDO DE INVESTIMENTO EM DIREITOS CREDITÓRIOS,58505957000170,0.0,13160622.28,13160622.28,15470938.02,0.8506673779564401
AJ86 FUNDO DE INVESTIMENTO EM DIREITOS CREDITÓRIOS NÃO PADRONIZADO,51587009000181,6057282.26,7083223.33,13140505.59,14156794.77,0.928211915443343
AUGME PRO 051 MASTER FUNDO DE INVESTIMENTO EM DIREITOS CREDITÓRIOS DE RESPONSABILIDADE LIMITADA,58594141000160,13133515.84,0.0,13133515.84,36654160.84,0.3583090033715255
HIGH YIELD DISTRESSED FUNDO DE INVESTIMENTO EM DIREITOS CREDITÓRIOS NÃO PADRONIZADOS - RESPON. LIMIT,25295530000135,13129098.11,0.0,13129098.11,22213350.3,0.5910453818395868
BELSINOS FUNDO DE INVESTIMENTO EM DIREITOS CREDITÓRIOS,31894563000102,0.0,13086972.01,13086972.01,13882516.72,0.9426944893317585
OLIVER CRED FUNDO DE INVESTIMENTO EM DIREITOS CREDITÓRIOS  RESPONSABILIDADE LIMITADA,66175403000180,0.0,13072733.05,13072733.05,14219186.52,0.9193727806870348
EDUCBANK FUNDO DE INVESTIMENTO EM DIREITOS CREDITÓRIOS RESPONSABILIDADE LIMITADA,53323047000152,13048636.06,0.0,13048636.06,15907696.52,0.8202718755411611
FUNDO DE INVESTIMENTO EM DIREITOS CREDITORIOS CATHON,51200316000168,13000000.0,0.0,13000000.0,13081382.94,0.9937787204630216
ATLANTA I FUNDO DE INVESTIMENTO  EM DIREITOS CREDITÓRIOS RESPONSABILIDADE LIMITADA,55965708000179,13000000.0,0.0,13000000.0,13467627.6,0.9652776558805354
CONSIG FUNDO DE INVESTIMENTO EM DIREITOS CREDITÓRIOS NÃO  PADRONIZADO RESPONSABILIDADE LIMITADA,66230173000104,12994575.64,0.0,12994575.64,13032537.05,0.99708718188528
ORATA FUNDO DE INVESTIMENTO EM DIREITOS CREDITÓRIOS RESPONSABILIDADE LIMITADA,61067121000145,12927032.06,0.0,12927032.06,14032098.01,0.921247275410101
FACTIA FUNDO DE INVESTIMENTO EM DIREITOS CREDITÓRIOS,50791925000176,12838979.26,0.0,12838979.26,15223067.48,0.8433897620744173
CHIMERA ALTERNATIVE ASSETS IV FUNDO DE INVESTIMENTO EM DIREITOS CREDITÓRIOS DE RESP. LIMITADA,53311084000140,12811991.9,0.0,12811991.9,12975039.5,0.9874337492382972
FUNDO DE INVESTIMENTO EM DIREITOS CREDITÓRIOS - RECEBÍVEIS COMERCIAIS TOP PARTNERS - RESP LIMITADA,64897169000179,12807077.52,0.0,12807077.52,50990467.39,0.25116611350206336
FYTO MULTI FUNDO DE INVESTIMENTO EM DIREITOS CREDITÓRIOS  - RESPONSABILIDADE LIMITADA,62252049000199,0.0,12769453.66,12769453.66,13098456.72,0.9748823035390386
AG ANTECIPA I FUNDO DE INVESTIMENTO EM DIREITOS CREDITÓRIOS RESPONSABILIDADE LIMITADA,61009520000150,801387.83,11931225.86,12732613.69,14754441.5,0.862968190968123
FUNDO DE INVESTIMENTO EM DIREITOS CREDITÓRIOS MULTISETORIAL SM LP,09239216000189,77160.1,12643282.88,12720442.98,15484146.61,0.8215139846186202
WINTERFELL FUNDO DE INVESTIMENTO EM DIREITOS CREDITÓRIOS NÃO PADRONIZADOS RESPONSABILIDADE LIMITADA,59090844000113,8772933.74,3938866.49,12711800.23,13488801.02,0.9423966007914321
GÁTRIA II - FUNDO DE INVESTIMENTO EM DIREITOS CREDITÓRIOS - RESPONSABILIDADE LIMITADA,28536554000127,12706939.21,0.0,12706939.21,9879439.6,1.2862004045249693
CASE FUNDO DE INVESTIMENTO EM DIREITOS CREDITÓRIOS,32316919000185,2116700.33,10579937.53,12696637.86,14434881.31,0.879580343428539
FAMA FUNDO DE INVESTIMENTO EM DIREITOS CREDITÓRIOS,47425776000117,0.0,12654198.3,12654198.3,17965994.2,0.7043416667695462
ICRC FUNDO DE INVESTIMENTO EM DIREITOS CREDITÓRIOS FINANCEIROS,61561993000165,12602807.75,0.0,12602807.75,12580092.24,1.001805671180039
DIGITAL SAT FUNDO DE INVESTIMENTO EM DIREITOS CREDITÓRIOS,64669281000152,12535885.41,0.0,12535885.41,12510940.26,1.0019938669261939
HAVANTI FUNDO DE INVESTIMENTO EM DIREITOS CREDITÓRIOS,59710430000140,12526759.53,0.0,12526759.53,12621710.62,0.992477161546586
FUNDO DE INVESTIMENTO EM DIREITOS CREDITÓRIOS INTRA DIGITAL CASH CLT,66282332000114,0.0,12515574.96,12515574.96,12812479.59,0.976826918793164
WNT AÇÕES JUDICIAIS FUNDO DE INVESTIMENTO EM DIREITOS CREDITÓRIOS-NÃO PADRONIZADO,26558776000115,12484665.18,0.0,12484665.18,11333181.3,1.1016028817963055
TRIUNPH FUNDO DE INVESTIMENTO EM DIREITOS CREDITÓRIOS NÃO PADRONIZADO,54003830000100,12423600.0,0.0,12423600.0,12156876.93,1.0219400978997983
LIBRA CONSIGNADO FUNDO DE INVESTIMENTO EM DIREITOS CREDITÓRIOS,54842157000193,12362081.14,40896.09,12402977.23,15452496.75,0.8026519876148818
INVESTCON FUNDO DE INVESTIMENTO EM DIREITOS CREDITORIOS,22406927000169,941684.26,11384835.82,12326520.08,13155541.92,0.9369830718459677
TECNOMOTOR FUNDO DE INVESTIMENTO EM DIREITOS CREDITORIOS,44414972000106,12325992.11,0.0,12325992.11,13916531.52,0.8857086330948072
COBUCCIO EMPRÉSTIMOS FUNDO DE INVESTIMENTO EM DIREITOS CREDITÓRIOS,53032513000140,12321866.7,0.0,12321866.7,13167308.02,0.9357923944122938
BALLANGEN 82 FUNDO DE INVESTIMENTO EM DIREITOS CREDITÓRIOS NÃO-PADRONIZADOS,46930099000121,12315409.7,0.0,12315409.7,17965162.92,0.6855161712054209
SOLUTION FUNDO DE INVESTIMENTO EM DIREITOS CREDITÓRIOS - RESPONSABILIDADE LIMITADA,61199031000108,12311492.63,0.0,12311492.63,12749359.68,0.9656557614664457
LITUS FUNDO DE INVESTIMENTO EM DIREITOS CREDITÓRIOS MULTISEGMENTOS,22101473000118,0.0,12243756.87,12243756.87,14029239.06,0.8727313589593931
UNI PAY FUNDO DE INVESTIMENTO EM DIREITOS CREDITÓRIOS RESPONSABILIDADE LIMITADA,46494768000160,0.0,12223309.47,12223309.47,13224112.8,0.9243198129707424
VBINVEST FUNDO DE INVESTIMENTO EM DIREITOS CREDITÓRIOS,52364436000163,12217695.48,0.0,12217695.48,14918943.35,0.8189383921750732
NEO CONSIGNADO PRIVADO PULL I FUNDO DE INVESTIMENTO EM DIREITOS CREDITÓRIOS RESP LIMITADA,65564636000101,12205510.08,0.0,12205510.08,13560868.68,0.9000537036392864
FIRST AUTO I FUNDO DE INVESTIMENTOS EM CREDITÓRIOS RESPONSABILIDADE LIMITADA,64738624000193,12180929.44,0.0,12180929.44,21522489.71,0.5659628418519057
7INVEST CAPITAL FUNDO DE INVESTIMENTO EM DIREITOS CREDITÓRIOS RESPONSABILIDADE LIMITADA,57836076000179,252917.69,11917064.75,12169982.44,13758006.84,0.8845745304194077
KUARÁ ARTEMIS HIGH YIELD I FUNDO DE INVESTIMENTO EM DIREITOS  CREDITÓRIOS RESPONSABILIDADE LIMITADA,64054550000176,12164468.74,0.0,12164468.74,13610084.64,0.8937834746632406
L3R1 FUNDO DE INVESTIMENTO EM DIREITOS CREDITÓRIOS MULTISSEGMENTOS,60490269000125,0.0,12147051.01,12147051.01,12152926.55,0.9995165329128068
SALIS FUNDO DE INVESTIMENTO EM DIREITOS CREDITÓRIOS - RESPONSABILIDADE LIMITADA,61295347000101,12111216.88,0.0,12111216.88,17998245.9,0.6729109573950205
SENA FUNDO DE INVESTIMENTO EM DIREITOS  CREDITÓRIOS - RESPONSABILIDADE LIMITADA,54229137000141,12107170.74,0.0,12107170.74,18176963.3,0.6660722443115676
RIZA IMOBILIÁRIO FUNDO DE INVESTIMENTO EM DIREITOS CREDITÓRIOS,59914252000179,0.0,12101074.35,12101074.35,114213440.61,0.10595140366466191
FORESTER FUNDO DE INVESTIMENTO EM DIREITOS CREDITÓRIOS,66644176000194,12082970.55,0.0,12082970.55,15017154.12,0.804611210183145
AGA FUNDO DE INVESTIMENTO EM DIREITOS CREDITÓRIOS NÃO-PADRONIZADOS MULTISSETORIAL,24080647000139,2325566.38,9751581.99,12077148.370000001,16651574.94,0.7252856509679799
TITANO FUNDO DE INVESTIMENTO EM DIREITOS CREDITÓRIOS,62527939000166,12067609.26,0.0,12067609.26,12117937.4,0.9958468064045288
MARILIA FUNDO DE INVESTIMENTO EM DIREITOS CREDITORIOS,35581308000152,1210203.91,10854919.77,12065123.68,12761683.25,0.945417892267464
IPIRANGA CAPITAL FUNDO DE INVESTIMENTO EM DIREITOS CREDITÓRIOS,49507576000139,356411.62,11698545.25,12054956.87,15604010.35,0.7725550419158751
LEOA JVS FUNDO DE INVESTIMENTO EM DIREITOS CREDITÓRIOS RESPONSABILIDADE LIMITADA,52324200000101,12023425.71,0.0,12023425.71,12796131.23,0.93961412976225
TRIPOLI NPL FUNDO DE INVESTIMENTO EM DIREITOS CREDITÓRIOS,41287621000185,12007426.98,0.0,12007426.98,119578575.54,0.10041453434092312
CANOA FUNDO DE INVESTIMENTO EM DIREITOS CREDITÓRIOS,59815957000139,0.0,12000000.0,12000000.0,8938486.84,1.3425091086222374
SPS ALPHA FUNDO DE INVESTIMENTO EM DIREITOS CREDITÓRIOS,29550273000191,11960121.72,0.0,11960121.72,10269090.05,1.1646720071366012
FRAM CAPITAL FUNDO DE INVESTIMENTO EM DIREITOS CREDITÓRIOS CONSIGNADO I RESPONSABILIDADE LIMITADA,53926245000100,11937353.51,0.0,11937353.51,11997823.34,0.9949599332906996
LANCE REAL FUNDO DE  INVESTIMENTO EM DIREITOS CREDITORIOS,45810162000123,9753855.05,2162949.95,11916805.0,11875673.31,1.0034635248820263
CONLIFE FUNDO DE INVESTIMENTO EM DIREITOS CREDITÓRIOS DE RESPONSABILIDADE LIMITADA,46323053000144,11874431.86,0.0,11874431.86,18298126.3,0.6489425018341904
PORTFOLIO 22 FUNDO DE INVESTIMENTO EM DIREITOS CREDITÓRIOS,62083078000174,0.0,11831325.88,11831325.88,11505837.7,1.0282889597860398
DIVICASH FUNDO DE INVESTIMENTO EM DIREITOS CREDITORIOS RESPONSABILIDADE LIMITADA,35178750000132,0.0,11816053.22,11816053.22,11170610.54,1.0577804299674387
SANTA LÚCIA FUNDO DE INVESTIMENTO EM DIREITOS  CREDITORIOS MULTISSETORIAL RESPONSABILIDADE LIMITADA,62951957000170,11775304.33,0.0,11775304.33,11796608.64,0.9981940309583754
BPI CAPITAIS FUNDO DE INVESTIMENTO EM DIREITOS CREDITÓRIOS,60666932000108,11705197.04,0.0,11705197.04,13430900.11,0.8715124782504245
ROBBIN PAGAMENTOS I FUNDO DE INVESTIMENTO EM DIREITOS CREDITÓRIOS - RESPONSABILIDADE LIMITADA,63615161000100,11695914.76,0.0,11695914.76,16826579.21,0.6950857101750748
BOREAL II CONSIGNADO FUNDO DE INVESTIMENTO EM DIREITOS CREDITÓRIOS - RESPONSABILIDADE LIMITADA,57341862000103,11694324.31,0.0,11694324.31,11998812.01,0.9746235127489092
FAMA FUNDO DE INVESTIMENTO EM DIREITOS CREDITÓRIOS MULTISEGMENTOS,19503125000162,114203.67,11541204.16,11655407.83,17301592.61,0.6736609798142739
FOCO CAPITAL FIAGRO EM DIREITOS CREDITÓRIOS RESPONSABILIDADE LIMITADA,54427293000117,11582604.28,0.0,11582604.28,14272011.06,0.8115607696284954
LUPUS FUNDO DE INVESTIMENTO EM DIREITOS CREDITÓRIOS DE RESPONSABILIDADE LIMITADA,59682659000118,6890114.68,4646906.99,11537021.67,12667329.34,0.9107698521399619
HECTARE II - FUNDO DE INVESTIMENTO EM DIREITOS CREDITÓRIOS,34081563000173,11523129.59,0.0,11523129.59,52734899.91,0.21851050461204907
OUTFIELD FUNDO DE INVESTIMENTO EM DIREITOS CREDITÓRIOS CLASSE ÚNICA FECHADA RESPONSABILIDADE LIMITAD,49776300000156,11389980.04,0.0,11389980.04,16513444.32,0.6897398155880299
CLASSE I FECHADA DO RIZA KRATOS FUNDO DE INVESTIMENTO EM DIREITOS CREDITÓRIOS DE RESP LIMITADA,66814473000130,11319001.01,0.0,11319001.01,10478306.21,1.0802319366461803
GUARDIAN WAREHOUSE III FUNDO DE INVESTIMENTO EM DIREITOS CREDITÓRIOS RESPONSABILIDADE LIMITADA,63672361000102,11309308.8,0.0,11309308.8,11820515.5,0.9567525883283179
NOX FUNDO DE INVESTIMENTO EM DIREITOS CREDITÓRIOS,64510628000110,11294690.84,0.0,11294690.84,12116309.47,0.9321890356106923
W INVEST FUNDO DE INVESTIMENTO EM DIREITOS CREDITÓRIOS,56912548000162,11277090.73,15341.44,11292432.17,12306179.86,0.9176228771614915
SATOSHINOMIKS FUNDO DE INVESTIMENTO EM DIREITOS CREDITÓRIOS,51250816000104,11253778.3,0.0,11253778.3,11569273.13,0.9727299350222878
PREMIER RP FUNDO DE INVESTIMENTO EM DIREITOS CREDITÓRIOS,32511268000184,506515.88,10717946.51,11224462.39,12735618.64,0.8813441032810323
FUNDO DE INVESTIMENTO EM DIREITOS CREDITÓRIOS PAGBEM,31368761000124,11211604.04,0.0,11211604.04,11427278.28,0.981126368439152
PB77 ACADEMIAS FUNDO DE INVESTIMENTO EM DIREITOS CREDITÓRIOS RESP LIMITADA,62075485000130,11148364.95,0.0,11148364.95,14538648.97,0.7668088673854265
UKF FUNDO DE INVESTIMENTO EM DIREITOS CREDITÓRIOS,52997521000169,11095952.43,0.0,11095952.43,12593432.56,0.8810903919272665
VALENTE FUNDO DE INVESTIMENTO EM DIREITOS CREDITÓRIOS,52531368000180,11039123.48,0.0,11039123.48,11053707.58,0.9986806146359085
NEO 8 FUNDO DE INVESTIMENTO EM DIREITOS CREDITÓRIOS MULTISSETORIAL,55694842000182,384756.23,10648294.21,11033050.440000001,14262058.3,0.7735945406982385
PRECAVIDA II FUNDO DE INVESTIMENTO EM DIREITOS CREDITORIOS,49983868000148,11018409.53,0.0,11018409.53,23759145.52,0.46375445281586036
VKR FUNDO DE INVESTIMENTO EM DIREITOS CREDITÓRIOS RESPONSABILIDADE LIMITADA,36412972000130,11015359.07,0.0,11015359.07,11241234.75,0.9799065062670274
SDA FUNDO DE INVESTIMENTO EM DIREITOS CREDITÓRIOS - RESPONSABILIDADE LIMITADA,58312065000152,11004668.82,0.0,11004668.82,11089655.42,0.9923364075094049
ORIGIN FUNDO DE INVESTIMENTO EM DIREITOS CREDITÓRIOS  RESPONSABILIDADE LIMITADA,61872284000109,0.0,10997134.74,10997134.74,10928450.82,1.0062848724976008
AURI OPEN FUNDO DE  INVESTIMENTO EM DIREITOS CREDITÓRIOS RESPONSABILIDADE LIMITADA,63385567000143,9279511.73,1711866.22,10991377.950000001,11222075.07,0.9794425613301481
IMPAR PGEO FUNDO DE INVESTIMENTO EM DIREITOS CREDITÓRIOS AÇÕES JUDICIAIS,63358336000140,10950324.64,0.0,10950324.64,11081930.71,0.9881242652165978
FAETA FUNDO DE INVESTIMENTO EM DIREITOS CREDITORIOS RESPONSABILIDADE LIMITADA,66598676000137,0.0,10874995.68,10874995.68,11780272.66,0.9231531386303243
LIZARD FUNDO DE INVESTIMENTO EM DIREITOS CREDITÓRIOS CRÉDITO CONSIGNADO PRIVADO - RESP LIMITADA,63696976000160,10869609.0,0.0,10869609.0,16064408.1,0.676626797099359
CERES  CAPITAL FUNDO DE INVESTIMENTO EM DIREITOS CREDITÓRIOS NÃO-PADRONIZADOS  RESP LIMITADA,62941946000100,10865514.2,0.0,10865514.2,23759426.01,0.457313833904357
STRATEGI KOSMOS EVERGREEN FUNDO DE INVESTIMENTO EM DIREITOS CREDITÓRIOS DE RESP LIMITADA,61386784000122,10775025.95,0.0,10775025.95,27983761.8,0.3850456570853172
NEW INTER FUNDO DE INVESTIMENTO EM DIREITOS  CREDITÓRIOS,51781164000134,10637223.41,0.0,10637223.41,10293223.8,1.0334200068592698
UPB FUNDO DE INVESTIMENTO EM DIREITOS CREDITÓRIOS DE CLASSE ÚNICA FECHADA,57550093000145,411927.93,10224228.62,10636156.549999999,14110428.59,0.7537798361091453
OTMOW I FUNDO DE  INVESTIMENTO EM DIREITOS CREDITÓRIOS RESPONSABILIDADE LIMITADA,62453870000173,10630576.57,0.0,10630576.57,16333037.91,0.6508633989939719
LSP FUNDO DE INVESTIMENTO EM DIREITOS CREDITÓRIOS  RESPONSABILIDADE LIMITADA,55471175000179,10626430.28,0.0,10626430.28,10136817.94,1.0483003979057357
BEFIC FUNDO DE INVESTIMENTO EM DIREITOS CREDITÓRIOS DE RESPONSABILIDADE LIMITADA,54842370000103,10612330.37,0.0,10612330.37,14329825.27,0.740576397132859
USECORP F3 PILOTAGE FUNDO DE INVESTIMENTO EM DIREITOS CREDITÓRIOS RESPONSABILIDADE LIMITADA,63429748000124,10572461.45,0.0,10572461.45,11094060.48,0.9529839384830899
MASTRENN FUNDO DE INVESTIMENTO EM DIREITOS CREDITÓRIOS,51901421000124,10547599.03,0.0,10547599.03,10478235.81,1.006619742221663
VERSATIL FUNDO DE INVESTIMENTO EM DIREITOS CREDITÓRIOS,24506265000124,875738.93,9650573.65,10526312.58,12730729.49,0.8268428441801727
VQS FUNDO DE INVESTIMENTO EM DIREITOS CREDITÓRIOS,64087936000184,10519000.0,0.0,10519000.0,12605944.24,0.8344476065999162
LIFT SO II FUNDO DE INVESTIMENTO EM DIREITOS CREDITÓRIOS,57056989000172,10491178.99,0.0,10491178.99,82867581.11,0.1266017283172995
DIVALLORE FUNDO DE INVESTIMENTO EM DIREITOS CREDITÓRIOS,23520837000167,0.01,10463078.88,10463078.89,13735378.02,0.7617612616678461
TAGUAÍBA FUNDO DE INVESTIMENTO EM DIREITOS CREDITÓRIOS CONSIGNADOS,58137246000190,10418269.62,0.0,10418269.62,11026023.18,0.9448800759731397
GOLDEN TREE FUNDO DE INVESTIMENTO EM DIREITOS CREDITÓRIOS RESPONSABILIDADE LIMITADA,29249995000100,10413989.67,0.0,10413989.67,21582175.77,0.4825273309318433
MELL.RO & MANCHESTER FUNDO DE INVESTIMENTO EM DIREITOS CREDITÓRIOS,64171337000144,10410314.0,0.0,10410314.0,10185974.95,1.0220243080413232
POTENCIAL CAPITAL FUNDO DE INVESTIMENTO EM DIREITOS CREDITÓRIOS RESPONSABILIDADE LIMITADA,64060613000105,0.0,10397903.42,10397903.42,32958331.29,0.3154863433014542
VETBANK FUNDO DE INVESTIMENTO EM DIREITOS CREDITÓRIOS RESPONSABILIDADE LIMITADA,63823888000182,0.0,10397352.9,10397352.9,9343871.55,1.1127457012184634
CAPITALIZE EBF FUNDO DE INVESTIMENTO EM DIREITOS CREDITÓRIOS MULTISSETORIAL,43181523000194,0.0,10389666.02,10389666.02,10407196.06,0.9983155847262859
FAKINI FUNDO DE INVESTIMENTO EM DIREITOS CREDITÓRIOS,62881088000155,10069756.46,306284.9,10376041.360000001,10479958.75,0.9900841794820997
SIGHT FUNDO DE INVESTIMENTO EM DIREITOS CREDITÓRIOS RESPONSABILIDADE LIMITADA,55609516000120,4299979.71,6053852.9,10353832.61,9480719.24,1.092093579389658
VEXO FUNDO DE INVESTIMENTO EM DIREITOS CREDITÓRIOS RESPONSABILIDADE LIMITADA,55651473000140,10322977.93,0.0,10322977.93,11569301.92,0.892273189979988
ATLANTIC FUNDO DE INVESTIMENTO EM DIREITOS CREDITORIOS MULTISSETORIAL - RESPONSABILIDADE LIMITADA,09636040000107,0.0,10274324.98,10274324.98,13447847.78,0.7640125875963775
RUMO NPL I FUNDO DE INVESTIMENTO EM DIREITOS CREDITÓRIOS NÃO-PADRONIZADOS,64157229000117,10267281.12,0.0,10267281.12,11125307.3,0.9228761815864627
CO-INVEST I BLACK BELT FUNDO DE INVESTIMENTO EM DIREITOS CREDITÓRIOS,38181581000188,10225000.0,0.0,10225000.0,11903049.55,0.859023560059027
BOS FUNDO DE INVESTIMENTO EM DIREITOS CREDITÓRIOS,59677032000179,98564.95,10114770.81,10213335.76,10744563.49,0.9505584633108255
MTR 1 FUNDO DE INVESTIMENTO EM DIREITOS CREDITÓRIOS NÃO PADRONIZADOS,26704185000109,10126161.55,0.0,10126161.55,10281201.19,0.9849200850041921
REDWOOD CC FUNDO DE INVESTIMENTO EM DIREITOS CREDITÓRIOS RESPONSABILIDADE LIMITADA,62433229000177,10107049.97,0.0,10107049.97,20917774.45,0.48317998619590247
MOSAICO MULTICONSIGNADO I FUNDO DE INVESTIMENTO EM DIREITOS CREDITÓRIOS FINANCEIROS DE RESP LIMITADA,57937985000101,10085085.64,0.0,10085085.64,11328064.96,0.8902743474380641
MERLIN FUNDO DE INVESTIMENTO EM DIREITOS CREDITÓRIOS NÃO-PADRONIZADO - RESPONSABILIDADE LIMITADA,60550625000159,10069023.86,0.0,10069023.86,11060364.94,0.9103699484259513
GREENCAP FUNDO DE INVESTIMENTO EM DIREITOS CREDITÓRIOS,66247874000156,10036285.46,0.0,10036285.46,30033789.47,0.33416647173427766
FIRST PERSONAL LOAN I FUNDO DE INVESTIMENTOS EM DIREITOS CREDITÓRIOS - RESPONSABILIDADE LIMITADA,60499242000101,10036154.75,0.0,10036154.75,9991597.59,1.0044594630236705
FUNDO DE INVESTIMENTO EM DIREITOS CREDITÓRIOS AMETISTA II - RESPONSABILIDADE LIMITADA,55633169000170,10014465.29,0.0,10014465.29,140063628.33,0.07149939930447323
VB1 FUNDO DE INVESTIMENTO EM DIREITOS CREDITÓRIOS FINANCEIROS,55481003000186,10002997.44,0.0,10002997.44,20121270.61,0.4971354758793734
HS FUNDO DE INVESTIMENTO  EM DIREITOS CREDITÓRIOS NÃO-PADRONIZADOS RESPONSABILIDADE LIMITADA,61350212000193,10000000.0,0.0,10000000.0,10082534.85,0.9918140773894771
NEXT CAPITAL FUNDO DE INVESTIMENTO EM DIREITOS CREDITÓRIOS MULTICARTEIRA FINANCEIRO,62917185000150,3738272.26,6244905.88,9983178.14,10876586.11,0.9178595231109701
GRANCRED SP FUNDO DE INVESTIMENTO EM DIREITOS CREDITÓRIOS MULTISSETORIAL,10772734000142,51670.89,9894464.0,9946134.89,12163636.59,0.8176941835122682
BNVT IMOB PLUS FUNDO DE INVESTIMENTO EM DIREITOS CREDITÓRIOS,65424072000101,9941881.92,0.0,9941881.92,10128616.91,0.9815636239716365
COFFEE BANK FIDC FINANCEIROS DO AGRONEGÓCIO DE RESPONSABILIDADE LIMITADA,57532782000127,9938025.4,0.0,9938025.4,13272046.05,0.7487937701964197
FUNDO DE RECUPERAÇÃO DE CRÉDITOS E ATIVOS FIDC RESP LIMITADA,43164614000111,9921786.46,0.0,9921786.46,10329436.86,0.9605350799346482
CONQUEST BRAZIL FUNDO DE INVESTIMENTO EM DIREITOS CREDITORIOS MULTISSETORIAL,27771613000189,0.0,9909422.63,9909422.63,19667306.53,0.5038525542317869
D. ANDRADE PRECATÓRIOS - FUNDO DE INVESTIMENTO EM DIREITOS CREDITÓRIOS,54589341000173,9898512.83,0.0,9898512.83,4580333.36,2.1610900456380753
FUNDO DE INVESTIMENTO EM DIREITOS CREDITÓRIOS TATUHY,59283314000191,0.0,9877322.1,9877322.1,12175366.91,0.8112545743395588
VIOLIN 8432 (2) CRÉDITOS JUDICIAIS FUNDO DE INVESTIMENTO EM DIREITOS CREDITÓRIOS,37720148000100,9860812.88,0.0,9860812.88,11374508.5,0.8669221074475438
LESTE CREDIT PRECATÓRIOS I  FUNDO DE INVESTIMENTO EM DIREITOS CREDITÓRIOS RESPONSABILIDADE LIMITADA,41755724000122,9773623.73,0.0,9773623.73,9486590.13,1.0302567725670255
SMASH FUNDO DE INVESTIMENTO EM DIREITOS CREDITÓRIOS NÃO PADRONIZADOS,58528148000183,9772834.03,0.0,9772834.03,9755252.75,1.0018022372613564
PASQUINI FUNDO DE INVESTIMENTO EM DIREITOS CREDITÓRIOS MULTISEGMENTOS DE RESPONSABILIDADE LIMITADA,51768553000120,9763070.18,0.0,9763070.18,10531865.3,0.927002947901356
ARC TATICO FUNDO DE INVESTIMENTO EM DIREITOS CREDITÓRIOS,62124571000195,9748060.07,0.0,9748060.07,6174424.38,1.5787803801720544
CONECTEPOWER FUNDO DE INVESTIMENTO EM DIREITOS CREDITÓRIOS RESPONSABILIDADE LIMITADA,65343842000191,9746798.6,0.0,9746798.6,9727905.03,1.0019422033769587
SELEÇÃO CONSIGNADO CLT  FUNDO DE INVESTIMENTO EM DIREITOS CREDITÓRIOS RESPONSABILIDADE LIMITADA,66687599000191,9696526.56,0.0,9696526.56,10813271.44,0.896724604926777
FUEL II FUNDO DE INVESTIMENTO EM DIREITOS CREDITÓRIOS - RESPONSABILIDADE LIMITADA,47968593000148,9687870.04,0.0,9687870.04,9266146.58,1.0455122802514527
ALGARVE FUNDO DE INVESTIMENTO EM DIREITOS CREDITÓRIOS,26689692000110,9641333.74,0.0,9641333.74,9621345.99,1.0020774380238249
ALPHA CRÉDITO - FUNDO DE INVESTIMENTO EM DIREITOS CREDITÓRIOS,34691300000186,9532306.12,103373.95,9635680.069999998,11747740.57,0.8202155991260538
GERAR  CAPITAL FUNDO DE INVESTIMENTO EM DIREITOS CREDITÓRIOS DE  CLASSE ÚNICA ABERTA,50013376000109,9617350.75,0.0,9617350.75,10313907.05,0.9324643613110707
OTIMA FUNDO DE INVESTIMENTO EM DIREITOS CREDITÓRIOS,61896279000128,0.0,9607401.94,9607401.94,10060684.52,0.9549451551632592
GREENBUSH FUNDO DE INVESTIMENTO EM DIREITOS CREDITÓRIOS,41184889000191,9600000.0,0.0,9600000.0,52892664.23,0.18149964914331185
RAIZES CAPITAL FUNDO DE INVESTIMENTO EM DIREITOS CREDITÓRIOS - RESPONSABILIDADE LIMITADA,58157393000121,9564774.2,0.0,9564774.2,3732553.83,2.562528133720177
TULIPA FUNDO DE INVESTIMENTO EM DIREITOS CREDITÓRIOS,43806680000148,0.0,9558645.08,9558645.08,11784018.73,0.8111532490749868
PRIMO CAPITAL III FUNDO DE INVESTIMENTO EM DIREITOS CREDITÓRIOS RESPONSABILIDADE LIMITADA,60421627000148,9516352.6,0.0,9516352.6,11052560.52,0.8610088660251914
BAY FUNDO DE INVESTIMENTO EM DIREITOS CREDITÓRIOS,60252007000122,6345039.01,3136079.36,9481118.37,10781743.25,0.8793678489793382
FUNDO DE INVESTIMENTO EM DIREITOS CREDITÓRIOS QUASAR CB,43023990000196,9471148.66,0.0,9471148.66,9715915.59,0.9748076310737072
FUNDO DE INVESTIMENTO EM DIREITOS CREDITÓRIOS CREDITAS TEMPUS IV,63812734000195,9469451.81,0.0,9469451.81,15513936.11,0.6103835766022115
VALORTEC FUNDO DE INVESTIMENTOS EM DIREITOS CREDITÓRIOS,21605486000161,1681562.8,7786381.52,9467944.32,11408433.14,0.829907508227725
ISIMAX FUNDO DE INVESTIMENTO EM DIREITOS CREDITÓRIOS,65953609000120,9413344.43,0.0,9413344.43,9724797.08,0.9679733523036143
BNVT ITA RENT FUNDO DE  INVESTIMENTOS EM DIREITOS CREDITÓRIOS,62958931000154,9369350.74,0.0,9369350.74,14519644.4,0.6452878928632715
TECOL FUNDO DE INVESTIMENTO EM DIREITOS CREDITÓRIOS,63393491000106,0.0,9358964.47,9358964.47,9282501.89,1.0082372813823364
ATALHOCRED FUNDO DE INVESTIMENTO EM DIREITOS CREDITÓRIOS RESPONSABILIDADE LIMITADA,41820715000178,4318677.48,5029366.91,9348044.39,8543083.31,1.0942237188601172
SMARTCRED FUNDO DE INVESTIMENTO EM DIREITOS CREDITÓRIOS,34027549000191,294107.41,9031540.76,9325648.17,10397082.63,0.8969485481524926
PRECAVIDA FUNDO DE INVESTIMENTO EM DIREITOS CREDITÓRIOS,42866998000151,9144216.35,179529.66,9323746.01,14929332.83,0.6245252963524426
FUNDO DE INVESTIMENTO EM DIREITOS CREDITÓRIOS ATIVOS JUDICIAIS II,37484372000140,9313060.8,0.0,9313060.8,11051363.86,0.8427069199764816
AZURE CONSIGNADOS III FUNDO DE INVESTIMENTO EM DIREITOS CREDITÓRIOS,64145940000151,9306842.38,0.0,9306842.38,10057435.9,0.925369296164244
JUS GLOBAL INVESTMENT FUNDO DE INVESTIMENTO EM DIREITOS CREDITÓRIOS,40597272000135,9300000.0,0.0,9300000.0,458317.16,20.291625127019028
VRD FUNDO DE INVESTIMENTO EM DIREITOS CREDITÓRIOS NÃO-PADRONIZADOS,60604288000135,9247495.18,0.0,9247495.18,8663569.99,1.0674000661013878
FUNDO DE INVESTIMENTO EM DIREITOS CREDITÓRIOS LUCERNA - RESPONSABILIDADE LIMITADA,67056152000187,9241721.85,0.0,9241721.85,9241722.0,0.9999999837692586
QC INVEST FUNDO DE INVESTIMENTO EM DIREITOS CREDITÓRIOS  MULTISSETORIAL RESPONSABILIDADE LIMITADA,60021572000189,8862044.54,373725.13,9235769.67,11381399.71,0.811479247309556
STAR BLUE FUNDO DE INVESTIMENTO EM DIREITOS CREDITÓRIOS DE  RESPONSABILIDADE LIMITADA,63905021000176,9232524.33,0.0,9232524.33,18454651.94,0.5002816829066676
FIDC GOLGOTA FUNDO DE INVESTIMENTO  EM DIREITOS CREDITÓRIOS RESPONSABILIDADE LIMITADA,66014791000117,9221572.93,0.0,9221572.93,20425367.91,0.4514764664525448
ROZAN FUNDO DE INVESTIMENTO EM DIREITOS CREDITÓRIOS,63398882000105,9214890.86,0.0,9214890.86,9433863.0,0.9767887089307953
FUNDO DE INVESTIMENTO EM DIREITOS CREDITÓRIOS VOITER CONSIGNADO III - RESPONSABILIDADE LIMITADA,58059847000121,9203901.67,0.0,9203901.67,7828090.0,1.1757531747846537
REAL ESTATE RELATED FUNDO DE INVESTIMENTO EM DIREITOS CREDITÓRIOS,57620020000182,9186988.97,0.0,9186988.97,10198775.16,0.9007933625237406
SAÚDE CAPITAL FUNDO DE INVESTIMENTO EM DIREITOS CREDITÓRIOS  RESPONSABILIDADE LIMITADA,60358670000106,9164211.67,0.0,9164211.67,10431841.67,0.8784845437555419
SYNTHÉO FUNDO DE INVESTIMENTO EM DIREITOS CREDITÓRIOS,59891249000187,420887.65,8713059.11,9133946.76,9510489.76,0.9604076120681297
MOVE BRASIL FUNDO DE INVESTIMENTO EM DIREITOS CREDITÓRIOS DO AGRONEGÓCIO,57074057000152,0.0,9112552.11,9112552.11,8982384.83,1.0144913942637213
SEVEN MP FUNDO DE INVESTIMENTO EM DIREITOS  CREDITÓRIOS,58238421000135,9108495.01,0.0,9108495.01,9234188.59,0.9863882377130442
XPCE SPECIAL SITUATIONS FIC DE FUNDOS DE INVESTIMENTO EM DIREITOS CREDITÓRIOS,30418951000146,9091455.61,0.0,9091455.61,257410652.33,0.03531887871658384
EXPOENTE MERCANTIL FUNDO DE INVESTIMENTO EM DIREITOS CREDITÓRIOS,60686437000152,6283774.71,2806917.11,9090691.82,6593115.16,1.3788158707059501
CONCORDE FUNDO DE INVESTIMENTO EM DIREITOS CREDITÓRIOS - RESPONSABILIDADE LIMITADA,64191668000146,9085973.91,0.0,9085973.91,9185888.76,0.9891230067541119
BACCO CLAIMS FUNDO DE INVESTIMENTO EM DIREITOS CREDITÓRIOS NÃO PADRONIZADOS,53314685000107,9077642.82,0.0,9077642.82,8852771.16,1.025401273334168
CONTATO II FUNDO DE INVESTIMENTO EM DIREITOS CREDITÓRIOS MULTISSETORIAL - RESP LIMITADA,54229058000130,138385.89,8902794.18,9041180.07,10109054.42,0.8943645660975679
POSITANO FUNDO DE INVESTIMENTO EM DIREITOS CREDITÓRIOS,36334968000100,9001095.09,0.0,9001095.09,23230508.33,0.387468709773171
CASACRED FUNDO DE INVESTIMENTO EM DIREITOS CREDITÓRIOS,48327323000110,0.0,8944433.59,8944433.59,9497506.86,0.941766478492441
DINAMO CAPITAL FUNDO DE INVESTIMENTO EM DIREITOS CREDITÓRIOS,62730534000120,1365149.62,7544304.24,8909453.86,8598544.65,1.0361583526812295
WIND CUPERTINO FUNDO DE INVESTIMENTO EM DIREITOS CREDITÓRIOS - RESPONSABILIDADE LIMITADA,61622111000124,3036415.96,5868540.94,8904956.9,12340136.56,0.721625474459093
ALPHA BLEST FUNDO DE  INVESTIMENTO EM DIREITOS CREDITÓRIOS RESPONSABILIDADE LIMITADA,62144317000159,3300000.0,5584340.44,8884340.440000001,10511096.03,0.8452344469732718
AVANCE PROSPERITY CAPITAL FUNDO DE INVESTIMENTO EM DIREITOS  CREDITÓRIOS,63190032000117,0.0,8859516.59,8859516.59,10327356.78,0.8578687440291959
HBF FUNDO DE INVESTIMENTO DIREITOS CREDITÓRIOS DE RESPONSABILIDADE LIMITADA,59744260000114,8836128.92,0.0,8836128.92,8893864.74,0.9935083541646036
SIRIUS FUNDO DE INVESTIMENTO EM DIREITOS CREDITÓRIOS,50555970000121,8818655.56,0.0,8818655.56,9297263.66,0.9485216169506804
MOMENTO PRECATÓRIOS X FIDC DE RESPONSABILIDADE LIMITADA,65343982000160,8814366.84,0.0,8814366.84,10230926.52,0.8615414080796272
ORIZ JUS CPS FUNDO DE INVESTIMENTO EM DIREITOS CREDITÓRIOS - RESPONSABILIDADE LIMITADA,61543748000125,8812099.36,0.0,8812099.36,7606357.3,1.158517673104838
MAX LABEL FIDC RESPONSABILIDADE LIMITADA,66733422000184,8793382.38,0.0,8793382.38,9971736.03,0.8818306414795861
BELAT BRASIL FUNDO DE INVESTIMENTO EM DIREITOS CREDITÓRIOS,51290276000192,8780718.52,0.0,8780718.52,9660950.56,0.9088876364149409
FUNDO DE INVESTIMENTO EM DIREITOS CREDITORIOS HENDRIKSEN,29292189000115,846879.01,7928788.7,8775667.71,8755587.75,1.002293388013843
CREDINOV FUNDO DE INVESTIMENTO EM DIREITOS CREDITÓRIOS NÃO-PADRONIZADOS RESPONSABILIDADE LIMITADA,40211684000195,2095264.76,6678691.56,8773956.32,9445782.23,0.9288755665077406
KINEA AROEIRA FUNDO DE INVESTIMENTO EM DIREITOS CREDITÓRIOS ABERTO RESPONSABILIDADE LIMITADA,63309002000187,8753900.16,0.0,8753900.16,72836355.72,0.12018586148999603
SOLAR BELMONTE FUNDO DE INVESTIMENTO EM DIREITOS CREDITÓRIOS,58347004000120,0.0,8740698.56,8740698.56,25913093.79,0.33730818214277
FUJI FUNDO DE INVESTIMENTO EM DIREITOS CREDITÓRIOS,54794448000153,8687209.31,0.0,8687209.31,55599211.4,0.15624698788443608
ÁPICE CREDIT FUNDO DE INVESTIMENTO EM DIREITOS CREDITÓRIOS DE RESPONSABILIDADE LIMITADA,59695914000167,8667616.99,0.0,8667616.99,8810854.93,0.9837430145952931
G5 STAR II FUNDO DE INVESTIMENTO EM DIREITOS CREDITÓRIOS - NÃO PADRONIZADOS,63114707000149,8627704.04,0.0,8627704.04,10397612.63,0.829777406316011
AMETISTA CONSIGNADO II FUNDO DE INVESTIMENTO EM DIREITOS CREDITÓRIOS  RESPONSABILIDADE LIMITADA,52203615000119,8624371.95,0.0,8624371.95,7565917.92,1.1398976358442967
CLASSE CARTÃO BENEFÍCIO DO MT GLOBAL FUNDO DE INVESTIMENTO EM DIREITOS CREDITÓRIOS RESPONSABILIDADE,63953840000199,0.0,8567253.83,8567253.83,9495068.28,0.9022845942083105
VIA CAPITAL ADAMANTUS FUNDO DE INVESTIMENTO EM DIREITOS CREDITORIOS MULTISSETORIAL,42196346000157,4525234.38,4015637.03,8540871.41,9654195.96,0.8846797232402562
PLGN LGCY FUNDO DE INVESTIMENTO EM DIREITOS CREDITÓRIOS,57185833000191,0.0,8530546.71,8530546.71,89331002.88,0.09549368567438164
CHIMERA NPL I FUNDO DE INVESTIMENTO EM DIREITOS CREDITÓRIOS DE RESPONSABILIDADE LIMITADA,35449141000170,8528239.09,0.0,8528239.09,7552870.62,1.1291387763769214
FASHION FUNDO DE INVESTIMENTO EM DIREITOS CREDITÓRIOS NÃO PADRONIZADOS RESP ILIMITADA,53848229000147,8518982.42,0.0,8518982.42,8468782.14,1.00592768584315
LEXEDGE I FUNDO DE INVESTIMENTO EM DIREITOS CREDITÓRIOS - RESPONSABILIDADE LIMITADA,61575850000102,8508215.71,0.0,8508215.71,8405967.09,1.0121638139794336
ÁTRIA II FUNDO DE INVESTIMENTO EM DIREITOS CREDITÓRIOS DE RESPONSABILIDADE LIMITADA,61535375000140,0.0,8495500.48,8495500.48,20961555.22,0.40528960713249984
YAALEH MEIOS DE PAGAMENTO FUNDO DE INVESTIMENTOS EM DIREITOS CREDITÓRIOS - RESPONSABILIDADE LIMITADA,64633435000156,8492538.22,0.0,8492538.22,10366775.35,0.8192073169599456
LB FUNDO DE INVESTIMENTO EM DIREITOS CREDITORIOS,42627753000171,8488783.06,0.0,8488783.06,11613731.97,0.7309263793867287
GUARAPARI FUNDO DE INVESTIMENTO EM DIREITOS CREDITÓRIOS RESPONSABILIDADE ILIMITADA,66619014000104,8448848.57,0.0,8448848.57,15357591.64,0.5501415044787582
BE FUND FUNDO DE INVESTIMENTO EM DIREITOS CREDITÓRIOS RESPONSABILIDADE LIMITADA,62791919000106,4100000.0,4347191.23,8447191.23,15390793.99,0.5488470078599239
AVALON FUNDO DE INVESTIMENTO EM DIREITOS CREDITÓRIOS -  RESPONSABILIDADE LIMITADA,66931093000186,8432571.45,0.0,8432571.45,9481938.72,0.8893298827394234
FORTUNA BANK - FUNDO DE INVESTIMENTO EM DIREITOS CREDITÓRIOS NÃO-PADRONIZADOS,61328619000114,0.0,8409865.75,8409865.75,8720625.14,0.9643650099607423
ZKR NP FUNDO DE INVESTIMENTO EM DIREITOS CREDITORIOS NAO PADRONIZADOS MULTISSETORIAL,18593058000151,0.0,8369970.04,8369970.04,9937104.63,0.842294647349406
QUATÁ NX FUNDO DE INVESTIMENTO EM DIREITOS CREDITÓRIOS - RESPONSABILIDADE LIMITADA,37654045000190,8361951.11,0.0,8361951.11,10320525.96,0.8102252872003821
LC FUNDO DE INVESTIMENTO EM DIREITOS CREDITÓRIOS NÃO PADRONIZADOS,59035976000142,8312943.19,0.0,8312943.19,11004577.19,0.7554077768252722
CARMEL II - FUNDO DE INVESTIMENTO EM DIREITOS CREDITÓRIOS - RESPONSABILIDADE LIMITADA,43873012000133,8300464.58,0.0,8300464.58,38474318.36,0.21574039343162518
CARMEL FUNDO DE INVESTIMENTO EM DIREITOS CREDITÓRIOS,51943508000164,8300000.0,0.0,8300000.0,8274713.3,1.0030559004382666
FUNDO DE INVESTIMENTO EM DIREITOS CREDITÓRIOS 360 CONSIGNADO,64656407000154,8288468.55,0.0,8288468.55,8961875.05,0.9248587492859544
RAIDERS FUNDO DE INVESTIMENTO EM DIREITOS CREDITÓRIOS RESPONSABILIDADE LIMITADA,65815236000121,0.0,8261208.38,8261208.38,8026781.6,1.0292055759932475
GARSON BR FUNDO DE INVESTIMENTO EM DIREITOS CREDITÓRIOS - RESPONSABILIDADE LIMITADA,46082697000198,45476.64,8213598.06,8259074.699999999,8593039.08,0.9611354752502765
INVESTMONEY FUNDO DE INVESTIMENTO EM DIREITOS CREDITÓRIOS  RESPONSABILIDADE LIMITADA,55819223000177,8258659.08,0.0,8258659.08,8188729.29,1.0085397608741808
PORTOSEG FUNDO DE INVESTIMENTO EM DIREITOS CREDITÓRIOS DE RESPONSABILIDADE ILIMITADA,47240716000120,8247826.09,0.0,8247826.09,10983998.9,0.7508946573182923
PRECATO III FUNDO DE INVESTIMENTO EM DIREITOS CREDITÓRIOS DE RESPONSABILIDADE LIMITADA,44272660000105,8239432.5,0.0,8239432.5,7335727.71,1.1231922483665904
ROVER FUNDO DE INVESTIMENTO EM DIREITOS CREDITÓRIOS,51707771000154,8221314.05,0.0,8221314.05,73044052.38,0.11255281959481012
JPA AGRO I FUNDO DE INVESTIMENTO EM DIREITOS CREDITÓRIOS DE RESPONSABILIDADE LIMITADA,61177258000152,8202489.32,0.0,8202489.32,8397394.42,0.9767898123808743
HOUSI FIDC DE CLASSE ÚNICA FECHADA DE RESPOSABILIDADE LIMITADA,58821092000150,8196667.47,0.0,8196667.47,8290810.53,0.9886448906702973
PROSPERITÀ FUNDO DE INVESTIMENTO EM DIREITOS CREDITÓRIOS,53033766000139,8196490.82,0.0,8196490.82,8907561.54,0.9201722360483406
AVGA CAPITAL JUSTIX LEGAL CLAIMS FUNDO DE INVESTIMENTO EM  DIREITOS CREDITÓRIOS RESP LIMITADA,63529345000157,8188946.36,0.0,8188946.36,8604179.69,0.9517405092686995
ISIDORO FUNDO DE INVESTIMENTO EM DIREITOS CREDITÓRIOS,52259737000127,7951045.33,235969.34,8187014.67,10811809.94,0.7572288742989132
MEGA INFINITY FUNDO DE INVESTIMENTO EM DIREITOS CREDITÓRIOS RESPONSABILIDADE LIMITADA,33827572000106,8179322.99,0.0,8179322.99,16408230.24,0.4984890430206445
URUK CORE FUNDO DE INVESTIMENTO EM DIREITOS CREDITÓRIOS - RESPONSABILIDADE LIMITADA,60602947000102,1624849.38,6504867.25,8129716.63,22114780.82,0.36761461468556395
PRANA CAPITAL PRIVATE CREDIT FIDC MULTICARTEIRA FINANCEIRO DE RESPLIMITADA,61386705000183,8109436.28,0.0,8109436.28,12385785.06,0.65473736551343
RAMAN FUNDO DE INVESTIMENTO EM DIREITOS CREDITÓRIOS CONSIGNADO PUBLICO,54323848000180,8069516.18,0.0,8069516.18,5357828.7,1.5061168678274466
PARCELA DIÁRIA FUNDO DE INVESTIMENTO EM DIREITOS CREDITÓRIOS  RESPONSABILIDADE LIMITADA,61918781000192,8038901.59,0.0,8038901.59,8025527.26,1.0016664736866148
ATIBANK FUNDO DE INVESTIMENTO EM DIREITOS CREDITÓRIOS,51477774000149,1550063.63,6487061.41,8037125.04,8916832.04,0.9013431007723681
ALPINE ASPEN FUNDO DE INVESTIMENTO EM DIREITOS CREDITÓRIOS NÃO-PADRONIZADOS,60779517000152,8000000.0,0.0,8000000.0,8607766.93,0.9293931939674394
FUNDO DE INVEST. EM DIR. CREDITÓRIOS BB VOTORANTIM HIGHLAND INFRAESTRUTURA RESPONSABILIDADE LIMITADA,18289873000121,7995396.69,0.0,7995396.69,8372486.84,0.9549607951369441
ALLU FUNDO DE INVESTIMENTO EM DIREITOS CREDITÓRIOS RESPONSABILIDADE LIMITADA,60572029000170,7930978.01,0.0,7930978.01,8134829.85,0.9749408600107352
ALCANCE FUNDO DE INVESTIMENTO EM DIREITOS CREDITÓRIOS,38001854000165,0.0,7918866.93,7918866.93,9285335.65,0.8528358293649836
ST SEA TURTLE FUNDO DE INVESTIMENTO EM DIREITOS CREDITÓRIOS,64190935000160,7909892.82,0.0,7909892.82,7953868.49,0.9944711595300716
SPECIAL SITUATIONS FUNDO DE INVESTIMENTO EM DIREITOS CREDITÓRIOS,20997814000150,7900000.0,0.0,7900000.0,17512502.97,0.45110627610074866
CM FEDERAL II FUNDO DE INVESTIMENTO EM DIREITOS CREDITÓRIOS - RESPONSABILIDADE LIMITADA,53337522000140,7894011.69,0.0,7894011.69,8042936.76,0.9814837447509659
SERCARD MULTIESTRATÉGIA FUNDO DE INVESTIMENTO EM DIREITOS CREDITÓRIOS NÃO PADRONIZADO,54389836000159,0.0,7892906.1,7892906.1,7960617.24,0.9914942349369883
APOLLO CT FUNDO DE INVESTIMENTO EM DIREITOS CREDITÓRIOS CRÉDITO CONSIGNADO PRIVADO - RESP LIMITADA,63834653000196,0.0,7840752.79,7840752.79,10512600.75,0.7458432957229922
AUDIMAIS FUNDO DE INVESTIMENTO EM DIREITOS CREDITÓRIOS  RESPONSABILIDADE LIMITADA,60675473000110,0.0,7824278.42,7824278.42,7779727.48,1.0057265424932338
FIGTREE EDUCACIONAL FUNDO DE INVESTIMENTO EM DIREITOS CREDITÓRIOS - RESPONSABILIDADE LIMITADA,42299351000195,7754822.79,0.0,7754822.79,9582642.62,0.8092572265832868
G5 MIX FUNDO DE INVESTIMENTO EM DIREITOS CREDITÓRIOS NÃO PADRONIZADOS,14038410000136,7746130.53,0.0,7746130.53,9798564.87,0.7905372503800142
CENTRAL AGRO FUNDO DE INVESTIMENTO EM DIREITOS CREDITÓRIOS NÃO PADRONIZADO,40101938000112,7704850.53,0.0,7704850.53,8529515.75,0.9033162908457025
CVPAR OPPORTUNITY FUNDO DE INVESTIMENTO EM DIREITOS CREDITÓRIOS  RESPONSABILIDADE LIMITADA,61866286000187,7691188.87,0.0,7691188.87,7649613.92,1.005434908275737
ANDRADE CAPITAL FUNDO DE INVESTIMENTO EM DIREITOS CREDITÓRIOS DE RESPONSABILIDADE LIMITADA,63951472000140,7662596.39,0.0,7662596.39,10118164.95,0.7573108787873636
SARFATY NP FUNDO DE INVESTIMENTO EM DIREITOS CREDITÓRIOS RESPONSABILIDADE LIMITADA,64372173000113,5075777.42,2529537.1,7605314.52,19063034.24,0.3989561380549669
GENIAL HORUS FUNDO DE INVESTIMENTO EM DIREITOS CREDITÓRIOS DE RESPONSABILIDADE LIMITADA,57570843000140,7574530.64,0.0,7574530.64,10836566.83,0.6989788148614222
SQUALO FLAGSHIP FUNDO DE INVESTIMENTO EM DIREITOS CREDITÓRIOS NÃO PADRONIZADOS,50477529000179,7554745.6,0.0,7554745.6,7234928.23,1.0442046361529698
ROMA CONSIGNADO FUNDO DE INVESTIMENTO EM DIREITOS CREDITÓRIOS,55752712000159,7550908.27,0.0,7550908.27,7458862.57,1.0123404472379225
GHIA PRECATÓRIOS I FUNDO DE INVESTIMENTO EM DIREITOS CREDITÓRIOS,60707702000131,0.0,7537661.23,7537661.23,10450722.15,0.7212574520508136
SL FUNDO DE INVESTIMENTO EM DIREITOS CREDITÓRIOS - RESPONSABILIDADE LIMITADA,41820379000163,7507000.0,0.0,7507000.0,7419185.17,1.0118361825440192
SCROLL FUNDO DE INVESTIMENTO EM DIREITOS CREDITÓRIOS,61176663000156,7500000.0,0.0,7500000.0,7772707.13,0.9649147812417319
DOTZFIN FUNDO DE INVESTIMENTO EM DIREITOS CREDITÓRIOS - RESPONSABILIDADE LIMITADA,59827367000126,7484972.66,0.0,7484972.66,10182056.72,0.7351140212465836
STEP-UP IV FUNDO DE INVESTIMENTO EM DIREITOS CREDITÓRIOS RESPONSABILIDADE LIMITADA,27216590000140,7480904.06,0.0,7480904.06,6730797.39,1.111443953299566
MUNDI FUNDO DE INVESTIMENTO EM DIREITOS CREDITÓRIOS MULTISEGMENT0S,32990687000146,5193429.49,2271073.78,7464503.27,17318893.24,0.43100348079748313
OXYGEN FUNDO DE INVESTIMENTO EM DIREITOS CREDITÓRIOS MULTISSETORIAL,36232996000108,0.0,7464046.63,7464046.63,10652712.29,0.7006710053557638
PRIMEIRA LINHA FUNDO DE INVESTIMENTO EM DIREITOS CREDITORIOS MULTISSETORIAL,27944815000185,242689.36,7214293.99,7456983.350000001,8538562.0,0.8733301169447503
FUNDO DE INVESTIMENTO EM DIREITOS CREDITÓRIOS OUZE - RESPONSABILIDADE LIMITADA,43444591000107,0.0,7452964.6,7452964.6,7661363.89,0.9727986696635029
VHY I FUNDO DE INVESTIMENTO EM DIREITOS CREDITÓRIOS MULTISEGMENTOS DE  RESPONSABILIDADE LIMITADA,17043211000104,7442221.36,0.0,7442221.36,8741201.21,0.851395727109684
FAMA GAIA SOCIOBIOECONOMIA FUNDO DE INVESTIMENTO EM DIREITOS CREDITÓRIOS INVESTIMENTO SUSTENTÁVEL,52363837000107,7393718.83,0.0,7393718.83,8994320.41,0.8220430775158476
JGP ESTRUTURADOS II FUNDO DE INVESTIMENTO EM DIREITOS CREDITÓRIOS - RESPONSABILIDADE LIMITADA,42288547000184,7367197.27,0.0,7367197.27,7984608.63,0.9226748124284708
QCX FUNDO DE INVESTIMENTO EM DIREITOS CREDITÓRIOS,60809123000108,7320613.1,0.0,7320613.1,7384405.43,0.9913612096999934
FUNDO DE INVESTIMENTO EM DIREITOS CREDITÓRIOS EMPÍRICA IMOBILIÁRIO,25235009000102,0.0,7294271.37,7294271.37,17130000.41,0.42581851695355566
RIDOLFINVEST 3 FUNDO DE INVESTIMENTO EM DIREITOS CREDITÓRIOS  RESPONSABILIDADE LIMITADA,66572273000119,7292126.94,0.0,7292126.94,10872098.17,0.670719379642982
VETOR FUNDO DE INVESTIMENTO EM DIREITOS CREDITÓRIOS DE RESPONSABILIDADE LIMITADA,61641786000110,7247276.46,0.0,7247276.46,19701717.95,0.36784997523528146
ALUGUEL INVEST FUNDO DE INVESTIMENTO EM DIREITOS CREDITÓRIOS - RESPONSABILIDADE LIMITADA,48982247000187,7239695.58,0.0,7239695.58,10258596.15,0.7057199127582383
FINANCIA GROUP FUNDO DE INVESTIMENTO EM DIREITOS CREDITÓRIOS,51137439000100,0.0,7238265.09,7238265.09,7809993.72,0.9267952509954132
FICTOR INVEST FUNDO DE INVESTIMENTO EM DIREITOS CREDITÓRIOS,61832072000190,7203012.51,0.0,7203012.51,68713211.46,0.10482718471386085
FARMERS FIRST I FUNDO DE INVESTIMENTO EM DIREITOS CREDITÓRIOS,45829761000199,7187452.51,0.0,7187452.51,9199901.9,0.7812531685799823
FUEL FUNDO DE INVESTIMENTO EM DIREITOS CREDITÓRIOS - RESPONSABILIDADE LIMITADA,37511729000132,7185174.46,0.0,7185174.46,7237961.01,0.9927069861350358
AVGA CAPITAL WM XYZ NEXT ERA SPECIAL OPPORTUNITIES FIDC RESPONSABILIDADE LIMITADA,61528551000117,7163616.69,0.0,7163616.69,32100079.8,0.2231650741877595
CELESTIS FUNDO DE INVESTIMENTO EM DIREITOS CREDITÓRIOS DE RESPONSABILIDADE LIMITADA,62082498000136,7154475.04,0.0,7154475.04,7162196.07,0.9989219744999246
ÁGATA FUNDO DE INVESTIMENTO EM DIREITOS CREDITÓRIOS,53314518000166,7148581.72,0.0,7148581.72,7120520.84,1.0039408465518935
LUPI DUPLICATAS E RECEBÍVEIS FUNDO DE INVESTIMENTO EM DIREITOS CREDITÓRIOS,62435419000123,7130436.64,0.0,7130436.64,7344142.21,0.9709012211515985
CANADA INVEST FUNDO DE INVESTIMENTO EM DIREITOS CREDITÓRIOS MULTISSETORIAL,17498332000140,4756616.62,2361727.09,7118343.71,7430586.25,0.957978747639192
LORD FUNDO DE INVESTIMENTO EM DIREITOS CREDITÓRIOS,51869304000120,0.0,7088010.55,7088010.55,7900397.08,0.8971714305276413
APOLO - FUNDO DE INVESTIMENTO EM DIREITOS CREDITÓRIOS MULTISEGMENTOS,13004286000125,7039023.11,0.0,7039023.11,79506941.28,0.08853344118987846
PARAGUAÇU PRECATÓRIOS I FUNDO DE INVESTIMENTO EM DIREITOS CREDITÓRIOS,51982989000117,7000000.0,0.0,7000000.0,7189778.28,0.9736044322078872
QUATTRINI FUNDO DE INVESTIMENTO EM DIREITOS CREDITÓRIOS,55331747000114,6986768.16,0.0,6986768.16,7927538.83,0.8813287843586634
ROAD CAPITAL &  PRECATUR LEGAL CLAIMS OPPORTUNITIES I FIDC RESPONSABILIDADE LIMITADA,64029467000147,6985671.38,0.0,6985671.38,6975706.18,1.001428557875412
FP GENIAL 2 RECUPERAÇÃO DE CRÉDITO FUNDO DE INVESTIMENTO EM DIREITOS CREDITÓRIOS NÃO PADRONIZADOS,23884799000121,6980780.2,0.0,6980780.2,13412702.85,0.5204603634382313
BACO FUNDO DE INVESTIMENTO EM DIREITOS CREDITÓRIOS,58073424000166,6939563.81,0.0,6939563.81,12903777.47,0.5377932025047546
DES SABLES FUNDO DE INVESTIMENTO EM DIREITOS  CREDITÓRIOS NÃO-PADRONIZADOS,42031108000191,6912882.09,0.0,6912882.09,8103058.35,0.8531201172949717
SÃO CARLOS FUNDO DE INVESTIMENTO EM DIREITOS CREDITÓRIOS,42518113000123,6907992.51,0.0,6907992.51,8381408.21,0.8242042789131732
AFINZ SINAI FUNDO DE INVESTIMENTO EM DIREITOS  CREDITÓRIOS RESPONSABILIDADE LIMITADA,63757872000119,6901493.01,0.0,6901493.01,9884999.38,0.6981783958392114
VB II FUNDO DE INVESTIMENTO EM DIREITOS CREDITÓRIOS FINANCEIROS,61263184000177,6834823.49,0.0,6834823.49,6811058.49,1.0034891786694964
SIFRA ENERGY PODIUM FUNDO DE INVESTIMENTO EM DIREITOS CREDITÓRIOS,42462120000150,0.0,6831975.44,6831975.44,15152673.01,0.45087592370608415
ENGENIUM FUNDO DE INVESTIMENTO EM DIREITOS CREDITÓRIOS DE RESPONSABILIDADE LIMITADA,62194613000164,6812213.69,0.0,6812213.69,9254177.64,0.7361230738164218
MONTESEGURO II FUNDO DE INVESTIMENTO EM DIREITOS CREDITÓRIOS RESPONSABILIDADE LIMITADA,66592945000158,6798861.01,0.0,6798861.01,15201187.89,0.44725853395132265
HELFEN FUNDO DE INVESTIMENTO EM DIREITOS CREDITÓRIOS RESPONSABILIDADE LIMITADA,61817344000182,0.0,6773571.49,6773571.49,6784783.24,0.9983475153732398
HIGH BRAVE FUNDO DE INVESTIMENTO EM DIREITOS CREDITÓRIOS RESPONSABILIDADE LIMITADA,66940344000199,6770858.55,0.0,6770858.55,7563727.32,0.8951748606928891
MARCA I FUNDO DE INVESTIMENTO EM DIREITOS CREDITÓRIOS,49466992000136,4617967.08,2138573.75,6756540.83,7206102.7,0.9376137298181998
LUMI FUNDO DE INVESTIMENTO EM DIREITOS CREDITÓRIOS,59060623000100,6733483.58,0.0,6733483.58,6967783.68,0.9663737982175704
BLUEFIC FUNDO DE  INVESTIMENTO EM DIREITOS CREDITÓRIOS RESPONSABILIDADE LIMITADA,62164403000123,6731551.78,0.0,6731551.78,6831366.56,0.9853887536083265
POSITIVO TEC FUNDO DE INVESTIMENTO EM DIREITOS CREDITORIOS - RECEBIVEIS COMERCIAIS DE RESP LTDA,59151364000115,6730177.5,0.0,6730177.5,10307772.38,0.6529225958712914
GUARDIAN APP CRÉDITO CONSIGNADO FUNDO DE INVESTIMENTO EM DIREITOS CREDITÓRIOS RL,64112934000106,6722751.09,0.0,6722751.09,8509682.72,0.7900119559334169
WELLINGTON FUNDO DE INVESTIMENTO EM DIREITOS CREDITÓRIOS - RESPONSABILIDADE LIMITADA,26861630000144,6714477.39,0.0,6714477.39,9514464.38,0.7057125994516571
CREDORES FUNDO DE INVESTIMENTO EM DIREITOS CREDITÓRIOS  NÃO-PADRONIZADOS RESPONSABILIDADE LIMITADA,32295244000135,6679286.06,0.0,6679286.06,13698875.57,0.48757914661458596
MARFIM FUNDO DE INVESTIMENTO EM DIREITOS CREDITORIOS,30178001000191,6667298.38,0.0,6667298.38,6825995.54,0.9767510601098341
NEXUM FUNDO DE INVESTIMENTO EM DIREITOS CREDITÓRIOS,36517586000103,3615.75,6624951.8,6628567.55,9402563.58,0.7049744990929377
HT3 II FUNDO DE INVESTIMENTO EM DIREITOS CREDITÓRIOS NÃO PADRONIZADO,49974540000165,113291.01,6493797.77,6607088.779999999,4605771.4,1.4345238193975496
TBN FUNDO DE INVESTIMENTO EM DIREITOS  CREDITÓRIOS NÃO - PADRONIZADO,57821748000172,6600160.52,0.0,6600160.52,11954687.87,0.552098105092559
CIMITARRA FUNDO DE INVESTIMENTO EM DIREITOS CREDITÓRIOS - NÃO PADRONIZADOS,23077181000150,6593529.78,0.0,6593529.78,53912751.57,0.1223000048780482
LCPF I FUNDO DE INVESTIMENTO EM DIREITOS CREDITÓRIOS RESPONSABILIDADE LIMITADA,52325895000138,6593246.78,0.0,6593246.78,83704329.17,0.07876828887320023
FUNDO DE INVESTIMENTO EM DIREITOS CREDITÓRIOS BRAVE SHIELD RESPONSABILIDADE LIMITADA,64167223000120,6566371.13,0.0,6566371.13,6522668.85,1.0067000611260528
NERA TRUST FUNDO DE INVESTIMENTO EM DIREITOS CREDITÓRIOS - RESPONSABILIDADE LIMITAD,63697245000130,6561393.49,0.0,6561393.49,6870649.41,0.9549888370741362
INVESTOR FUNDO DE INVESTIMENTO EM DIREITOS CREDITÓRIOS,22003571000112,0.0,6557598.09,6557598.09,8643789.7,0.7586484999744962
ITAÚNA MULTI TESES FUNDO DE INVESTIMENTO EM DIREITOS CREDITÓRIOS RESPONSABILIDADE LIMITADA,60811152000104,1622293.09,4930407.84,6552700.93,7003962.69,0.9355705077292465
THP CAPITAL FUNDO DE INVESTIMENTO EM DIREITOS CREDITÓRIOS NÃO PADRONIZADOS,50941133000130,3079137.44,3460610.63,6539748.07,7044991.16,0.9282833606848699
CPV PS DUPLICATA FUNDO DE INVESTIMENTO EM DIREITOS CREDITÓRIOS,30177946000199,6531144.21,0.0,6531144.21,6610735.7,0.9879602674177399
ALCAR FUNDO DE INVESTIMENTO EM DIREITOS CREDITÓRIOS  RESPONSABILIDADE LIMITADA,59448501000188,6512423.39,0.0,6512423.39,7195163.26,0.905111274709283
LUMINA 1 CRÉDITOS JUDICIAIS FUNDO DE INVESTIMENTO EM DIREITOS CREDITÓRIOS RESPONSABILIDADE LIMITADA,49959636000154,6500000.0,0.0,6500000.0,6945992.19,0.9357914351470067
FEX AGRO FIDC RESPONSABILIDADE LIMITADA,64096545000126,6462637.77,0.0,6462637.77,16070339.24,0.4021469412365684
FUNDO DE INVESTIMENTO EM DIREITOS CREDITÓRIOS COMERCIAIS,36335723000199,6382825.44,0.0,6382825.44,64057913.76,0.09964148167412938
FUNDO DE INVESTIMENTO EM DIREITOS CREDITÓRIOS CONSORCIEI I - RESPONSABILIDADE LIMITADA,27984909000188,6347472.64,0.0,6347472.64,1928059.58,3.292155857548759
HUBCRED FUNDO DE INVESTIMENTO EM DIREITOS CREDITÓRIOS,46075403000109,6345485.86,0.0,6345485.86,8179204.88,0.7758071784601146
LIBER CRÉDITO FUNDO DE INVESTIMENTO EM DIREITOS CREDITÓRIOS,41649927000134,6285964.94,54629.07,6340594.010000001,25500509.07,0.24864578164282117
SEVEN CRÉDITO ESTRUTURADO 90 FUNDO DE INVESTIMENTO EM DIREITOS CREDITÓRIOS RESPONSABILIDADE LIMITADA,66573074000125,6338403.26,0.0,6338403.26,17154885.74,0.36948093715487496
FIDC AB NEXT FUNDO DE INVESTIMENTO EM DIREITOS CREDITÓRIOS  RESPONSABILIDADE LIMITADA,61517582000172,6328930.05,0.0,6328930.05,6399203.04,0.9890184778384528
TRÍVIA FUNDO DE INVESTIMENTO EM DIREITOS CREDITÓRIOS,61385760000159,3949946.7,2375811.69,6325758.390000001,8813482.14,0.7177365642225038
INX SSPI BONDS FUNDO DE INVESTIMENTO EM DIREITOS CREDITÓRIOS NÃO-PADRONIZADOS,19832159000109,6267352.23,0.0,6267352.23,4789521.41,1.3085550086308102
KIJANI DESENVOLVE SP FUNDO DE INVESTIMENTO EM DIREITOS CREDITÓRIOS DE RESPONSABILIDADE LIMITADA,63637082000108,6254002.02,0.0,6254002.02,64290094.55,0.09727784760272996
AUGME VD  FUNDO DE INVESTIMENTO EM DIREITOS CREDITÓRIOS,39611075000144,6253285.11,0.0,6253285.11,8202690.61,0.7623456018658736
ELDORADO I FUNDO DE INVESTIMENTO EM DIREITOS CREDITÓRIOS NÃO PADRONIZADOS,20649717000176,6251630.56,0.0,6251630.56,6647275.56,0.9404801265678235
BLACK RIVER FUNDO DE INVESTIMENTO EM DIREITOS CREDITÓRIOS,65324403000131,2481234.5,3753873.61,6235108.109999999,6232361.86,1.000440643541195
MASSAU FUNDO DE INVESTIMENTO EM DIREITOS CREDITORIOS,26560778000149,824976.61,5369716.93,6194693.54,6491660.08,0.954254145112293
USHUAIA FUNDO DE INVESTIMENTO EM DIREITOS CREDITÓRIOS,53271925000133,6187694.07,0.0,6187694.07,8864475.21,0.6980327569780637
FIDC RECUPERADOS QUESTÕES GLOBAIS RESPONSABILIDADE LIMITADA,50041351000119,6179883.48,0.0,6179883.48,6473024.97,0.9547133695052007
AV SP FUNDO DE INVESTIMENTO EM DIREITOS CREDITÓRIOS MULTISSETORIAL  RESPONSABILIDADE LIMITADA,65889435000184,826702.35,5311182.6,6137884.949999999,6405430.42,0.9582314610483271
TRIO FUNDO DE INVESTIMENTO EM DIREITOS CREDITÓRIOS - RESPONSABILIDADE LIMITADA,58599510000107,6133841.77,0.0,6133841.77,7543745.13,0.8131029964953229
ATLAS HUB II FUNDO DE INVESTIMENTO EM DIREITOS CREDITÓRIOS DE RESPONSABILIDADE LIMITADA,64414126000195,6115835.56,0.0,6115835.56,6766622.72,0.9038239330121837
ALGARVE MORPHEUS FUNDO DE INVESTIMENTO EM DE RESPONSABILIDADE LIMITADA,51269820000114,6112900.0,0.0,6112900.0,6013509.7,1.0165278356497869
GRIFO FUNDO DE INVESTIMENTO EM DIREITOS CREDITÓRIOS PADRONIZADOS MULTISSETORIAL - RESP LIMITADA,26677268000156,0.0,6103971.29,6103971.29,11848634.95,0.5151624061132882
D7 - FUNDO DE INVESTIMENTO EM DIREITOS CREDITÓRIOS,36114991000180,6099466.4,0.0,6099466.4,6107213.76,0.9987314411604942
ALLEGHE FUNDO DE INVESTIMENTO EM DIREITOS CREDITÓRIOS MULTISSEGMENTOS,62860514000174,0.0,6094011.26,6094011.26,6072891.44,1.0034777206555827
FXN CAPITAL FUNDO DE INVESTIMENTOS EM DIREITOS CREDITORIOS,33701265000176,1365336.47,4723613.91,6088950.38,7982821.74,0.762756651509545
FP GENIAL RECUPERAÇÃO DE CRÉDITO FUNDO DE INVESTIMENTO EM DIREITOS CREDITÓRIOS NÃO PADRONIZADOS,21397715000108,6086746.25,0.0,6086746.25,25780566.75,0.2360982327900142
AV1 CONSIG FUNDO DE DIREITO CREDITORIO DE RESPONSABILIDADE LIMITADA,65463011000153,6084044.16,0.0,6084044.16,6179101.06,0.9846163869020781
GP7 CRÉDITO ESPECIAL FUNDO DE INVESTIMENTO EM DIREITOS CREDITÓRIOS - REC COMERCIAIS - RESP LIMITADA,63915937000107,6065180.9,0.0,6065180.9,7059067.26,0.859204293797875
JOB FUNDO DE INVESTIMENTO EM DIREITOS CREDITÓRIOS - RESPONSABILIDADE LIMITADA,45525103000103,6050109.93,0.0,6050109.93,8197130.73,0.7380765452303576
ARATU FUNDO DE INVESTIMENTO EM DIREITOS CREDITORIOS,29226634000149,6036809.57,0.0,6036809.57,6448585.28,0.9361447988790497
G3 FUNDO DE INVESTIMENTO EM DIREITOS CREDITÓRIOS,48069210000162,6033355.08,0.0,6033355.08,6272838.5,0.9618221607331354
GRIF CRÉDITO PULVERIZADO FUNDO DE INVESTIMENTO EM DIREITOS CREDITÓRIOS DE RESPONSABILIDADE LIMITADA,31030854000144,5995713.4,0.0,5995713.4,6633469.03,0.9038579019340052
GP AUDAX FUNDO DE INVESTIMENTO EM DIREITOS CREDITÓRIOS,54902792000119,1689641.48,4304121.5,5993762.98,6722914.8,0.891542308404682
NF FUNDO DE INVESTIMENTO EM DIREITOS CREDITÓRIOS,35844801000118,0.0,5978354.39,5978354.39,6038065.82,0.9901108348633403
RAC19 FUNDO DE INVESTIMENTO EM DIREITOS CREDITÓRIOS,51531327000120,5906622.39,50701.82,5957324.21,5976030.21,0.9968698284073768
FUNDO DE INVESTIMENTO EM DIREITOS CREDITÓRIOS ATIVOS SELECIONADOS 2 - RESPONSABILIDADE LIMITADA,62667208000116,5956932.21,0.0,5956932.21,5991509.86,0.9942288920809687
LATACHE III FUNDO DE INVESTIMENTO EM DIREITOS CREDITÓRIOS NÃO PADRONIZADOS,26459235000130,5952719.94,0.0,5952719.94,5116459.21,1.1634452060842289
INTRABANK OPEN FUNDO DE INVESTIMENTO EM DIREITOS CREDITÓRIOS FINANCEIROS DE RESP LIMITADA,64530473000183,0.0,5896218.09,5896218.09,17828930.53,0.330710699673134
CITRINO FUNDO DE  INVESTIMENTO EM DIREITOS CREDITÓRIOS NÃO PADRONIZADOS,45525150000157,5880166.47,0.0,5880166.47,14016776.04,0.41950919763714795
AK INVESTIMENTOS FUNDO DE INVESTIMENTO EM DIREITOS CREDITÓRIOS,63491326000189,5870655.37,0.0,5870655.37,5860955.05,1.0016550749693944
SIMPLEX FUNDO DE INVESTIMENTO EM DIREITOS CREDITÓRIOS,49261110000104,0.0,5864675.5,5864675.5,7095852.85,0.8264933932501152
INOVA CREDTECH II FUNDO DE INVESTIMENTOS EM DIREITOS  CREDITÓRIOS,51920831000112,0.0,5855267.18,5855267.18,9107388.62,0.6429139486967451
ROYAL CAPITAL GREEN FUNDO DE INVESTIMENTO EM DIREITOS CREDITÓRIOS CRÉDITO CORPORATIVO,53095984000106,211372.12,5627356.03,5838728.15,5940021.14,0.9829473687698022
AV BANCO FUNDO DE INVESTIMENTO EM DIREITOS CREDITÓRIOS,51313788000127,3714309.11,2100541.66,5814850.77,5403488.86,1.0761289456975025
AGRO REAL FUNDO DE INVESTIMENTO EM DIREITOS CREDITÓRIOS FIAGRO,55726318000146,5811043.31,0.0,5811043.31,7802220.57,0.7447935184431731
VERA CRUZ III ATIVOS JUDICIAIS PROCESSO DE  CONHECIMENTO FIDC RESP LIMITADA,62193694000188,5784232.88,0.0,5784232.88,6954245.32,0.8317556562701184
CREDITCORP BIOLAB FUNDO DE INVESTIMENTO EM DIREITOS CREDITÓRIOS,49617028000161,5782896.81,0.0,5782896.81,12197382.83,0.4741096422567561
CARUMBÉ FUNDO DE INVESTIMENTO EM DIREITOS CREDITÓRIOS  FEEDER RESPONSABILIDADE LIMITADA,64598309000108,5765717.4,0.0,5765717.4,6274345.6,0.9189352591607324
ADVANCED II FUNDO DE INVESTIMENTOS EM DIREITOS CREDITORIOS,58615962000135,5734678.41,0.0,5734678.41,5902996.52,0.971485988611086
AUGE CAPITAL FUNDO DE INVESTIMENTO EM DIREITOS CREDITÓRIOS PADRONIZADO,49878868000188,5731091.05,0.0,5731091.05,7706379.26,0.7436814172574217
RIPRESA FUNDO DE INVESTIMENTO EM DIREITOS CREDITÓRIOS,60646521000142,5715879.11,0.0,5715879.11,5802241.27,0.9851157240829458
SEVEN LAKES FUNDO DE INVESTIMENTO EM DIREITOS CREDITÓRIOS,48900092000192,5700253.96,0.0,5700253.96,8117918.08,0.7021817544628388
INNOV FUNDO DE  INVESTIMENTO EM DIREITOS CREDITÓRIOS,46285178000127,0.0,5699920.82,5699920.82,5884756.71,0.9685907338045247
ATICCA DIGITAL FUNDO DE INVESTIMENTO EM DIREITOS CREDITÓRIOS,47425860000130,3510178.99,2176595.68,5686774.67,6196105.42,0.9177982433358921
KITE FINANCE FUNDO DE INVESTIMENTO EM DIREITOS CRÉDITÓRIOS RESPONSABILIDADE LIMITADA,36977085000100,3583432.6,2097479.62,5680912.220000001,6892019.32,0.8242739836080437
FUNDO DE INVESTIMENTO EM DIREITOS CREDITÓRIOS TMX FINANCE,49920810000155,5659371.78,0.0,5659371.78,5770490.27,0.9807436656504406
VANGUARD II FUNDO DE INVESTIMENTO EM DIREITOS CREDITÓRIOS,51861911000144,0.0,5652593.36,5652593.36,5829594.92,0.9696374169339369
CONDOBLUE I FUNDO DE  INVESTIMENTO EM DIREITOS CREDITÓRIOS RESPONSABILIDADE LIMITADA,42860984000120,5546043.68,50754.25,5596797.93,6307897.74,0.8872683357736233
WFR FUNDO DE INVESTIMENTO EM DIREITOS CREDITÓRIOS  NÃO-PADRONIZADOS MULTISSETORIAL,28671036000116,4734689.63,855074.03,5589763.66,5620117.89,0.9945990047550409
VHE FUNDO DE INVESTIMENTO EM DIREITOS CREDITÓRIOS SEGMENTO FINANCEIRO,13963456000107,5576160.44,0.0,5576160.44,6501572.12,0.8576633984950705
FRAM CAPITAL VIGGO FUNDO DE INVESTIMENTO EM DIREITOS CREDITÓRIOS,55825226000113,5563338.98,0.0,5563338.98,5995940.39,0.9278509488317312
VSG LEGAL I FIDC DE RESP LIMITADA,59400011000101,5546599.38,0.0,5546599.38,6292871.9,0.8814098662964996
NEXA FUNDO DE INVESTIMENTO EM DIREITOS CREDITÓRIOS,63219990000173,0.0,5543385.63,5543385.63,5742740.37,0.965285782195304
EOS FINANCIAMENTO FUNDO DE INVESTIMENTO EM DIREITOS CREDITÓRIOS DE RESPONSABILIDADE LIMITADA,61145490000109,5533104.96,0.0,5533104.96,6192805.38,0.8934730902200579
BLACK I FUNDO DE INVESTIMENTO EM DIREITOS CREDITORIOS,44302089000116,5525994.97,0.0,5525994.97,6508511.68,0.849041261918731
TTMR FUNDO DE INVESTIMENTO EM  DIREITOS CREDITÓRIOS - RESPONSABILIDADE LIMITADA,56034650000102,0.0,5513313.27,5513313.27,7086834.17,0.7779656102775718
MULTI INFRA FUNDO DE INVESTIMENTO EM DIREITOS CREDITÓRIOS NÃO-PADRONIZADOS,07084253000130,5502156.72,0.0,5502156.72,65993813.34,0.0833738261441705
BVGARANTIA FUNDO DE INVESTIMENTO EM DIREITOS CREDITÓRIOS.,60696527000124,5500414.62,0.0,5500414.62,8295959.24,0.6630233419517139
ARION PRECATÓRIOS FUNDO DE INVESTIMENTO EM DIREITOS CREDITÓRIOS NÃO-PADRONIZADOS,63829575000131,5490638.48,0.0,5490638.48,5503162.05,0.9977242956165538
RCP EP FUNDO DE INVESTIMENTO EM DIREITOS CREDITÓRIOS DE RESPONSABILIDADE LIMITADA,64782540000157,5477156.85,0.0,5477156.85,99425649.45,0.0550879665387994
IBCB CREDIÁRIO FUNDO DE  INVESTIMENTO EM DIREITOS CREDITÓRIOS - RESPONSABILIDADE LIMITADA,59931773000134,5450523.76,0.0,5450523.76,6567396.83,0.8299367163412295
ALPHA AETERNUM FUNDO DE INVESTIMENTO EM DIREITOS CREDITÓRIOS,60531763000190,5445605.55,0.0,5445605.55,12555404.68,0.433726007945767
ESQUADRO FUNDO DE INVESTIMENTO EM DIREITOS CREDITÓRIOS,56975898000178,5416603.75,0.0,5416603.75,5943946.91,0.9112806409638675
RAMAPI FUNDO DE  INVESTIMENTO EM DIREITOS CREDITÓRIOS,51919474000172,11555.07,5382568.24,5394123.3100000005,5941391.16,0.9078889379166882
SOLAR MONT BLANC FUNDO DE INVESTIMENTO EM DIREITOS CREDITÓRIOS,58341346000133,0.0,5373866.14,5373866.14,5006757.07,1.0733227246433987
BIGTRADE SUNO FUNDO DE INVESTIMENTO - RESP LIMITADA - DIREITOS CREDITÓRIOS,51764889000114,5370217.1,0.0,5370217.1,4001631.09,1.3420070414336969
DIANTE FUNDO DE INVESTIMENTO EM DIREITOS CREDITÓRIOS,35265104000102,1976.39,5345826.93,5347803.319999999,9281337.15,0.5761888867489313
FPMFP FUNDO DE INVESTIMENTO EM DIREITOS CREDITÓRIOS,53807437000106,5326906.58,0.0,5326906.58,14089878.2,0.37806619080639037
BARUCH FUNDO DE INVESTIMENTO EM DIREITOS CREDITÓRIOS  RESPONSABILIDADE LIMITADA,61925720000152,5313365.11,0.0,5313365.11,12364226.73,0.42973695209809537
MONEY MONEY FUNDO DE INVESTIMENTO EM DIREITOS CREDITÓRIOS - RESPONSABILIDADE LIMITADA,54774876000114,5292650.39,0.0,5292650.39,5296277.44,0.9993151699394357
BANNOCKBURN FUNDO DE INVESTIMENTO EM DIREITOS CREDITÓRIOS,61926527000136,5273484.84,0.0,5273484.84,5145063.08,1.0249601915473503
LIVEN FUNDO DE INVESTIMENTO EM DIREITOS CREDITÓRIOS,60974918000163,2654404.93,2615525.7,5269930.630000001,5863651.3,0.8987455700170985
FATOR HIGH YIELD FUNDO DE INVESTIMENTO EM DIREITOS CREDITÓRIOS MULTISSEGMENTOS,47698957000117,0.0,5258642.59,5258642.59,37474920.44,0.14032431632295148
FUNDO DE INVESTIMENTO EM DIREITOS CREDITÓRIOS LE CAPITAL,60716732000104,0.0,5241295.98,5241295.98,6642821.81,0.7890164947838637
MAVERICK FUNDO DE  INVESTIMENTO EM DIREITOS CREDITÓRIOS RESPONSABILIDADE LIMITADA,59548957000110,5216121.34,0.0,5216121.34,6069768.85,0.8593607876846908
PACKERS FUNDO DE INVESTIMENTO EM DIREITOS CREDITÓRIOS,55064095000107,5203404.65,0.0,5203404.65,58532151.27,0.08889823006841963
SANTOFORTE FUNDO DE INVESTIMENTOS EM DIREITOS CREDITÓRIOS,37910672000144,1782947.69,3395149.18,5178096.87,7437647.54,0.6962008944564749
AID BANK FUNDO DE INVESTIMENTO EM DIREITOS CREDITÓRIOS MULTISSETORIAL,51253601000147,2485942.83,2678722.47,5164665.300000001,7996909.22,0.6458326783406954
SPECIALE PLGN FUNDO DE INVESTIMENTO EM DIREITOS CREDITÓRIOS,57183411000187,0.0,5150151.11,5150151.11,283938832.57,0.018138241477520772
BOAK ABERTO FUNDO DE INVESTIMENTO EM DIREITOS CREDITÓRIOS - RESPONSABILIDADE LIMITADA,41801984000197,5139254.16,0.0,5139254.16,41107012.55,0.12502134894256625
HUNTER FUNDO DE INVESTIMENTO EM DIREITOS CREDITÓRIOS NÃO-PADRONIZADOS RESPONSABILIDADE LIMITADA,56095121000119,5126312.35,0.0,5126312.35,5655435.02,0.9064399700237383
IALA FUNDO DE INVESTIMENTO EM DIREITOS CREDITÓRIOS,62543489000103,0.0,5095717.79,5095717.79,5520645.88,0.9230292796827606
CHAMONIX HIGH YIELD FUNDO DE  INVESTIMENTO EM COTAS DE FIDC RESPONSABILIDADE LIMITADA,56267236000143,5085651.66,0.0,5085651.66,198373371.6,0.025636765756316866
FUNDO DE INVESTIMENTO EM DIREITOS CREDITÓRIOS NEXT CONSIG,60371387000114,4687648.96,371948.56,5059597.52,5209401.33,0.9712435651411022
IDEAL FUNDO DE INVESTIMENTO EM DIREITOS CREDITÓRIOS,58113703000106,1411772.32,3625901.28,5037673.6,5439699.81,0.9260940448844364
MTRIOS FUNDO DE INVESTIMENTO EM DIREITOS CREDITÓRIOS,64041032000118,0.0,5029218.03,5029218.03,5130400.16,0.9802779263128668
VF AUTO FUNDO DE INVESTIMENTO EM DIREITOS CREDITÓRIOS - RESPONSABILIDADE LIMITADA,64127465000190,5017300.26,0.0,5017300.26,5381986.93,0.9322393988050803
HCAM PRECATÓRIOS FUNDO DE INVESTIMENTO EM DIREITOS CREDITÓRIOS,59987689000132,0.0,5016559.25,5016559.25,5382662.55,0.9319847200898745
NAIA ZETTA VENTURE DEBT FUNDO DE INVESTIMENTO EM DIREITOS CREDITÓRIOS,41970097000142,4974878.21,0.0,4974878.21,5508683.9,0.9030974186048322
FRUIT CREEK CRÉDITOS JUDICIAIS FUNDO DE INVESTIMENTO EM DIREITOS CREDITÓRIOS,35765949000167,4922372.5,0.0,4922372.5,5594494.2,0.8798601489299962
CLM II FUNDO DE INVESTIMENTO EM DIREITOS CREDITÓRIOS MULTISSETORIAL,60493763000143,0.02,4914988.77,4914988.789999999,5073390.01,0.9687780321071747
NICE 2TM FUNDO DE INVESTIMENTO EM DIREITOS CREDITÓRIOS,45383797000191,4896962.59,0.0,4896962.59,4516734.69,1.084182031068112
FUNDO DE INVESTIMENTO EM DIREITOS CREDITÓRIOS PREMIER,23293595000116,0.0,4893613.28,4893613.28,9334089.39,0.5242732392559613
ESMERALDA FUNDO DE INVESTIMENTO EM DIREITOS CREDITÓRIOS NÃO-PADRONIZADOS,61279682000108,0.0,4880688.93,4880688.93,5186703.79,0.941000127944457
ORBITA CAPITAL FUNDO DE INVESTIMENTO EM DIREITOS CREDITÓRIOS -  RESPONSABILIDADE LIMITADA,66146849000186,4878804.33,0.0,4878804.33,4982534.87,0.9791811712900265
VERIDIUM STRUCTURED FUNDO DE INVESTIMENTO EM DIREITOS CREDITÓRIOS,65953190000107,4873268.41,0.0,4873268.41,5574217.9,0.8742515088977774
H2A FUNDO DE INVESTIMENTO EM DIREITOS CREDITÓRIOS MULTISSEGMENTOS,63680237000180,4865859.5,0.0,4865859.5,4726315.93,1.029524807919474
CREDIT OPPORTUNITIES I FUNDO DE INVESTIMENTO EM DIREITOS CREDITÓRIOS RESPONSABILIDADE LIMITADA,46075436000140,0.0,4836706.73,4836706.73,255962888.15,0.018896125000611736
FUNDO DE INVESTIMENTO EM DIREITOS CREDITÓRIOS FICTOR,52270934000147,4822045.31,0.0,4822045.31,45488495.41,0.10600582117604931
FC MONEY FUNDO  DE INVESTIMENTO EM DIREITOS CREDITÓRIOS RESPONSABILIDADE  LIMITADA,43648593000100,2259280.38,2552926.94,4812207.32,5502003.03,0.8746282569749876
LATACHE 1962 FUNDO DE INVESTIMENTO EM DIREITOS CREDITÓRIOS,53328690000179,4804005.2,0.0,4804005.2,67748953.91,0.07090892069539263
CAJU CONSIGNADO PRIVADO FUNDO DE INVESTIMENTO EM DIREITOS CREDITÓRIOS DE RESPONSABILIDADE LIMITADA,66869706000100,0.0,4791829.87,4791829.87,6817591.34,0.7028625846030836
DEFFENDER FUNDO DE INVESTIMENTO EM DIREITOS CREDITÓRIOS  RESPONSABILIDADE LIMITADA,55610024000154,0.0,4756847.5,4756847.5,4915024.8,0.9678175988043844
P051 FUNDO DE INVESTIMENTO EM DIREITOS CREDITÓRIOS DE RESPONSABILIDADE LIMITADA,58355344000101,4660621.93,0.0,4660621.93,5873116.78,0.7935517212719205
WONEBANK 2 FUNDO DE INVESTIMENTO EM DIREITOS CREDITÓRIOS,48885265000140,4638095.39,0.0,4638095.39,6868846.31,0.6752364488411446
ONE FUNDO DE INVESTIMENTO EM DIREITOS CREDITÓRIOS NÃO-PADRONIZADOS,22588302000165,0.0,4622526.57,4622526.57,-3171956.18,
A4 FUNDO DE INVESTIMENTO EM DIREITOS CREDITÓRIOS  RESPONSABILIDADE LIMITADA,62639578000140,4611991.62,0.0,4611991.62,26121257.79,0.17656085541813415
CO FUNDO DE INVESTIMENTOS EM DIREITOS CREDITORIOS,62741028000137,0.0,4584360.79,4584360.79,4727172.4,0.9697892105648611
LC I FUNDO DE INVESTIMENTO EM DIREITOS CREDITÓRIOS,51596429000124,4568480.0,0.0,4568480.0,2954430.14,1.5463151211962656
U.NIC FUNDO DE INVESTIMENTO EM DIREITOS CREDITÓRIOS,36359698000183,0.0,4559982.98,4559982.98,7010781.48,0.6504243489842733
DB CONSIGNADO PRIVADO FUNDO DE INVESTIMENTO EM DIREITOS CREDITÓRIOS - RESPONSABILIDADE LIMITADA,63655890000190,4544991.69,0.0,4544991.69,5651835.18,0.8041621075722878
JUNTOS CAPITAL FUNDO DE INVESTIMENTO EM DIREITOS CREDITÓRIOS,29242916000130,4506840.35,0.0,4506840.35,6168787.26,0.7305877411632444
BERRINI FUNDO DE INVESTIMENTO EM DIREITOS CREDITÓRIOS RESPONSABILIDADE LIMITADA,57437905000140,4504857.58,0.0,4504857.58,215237731.51,0.02092968341747601
JUGIS I PRIVATE CLAIMS FUNDO DE INVESTIMENTO EM DIREITOS CREDITÓRIOS,47984230000104,4461780.87,0.0,4461780.87,5067094.88,0.8805402258423864
TALÓ 1 FUNDO DE INVESTIMENTO EM DIREITOS CREDITÓRIOS RESPONSABILIDADE LIMITADA,43616659000180,4421258.16,0.0,4421258.16,7003747.49,0.631270354379952
OPENSEA FUNDO DE INVESTIMENTO EM DIREITOS CREDITÓRIOS,55411764000161,4392851.3,0.0,4392851.3,7602162.98,0.5778422945623299
CAMBUI FINANÇAS FUNDO DE INVESTIMENTO EM DIREITOS CREDITÓRIOS MULTISSETORIAL LP,12956543000166,0.0,4347050.42,4347050.42,5348811.08,0.8127133964881033
GG CAPITAL FUNDO DE INVESTIMENTO EM DIREITOS CREDITÓRIOS RESPONSABILIDADE LIMITADA,60026166000109,661909.71,3682286.45,4344196.16,4613375.08,0.9416524962024115
CBZ I FUNDO DE INVESTIMENTO EM DIREITOS CREDITORIOS,43271544000109,4095202.46,235561.27,4330763.7299999995,4571111.31,0.9474203177957615
MACCA FUNDO DE INVESTIMENTO EM DIREITOS CREDITÓRIOS RESPONSABILIDADE LIMITADA,57090601000150,4328619.7,0.0,4328619.7,2119611.7,2.0421757909715255
LOGÍSTICA BR I FUNDO DE INVESTIMENTO EM DIREITOS CREDITÓRIOS DE RESPONSABILIDADE ILIMITADA - LONGO P,54246795000141,4321551.92,0.0,4321551.92,4325684.54,0.9990446321358423
LC JUD FUNDO DE INVESTIMENTO EM DIREITOS CREDITÓRIOS,56944509000147,4237808.37,0.0,4237808.37,9184152.03,0.4614261998448212
EJM FUNDO DE INVESTIMENTO EM DIREITOS CREDITÓRIOS DE RESPONSABILIDADE LIMITADA,57941435000158,4229010.19,0.0,4229010.19,4228543.66,1.0001103287650577
FUNDO DE INVESTIMENTO EM DIREITOS CREDITÓRIOS GYMCRED - RESPONSABILIDADE LIMITADA,53808205000164,4187749.87,0.0,4187749.87,4405179.79,0.9506422143101678
BOMBAIM FUNDO DE INVESTIMENTO EM DIREITOS CREDITÓRIOS  RESPONSABILIDADE LIMITADA,58114784000169,4185283.68,0.0,4185283.68,10109647.41,0.4139890849071659
ACTUAL FUNDO DE INVESTIMENTO EM DIREITOS CREDITÓRIOS MULTISSETORIAL,51388032000147,59339.22,4122241.9,4181581.12,6136929.29,0.6813800391693938
XLP FUNDO DE INVESTIMENTO EM DIREITOS CREDITÓRIOS,65835536000172,4165500.0,0.0,4165500.0,5219214.32,0.7981086317988183
WAIMEA FUNDO DE INVESTIMENTO EM DIREITOS CREDITÓRIOS NÃO PADRONIZADOS RESPONSABILIDADE LIMITADA,66617173000161,3102184.49,1030387.15,4132571.64,4156300.04,0.9942909800130791
SIM FUNDO DE INVESTIMENTO EM DIREITOS CREDITÓRIOS,60681487000147,4124109.93,0.0,4124109.93,3555557.49,1.1599052867515298
BOLSA DE CRÉDITOS FUNDO DE INVESTIMENTO EM DIREITOS CREDITÓRIOS,50692376000182,4117982.85,0.0,4117982.85,4287699.89,0.9604176961181862
GENESIS  QUATRUM FUNDO DE INVESTIMENTO EM DIREITOS CREDITÓRIOS RESPONSABILIDADE  LIMITADA,63007593000138,0.0,4106649.06,4106649.06,4066796.15,1.009799583881282
GRUMARI - FUNDO DE INVESTIMENTO EM DIREITOS CREDITÓRIOS,52768886000111,0.0,4087683.73,4087683.73,4100336.67,0.996914170464934
VW1 CRÉDITO PRIVADO FUNDO DE INVESTIMENTO EM DIREITOS CREDITÓRIOS RESPONSABILIDADE LIMITADA,66172389000160,4082114.46,0.0,4082114.46,38456202.85,0.1061497016728993
CREDSHOW FUNDO DE INVESTIMENTO EM DIREITOS CREDITÓRIOS NÃO-PADRONIZADOS VAREJO,23273905000130,4065489.65,0.0,4065489.65,4067324.32,0.9995489245863728
CACTUS FUNDO DE INVESTIMENTO EM DIREITOS CREDITÓRIOS,58570039000124,4060318.71,0.02,4060318.73,4777980.69,0.8497980618670101
4L FUNDO DE INVESTIMENTO EM DIREITOS CREDITÓRIOS DE CLASSE ÚNICA FECHADA,64111898000158,4048834.22,0.0,4048834.22,4084749.87,0.991207380832844
MAKALU FUNDO DE INVESTIMENTO EM DIREITOS CREDITÓRIOS,15078010000117,4000003.0,0.0,4000003.0,19867811.11,0.20133083497993856
VECTOR EDGE FUNDO DE INVESTIMENTO EM DIREITOS CREDITORIOS,41970123000132,3984071.96,0.0,3984071.96,5019201.08,0.7937661584978779
VECTRO CAPITAL FUNDO DE INVESTIMENTO EM DIREITOS CREDITÓRIOS,62809011000174,0.0,3971551.76,3971551.76,5380264.02,0.7381704216069308
K-FINANCE FUNDO DE INVESTIMENTO EM DIREITOS CREDITORIOS NAO PADRONIZADOS,45425498000172,0.0,3963723.31,3963723.31,4630731.7,0.8559604759653857
FUNDO DE INVESTIMENTO EM DIREITOS CREDITÓRIOS NMPA - RESPONSABILIDADE LIMITADA,57037064000184,3957877.58,0.0,3957877.58,20180619.5,0.1961226998011632
ATRIUM FINANCE FUNDO DE INVESTIMENTO EM DIREITOS CREDITÓRIOS RESPONSABILIDADE LIMITADA,64039601000190,3924474.77,0.0,3924474.77,4256991.9,0.9218891795401348
2MONEY FUNDO DE INVESTIMENTO EM DIREITOS CREDITÓRIOS NÃO-PADRONIZADOS RESPONSABILIDADE LIMITADA,51199121000145,0.0,3920207.28,3920207.28,4236054.38,0.9254383745659092
VIVO PAY III FUNDO DE INVESTIMENTO EM DIREITOS CREDITÓRIOS RESPONSABILIDADE LIMITADA,63565588000140,3876130.96,0.0,3876130.96,4361044.62,0.8888079113485429
AXEN BANK FUNDO DE INVESTIMENTO EM DIREITOS CREDITÓRIOS,64023072000137,3859792.94,0.0,3859792.94,2433120.17,1.5863552436047579
CREDITO AGRO FUNDO DE INVESTIMENTO EM DIREITOS CREDITÓRIOS  NÃO-PADRONIZADOS RESP LIMITADA,45693226000153,3762210.61,96773.83,3858984.44,5335300.42,0.7232928113165181
FUNDO DE INVESTIMENTO EM DIREITOS CREDITÓRIOS ZA I,63679363000115,0.0,3841692.01,3841692.01,4014124.92,0.9570434619159784
3R - FUNDO DE INVESTIMENTO EM DIREITOS CREDITÓRIOS NÃO PADRONIZADOS RESPONSABILIDADE LIMITADA,47388724000118,3811542.43,0.03,3811542.46,-28327.24,
TPC FUNDO DE INVESTIMENTO EM DIREITOS CREDITÓRIOS,54095003000185,3808186.86,0.0,3808186.86,4209780.05,0.9046047096926121
FM1 FUNDO DE INVESTIMENTO EM DIREITOS CREDITÓRIOS-  RESPONSABILIDADE LIMITADA,11902354000148,3756840.28,0.0,3756840.28,-4891059.02,
LESTE ARBITRAGEM FUNDO DE INVESTIMENTO EM DIREITOS CREDITÓRIOS DE RESPONSABILIDADE LIMITADA,26913775000141,3751118.11,0.0,3751118.11,3775957.4,0.993421723984492
ACTUM LOG FUNDO DE INVESTIMENTO EM DIREITOS CREDITÓRIOS RESPONSABILIDADE LIMITADA,64530753000191,3744147.07,0.0,3744147.07,3461793.75,1.081562721638168
SIGSUG FUNDO DE INVESTIMENTO EM DIREITOS CREDITÓRIOS - RESPONSABILIDADE LIMITADA,48411822000191,3727210.05,0.0,3727210.05,16599781.2,0.2245336854199018
WELLESLEY II FUNDO DE INVESTIMENTO EM DIREITOS CREDITÓRIOS,38455405000197,3722615.85,0.0,3722615.85,3491998.93,1.0660415208088279
SET FUNDO DE INVESTIMENTO EM DIREITOS CREDITÓRIOS,58325399000160,3718633.24,0.0,3718633.24,15271509.29,0.2435013572911889
MARAÚ FUNDO DE INVESTIMENTO EM DIREITOS CREDITÓRIOS - RESPONSABILIDADE LIMITADA,61909905000173,3668864.55,0.0,3668864.55,16019151.02,0.2290298996132443
INTERTRADE FUNDO DE INVESTIMENTO EM DIREITOS CRÉDITÓRIOS,49853069000157,3662443.74,0.0,3662443.74,3729537.79,0.9820100897811255
FORTE OESTE FUNDO DE INVESTIMENTO EM DIREITOS CREDITÓRIOS,60931216000100,2041967.73,1613177.97,3655145.7,3940075.24,0.9276842388420988
VERSÁTIL GESTÃO DE CAPITAL FUNDO DE INVESTIMENTO EM DIREITOS CREDITÓRIOS,61746700000114,3653335.15,0.0,3653335.15,3596609.34,1.0157720243255555
FUNDO DE INVESTIMENTO EM DIREITOS CREDITÓRIOS PRODUÇÃO I,45880888000132,3617005.86,0.0,3617005.86,1724292.45,2.0976754030327047
BARAC FUNDO DE INVESTIMENTO EM DIREITOS CREDITÓRIOS,62540865000106,0.0,3613206.53,3613206.53,3888411.96,0.9292242095665192
EKKO FUNDO DE INVESTIMENTO EM DIREITOS CREDITÓRIOS,60075857000100,3589645.18,0.0,3589645.18,3490704.26,1.0283441141473268
GRUPO JC FUNDO DE INVESTIMENTO EM DIREITOS CREDITÓRIOS,54072485000158,3578845.04,0.0,3578845.04,5670534.81,0.6311300714861497
FUNDO DE INVESTIMENTO EM DIREITOS CREDITÓRIOS MAR AZUL - RESPONSABILIDADE LIMITADA,56993592000144,3575015.87,0.0,3575015.87,40049988.65,0.08926384227577054
RISKNOW FUNDO DE INVESTIMENTO EM DIREITOS CREDITÓRIOS IMOBILIÁRIO,39819737000176,3551432.26,0.0,3551432.26,1227286.34,2.8937275224622803
TRUST FORT FUNDO DE INVESTIMENTO EM DIREITOS CREDITÓRIOS,63249135000105,0.0,3534248.01,3534248.01,3519013.58,1.0043291762460318
DISTRESSWISE FUNDO DE INVESTIMENTO EM DIREITOS CREDITÓRIOS RESPONSABILIDADE LIMITADA,63659752000189,3530013.64,0.0,3530013.64,3504228.19,1.0073583821035355
ACERTO GRUPO INTER - FUNDO DE INVESTIMENTO EM DIREITOS CREDITÓRIOS - NÃO PADRONIZADOS,41609997000169,3519980.08,0.0,3519980.08,3510223.2,1.0027795611401578
ORIZ JUS II FUNDO DE INVESTIMENTO EM DIREITOS CREDITÓRIOS,56265097000119,3510130.87,0.0,3510130.87,2055454.74,1.7077149896280372
JIVE BOSSANOVA HIGH  YIELD PFN II - FIC DE FIDC RESPONSABILIDADE LIMITADA,56425776000108,3480414.77,0.0,3480414.77,97401096.83,0.035732808800650134
D365 FUNDO DE INVESTIMENTO EM DIREITOS CREDITÓRIOS,46450551000158,3478130.94,0.0,3478130.94,1054510.09,3.2983382264270222
POLARIS I FUNDO  DE INVESTIMENTO EM DIREITOS CREDITÓRIOS RESPONSABILIDADE LIMITADA,62274868000137,3466387.48,0.0,3466387.48,3685742.27,0.9404855863673832
HARVEST FUNDO DE INVESTIMENTO EM DIREITOS CREDITÓRIOS NÃO PADRONIZADOS,32156057000170,0.0,3457347.19,3457347.19,24120332.31,0.14333746092571972
PARATII FUNDO DE INVESTIMENTO EM DIREITOS CREDITÓRIOS RESPONSABILIDADE LIMITADA,55328569000172,3435282.54,0.0,3435282.54,7327136.26,0.4688438181167386
RHODONITE FUNDO DE INVESTIMENTO EM DIREITOS CREDITÓRIOS NÃO-PADRONIZADOS,41776416000183,3421710.0,0.0,3421710.0,1881917745.61,0.0018182038019365697
FUNDO DE INVESTIMENTO EM DIREITOS CREDITÓRIOS ALI CRÉDITO,31523773000186,3414230.96,0.0,3414230.96,3769388.78,0.9057784058029695
INVESTCAMP FUNDO DE INVESTIMENTO EM DIREITOS CREDITÓRIOS,25695170000169,71094.07,3338281.09,3409375.1599999997,6775675.58,0.5031786306392195
SATYA FUNDO DE INVESTIMENTO EM DIREITOS CREDITÓRIOS DE RESPONSABILIDADE LIMITADA,59665305000165,23323.48,3372174.86,3395498.34,3676342.22,0.9236077973176283
AGGA PROSPERITAS FUNDO DE INVESTIMENTO EM DIREITOS CREDITÓRIOS,57922500000106,3392033.62,0.0,3392033.62,3675492.27,0.9228787250313004
VENNTURE FUNDO DE INVESTIMENTO EM DIREITOS CREDITÓRIOS,27538303000119,89389.59,3289671.45,3379061.04,3386676.91,0.997751226289844
VIOLIN 8432 CRÉDITOS JUDICIAIS FUNDO DE INVESTIMENTO EM DIREITOS CREDITÓRIOS,37703020000139,3376956.63,0.0,3376956.63,4045537.81,0.8347361435240176
BPSINV FUNDO DE INVESTIMENTO EM DIREITOS CREDITÓRIOS,62215593000160,3307477.69,0.0,3307477.69,6923768.47,0.47769906003226015
MB JIVE INCOME FUND FUNDO DE INVESTIMENTO EM DIREITOS CREDITÓRIOS - RESPONSABILIDADE LIMITADA,54012401000190,3304782.27,0.0,3304782.27,4933303.96,0.6698922865478575
STAL FUNDO DE INVESTIMENTO EM DIREITOS CREDITÓRIOS MULTISSETORIAL RESPONSABILIDADE LIMITADA,47465008000197,0.0,3298251.55,3298251.55,3682406.43,0.8956783051239674
AMETISTA CONSIGNADO III FUNDO DE INVESTIMENTO EM DIREITOS CREDITÓRIOS,64509633000102,3282067.52,0.0,3282067.52,3269222.54,1.0039290625960262
TERRA NOVA FUNDO DE INVESTIMENTO EM DIREITOS CREDITORIOS,24237625000130,0.0,3258364.44,3258364.44,3090837.69,1.0542010829433104
INSOL FUNDO DE INVESTIMENTO EM DIREITOS CREDITÓRIOS DE RESPONSABILIDADE LIMITADA,55626024000142,3257031.23,0.0,3257031.23,3267142.24,0.9969052434031767
WFOUR FUNDO DE INVESTIMENTO EM DIREITOS CREDITORIOS,60209130000160,47405.72,3194679.15,3242084.87,3149811.71,1.029294817752773
MORISCO SPECIAL FUNDO DE INVESTIMENTO EM DIREITOS CREDITORIOS RESPONSABILIDADE LIMITADA,62786631000135,3241953.28,0.0,3241953.28,4194953.15,0.772822285273913
ENE2 LEGAL CLAIMS FUNDO DE INVESTIMENTO EM DIREITOS CREDITÓRIOS DE CLASSE ÚNICA FECHADA,58051964000149,3236144.02,0.0,3236144.02,3510026.22,0.9219714660707007
NEW MERIDIAN FUNDO DE INVESTIMENTO EM DIREITOS CREDITÓRIOS MULTICARTEIRA OUTROS DE RESP LIMITADA,61969359000166,3232690.62,0.0,3232690.62,10713278.0,0.3017461714332439
BRAEVO FUNDO DE INVESTIMENTO EM DIREITOS CREDITÓRIOS,60331197000173,3167991.45,0.0,3167991.45,3129450.54,1.0123155517262146
MAX FINANCEIRA FUNDO DE INVESTIMENTO EM DIREITOS CREDITORIOS,43076377000137,0.0,3145678.03,3145678.03,2160106.48,1.4562606330406451
JUD 01 FUNDO DE INVESTIMENTOS EM DIREITOS CREDITÓRIOS NÃO PADRONIZADOS RESPONSABILIDADE LIMITADA,61119767000129,3123501.98,0.0,3123501.98,3325041.3,0.939387423548694
FARMTECH FUNDO DE INVESTIMENTO EM DIREITOS CREDITÓRIOS DO AGRONEGÓCIO - RESPONSABILIDADE LIMITADA,40996065000153,3093691.33,0.0,3093691.33,3224208.89,0.9595195086755064
RENAISSANCE SJL FUNDO DE  INVESTIMENTO EM DIREITOS CREDITÓRIOS RESPONSABILIDADE LIMITADA,65346076000119,3069397.02,0.0,3069397.02,3955897.71,0.7759040412599546
GP FIDC FCVS,07507899000182,3052857.06,0.0,3052857.06,4812296.83,0.6343866905649709
TEC BRASIL CAPITAL FUNDO DE INVESTIMENTO EM DIREITOS CREDITORIOS,64432874000109,0.0,3009569.29,3009569.29,3132883.86,0.9606386398249694
BLP PRECATÓRIO III-FUNDO DE INVESTIMENTO EM DIREITOS CREDITÓRIOS NÃO-PADRONIZADOS DE RESP. LIMITADA,28254193000126,2981620.67,0.0,2981620.67,2337976.1,1.27529989292876
PURUNÃ FUNDO DE INVESTIMENTO EM DIREITOS CREDITÓRIOS DE RESPONSABILIDADE LIMITADA,62682407000101,2974989.58,0.0,2974989.58,3030225.4,0.981771712427729
WCS CONSIG FUNDO DE INVESTIMENTO EM DIREITOS CREDITÓRIOS RESPONSABILIDADE LIMITADA,60796225000128,2948016.18,0.0,2948016.18,15034270.29,0.1960864161103226
HEAD CRÉDITO AO TRABALHADOR FUNDO DE INVESTIMENTO EM DIREITOS CREDITÓRIOS RESP LIMITADA,64438386000109,0.0,2946943.54,2946943.54,3031520.81,0.9721007127112546
ITABIRA I  FUNDO DE INVESTIMENTO EM DIREITOS CREDITÓRIOS DE RESPONSABILIDADE LIMITADA,65812452000113,2945015.34,0.0,2945015.34,5119145.77,0.5752942917271137
IC NAXOS FUNDO DE INVESTIMENTO EM DIREITOS CREDITÓRIOS,62874327000140,0.0,2923998.54,2923998.54,24652643.85,0.11860790906611016
BANREG FUNDO DE INVESTIMENTO EM DIREITOS CREDITÓRIOS,63653518000144,234776.79,2683061.26,2917838.05,3175867.04,0.9187532139254796
FUNDO DE INVESTIMENTO EM DIREITOS CREDITÓRIOS AGORA TELECOM,29242908000193,2891344.18,0.0,2891344.18,3197939.68,0.904127178533899
GOLDEN TREE FUNDO DE INVESTIMENTO EM DIREITOS CREDITÓRIOS CONSIGNADO PRIVADO,55157099000121,2888812.18,0.0,2888812.18,3161916.17,0.9136270617826027
CASH FUNDO DE INVESTIMENTO EM DIREITOS CREDITORIOS,60306067000180,1357612.76,1528089.86,2885702.62,2920413.18,0.9881145037155324
INOVA3 FUNDO DE INVESTIMENTO EM DIREITOS CREDITÓRIOS - RESPONSABILIDADE LIMITADA,50362898000116,1285359.6,1584738.98,2870098.58,6663179.56,0.43074009249722217
DIAMOND CAPITAL FUNDO DE INVESTIMENTO EM DIREITOS  CREDITÓRIOS - RESPONSABILIDADE LIMITADA,64987557000140,238293.64,2607397.17,2845690.81,2373031.64,1.1991794639535442
FUNDO DE INVESTIMENTO EM DIREITOS CREDITÓRIOS TAG SSI RESPONSABILIDADE LIMITADA,54049164000132,2833256.16,0.0,2833256.16,51058341.08,0.05549056432446082
MILENIO MAGENTA FUNDO DE INVESTIMENTO EM DIREITOS CREDITÓRIOS DE RESPONSABILIDADE LIMITADA,41957418000179,2829009.01,0.0,2829009.01,62949552.33,0.04494089163922097
GARRA FUNDO DE INVESTIMENTO EM DIREITOS CREDITÓRIOS,61084525000147,2828655.55,0.0,2828655.55,2969643.41,0.9525236398669158
BMA KRONOS FUNDO DE INVESTIMENTO EM DIREITOS CREDITÓRIOS MULTISSETORIAL RESPONSABILIDADE LIMITADA,36500339000102,0.0,2825991.62,2825991.62,102249214.08,0.02763827228822452
XAMA! FUNDO DE INVESTIMENTO EM DIREITOS CREDITÓRIOS NÃO-PADRONIZADOS,47669160000191,2823920.27,0.0,2823920.27,2706569.05,1.0433579257843062
FARM TECH IBBA I FUNDO DE INVESTIMENTO EM DIREITOS CREDITÓRIOS RESPONSABILIDADE LIMITADA,47151680000108,2813571.42,0.0,2813571.42,9399387.71,0.29933560640408985
VERUM II FUNDO DE  INVESTIMENTO EM DIREITOS CREDITÓRIOS NÃO PADRONIZADOS RESPONSABILIDADE  LIMITADA,20998989000181,2047762.58,748979.37,2796741.95,3029669.61,0.9231178016140184
ESTALEIRO II FUNDO DE INVESTIMENTO EM DIREITOS CREDITÓRIOS,58507210000150,0.0,2781840.99,2781840.99,54452550.15,0.051087432679220446
ESTALEIRO I FUNDO DE INVESTIMENTO EM DIREITOS CREDITÓRIOS,58506369000150,0.0,2781824.82,2781824.82,54453114.34,0.05108660640841502
MACRO FUNDO DE INVESTIMENTO EM DIREITOS CREDITORIOS,60776251000194,0.0,2768565.01,2768565.01,4212954.04,0.6571552843239656
BROKER FUNDO DE INVESTIMENTO EM DIREITOS CREDITÓRIOS  RESPONSABILIDADE LIMITADA,61242234000130,2764942.01,0.0,2764942.01,2490882.21,1.110025194647803
THE STANDARD FUND - FUNDO DE INVESTIMENTO EM DIREITOS CREDITÓRIOS - RESPONSABILIDADE LIMITADA,64439483000108,2759320.8,0.0,2759320.8,3752282.89,0.7353712075797142
IMPULSE CREDIT I FUNDO DE INVESTIMENTO EM DIREITOS CREDITÓRIOS NÃO PADRONIZADOS,54760649000130,2062155.92,692726.41,2754882.33,3140277.07,0.8772736508883913
VISION FIDC - CRÉDITOS EM RECUPERAÇÃO JUDICIAL - RESP LIMITADA,61220673000141,2735773.0,0.0,2735773.0,3286219.51,0.8324985569816669
FIGURATI FUNDO DE INVESTIMENTO EM DIREITOS CREDITÓRIOS NÃO-PADRONIZADOS,47669241000191,1062574.42,1628770.28,2691344.7,2244400.32,1.1991375495793908
GUARDIAN NACIONAL CONSIGNADO FIDC RESPONSABILIDADE LIMITADA,65344088000104,2688374.4,0.0,2688374.4,6707674.18,0.40079084461433995
F3 HARPIA INVEST FUNDO DE INVESTIMENTO EM DIREITOS CREDITÓRIOS RESPONSABILIDADE LIMITADA,65426950000128,2686771.82,0.0,2686771.82,2736583.76,0.9817977652545888
FUNDO DE INVESTIMENTO EM DIREITOS CREDITÓRIOS K8 CONSIGNADOS - RESPONSABILIDADE LIMITADA,54990152000108,2667278.44,0.0,2667278.44,2929726.1,0.9104190456575445
V1 FUNDO DE INVESTIMENTO EM DIREITOS CREDITÓRIOS - MULTICARTEIRA,08093745000154,2652243.56,0.0,2652243.56,835765.02,3.173432120908817
MODDE PERFORMANCE FUNDO DE INVESTIMENTO EM DIREITOS CREDITÓRIOS DE RESPONSABILIDADE LIMITADA,64630838000141,2600996.43,0.0,2600996.43,4809305.26,0.5408258135812324
FAIR DRIVE FUNDO DE INVESTIMENTO EM DIREITOS CREDITÓRIOS DE RESPONSABILIDADE LIMITADA,60113723000129,2595300.53,0.0,2595300.53,4853407.15,0.534737855240519
FUNDO DE INVESTIMENTO EM DIREITOS CREDITÓRIOS 800,49829816000111,2563559.04,0.0,2563559.04,2397269.64,1.069366164416949
YUMA CRED FUNDO DE  INVESTIMENTO EM DIREITOS CREDITÓRIOS RESPONSABILIDADE LIMITADA,62550985000186,2343609.4,209120.24,2552729.6399999997,3100588.42,0.8233049003001823
NEXUS TRADE FUNDO DE INVESTIMENTO EM DIREITOS CREDITORIOS,60864701000109,0.0,2535742.72,2535742.72,2728468.47,0.9293648608664332
TESOURARIA 2 FUNDO DE INVESTIMENTO EM DIREITOS CREDITÓRIOS,45207689000168,2535219.16,0.0,2535219.16,206001807.09,0.012306781167664173
XC CAPITAL FUNDO DE INVESTIMENTO EM DIREITOS CREDITÓRIOS,61690116000194,0.0,2518643.07,2518643.07,3301726.87,0.7628259905096267
BLUE OPPORTUNITY PLUS FUNDO DE INVESTIMENTO EM DIREITOS CREDITÓRIOS - CLASSE A,61171206000179,2508890.67,0.0,2508890.67,2604064.39,0.9634518561194256
BUCKS FUNDO DE INVESTIMENTO EM DIREITOS CREDITÓRIOS,61594518000195,0.0,2500000.0,2500000.0,2673798.64,0.9349993535788469
GRYPHON FUNDO DE INVESTIMENTO EM DIREITOS CREDITÓRIOS NÃO PADRONIZADOS,44273371000112,2500000.0,0.0,2500000.0,2224997.67,1.1235966822383234
FUNDESTAP FUNDO DE INVESTIMENTO EM DIREITOS CREDITÓRIOS,64191286000112,2500000.0,0.0,2500000.0,3140352.36,0.7960890095785302
FINANZA PRIME FUNDO DE INVESTIMENTO EM DIREITOS CREDITORIOS,39863075000131,210901.56,2274960.41,2485861.97,2490337.59,0.9982028059095395
ROYAL CAPITAL FUNDO DE INVESTIMENTO EM DIREITOS CREDITÓRIOS,54020246000154,2483860.77,0.0,2483860.77,7628825.79,0.325588870210654
UNION CAPITAL FUNDO DE INVESTIMENTO EM DIREITOS CREDITÓRIOS,59871316000100,2469538.13,0.0,2469538.13,2390485.59,1.0330696576171372
POLÍGONO MASTER QUALI FUNDO DE INVESTIMENTO EM DIREITOS CREDITÓRIOS,55327697000100,0.0,2468133.94,2468133.94,58864399.25,0.041929145144550165
DAYTONA FUNDO DE INVESTIMENTO EM DIREITOS CREDITÓRIOS NÃO-PADRONIZADOS  RESPONSABILIDADE LIMITADA,55891858000185,2467402.67,0.0,2467402.67,5226132.82,0.4721278151518544
NACIONAL CONSIG FUNDO DE INVESTIMENTO EM DIREITOS CREDITÓRIOS RESPONSABILIDADE LIMITADA,65910958000165,2438961.07,0.0,2438961.07,2443988.46,0.9979429567355649
AROEIRA ASSET FUNDO DE INVESTIMENTO EM COTAS DE DIREITOS CREDITÓRIOS MULTISSETORIAL,58021121000108,2431217.19,0.0,2431217.19,102953088.63,0.02361480575621658
SPT CAPITAL FUNDO DE INVESTIMENTO EM DIREITOS CREDITORIOS,62628909000146,0.0,2411591.25,2411591.25,2558519.43,0.9425729668974997
UP VENDAS I FUNDO DE INVESTIMENTO EM DIREITOS CREDITÓRIOS DE RESPONSABILIDADE LIMITADA,65706613000194,2407865.31,0.0,2407865.31,3654167.59,0.6589367484374191
PORTI FUNDO DE INVESTIMENTO EM DIREITOS CREDITÓRIOS,62782703000176,0.0,2392143.36,2392143.36,2634886.74,0.9078733152681924
MBM FUNDO DE INVESTIMENTO EM  DIREITOS CREDITÓRIOS NÃO-PADRONIZADOS,20209230000172,2370413.27,0.0,2370413.27,3449326.68,0.687210429717837
FUNDO DE INVESTIMENTO EM DIREITOS CREDITÓRIOS VALYSSPI,41218800000160,2367033.87,0.0,2367033.87,2154565.89,1.0986128950551612
FUNDO DE INVESTIMENTOS EM DIREITOS CREDITÓRIOS MULTISEGMENTOS NPL IPANEMA II,14109346000137,2354954.2,0.0,2354954.2,1634284.98,1.4409691264494153
DD FUNDO DE INVESTIMENTO EM DIREITOS CREDITÓRIOS DE RESPONSABILIDADE LIMITADA,28152179000111,0.0,2333164.73,2333164.73,200583516.01,0.011631886689450997
TERRA BONA FUNDO DE INVESTIMENTO EM DIREITOS CREDITÓRIOS NÃO-PADRONIZADO,44681727000157,2332417.23,0.0,2332417.23,2048769.32,1.138447948839843
CAJUÍNA FUNDO DE INVESTIMENTO EM DIREITOS CREDITÓRIOS,54506814000121,2330529.65,0.0,2330529.65,3760872.33,0.6196779484934017
NED CAPITAL FUNDO DE INVESTIMENTO EM DIREITOS CREDITÓRIOS RESPONSABILIDADE LIMITADA,65942396000131,925403.11,1395348.1,2320751.21,2362343.46,0.9823936482123561
24 CASH FUNDO DE INVESTIMENTO EM DIREITOS CREDITÓRIOS,60203969000191,2307486.41,0.0,2307486.41,12772459.83,0.1806610817894426
LEGATUS FUNDO DE INVESTIMENTO EM DIREITOS CREDITÓRIOS,55330962000109,2276878.94,0.0,2276878.94,4318921.2,0.5271869604844839
ALTIS FUNDO DE INVESTIMENTO EM DIREITOS CREDITÓRIOS RESPONSABILIDADE LIMITADA,59936269000127,2250013.18,0.0,2250013.18,2261374.85,0.9949757688337252
MILENIO BRAINVEST FUNDO DE INVESTIMENTO EM DIREITOS CREDITÓRIOS DE RESPONSABILIDADE LIMITADA,39979072000168,2237641.87,0.0,2237641.87,62900192.25,0.035574483796589666
BBA FINANCE FUNDO DE INVESTIMENTO EM DIREITOS CREDITÓRIOS,40698790000145,2234878.51,0.0,2234878.51,120466205.26,0.01855191258973006
ELITE CRED FUNDO DE INVESTIMENTO EM DIREITOS CREDITÓRIOS,62359769000158,0.0,2198466.19,2198466.19,1818569.98,1.208898318006987
FXN FUNDO DE INVESTIMENTO EM DIREITOS CREDITÓRIOS EDUCACIONAIS - RESPONSABILIDADE LIMITADA,64868438000179,2188221.91,0.0,2188221.91,2649874.08,0.8257833557132647
GUARDIAN MULTI CONSIGNADO V FUNDO DE INVESTIMENTO EM DIREITOS CREDITÓRIOS-RESPONSABILIDADE LIMITADA,52430088000185,2178469.11,0.0,2178469.11,3161189.65,0.6891295212231255
SILVER STONE FUNDO DE INVESTIMENTO EM DIREITOS CREDITÓRIOS MULTISSETORIAL,26000055000195,1345195.21,833003.26,2178198.4699999997,2284971.8,0.9532714889522925
HCAM PETRO FUNDO DE INVESTIMENTO EM DIREITOS CREDITÓRIOS,61281837000140,0.0,2122853.3,2122853.3,2563140.53,0.8282235309197034
AURIN INVEST FUNDO DE INVESTIMENTO EM DIREITOS CREDITÓRIOS NÃO-PADRONIZADOS - RESP. LIMITADA,57585602000175,1309798.93,796069.14,2105868.07,2255222.63,0.9337739174779387
DUBROVNIK FUNDO DE INVESTIMENTO EM DIREITOS CREDITÓRIOS,52327088000154,2104485.95,0.0,2104485.95,2046668.23,1.0282496787473954
LEVANTE - MICROCRÉDITO FUNDO DE INVESTIMENTO EM DIREITOS CREDITÓRIOS,53327560000111,2101109.97,0.0,2101109.97,3424876.45,0.6134848951996502
IPIRANGA FUNDO DE INVESTIMENTO EM DIREITOS CREDITORIOS,58363382000106,2096775.0,0.0,2096775.0,17041410.59,0.12303999067016201
VIA MOBIL FUNDO DE INVESTIMENTO EM DIREITOS CREDITÓRIOS,65014891000180,0.0,2053953.51,2053953.51,1989062.71,1.0326238080246348
EXEMPLAR FIDC MULTICARTEIRA FINANCEIRO DE RESP LIMITADA,61641310000180,2053821.42,0.0,2053821.42,2369818.55,0.8666576687907183
PLGN VIC FUNDO DE INVESTIMENTO EM DIREITOS CREDITÓRIOS,57619773000178,2036975.21,0.0,2036975.21,164220579.43,0.012403897349955903
FINANCIAMENTO DE VEÍCULOS RECEIVABLES I FUNDO DE INVESTIMENTO EM DIREITOS CREDITÓRIOS,40365962000169,1983895.94,0.0,1983895.94,4196287.61,0.4727740623098043
FUNDO DE INVESTIMENTO EM DIREITOS CREDITÓRIOS EMPÍRICA IMOBILIÁRIO MULTI,26812976000152,1983749.93,0.0,1983749.93,2648711.69,0.7489489843267917
ATLAS PARTNERS FUNDO DE INVESTIMENTO EM DIREITOS CREDITÓRIOS CRÉDITO CORPORATIVO,66107567000170,0.0,1982150.95,1982150.95,2002399.53,0.9898878422129873
NANBAN III FUNDO DE INVESTIMENTO  EM DIREITOS CREDITÓRIOS RESPONSABILIDADE LIMITADA,66790149000120,1962707.57,0.0,1962707.57,1980190.27,0.9911712019471746
ACELERA CASH FUNDO DE INVESTIMENTO EM DIREITOS CREDITÓRIOS,46557432000107,1793375.94,138520.64,1931896.58,4300306.27,0.4492462765913648
TOP SETORIAL FUNDO DE INVESTIMENTO EM DIREITOS CREDITÓRIOS,55747288000154,1045616.98,886268.63,1931885.6099999999,5329761.68,0.36247129346316287
SGX FUNDO DE INVESTIMENTO EM DIREITOS CREDITÓRIOS RESPONSABILIDADE LIMITADA,62948578000121,0.0,1912341.64,1912341.64,4225718.68,0.45254826097415457
WECAR I FUNDO DE INVESTIMENTO EM DIREITOS CREDITÓRIOS RESPONSABILIDADE LIMITADA,61515560000173,1872838.3,0.0,1872838.3,1883088.35,0.9945567875240692
BRAFIC CONSTRUÇÃO  CIVIL FI EM DIREITOS CREDITÓRIOS NÃO-PADRONIZADOS RESPONSABILIDADE LIMITADA,32321319000105,1869005.63,0.0,1869005.63,1408472.93,1.3269730572670644
CHEHOHA FUNDO DE INVESTIMENTO EM DIREITOS CREDITÓRIOS MULTISEGMENTOS,23077070000143,0.0,1862428.5,1862428.5,3269681.96,0.569605399786345
FUNDO DE INVESTIMENTO EM DIREITOS CREDITÓRIOS SEMEAR EMPRESAS - RESPONSABILIDADE LIMITADA,60761188000112,1822326.09,0.0,1822326.09,2421741.53,0.7524857906698244
ALPHA PRO FUNDO DE INVESTIMENTO EM DIREITOS CREDITÓRIOS,64126192000160,866593.67,944812.97,1811406.6400000001,2877948.06,0.6294090797455184
VATZ I FUNDO DE INVESTIMENTO EM DIREITOS CREDITORIOS FINANCEIRO RESPONSABILIDADE LIMITADA,64168514000133,1810949.25,0.0,1810949.25,2035198.9,0.8898143812872541
CUSTOM CREDIT FUNDO DE INVESTIMENTO EM DIREITOS CREDITÓRIOS - RESPONSABILIDADE LIMITADA,64097712000153,0.0,1787567.59,1787567.59,1902734.16,0.9394731158870875
NOVALAR S/A FUNDO DE INVESTIMENTO EM DIREITOS CREDITÓRIOS  RESPONSABILIDADE LIMITADA,54479396000120,1759282.69,0.0,1759282.69,2081248.82,0.8453014714502036
FUNDO DE INVESTIMENTO EM DIREITOS CREDITÓRIOS QUASAR DUCOCO,42605393000107,1745701.8,0.0,1745701.8,1571611.02,1.1107721807651871
AXEL CAPITAL FUNDO DE INVESTIMENTO EM DIREITOS CREDITÓRIOS,63995636000130,1741367.41,0.0,1741367.41,3130122.04,0.556325723964424
FIDC RECUPERADOS QUESTÕES GLOBAIS DE INVERNO RESPONSABILIDADE LIMITADA,50918500000185,1731696.64,0.0,1731696.64,1946903.75,0.8894618647686101
QI QUATÁ FUNDO DE INVESTIMENTO EM DIREITOS CREDITÓRIOS,43619145000188,1730785.26,0.0,1730785.26,20659497.49,0.08377673565573256
FUNDO DE INVESTIMENTOS EM DIREITOS CREDITÓRIOS INTEGRA,61140138000180,1717436.22,0.0,1717436.22,1563805.64,1.0982414796764641
M CASTRO CAPITAL FUNDO DE INVESTIMENTO EM DIREITOS CREDITÓRIOS - RESPONSABILIDADE LIMITADA,58601042000168,1267447.17,446072.97,1713520.14,1888309.99,0.9074358283726497
PLGN ARTON FUNDO DE INVESTIMENTO EM DIREITOS CREDITÓRIOS,58236968000100,0.0,1698101.92,1698101.92,108384064.2,0.01566745012317041
PC FUNDO DE INVESTIMENTO EM DIREITOS CREDITÓRIOS - RESPONSABILIDADE LIMITADA,10759034000118,1663077.76,0.0,1663077.76,3335054.78,0.4986658000262293
HEALTH I FUNDO DE INVESTIMENTO EM DIREITOS CREDITÓRIOS - RESPONSABILIDADE LIMITADA,62342629000177,437037.39,1152580.8,1589618.19,1845904.27,0.8611596039051364
NORD FUNDO DE INVESTIMENTO EM DIREITOS CREDITÓRIOS  RESPONSABILIDADE LIMITADA,57041896000174,0.0,1571240.91,1571240.91,1973731.58,0.7960762881445105
KESH FUNDO DE INVESTIMENTO EM DIREITOS CREDITÓRIOS FINANCEIRO DE RESPONSABILIDADE LIMITADA,65425932000121,1557600.48,0.0,1557600.48,1724008.4,0.9034761547565546
RJ3D FUNDO DE INVESTIMENTO EM DIREITOS CREDITÓRIOS,55154982000168,1548893.45,0.0,1548893.45,44501151.54,0.03480569370452745
FUNDO DE INVESTIMENTO EM DIREITOS CREDITÓRIOS PARCRED CONSIGNADO PÚBLICO - RESPONSABILIDADE LIMITADA,60008909000118,1538110.94,0.0,1538110.94,2406522.39,0.6391425844992865
BIOMA INVESTIMENTOS FIAGRO EM DIREITOS CREDITÓRIOS,44613189000163,1535888.94,0.0,1535888.94,5137409.39,0.2989617574549573
DEZEMBRO81 FUNDO DE INVESTIMENTOS EM DIREITOS CREDITÓRIOS RESPONSABILIDADE LIMITADA,63851030000121,1527049.11,0.0,1527049.11,37528741.91,0.040690122617542346
FUNDO DE INVESTIMENTO EM  DIREITOS CREDITÓRIOS INTRA BLACK CREDIFACIL,28729157000171,0.0,1514853.24,1514853.24,34876948.64,0.04343422515645853
GRBK CONSIGNADO FUNDO DE INVESTIMENTO EM DIREITOS CREDITÓRIOS  RESPONSABILIDADE LIMITADA,60021170000184,1507364.8,0.0,1507364.8,1634827.23,0.9220330884750434
YELLOW CAPITAL I FUNDO DE INVESTIMENTO EM DIREITOS CREDITÓRIOS MULTISSETORIAL - RESP ILIMITADA,59331492000140,720320.13,783236.3,1503556.4300000002,1458109.25,1.031168569844818
GALAPAGOS WM FUNDO DE INVESTIMENTO EM DIREITOS CREDITÓRIOS,37037144000122,1501191.1,0.0,1501191.1,659339820.04,0.0022768093999069065
MARIN FUNDO DE INVESTIMENTO EM DIREITOS CREDITÓRIOS MULTISSETORIAL,13554539000134,1499123.79,0.0,1499123.79,3170463.45,0.4728405842369828
AXXIS FUNDO DE INVESTIMENTO EM DIREITOS CREDITÓRIOS,60079965000143,0.0,1479319.93,1479319.93,1485386.35,0.9959159312323018
TIVIO ALT CREDITO PADRONIZADO FI EM DIREITOS CREDITÓRIOS RESPONSABILIDADE LIMITADA,58182199000104,1474950.13,0.0,1474950.13,25175281.93,0.05858723386300524
FUNDO DE INVESTIMENTO EM DIREITOS CREDITÓRIOS SOLVERA VAREJO RESPONSABILIDADE LIMITADA,66320254000103,1465265.56,0.0,1465265.56,3036937.3,0.48248133407298205
SIGNAL SPECIAL OPPORTUNITIES FUNDO DE INVESTIMENTO EM DIREITOS CREDITÓRIOS,50355218000137,0.0,1418916.53,1418916.53,20721732.67,0.06847480143657311
VÉRTICE FUNDO DE INVESTIMENTO EM DIREITOS CREDITORIOS,65570364000152,1203611.42,213000.36,1416611.7799999998,2104281.34,0.673204553531801
GCDC FUNDO DE INVESTIMENTO EM DIREITOS CREDITORIOS,48937046000168,1405000.0,0.0,1405000.0,1354150.47,1.037550871285375
HBCJ FUNDO DE INVESTIMENTO EM DIREITOS CREDITÓRIOS - RESPONSABILIDADE LIMITADA,57127130000107,1401801.93,0.0,1401801.93,1609741.81,0.8708240795460235
PIEMONTE FUNDO DE INVESTIMENTO EM DIREITOS CREDITÓRIOS RESPONSABILIDADE LIMITADA,61452743000197,1401284.0,0.0,1401284.0,1858424.86,0.7540170335431263
NEO POWER2GO I - FUNDO DE INVESTIMENTO EM DIREITOS CREDITÓRIOS - RESPONSABILIDADE LIMITADA,61704277000190,1400300.68,0.0,1400300.68,2924736.14,0.4787784651233529
FARTURA  FUNDO DE INVESTIMENTO EM DIREITOS CREDITÓRIOS NÃO PADRONIZADO  RESPONSABILIDADE LIMITADA,66228782000129,0.0,1387229.4,1387229.4,5705455.73,0.2431408577417881
VOLPATO - FUNDO DE INVESTIMENTO EM DIREITOS CREDITÓRIOS RESPONSABILIDADE LIMITADA,33736744000128,1383376.96,0.0,1383376.96,3236871.2,0.42738091030622405
TV LAR FUNDO DE  INVESTIMENTO EM DIREITOS CREDITÓRIOS PADRONIZADOS RESPONSABILIDADE  LIMITADA,61784056000179,1373653.24,0.0,1373653.24,2099377.7,0.6543144856687769
VERITAS FUNDO DE INVESTIMENTO EM DIREITOS CREDITÓRIOS,61079347000166,1357140.83,0.0,1357140.83,2010806.02,0.6749237949864503
VETORIAL I FUNDO DE INVESTIMENTO EM DIREITOS CREDITÓRIOS  RESPONSABILIDADE LIMITADA,61690192000108,473479.71,855446.61,1328926.32,25961803.64,0.05118775022057751
THUNDER FUNDO DE INVESTIMENTO EM DIREITOS CREDITÓRIOS,35865981000114,1306491.07,0.0,1306491.07,1535274.99,0.8509817970785808
LA VIE PFO FUNDO DE INVESTIMENTO EM DIREITOS CREDITÓRIOS,61043596000100,1306283.86,0.0,1306283.86,5042091.79,0.25907577934038367
FUNDO DE INVESTIMENTO EM DIREITOS CREDITÓRIOS DR. SIM,55106170000147,49384.81,1246838.03,1296222.84,1361563.88,0.9520103015658731
QANTIC IONIQ FUNDO DE INVESTIMENTO EM DIREITOS CREDITÓRIOS,39703077000163,418613.35,848815.98,1267429.33,994923.01,1.2738968917806013
MILAS FUNDO DE INVESTIMENTO EM DIREITOS CREDITÓRIOS NÃO PADRONIZADOS RESPONSABILIDADE LIMITADA,26286853000125,1266246.77,0.0,1266246.77,1823444.45,0.6944257446394926
VERTICAL BANK FUNDO DE INVESTIMENTO EM DIREITOS CREDITÓRIOS,36115099000114,1257935.91,0.0,1257935.91,1323786.13,0.9502561490049756
TIVIO ALT 90 FUNDO DE INVESTIMENTO EM DIREITOS CREDITÓRIOS RESPONSABILIDADE LIMITADA,61020441000140,1255050.01,0.0,1255050.01,20567962.87,0.06101965556494608
TENTEO FUNDO DE INVESTIMENTO EM DIREITOS CREDITÓRIOS RESPONSABILIDADE LIMITADA,65698955000100,1223817.73,0.0,1223817.73,2033924.71,0.6017025723631628
JUNTOS PELO RS FUNDO DE INVESTIMENTO EM DIREITOS CREDITÓRIOS,55913770000117,0.0,1219378.7,1219378.7,1686009.74,0.7232334849975421
FIDC SUMMIT CONSIG FUNDO DE  INVESTIMENTO EM DIREITOS CREDITÓRIOS RESPONSABILIDADE LIMITADA,66607729000139,1218132.34,0.0,1218132.34,1197594.73,1.0171490484097239
DORA FUNDO DE INVESTIMENTO EM DIREITOS CREDITÓRIOS,62698155000109,1211000.0,0.0,1211000.0,1207724.66,1.0027119923178518
TOKAY FUNDO DE INVESTIMENTO EM DIREITOS CREDITÓRIOS,41520310000114,0.0,1210601.5,1210601.5,2224438.56,0.5442278882272208
SQUID UNO FUNDO DE INVESTIMENTO EM DIREITOS CREDITÓRIOS RESPONSABILIDADE LIMITADA,53125179000170,0.0,1208788.99,1208788.99,1429307.47,0.8457165553049268
ORYX FUNDO DE INVESTIMENTO EM DIREITOS CREDITORIOS,35715919000146,1190171.7,0.0,1190171.7,1515519.95,0.7853223575182894
GUARDIAN CONSIGNADO FEDERAL FIDC RESP LIMITADA,62159963000190,1178224.16,0.0,1178224.16,870102.9,1.354120483910581
PONTAL FUNDO DE INVESTIMENTO EM DIREITOS CREDITÓRIOS,55174856000175,1165703.64,0.0,1165703.64,1463537.92,0.7964970528402844
ELLEVE NPL FUNDO DE INVESTIMENTO EM DIREITOS CREDITÓRIOS - RESPONSABILIDADE LIMITADA,47117740000176,1150034.27,0.0,1150034.27,1772175.83,0.6489391461794172
CRESTONE I FUNDO DE INVESTIMENTO EM DIREITOS CREDITÓRIOS,30791451000155,1138649.06,0.0,1138649.06,17466184.45,0.06519163147850532
AGRICORE FUNDO DE INVESTIMENTO EM DIREITOS CREDITÓRIOS RESPONSABILIDADE LIMITADA,61805739000165,1130121.44,0.0,1130121.44,1146273.64,0.9859089492802086
FEDERAL FUNDO DE INVESTIMENTO EM DIREITOS CREDITÓRIOS RESPONSABILIDADE LIMITADA,63803585000106,0.0,1127841.94,1127841.94,941157.44,1.1983562920142246
FUNDO DE INVESTIMENTO EM DIREITOS CREDITÓRIOS DTBR RESPONSABILIDADE LIMITADA,58880077000183,1086128.13,0.0,1086128.13,1367236.28,0.7943968031626544
MS CAPITAL FUNDO DE INVESTIMENTO EM DIREITOS CREDITÓRIOS,60617627000118,1075699.22,0.0,1075699.22,1438048.88,0.7480268820904058
CAPITAL DIRETO FUNDO DE INVESTIMENTO EM DIREITOS CREDITÓRIOS NÃO PADRONIZADO,55690923000104,0.0,1074103.19,1074103.19,2003145.45,0.5362082868221076
EMCASH CRÉDITO IMOBILIÁRIO FUNDO DE INVESTIMENTO EM DIREITOS CREDITÓRIOS RESPONSABILIDADE LIMITADA,64282567000180,0.0,1074046.55,1074046.55,1494433.97,0.7186978960335063
FUNDO DE INVESTIMENTO EM DIREITOS CREDITÓRIOS EMPÍRICA PREMIER CAPITAL MULTISETORIAL LONGO PRAZO,23669183000138,1067196.35,0.0,1067196.35,149973.18,7.115914658874341
ZERAZERO FUNDO DE INVESTIMENTO EM DIREITOS CREDITÓRIOS RESPONSABILIDADE LIMITADA,55852782000189,1062666.74,0.0,1062666.74,920161.48,1.1548698387157001
AUTO LOANS FUNDO DE INVESTIMENTO EM DIREITOS CREDITÓRIOS RESPONSABILIDADE LIMITADA,40794358000158,1061443.06,0.0,1061443.06,1371816.47,0.7737500483574162
BERAKAH FUNDO DE INVESTIMENTO EM DIREITOS CREDITÓRIOS,63287717000186,1057155.6,0.0,1057155.6,1037023.64,1.0194132122195403
ORIGINAL II FUNDO DE INVESTIMENTO EM DIREITOS CREDITÓRIOS,63310209000171,1056295.23,0.0,1056295.23,1057122.09,0.9992178197695215
ESTALEIRO IV FUNDO DE INVESTIMENTO EM DIREITOS CREDITÓRIOS,58508715000130,0.0,1050792.73,1050792.73,43048182.41,0.024409688659837663
ESTALEIRO III FUNDO DE INVESTIMENTO EM DIREITOS CREDITÓRIOS,58508265000185,0.0,1050775.54,1050775.54,43048209.88,0.02440927376374332
IMPPAR FUNDO DE INVESTIMENTO EM DIREITOS CREDITÓRIOS,65536925000105,1046527.79,0.0,1046527.79,2990071.06,0.3500009762309796
NOVUS CRÉDITO HIGH YIELD FUNDO DE INVESTIMENTO EM DIREITOS CREDITÓRIOS,63809103000117,1038341.6,0.0,1038341.6,8386842.08,0.12380602735755816
FUNDO DE INVESTIMENTO EM DIREITOS CREDITÓRIOS PROVI INCOME SHARE AGREEMENT RESPONSABILIDADE LIMITADA,36335619000102,1028161.7,0.0,1028161.7,1324975.96,0.7759851733460885
CLASSE ÚNICA DO ATLÂNTICO FEEDER FUNDO DE INVESTIMENTO EM COTAS DE FUNDOS DE INVESTIMENTO EM DIREITO,62918989000174,1024115.45,0.0,1024115.45,89706699.48,0.01141626496054874
CASAS BAHIA CDC FUNDO DE INVESTIMENTO EM DIREITOS CREDITÓRIOS LP RESPONSABILIDADE LIMITADA,59172572000109,1015646.76,0.0,1015646.76,1003572.06,1.0120317219672297
NEO CRÉDITO SPECIAL SITUATIONS FUNDO DE INVESTIMENTO EM DIREITOS CREDITÓRIOS RESP LIMITADA,61374410000197,1004903.88,0.0,1004903.88,93775122.35,0.010716103107275766
STEP-UP II CRÉDITOS JUDICIAIS FUNDO DE INVESTIMENTO EM DIREITOS CREDITÓRIOS RESP LIMITADA,17206614000127,1000000.0,0.0,1000000.0,1014532.58,0.9856755906251922
TARISUL FUNDO DE INVESTIMENTO EM DIREITOS CREDITÓRIOS MULTISSETORIAL,26199799000180,0.0,990968.96,990968.96,1130585.18,0.876509773460855
NOVO OLHAR FUNDO DE INVESTIMENTO EM DIREITOS CREDITÓRIOS RESPONSABILIDADE LIMITADA,60757582000187,0.0,987630.73,987630.73,1064930.86,0.9274130059485739
ICRED OPARÁ FIDC NÃO-PADRONIZADOS - SEGMENTO FINANCEIRO - DE RESPONSABILIDADE LIMITADA,42888490000154,984528.6,0.0,984528.6,72874218.1,0.013509971368049574
MABC FUNDO DE INVESTIMENTO EM DIREITOS CREDITORIOS,57017012000146,0.0,980894.93,980894.93,1192769.62,0.822367466066079
XP C1 FUNDO DE INVESTIMENTO EM DIREITOS CREDITÓRIOS NÃO-PADRONIZADOS,48053945000106,970998.67,0.0,970998.67,2976770.37,0.3261919964622599
INTERSECTOR CRÉDITO ESTUDANTIL FUNDO DE INVESTIMENTO EM DIREITOS CREDITÓRIOS,20867468000195,961229.86,0.0,961229.86,1357858.19,0.7079015077413938
FINZA PARCERIAS FUNDO DE INVESTIMENTO EM DIREITOS CREDITÓRIOS,66147948000182,953876.93,0.0,953876.93,1015284.12,0.9395172358255737
GUARDIAN CAPITAL CONSIG I FUNDO DE INVESTIMENTO EM DIREITOS CREDITÓRIOS CONSIGNADOS,44271111000108,912110.44,0.0,912110.44,485307.98,1.879446614498282
TAX AGRO CASH FUNDO DE INVESTIMENTO EM DIREITOS CREDITÓRIOS,63103274000126,705584.0,203975.97,909559.97,1046265.43,0.8693395996081033
AUER FUNDO DE INVESTIMENTO EM DIREITOS CREDITÓRIOS,62184290000128,900000.0,0.0,900000.0,-214572.1,
ASTREIA FUNDO DE INVESTIMENTO EM DIREITOS CREDITÓRIOS,59503278000124,900000.0,0.0,900000.0,1141428.69,0.7884855251010031
AZUL FUNDO DE INVESTIMENTO EM DIREITOS CREDITÓRIOS DE RESPONSABILIDADE LIMITADA,64079869000156,888159.44,0.0,888159.44,983856.22,0.9027329623428106
PLX FUNDO DE  INVESTIMENTO EM DIREITOS CREDITÓRIOS,51517938000114,885375.45,0.0,885375.45,1077453.1,0.8217299203092923
KOL FUNDO DE INVESTIMENTO EM DIREITOS CREDITÓRIOS NÃO-PADRONIZADOS,06081379000198,869273.05,0.0,869273.05,5770286.6,0.15064642543058435
PRIMO CAPITAL I FUNDO DE INVESTIMENTO EM DIREITOS CREDITÓRIOS DE RESPONSABILIDADE LIMITADA,46420562000195,836516.3,0.0,836516.3,1696466.62,0.4930932858555154
NEW ERA FUNDO DE INVESTIMENTO EM DIREITOS CREDITÓRIOS,55102194000128,547406.61,286560.53,833967.14,754024.0,1.1060220099094988
CLASSE A DO BLOXS FUNDO DE INVESTIMENTO EM DIREITOS CREDITÓRIOS - MULTICLASSE,63025181000120,830667.35,0.0,830667.35,888387.3,0.9350283935846448
OKLAHOMA FUNDO DE INVESTIMENTO EM DIREITOS CREDITÓRIOS,57976577000150,816041.23,0.0,816041.23,472862.85,1.7257461227922641
TVP FUNDO DE INVESTIMENTO EM DIREITOS CREDITÓRIOS,58284749000198,810584.41,0.0,810584.41,14442968.03,0.05612311876037574
WH INVEST FUNDO DE INVESTIMENTO EM DIREITOS CREDITÓRIOS RESPONSABILIDADE LIMITADA,55665127000111,507277.95,295201.06,802479.01,999811.11,0.8026306188976036
VENDER MAIS REZULTZ FIDC SEGMENTO FINANCEIRO RESPONSABILIDADE LIMITADA,61291607000162,796739.12,0.0,796739.12,1396489.77,0.5705298650343854
FRONTEIRA HIGH YIELD FUNDO DE INVESTIMENTO EM DIREITOS CREDITÓRIOS DE RESPONSABILIDADE LIMITADA,41282794000100,294329.43,484108.4,778437.8300000001,1005697.18,0.7740280528578195
ASTRO SAÚDE FUNDO DE INVESTIMENTO EM DIREITOS CREDITÓRIOS DE RESPONSABILIDADE LIMITADA,57671358000163,758284.73,0.0,758284.73,3659129.56,0.20723090493685606
CF PRIME FUNDO DE INVESTIMENTO EM DIREITOS CREDITÓRIOS,50908218000117,742777.96,0.0,742777.96,826537.97,0.8986616307536361
ÍMPAR SEGURALTA FUNDO DE INVESTIMENTO EM DIREITOS CREDITÓRIOS COMISSÕES DE SERVIÇOS,63884884000104,738232.37,0.0,738232.37,1029065.32,0.7173814486334065
GW4 FUNDO DE INVESTIMENTO EM DIREITOS CREDITORIOS,66032389000165,731964.38,0.0,731964.38,5293210.15,0.13828364248867012
FUNDO DE INVESTIMENTO EM DIREITOS CREDITÓRIOS DE RESPONSABILIDADE LIMITADA ABERTO UR,56973069000156,731227.2,0.0,731227.2,758577.21,0.9639456476684819
FUNDO DE INVESTIMENTO EM DIREITOS CREDITÓRIOS EMPÍRICA A55 SAAS,28849649000109,728536.32,0.0,728536.32,1106525.84,0.6583997351566593
CAPITAL FUNDO DE INVESTIMENTO EM DIREITOS CREDITÓRIOS,17012685000199,724176.15,0.0,724176.15,1180188.23,0.6136107203848322
W CAPITAL BONA CRÉDITO EMPRESARIAL FUNDO DE INVESTIMENTO EM DIREITOS  CREDITÓRIOS RESPONSABILIDADE L,63796349000100,714223.45,0.0,714223.45,650109.88,1.0986195902760314
COLISEU FUNDO DE INVESTIMENTO EM DIREITOS CREDITÓRIOS,54904072000192,705344.84,0.0,705344.84,73669773.82,0.009574412997702347
ITAIM DELTA NPL FUNDO DE INVESTIMENTO EM DIREITOS CREDITÓRIOS,63881926000153,700870.75,0.0,700870.75,686626.9,1.0207446722521358
KUARÁ GS2 IGSC I FUNDO DE INVESTIMENTO EM DIREITOS CREDITÓRIOS RESPONSABILIDADE LIMITADA,57008828000103,680575.84,0.0,680575.84,1261670.95,0.5394241977276246
ALZ FUNDO DE INVESTIMENTO EM DIREITOS CREDITÓRIOS,59986514000100,646272.13,0.0,646272.13,1010647.15,0.6394636644451033
RHODES FUNDO DE INVESTIMENTO EM  DIREITOS CREDITÓRIOS,56006480000152,627723.3,0.0,627723.3,653885.92,0.959989014597531
PCS III FEEDER FUNDO DE INVESTIMENTO EM DIREITOS CREDITÓRIOS,64744236000115,0.0,613084.9,613084.9,83948118.85,0.007303140420519382
ITAMARACÁ FUNDO DE INVESTIMENTO EM DIREITOS CREDITÓRIOS RESPONSABILIDADE LIMITADA,55554537000195,590249.46,0.0,590249.46,689251.07,0.8563635019093986
PLGN PFN FUNDO DE INVESTIMENTO EM DIREITOS CREDITÓRIOS,57547806000111,580421.71,0.0,580421.71,50713260.01,0.011445166607028386
HOMMA CASH FUNDO DE INVESTIMENTO  EM DIREITOS CREDITÓRIOS - RESPONSABILIDADE LIMITADA,62135468000140,566713.91,0.0,566713.91,992926.02,0.5707513939457444
TRINITÁ FUNDO DE INVESTIMENTO EM DIREITOS CREDITÓRIOS,54248993000144,565982.88,0.0,565982.88,383067.97,1.4774998807652857
HORTÊNCIA FUNDO DE INVESTIMENTO EM DIREITOS CREDITÓRIOS,56052655000168,561617.48,0.0,561617.48,6101516.97,0.0920455491251383
AMETISTA I FUNDO DE INVESTIMENTO  EM DIREITOS CREDITÓRIOS RESPONSABILIDADE LIMITADA,55708679000160,539859.84,0.0,539859.84,14914171.5,0.036197776054808006
ALIANZA FUNDO DE INVESTIMENTO EM DIREITOS CREDITÓRIOS,63119756000174,533405.88,0.0,533405.88,371383.02,1.4362688956538723
FIDÚCIA FUNDO DE INVESTIMENTO EM DIREITOS CREDITÓRIOS - NÃO PADRONIZADOS,45899588000103,529078.17,0.0,529078.17,853901.15,0.6196011915430727
FUNDO DE INVESTIMENTO EM DIREITOS CREDITÓRIOS BIZCAPITAL EMPÍRICA PME RESPONSABILIDADE LIMITADA,31368812000118,516009.02,0.0,516009.02,762311.37,0.6769005950941018
AGAZZII FUNDO DE INVESTIMENTO EM DIREITOS CREDITORIOS NÃO-PADRONIZADOS,47669281000133,514856.45,0.0,514856.45,1891123.07,0.2722490451137059
MAPLE CAPITAL FUNDO DE INVESTIMENTO EM DIREITOS CREDITORIOS,64685957000100,0.0,509972.83,509972.83,468846.0,1.0877192724263405
HARTPREC FUNDO DE INVESTIMENTO EM DIREITOS CREDITÓRIOS  RESPONSABILIDADE LIMITADA,66660995000125,0.0,477026.06,477026.06,725643.88,0.6573831505338403
C18 FUNDO DE INVESTIMENTO EM DIREITOS  CREDITÓRIOS,57474036000124,0.0,456120.04,456120.04,437392.3,1.0428168031307363
FUNDO DE INVESTIMENTO EM DIREITOS CREDITÓRIOS NÃO-PADRONIZADOS ALVARINHO,48953684000172,450000.0,0.0,450000.0,-486226.81,
PACUÍBA II FUNDO DE INVESTIMENTO EM DIREITOS CREDITÓRIOS,61529519000156,420058.81,0.0,420058.81,-64596.22,
ALTIORA FUNDO DE  INVESTIMENTO EM DIREITOS CREDITÓRIOS NÃO PADRONIZADOS RESPONSABILIDADE  LIMITADA,63457729000101,419543.66,0.0,419543.66,398074.89,1.0539314851032175
HALTIN SPECIAL SITS REAL ESTATE FUNDO DE INVESTIMENTO EM DIREITOS  CREDITÓRIOS - RESP LIMITADA,64948048000109,400000.01,0.0,400000.01,1644060.47,0.24330005939501728
FUNDO DE INVESTIMENTO EM DIREITOS CREDITÓRIOS INTRA RC CONSIG C,63762529000162,0.0,379792.13,379792.13,393964.61,0.9640260073106567
FROGPAY FUNDO DE INVESTIMENTO EM DIREITOS CREDITÓRIOS,64454678000127,0.0,365634.65,365634.65,453191.57,0.8067993188840649
FIG NOBILE FUNDO DE INVESTIMENTO EM DIREITOS CREDITÓRIOS DE RESPONSABILIDADE LIMITADA,62475218000150,365609.23,0.0,365609.23,1308887.27,0.27932828011995253
BNVT CRÉDITO CORPORATIVO - FUNDO DE INVESTIMENTO EM DIREITOS CREDITÓRIOS RESPONSABILIDADE LIMITADA,59556339000111,339346.21,0.0,339346.21,6276981.31,0.05406200739508017
FORSETI FUNDO DE INVESTIMENTO EM DIREITOS CREDITÓRIOS,53743401000106,337659.58,0.0,337659.58,1061154.86,0.3182000975804794
QR CREDITO CRIPTO I - FUNDO DE INVESTIMENTOS EM DIREITOS CREDITORIOS,42926752000128,322013.59,0.0,322013.59,1593981.18,0.20201843913866038
ABF VISION FUNDO DE INVESTIMENTO EM DIREITOS CREDITÓRIOS NÃO-PADRONIZADOS,50356663000111,317560.4,0.0,317560.4,1028485.15,0.3087651776012517
TIVIO VÉRTICE HY 90 FUNDO DE INVESTIMENTO EM DIREITOS CREDITÓRIOS - RESPONSABILIDADE LIMITADA,58902072000104,311366.76,0.0,311366.76,8911165.47,0.03494119383690448
FUNDO DE INVESTIMENTO EM DIREITOS CREDITÓRIOS BREOF REAL ESTATE CREDIT RESPONSABILIDADE LIMITADA,22061694000100,309671.97,0.0,309671.97,1935803.45,0.15997077079287156
LIBER FUNDO DE INVESTIMENTO EM DIREITOS CREDITÓRIOS NÃO PADRONIZADO,32969493000169,305438.47,0.0,305438.47,10286538.34,0.029693027907384435
FUNDO DE INVESTIMENTO EM DIREITOS CREDITÓRIOS DIGITAL CASH CONSIG,58255305000124,0.0,295577.82,295577.82,4582638.64,0.06449948233317389
FUNDO DE INVESTIMENTO EM DIREITOS CREDITÓRIOS TELLUS RESPONSABILIDADE LIMITADA,51326602000174,273656.46,0.0,273656.46,34797.84,7.864179500796602
"INTI ENERGIAS DO BRASIL FUNDO DE INVESTIMENTO EM DIREITOS CREDITÓRIOS,",59201781000125,271968.5,0.0,271968.5,-120041.95,
CKSVV FUNDO DE  INVESTIMENTO EM DIREITOS CREDITÓRIOS RESPONSABILIDADE LIMITADA,65361937000138,271518.26,0.0,271518.26,294857.29,0.9208463524846207
SOMMA COASTAL FUNDO DE INVESTIMENTO EM DIREITOS CREDITÓRIOS DE PRECATÓRIOS,66376024000158,265907.85,0.0,265907.85,1966305.56,0.13523221182368012
MENTORE II FUNDO DE INVESTIMENTO EM DIREITOS CREDITÓRIOS,57691078000117,260278.03,0.0,260278.03,106952.59,2.4335832353382
CLASSE ÚNICA DE RESP LIMITADA DO PLGN FORNECEDORES FUNDO DE INVESTIMENTO EM DIREITOS CREDITORIOS,55947377000144,259186.74,0.0,259186.74,2431575.28,0.10659211011554617
FUNDO DE INVESTIMENTO EM DIREITOS CREDITÓRIOS JUVO CDC CREDITO PESSOAL - RESP LIMITADA,63394409000150,234854.05,0.0,234854.05,937868.61,0.25041252846707385
FUNDO DE INVESTIMENTO EM DIREITOS CREDITÓRIOS KREDITKARTE,59388724000105,229563.63,0.0,229563.63,10342072.19,0.02219706319802821
PHX FUNDO DE  INVESTIMENTO EM DIREITOS CREDITÓRIOS NÃO-PADRONIZADOS  RESPONSABILIDADE LIMITADA,47372688000102,228047.82,0.08,228047.9,3934342.41,0.05796340944305353
NEO ATIVOS JUDICIAIS I FUNDO DE INVESTIMENTO EM DIREITOS CREDITÓRIOS - RESPONSABILIDADE LIMITADA,63249864000161,211205.97,0.0,211205.97,5704939.72,0.03702159538330758
IPECRED FUNDO DE INVESTIMENTO EM DIREITOS CREDITÓRIOS,66188571000100,0.0,208421.55,208421.55,805793.73,0.2586537251909369
QUANTIX FUNDO DE INVESTIMENTO EM DIREITOS CREDITÓRIOS CREDITO CORPORATIVO DE RESP LIMITADA,63482918000134,180491.8,0.0,180491.8,2012368.27,0.08969123728034133
ULEND FUNDO DE INVESTIMENTO EM DIREITOS CREDITORIOS,41391264000109,179254.63,0.0,179254.63,2464954.2,0.07272128220475658
TESLA FUNDO DE INVESTIMENTO EM DIREITOS CREDITÓRIOS MULTISSETORIAL,51732995000116,0.0,174168.57,174168.57,372304.45,0.4678122165877953
CREDIÁRIO AMERICANAS FUNDO DE INVESTIMENTO EM DIREITOS CREDITÓRIOS DE RESPONSABILIDADE LIMITADA,61544063000101,163883.33,0.0,163883.33,1143281.52,0.14334468556790805
KRENAK FUNDO DE INVESTIMENTOS EM DIREITOS CREDITORIOS,54965252000184,159122.92,2257.78,161380.7,1672736.39,0.09647706653885854
KOLEOS FUNDO DE INVESTIMENTO EM DIREITOS CREDITÓRIOS,55201186000139,146246.02,0.0,146246.02,19036.26,7.682497507388531
CRED FACILE FUNDO DE INVESTIMENTO MULTIMERCADO CRÉDITO PRIVADO,59333553000109,145825.05,0.0,145825.05,38948249.11,0.003744072027170004
R2 FUNDO DE  INVESTIMENTO EM DIREITOS CREDITÓRIOS,65675575000150,140695.66,0.0,140695.66,455559.82,0.30884124065199603
REAG MASTER FEEDER FUNDO DE INVESTIMENTO EM COTAS DE FUNDO DE INVESTIMENTO EM DIREITOS CREDITÓRIOS,41776150000179,139171.5,0.0,139171.5,28914395.1,0.004813225368148891
FUNDO DE INVESTIMENTO EM DIREITOS CREDITÓRIOS BEES BANK RESPONSABILIDADE LIMITADA,45853950000105,135250.49,0.0,135250.49,5517286.2,0.02451395216728108
FUNDO DE INVESTIMENTO EM DIREITOS CREDITÓRIOS BIZCAPITAL FINPASS PME RESPONSABILIDADE LIMITADA,42432319000136,115692.09,0.0,115692.09,1500027.16,0.07712666349321302
STZ FUNDO DE INVESTIMENTO EM DIREITOS CREDITÓRIOS - NP,66733008000175,115355.39,0.0,115355.39,1377436.25,0.08374644561590418
FUNDO DE INVESTIMENTO EM DIREITOS CREDITÓRIOS SEBRAE MPE,36312154000166,110659.96,0.0,110659.96,52284.72,2.1164875703647263
SAV NEXOOS FUNDO DE INVESTIMENTO EM DIREITOS CREDITÓRIOS,38284301000167,103411.35,0.0,103411.35,706512.32,0.14636878518976146
LHOTSE FUNDO DE INVESTIMENTO EM DIREITOS CREDITÓRIOS,12330846000179,99419.92,0.0,99419.92,1458174.99,0.06818106241144624
ARV MAISTODOS FIDC RESPONSABILIDADE LIMITADA,64656289000184,83910.25,0.0,83910.25,7362795.74,0.01139652014847284
PAYROLL LOANS FUNDO DE INVESTIMENTO EM DIREITOS CREDITÓRIOS  CONSIGNADOS - RESPONSABILIDADE LIMITADA,64353123000199,71802.32,0.0,71802.32,66546.24,1.0789838764744635
BDM FUNDO DE INVESTIMENTO EM DIREITOS CREDITÓRIOS  RESPONSABILIDADE LIMITADA,61228553000190,65958.87,0.0,65958.87,4202074.44,0.015696740013011284
CRÉDITOS COLATERALIZADOS I FIDC DE CLASSE ÚNICA FECHADA DE RESPONSABILIDADE LIMITADA,64809660000109,54123.0,0.0,54123.0,919953.46,0.05883232397430192
BOA VISTA FUNDO DE INVESTIMENTO EM DIREITOS CREDITÓRIOS,57409698000110,30047.85,0.0,30047.85,35401092.74,0.0008487831214895994
AFA CREDIT OPPORTUNITY FUNDO DE INVESTIMENTO EM  DIREITOS CREDITORIOS,42518335000146,0.0,28329.39,28329.39,11006726.19,0.0025738252692919946
BJ FUNDO DE INVESTIMENTO EM DIREITOS CREDITÓRIOS,56746022000150,23234.75,0.0,23234.75,-72305.93,
ST 1001 FUNDO DE INVESTIMENTO EM DIREITOS CREDITÓRIOS DE RESPONSABILIDADE LIMITADA,51497411000175,20021.97,0.0,20021.97,29035607.05,0.0006895660891649931
INVICTO 22 FUNDO DE INVESTIMENTOS EM DIREITOS CREDITÓRIOS RESPONSABILIDADE LIMITADA,60800084000170,17460.25,0.0,17460.25,7896.94,2.2110146461794065
JIF INFRA - FUNDO DE INVESTIMENTO EM DIREITOS CREDITÓRIOS CRÉDITO PRIVADO,57133534000103,17275.59,0.0,17275.59,1101076.89,0.015689721723248593
PROUST FUNDO DE INVESTIMENTO EM DIREITOS CREDITÓRIOS,52714676000140,16381.64,0.0,16381.64,1021260.7,0.016040605498674334
CREDIT BRASIL FUNDO DE INVESTIMENTO EM DIREITOS CREDITÓRIOS MULTISSETORIAL MASTER - EM LIQUIDAÇÃO,12144737000167,0.0,15481.82,15481.82,806691.96,0.019191737078921675
IRONSIDE - FUNDO DE INVESTIMENTO EM DIREITOS CREDITÓRIOS NÃOPADRONIZADOS,35686610000175,10550.53,0.0,10550.53,7889438.61,0.001337297939884724
CESSIONÁRIO 1 FUNDO DE INVESTIMENTO EM DIREITOS CREDITÓRIOS NÃO-PADRONIZADOS RESP LIMITADA,50948092000104,10000.0,0.0,10000.0,20805134.4,0.00048065058402122125
ADIANTA PLANTÃO FUNDO DE INVESTIMENTO EM DIREITOS CREDITÓRIOS NÃO-PADRONIZADOS - RESPONSABILIDADE LI,63887027000168,9747.0,0.0,9747.0,-2140.96,
JEITTO FUNDO DE INVESTIMENTO EM DIREITOS CREDITÓRIOS,36017588000133,5970.77,0.0,5970.77,-667710.98,
G VALUE FUNDO DE INVESTIMENTO EM DIREITOS CREDITÓRIOS NÃO PADRONIZADO,40211675000102,2986.27,0.0,2986.27,514234913.95,5.807209738174955e-06
IZ FUNDO DE INVESTIMENTO EM DIREITOS CREDITÓRIOS CONDOMINIAIS NÃO PADRONIZADO RESP LIMITADA,64317082000185,972.24,0.0,972.24,1173659.62,0.00082838327521228
FUNDO DE INVESTIMENTOS EM DIREITOS CREDITÓRIOS FF90,62195865000108,941.8,0.0,941.8,59124137.99,1.5929196298122637e-05
TIKTOK PARCELADO FIDC CRÉDITO PESSOAL - RESPONSABILIDADE LIMITADA,66311371000100,335.37,0.0,335.37,182597.66,0.0018366609955461641
LONG LIFE FUNDO DE INVESTIMENTO EM DIREITOS CREDITÓRIOS  NÃO-PADRONIZADO,52352829000157,199.13,0.0,199.13,4559656.69,4.367214760635849e-05
BRASFOR CONSOLIDADOR FUNDO DE INVESTIMENTO EM DIREITOS CREDITÓRIOS MULTISEGMENTOS,17031327000123,0.0,185.13,185.13,99474402.73,1.8610817951075522e-06
REAG SPORTAINMENT CLAIMS FUNDO DE INVESTIMENTO EM DIREITOS CREDITÓRIOS NÃO PADRONIZADO,52842504000152,135.99,0.0,135.99,-72347.79,
SAINT-TROPEZ FUNDO DE INVESTIMENTO EM DIREITOS CREDITÓRIOS,42321262000106,72.9,0.0,72.9,7798485.16,9.347969317671948e-06
BERTOLUCCI II FUNDO DE INVESTIMENTO EM DIREITOS CREDITÓRIOS RESPONSABILIDADE LIMITADA,63094209000181,0.0,13.0,13.0,47309452.12,2.747865261053038e-07
III FIDC POLO RECUPERAÇÃO DE  CRÉDITO FUNDO DE INVESTIMENTO EM DIREITOS CREDITÓRIOS,23884789000196,1.0,0.0,1.0,8749676.22,1.1428994340547151e-07
RIGEL FUNDO DE INVESTIMENTO EM DIREITOS CREDITÓRIOS NÃO-PADRONIZADOS,50739342000104,1.0,0.0,1.0,146681617.49,6.817486861079745e-09
FUNDO DE INVESTIMENTO EM DIREITOS CREDITÓRIOS - MEUCASHCARD,34508357000105,0.86,0.0,0.86,19081647.06,4.506948468839356e-08
CANAL 26 FUNDO DE INVESTIMENTO EM DIREITOS CREDITÓRIOS NÃO-PADRONIZADOS,30283468000100,0.1,0.0,0.1,-123478.24,
NACIONAL FUNDO DE INVESTIMENTO EM DIREITOS  CREDITÓRIOS,41240074000182,0.02,0.0,0.02,-15614.27,
ARC FIAGRO - DIREITOS CREDITÓRIOS - RESPONSABILIDADE LIMITADA,55102997000182,0.02,0.0,0.02,269406.81,7.423717314347028e-08
RIO CLARO FUNDO DE INVESTIMENTO EM DIREITOS CREDITORIOS,24069420000192,0.01,0.0,0.01,-31496.6,
LAUSANNE FUNDO DE INVESTIMENTO EM DIREITOS CREDITÓRIOS NÃO PADRONIZADOS,55501349000107,0.01,0.0,0.01,2259393.89,4.425965761994691e-09
INOVA CREDTECH IV FUNDO DE INVESTIMENTO EM DIREITOS CREDITÓRIOS NÃO-PADRONIZADOS,51730136000198,0.01,0.0,0.01,1499651.44,6.668216182288333e-09
IRON FUND II TWC FUNDO DE INVESTIMENTO EM DIREITOS CREDITÓRIOS,13401155000181,0.0,0.0,0.0,58913908.05,0.0
OP 1 FUNDO DE INVESTIMENTO EM COTAS DE FUNDOS DE INVESTIMENTO EM DIREITOS CREDITÓRIOS - RESPONSABILI,17334155000167,0.0,0.0,0.0,638630353.09,0.0
VALORA GUARDIAN II FUNDO DE INVESTIMENTO EM DIREITOS CREDITÓRIOS RESPONSABILIDADE LIMITADA,23729525000168,0.0,0.0,0.0,628807310.2,0.0
FUNDO DE INVESTIMENTO EM DIREITOS CREDITÓRIOS MAIS LOTES - RESPONSABILIDADE LIMITADA,24814759000176,0.0,0.0,0.0,1597331.54,0.0
SERRANA - FUNDO DE INVESTIMENTO EM QUOTAS DE FUNDO DE INVESTIMENTO EM DIREITOS CREDITÓRIOS,28065377000148,0.0,0.0,0.0,109552994.22,0.0
POUSO ALEGRE FIC FIDC MULTISSETORIAL - RESPONSABILIDADE LIMITADA,29152737000101,0.0,0.0,0.0,24673528.87,0.0
G5 SAÚDE FUNDO DE INVESTIMENTO EM DIREITOS CREDITÓRIOS,30791358000140,0.0,0.0,0.0,0.0,
TERA YIELD FUNDO DE INVESTIMENTO EM DIREITOS CREDITÓRIOS,31611449000110,0.0,0.0,0.0,139167334.51,0.0
PSS KYROS FUNDO DE INVESTIMENTO EM DIREITOS CREDITÓRIOS - NÃO PADRONIZADOS,32388193000196,0.0,0.0,0.0,324720.36,0.0
GALÁPAGOS DRAGON FUNDO DE INVESTIMENTO EM DIREITOS CREDITÓRIOS,36729755000179,0.0,0.0,0.0,168711426.42,0.0
FUNDO DE INVESTIMENTO EM DIREITOS CREDITÓRIOS TM II RESPONSABILIDADE LIMITADA,37266557000189,0.0,0.0,0.0,2778320.22,0.0
G5 CRPR III FUNDO DE INVESTIMENTO EM COTAS DE FUNDOS DE INVESTIMENTO EM DIREITOS CREDITÓRIOS,38251371000119,0.0,0.0,0.0,1299287705.83,0.0
SOLIS MONTE BRAVO FUNDO DE INVESTIMENTO EM COTAS DE FUNDOS DE INVESTIMENTO EM DIREITOS CREDITÓRIOS,39846684000182,0.0,0.0,0.0,21738802.68,0.0
FUNDO DE INVESTIMENTO EM COTAS DE FUNDOS DE INVESTIMENTO EM DIREITOS CREDITÓRIOS GRAMADO,40989019000127,0.0,0.0,0.0,98759150.99,0.0
STEP-UP XX FUNDO DE INVESTIMENTO EM DIREITOS CREDITÓRIOS RESPONSABILIDADE LIMITADA,42500440000158,0.0,0.0,0.0,59931035.19,0.0
CREDIFF FIC DE FUNDOS DE INVESTIMENTO EM DIREITOS CREDITÓRIOS RESPONSABILIDADE LIMITADA,43917239000133,0.0,0.0,0.0,11592364.34,0.0
IPÊ FUNDO DE INVESTIMENTO EM COTAS DE FUNDOS DE INVESTIMENTO EM DIREITOS CREDITÓRIOS,44465521000190,0.0,0.0,0.0,22076614.69,0.0
GUAJUVIRA FUNDO DE INVESTIMENTO EM DIREITOS CREDITÓRIOS NÃO-PADRONIZADOS - RESPONSABILIDADE LIMITADA,44479362000182,0.0,0.0,0.0,0.0,
NEW DISTRESSED - FUNDO DE INVESTIMENTO EM DIREITOS CREDITÓRIOS,45145516000162,0.0,0.0,0.0,10899197.93,0.0
REAL INVESTOR CRÉDITO ESTRUTURADO 90 FI EM COTAS DE FUNDOS DE INVESTIMENTO EM DIREITOS CREDITÓRIOS,46521568000159,0.0,0.0,0.0,138991314.99,0.0
LIFE CAPITAL PARTNERS FUNDO DE INVESTIMENTO EM DIREITOS CREDITÓRIOS,47279999000113,0.0,0.0,0.0,6081602.38,0.0
FUNDO DE INVESTIMENTO EM COTAS DE FUNDO DE INVESTIMENTO EM DIREITOS CREDITÓRIOS SRM 360,47715992000105,0.0,0.0,0.0,22680385.18,0.0
FARM M II FUNDO DE INVESTIMENTO EM DIREITOS CREDITÓRIOS RESPONSABILIDADE LIMITADA,47936587000109,0.0,0.0,0.0,13820289.96,0.0
C051 FUNDO DE INVESTIMENTO EM DIREITOS CREDITÓRIOS RESPONSABILIDADE LIMITADA,48963776000133,0.0,0.0,0.0,273043.96,0.0
REAL INVESTOR CRÉDITO ESTRUTURADO 30 FI EM COTAS DE FUNDOS DE INVESTIMENTO EM DIREITOS CREDITORIOS,50251934000174,0.0,0.0,0.0,396397310.05,0.0
SELEÇÃO CRÉDITO PLUS FIC DE FUNDOS DE INVESTIMENTO EM DIREITOS CREDITÓRIOS RESPONSABILIDADE LIMITADA,50836182000103,0.0,0.0,0.0,63895414.09,0.0
EXCELLENCE FUNDO DE INVESTIMENTO EM COTAS DE FUNDOS DE INVESTIMENTO EM DIREITOS CREDITÓRIOS,51540928000108,0.0,0.0,0.0,169475643.72,0.0
M MHX FUNDO DE INVESTIMENTO EM COTAS DE FI EM DIREITOS CREDITÓRIOS RESPONSABILIDADE LIMITADA,51815891000175,0.0,0.0,0.0,122583402.92,0.0
JCW CRÉDITO ESTRUTURADO FUNDO DE INVESTIMENTO EM COTAS DE DIREITOS CREDITÓRIOS,52272350000100,0.0,0.0,0.0,113619610.32,0.0
CRÉDITO CONSIGNADO PREFIXADO FI EM COTAS DE FI EM DIR CRED FINANCEIROS DE RESPONSABILIDADE LIMITADA,53189745000107,0.0,0.0,0.0,167330704.4,0.0
RECARGAPAY MILENIO VD II FUNDO DE INVESTIMENTO EM DIREITOS CREDITÓRIOS FINANCEIROS,53273245000159,0.0,0.0,0.0,0.0,
SKADI FUNDO DE INVESTIMENTO EM DIREITOS CREDITÓRIOS,53292874000126,0.0,0.0,0.0,0.0,
G5 F GJS FUNDO DE INVESTIMENTO EM COTAS DE FUNDO DE INVESTIMENTO EM DIREITOS CREDITÓRIOS,53880657000157,0.0,0.0,0.0,189618047.66,0.0
KINGSTON CREDIT HIGH YLD FI EM COTAS DE FUNDOS DE INVESTIMENTO EM DIREITOS CREDITORIOS,54195977000130,0.0,0.0,0.0,103683128.26,0.0
PROSPERUS FUNDO DE INVESTIMENTO EM DIREITOS CREDITÓRIOS RESP. ILIMITADA,54374043000166,0.0,0.0,0.0,34840694.21,0.0
HYDRO FUNDO DE INVESTIMENTO EM DIREITOS CREDITÓRIOS - RESPONSABILIDADE LIMITADA,54513173000132,0.0,0.0,0.0,0.0,
POLÍGONO BRAVO CRÉDITO PRIVADO MULTIESTRATÉGIA FUNDO DE INVESTIMENTO EM DIREITOS CREDITÓRIOS,54519672000137,0.0,0.0,0.0,1025784460.88,0.0
VK MASTER FUNDO DE INVESTIMENTO EM DIREITOS CREDITÓRIOS RESPONSABILIDADE LIMITADA,54955983000149,0.0,0.0,0.0,113247291.79,0.0
VIP FGTS FUNDO DE INVESTIMENTO EM DIREITOS CREDITÓRIOS DE RESPONSABILIDADE LIMITADA,56972917000102,0.0,0.0,0.0,0.0,
LCM ODYSSEY M2 FUNDO DE INVESTIMENTO EM DIREITOS CREDITÓRIOS RESPONSABILIDADE LIMITADA,57326317000130,0.0,0.0,0.0,64918932.79,0.0
RWM PARTENAIRES 2 FUNDO DE INVESTIMENTO EM COTAS DE FUNDO DE INVESTIMENTO EM DIREITOS CREDITÓRIOS,58231315000120,0.0,0.0,0.0,13839590.0,0.0
RR FUNDO DE INVESTIMENTO EM DIREITOS CREDITÓRIOS NÃO PADRONIZADOS,58528925000190,0.0,0.0,0.0,-43551.81,
FP FUNDO DE INVESTIMENTO EM DIREITOS CREDITÓRIOS MULTISSEGMENTOS,58861546000117,0.0,0.0,0.0,0.0,
MILÊNIO SUPERNOVA 2 FUNDO DE INVESTIMENTO EM DIREITOS CREDITÓRIOS RESPONSABILIDADE LIMITADA,59383714000179,0.0,0.0,0.0,26506819.77,0.0
HELVETIA FUNDO DE INVESTIMENTO EM COTAS DE FUNDO DE INVESTIMENTO EM DIREITOS CREDITÓRIOS,59656036000170,0.0,0.0,0.0,9949036.05,0.0
BERM FUNDO DE INVESTIMENTO EM DIREITOS CREDITÓRIOS,61734134000120,0.0,0.0,0.0,12088490.52,0.0
NOVA 4 FUNDO DE INVESTIMENTO EM COTAS DE FIDC - RESPONSABILIDADE LIMITADA,61955311000107,0.0,0.0,0.0,9356450.29,0.0
TRENTINO FUNDO DE INVESTIMENTO EM DIREITOS CREDITÓRIO,62838279000134,0.0,0.0,0.0,6848609.65,0.0
SOMMA SIENA FUNDO DE INVESTIMENTO EM COTAS DE FIDC - RESP LIMITADA,62895557000195,0.0,0.0,0.0,38331386.16,0.0
LIFT JS FIC DE FUNDOS DE INVESTIMENTO EM DIREITOS CREDITÓRIOS RESPONSABILIDADE LIMITADA,62900415000179,0.0,0.0,0.0,22633023.02,0.0
FUNDO DE INVESTIMENTO EM DIREITOS CREDITÓRIOS INTRA ZA CONSIG,63677111000157,0.0,0.0,0.0,595223.14,0.0
VQV FUNDO DE INVESTIMENTO EM COTAS DE FUNDO DE INVESTIMENTO EM DIREITOS  CREDITÓRIOS RESPONSABILIDAD,64642939000132,0.0,0.0,0.0,6254022.5,0.0
FUNDO DE INVESTIMENTO EM DIREITOS CREDITÓRIOS AUTO AVALIAR SEGMENTO FINANCEIRO RESP LIMITADA,66289666000110,0.0,0.0,0.0,3918624.14,0.0
KOMODO FUNDO DE INVESTIMENTO EM DIREITOS CREDITÓRIOS CRÉDITO CONSIGNADO PRIVADO - RESP LIMITADA,66572354000119,0.0,0.0,0.0,2273611.0,0.0
PONTAL II FUNDO DE INVESTIMENTO EM DIREITOS CREDITÓRIOS RESPONSABILIDADE LIMITADA,66710965000186,0.0,0.0,0.0,45033491.55,0.0
PAN CONSIGNADO FUNDO DE INVESTIMENTO EM DIREITOS CREDITÓRIOS RESPONSABILIDADE LIMITADA,66737102000100,0.0,0.0,0.0,1016603043.91,0.0
ABSOLUTE CIVITAS FUNDO DE INVESTIMENTO EM DIREITOS CREDITÓRIOS,66856459000108,0.0,0.0,0.0,55487471.25,0.0
SUL BRASIL PROFISSIONAL FUNDO DE INVESTIMENTO EM DIREITOS CREDITÓRIOS NÃO PADRONIZADO MULTISSETORIAL,09257784000102,0.0,0.0,0.0,0.0,
INCENTIVO MULTISETORIAL I - FIDC,10896292000146,0.0,0.0,0.0,4069414.36,0.0
FC4 FIC DE FUNDO DE INVESTIMENTO EM DIREITOS CREDITÓRIOS RESPONSABILIDADE LIMITADA,12660458000156,0.0,0.0,0.0,-539511.02,
FUNDO DE INVESTIMENTO EM COTAS DE  FUNDOS DE INVESTIMENTO EM DIREITOS CREDITÓRIOS RED H,14132177000156,0.0,0.0,0.0,1035718461.82,0.0
RUBI FUNDO DE INVESTIMENTO EM DIREITOS CREDITÓRIOS MULTISETORIAL - RESPONSABILIDADE LIMITADA,19187286000194,0.0,0.0,0.0,0.0,
MCA CRÉDITO PRIVADO FUNDO DE INVESTIMENTO EM COTAS DE FUNDOS DE  INVESTIMENTO EM DIREITOS CREDITÓRIO,19392834000118,0.0,0.0,0.0,1234132292.78,0.0
SPECIAL SITUATIONS I FI EM COTAS DE FUNDO DE INVESTIMENTO EM DIREITOS CREDITÓRIOS MULTICARTEIRA,20997818000138,0.0,0.0,0.0,8891960.55,0.0
NOBEL FUNDO DE INVESTIMENTO EM COTAS DE FUNDOS DE INVESTIMENTO EM DIREITOS CREDITÓRIOS,23980344000100,0.0,0.0,0.0,37934543.49,0.0
CIPA FUNDO DE INVESTIMENTO EM COTAS DE FUNDOS DE INVESTIMENTO EM DIREITOS CREDITORIOS,24331364000112,0.0,0.0,0.0,100815150.63,0.0
EUROPA FUNDO DE INVESTIMENTO EM COTAS DE FUNDOS DE INVESTIMENTO EM DIREITOS CREDITÓRIOS,24797980000163,0.0,0.0,0.0,90076731.33,0.0
RESQ II FUNDO DE INVESTIMENTO EM COTAS DE FUNDOS DE INVESTIMENTO EM DIREITOS CREDITÓRIOS NP,27944627000157,0.0,0.0,0.0,252514001.85,0.0
ZEUS FUNDO DE INVESTIMENTO EM DIREITOS CREDITÓRIOS NÃO PADRONIZADOS,30283991000128,0.0,0.0,0.0,988619.76,0.0
M8 CREDIT STRATEGY PLUS FIC DE FUNDO DE INVESTIMENTO EM DIREITOS CREDITÓRIOS,32300395000134,0.0,0.0,0.0,255092991.09,0.0
DCASH FUNDO DE INVESTIMENTO EM COTAS DE FUNDOS DE INVESTIMENTO EM DIREITOS CREDITÓRIOS,32999032000139,0.0,0.0,0.0,82259899.93,0.0
SALERNO FUNDO DE INVESTIMENTO EM COTAS DE FUNDOS DE INVESTIMENTO EM DIREITOS CREDITÓRIOS,37012270000122,0.0,0.0,0.0,306639700.81,0.0
BRAVE RAGNAR FUNDO DE INVESTIMENTO EM COTAS DE FUNDO DE INVESTIMENTO EM DIREITOS CREDITÓRIOS,41163552000106,0.0,0.0,0.0,7084851.62,0.0
TK FUNDO DE INVESTIMENTO EM COTAS DE FUNDO DE INVESTIMENTO EM DIREITOS CREDITÓRIOS,41341126000107,0.0,0.0,0.0,190014670.48,0.0
JASPE FUNDO DE INVESTIMENTO EM DIREITOS CREDITÓRIOS RESPONSABILIDADE LIMITADA,41970246000173,0.0,0.0,0.0,0.0,
GRUPO H FUNDO DE INVESTIMENTO EM DIREITOS CREDITÓRIOS,42404812000142,0.0,0.0,0.0,76972227.22,0.0
GHIA SUL 90 FIC DE FUNDOS DE INVESTIMENTOS EM DIREITOS CREDITÓRIOS RESP LIMITADA,43105224000170,0.0,0.0,0.0,142499402.84,0.0
JURUENA FUNDO DE  INVESTIMENTO EM DIREITOS CREDITÓRIOS,45145168000123,0.0,0.0,0.0,41340002.93,0.0
MR FUNDO DE INVESTIMENTO EM COTAS DE FUNDOS DE INVESTIMENTO EM DIREITOS CREDITÓRIOS,45777614000112,0.0,0.0,0.0,46432892.69,0.0
SALVADOR CAPITAL FUNDO DE INVESTIMENTO EM DIREITOS CREDITÓRIOS,49087632000123,0.0,0.0,0.0,0.0,
SCORE MASTER I FUNDO DE INVESTIMENTO EM COTAS DE FUNDOS DE INVESTIMENTO EM DIREITOS CREDITÓRIOS,49571859000140,0.0,0.0,0.0,282465627.27,0.0
SIG II FC FUNDOS DE INVESTIMENTO EM  DIREITOS CREDITÓRIOS - RESPONSABILIDADE LIMITADA,49597691000141,0.0,0.0,0.0,73527843.05,0.0
ALGARVE AMAZÔNIA CO-INVEST FUNDO DE INVESTIMENTO EM COTAS DE FIDC RESPONSABILIDADE LIMITADA,49743793000128,0.0,0.0,0.0,32110887.24,0.0
ALGARVE AMAZÔNIA FUNDO DE INVESTIMENTO EM COTAS DE FIDC DE RESPONSABILIDADE LIMITADA,49744510000162,0.0,0.0,0.0,96657597.42,0.0
ID FY FUNDO DE INVESTIMENTO EM COTAS DE FUNDO DE INVESTIMENTO EM DIREITOS CREDITORIOS RESP LIMITADA,50311731000126,0.0,0.0,0.0,93427295.38,0.0
STRUTTURA AGRO FUNDO DE INVESTIMENTO EM DIREITOS CREDITÓRIOS DO AGRONEGÓCIO DE RESPONSABILIDADE LTDA,50519168000186,0.0,0.0,0.0,78290.63,0.0
READING FUNDO DE INVESTIMENTO EM DIREITOS CREDITÓRIOS NÃO-PADRONIZADOS RESPONSABILIDADE LIMITADA,50818107000110,0.0,0.0,0.0,0.0,
CATALISE FUNDO DE INVESTIMENTO EM COTAS DE FIDC DE RESPONSABILIDADE LIMITADA,51765082000104,0.0,0.0,0.0,215604899.19,0.0
EVERBLUE FUNDO DE INVESTIMENTO EM COTAS DE FUNDO DE INVESTIMENTO EM DIREITOS CREDITÓRIOS,52099923000146,0.0,0.0,0.0,28517435.29,0.0
QUATÁ EXCLUSIVE FGTS FUNDO DE INVESTIMENTO EM DIREITOS CREDITÓRIOS - RESPONSABILIDADE LIMITADA,52110606000183,0.0,0.0,0.0,0.0,
FUNDO DE INVESTIMENTO EM COTAS DE FUNDO DE INVESTIMENTO EM DIREITOS CREDITÓRIOS PARAGUAÇU I,52203566000114,0.0,0.0,0.0,14586872.49,0.0
PSS ESPECTRO FUNDO DE INVESTIMENTO EM DIREITOS CREDITÓRIOS,53961195000100,0.0,0.0,0.0,151186365.26,0.0
LC II FUNDO DE INVESTIMENTO EM COTAS DE FUNDO DE INVESTIMENTO EM DIREITOS CREDITÓRIOS,54153956000152,0.0,0.0,0.0,31108881.66,0.0
GANDRIA FUNDO DE INVESTIMENTO EM DIREITOS CREDITÓRIOS NÃO-PADRONIZADOS,54503197000100,0.0,0.0,0.0,1468055.06,0.0
NORTH FUNDO DE INVESTIMENTO EM DIREITOS CREDITÓRIOS RESPONSABILIDADE LIMITADA,54792266000143,0.0,0.0,0.0,147774689.39,0.0
ARTESANAL PFN 2 FUNDO DE INVESTIMENTO EM COTAS DE FIDC DE RESPONSABILIDADE LIMITADA,54994713000147,0.0,0.0,0.0,58969093.0,0.0
MORE 051 FI EM COTAS DE FUNDOS DE INVESTIMENTO EM DIREITOS CREDITÓRIOS RESPONSABILIDADE LIMITADA,55898553000103,0.0,0.0,0.0,26005167.66,0.0
FUNDO DE INVESTIMENTO EM COTAS DE FI EM DIREITOS  CREDITORIOS SRM EXODUS - RESPONSABILIDADE LIMITADA,55912292000120,0.0,0.0,0.0,255050160.31,0.0
KOLI FUNDO DE INVESTIMENTO EM COTAS DE FUNDOS DE INVESTIMENTO EM DIREITOS CREDITÓRIOS,55929907000121,0.0,0.0,0.0,164267096.37,0.0
REVO FUNDO DE INVESTIMENTO EM COTAS DE FUNDO DE INVESTIMENTO EM DIREITOS CREDITÓRIOS,56322644000150,0.0,0.0,0.0,42086124.21,0.0
TK 90 FUNDO DE INVESTIMENTO EM COTAS DE FUNDOS DE INVESTIMENTO EM DIREITOS CREDITÓRIOS RL,56984405000166,0.0,0.0,0.0,17346588.83,0.0
ASPEN SUB FUNDO DE INVESTIMENTO EM COTAS DE FUNDOS DE INVESTIMENTO EM DIREITOS CREDITÓRIOS,57391848000106,0.0,0.0,0.0,30099692.19,0.0
ELITE YIELD FUNDO DE INVESTIMENTO EM COTAS DE FUNDOS DE INVESTIMENTO EM DIREITOS CREDITÓRIOS,57888289000144,0.0,0.0,0.0,13125635.08,0.0
QUATÁ 60 FIC DE FUNDO DE INVESTIMENTO EM DIREITOS CREDITÓRIOS - RESPONSABILIDADE LIMITADA,58364147000140,0.0,0.0,0.0,11119346.66,0.0
TURBI FUNDO DE INVESTIMENTO EM COTAS DE FUNDOS DE INVESTIMENTO EM DIREITOS  CREDITÓRIOS,59118969000104,0.0,0.0,0.0,135638588.02,0.0
VITAE FI EM COTAS DE FUNDOS DE INVESTIMENTO EM DIREITOS CREDITÓRIOS  RESPONSABILIDADE LIMITADA,59357545000100,0.0,0.0,0.0,4609698.61,0.0
ITAÚ PIRINEUS III PRIVATE MARKETS PRIVATE FIC DE FI EM DIREITOS CREDITÓRIOS DE INFRA RESP LIMITADA,59773387000161,0.0,0.0,0.0,289213926.41,0.0
ITAÚ PIRINEUS III PRIVATE MARKETS FIC DE FI EM DIREITOS CREDITÓRIOS DE INFRA RESP LIMITADA,59773538000181,0.0,0.0,0.0,261596805.1,0.0
CALIFORNIA FIC FIDC MULTISSETORIAL DE RESPONSABILIDADE LIMITADA,59998925000116,0.0,0.0,0.0,46918742.41,0.0
CLASSE UNICA - PROMETHEUS FIC FIDC - RESPONSABILIDADE LIMITADA,60094903000100,0.0,0.0,0.0,54320137.88,0.0
ASA FUNDO DE INVESTIMENTO EM COTAS DE FIDC 30 RESPONSABILIDADE LIMITADA,60369959000120,0.0,0.0,0.0,20411606.04,0.0
CLASSE II DO TUNDRA FIDC DE RESPONSABILIDADE LIMITADA,60602623000166,0.0,0.0,0.0,7191065.37,0.0
CAIXA MULTIGESTOR FIC DE FIDC RESPONSABILIDADE LIMITADA,60956871000105,0.0,0.0,0.0,522248713.87,0.0
VERONA FUNDO DE INVESTIMENTOS EM COTAS DE FUNDOS DE INVESTIMENTO EM DIREITOS CREDITORIOS,61331497000115,0.0,0.0,0.0,47370806.65,0.0
ST 1025 FUNDO DE INVESTIMENTO EM DIREITOS CREDITÓRIOS RESPONSABILIDADE LIMITADA,61386823000191,0.0,0.0,0.0,0.0,
ARTESANAL CDI + FIDC III FUNDO DE INVESTIMENTO EM DIREITOS CREDITÓRIOS - RESPONSABILIDADE LIMITADA,62017163000134,0.0,0.0,0.0,300047870.17,0.0
ROOT CAPITAL HIGH YIELD RADICE T180 FUNDO DE INVESTIMENTO EM DIREITOS  CREDITÓRIOS,62309202000177,0.0,0.0,0.0,55075967.41,0.0
SOMACRED CRÉDITO ESTRUTURADO FIC DE FUNDOS DE INVESTIMENTO EM DIREITOS CREDITÓRIOS,62522015000177,0.0,0.0,0.0,13923282.07,0.0
PAYJOY II FUNDO DE INVESTIMENTO EM DIREITOS CREDITÓRIOS RECEBÍVEIS COMERCIAIS,62639652000128,0.0,0.0,0.0,5421273.75,0.0
PNT FUNDO DE INVESTIMENTO EM DIREITOS CREDITÓRIOS,62913497000196,0.0,0.0,0.0,0.0,
ESTALEIRINHO FUNDO DE INVESTIMENTO EM COTAS DE FUNDOS DE INVESTIMENTO EM DIREITOS CREDITÓRIOS,63218738000140,0.0,0.0,0.0,55507370.47,0.0
JGP ESTRUTURADOS IV FUNDO DE INVESTIMENTO EM DIREITOS CREDITÓRIOS - RESPONSABILIDADE LIMITADA,63483640000110,0.0,0.0,0.0,18576561.75,0.0
WCP ROCK FIC FUNDOS DE INVESTIMENTO EM DIREITOS CREDITÓRIOS DE RESPONSABILIDADE LIMITADA,64112767000195,0.0,0.0,0.0,25398805.09,0.0
PASSAÚNA FUNDO DE INVESTIMENTO EM COTAS DE FUNDOS DE INVESTIMENTO EM DIREITOS CREDITÓRIOS RESP LIMIT,64406642000178,0.0,0.0,0.0,3206024.6,0.0
SYNTHEKE FUNDO DE INVESTIMENTO EM COTAS DE FUNDO DE INVESTIMENTO EM DIREITOS CREDITÓRIOS,64895700000174,0.0,0.0,0.0,6864894.75,0.0
GENESIS FI EM COTAS DE FUNDO DE INVESTIMENTO EM DIREITOS  CREDITÓRIOS  RESPONSABILIDADE LIMITADA,65619110000181,0.0,0.0,0.0,10223427.38,0.0
TUERI 30 FUNDO DE INVESTIMENTO EM COTAS DE FUNDO DE INVESTIMENTO EM DIREITOS CREDITÓRIOS RL,66587464000154,0.0,0.0,0.0,9381044.91,0.0
FUNDO DE INVESTIMENTO EM DIREITOS CREDITÓRIOS - FIDC PREMIUM EM LIQUIDAÇÃO,06018364000185,0.0,0.0,0.0,47833.33,0.0
FUNDO DE INVESTIMENTO EM DIREITOS CREDITÓRIOS MULTISETORIAL MASTER III,12138813000121,0.0,0.0,0.0,0.0,
DANIELE FUNDO DE INVEST EM COTAS DE FUNDOS DE INVESTIMENTO EM DIREITOS CREDITÓRIOS MULTISEGMENTOS,13005223000193,0.0,0.0,0.0,724029633.13,0.0
OURO PRETO FUNDO DE INVESTIMENTO EM COTAS DE FUNDOS DE INVESTIMENTO EM DIREITOS CREDITÓRIOS,14171578000115,0.0,0.0,0.0,1348920016.15,0.0
BELSUL 500 FUNDO DE INVESTIMENTO EM DIREITOS CREDITORIOS,20227405000174,0.0,0.0,0.0,0.0,
LIVE FUNDO DE INVESTIMENTO EM DIREITOS CREDITÓRIOS MULTISEGMENTOS,23200278000108,0.0,0.0,0.0,33737825.12,0.0
CONSIGA MAIS FUNDO DE INVESTIMENTO EM DIREITOS CREDITÓRIOS,23521077000102,0.0,0.0,0.0,0.0,
TREVYS FUNDO DE INVESTIMENTO EM COTAS DE FUNDOS DE INVESTIMENTO EM DIREITOS CREDITÓRIOS,28819664000104,0.0,0.0,0.0,17362334.92,0.0
MULTIFRIGO FUNDO DE INVESTIMENTO EM DIREITOS CREDITÓRIOS,29243005000127,0.0,0.0,0.0,22574483.64,0.0
ATF I FUNDO DE INVESTIMENTO EM DIREITOS CREDITÓRIOS - RESPONSABILIDADE LIMITADA,30284028000169,0.0,0.0,0.0,0.0,
QI EI FUNDO DE INVESTIMENTO EM COTAS DE FUNDOS DE INVESTIMENTOS EM DIREITOS CREDITÓRIOS,31353300000188,0.0,0.0,0.0,25650446.23,0.0
G5 F DELTA II FUNDO DE INVESTIMENTO EM COTAS DE FUNDOS DE INVESTIMENTO EM DIREITOS CREDITÓRIOS,34337213000125,0.0,0.0,0.0,14193026.08,0.0
SPECIALE BRAVE HIGH YIELD FI EM COTAS DE FUNDOS DE INVESTIMENTOS EM DIREITOS CRED RESPON LIMITADA,36013923000125,0.0,0.0,0.0,374946150.67,0.0
SOMMA POSITANO FUNDO DE INVESTIMENTO EM COTAS DE FUNDO DE INVESTIMENTO EM DIREITOS CREDITÓRIOS,36113052000111,0.0,0.0,0.0,31441186.06,0.0
NITRO FUNDO DE INVESTIMENTO EM COTAS DE FUNDOS DE INVESTIMENTO EM DIREITOS CREDITÓRIOS,36986752000110,0.0,0.0,0.0,15945463.36,0.0
OPENCO FUNDO DE INVESTIMENTO EM DIREITOS CREDITORIOS,37606580000175,0.0,0.0,0.0,0.0,
AQUILA BR FUNDO DE INVESTIMENTO EM DIREITOS CREDITÓRIOS - RESPONSABILIDADE LIMITADA,38315167000114,0.0,0.0,0.0,1224662.16,0.0
EVEREST K2 FUNDO DE INVESTIMENTO EM COTAS DE FUNDO DE INVESTIMENTO EM DIREITOS CREDITÓRIOS,39469191000170,0.0,0.0,0.0,4509361.65,0.0
ACCESS FUNDO DE INVESTIMENTO EM COTAS DE FUNDOS DE INVESTIMENTO EM DIREITOS CREDITÓRIOS,41351648000190,0.0,0.0,0.0,26019848.0,0.0
ORRAM FUNDO DE INVESTIMENTO EM COTAS DE DIREITOS CREDITÓRIOS RESPONSABILIDADE LIMITADA,41866042000197,0.0,0.0,0.0,87867350.59,0.0
EXES SPECIAL OPPORTUNITIES FUNDO DE INVESTIMENTO EM DIREITOS CREDITÓRIOS,44173493000137,0.0,0.0,0.0,130846277.76,0.0
PLATINA 137 FUNDO DE INVESTIMENTO EM DIREITOS CREDITÓRIOS,44574109000108,0.0,0.0,0.0,18243396.15,0.0
NEB II FUNDO DE INVESTIMENTO EM DIREITOS CREDITÓRIOS RESPONSABILIDADE LIMITADA,45355605000133,0.0,0.0,0.0,2317458.84,0.0
MONARCA FI EM COTAS DE FUNDOS DE INVESTIMENTO EM DIREITOS  CREDITÓRIOS RESPONSABILIDADE LIMITADA,45721977000136,0.0,0.0,0.0,183428652.55,0.0
SOLIS NOCTUA FUNDO DE INVESTIMENTO EM COTAS DE FUNDOS DE INVESTIMENTO EM DIREITOS CREDITÓRIOS,46464743000113,0.0,0.0,0.0,48359231.33,0.0
JOURNEY CAPITAL CRÉDITO ESTRUTURADO 120 MASTER FI EM COTAS DE FI EM DIREITOS CREDITORIOS,47775400000132,0.0,0.0,0.0,162222364.75,0.0
VKR FUNDO DE INVESTIMENTO EM COTAS DE FUNDO DE INVESTIMENTO EM DIREITOS CREDITÓRIOS,47862169000114,0.0,0.0,0.0,13109046.57,0.0
BRAVE BWM FUNDO DE INVESTIMENTO EM COTAS DE FUNDOS DE INVESTIMENTO EM  DIREITOS CREDITÓRIOS,49089398000173,0.0,0.0,0.0,205816995.94,0.0
M M CA FUNDO DE INVESTIMENTO EM COTAS DE FI EM DIREITOS CREDITÓRIOS RESPONSABILIDADE LIMITADA,49793563000173,0.0,0.0,0.0,150919281.21,0.0
SIG VI FC FUNDOS DE INVESTIMENTO EM DIREITOS CREDITÓRIOS -  RESPONSABILIDADE LIMITADA,50107743000133,0.0,0.0,0.0,59369000.5,0.0
ST 1004 FUNDO DE INVESTIMENTO EM DIREITOS CREDITÓRIOS RESPONSABILIDADE LIMITADA,52997952000125,0.0,0.0,0.0,116618.44,0.0
FUNDO DE INVESTIMENTO EM COTAS DE FUNDOS DE INVESTIMENTO EM DIREITOS CREDITÓRIOS ALUMIE,53314618000192,0.0,0.0,0.0,58530846.64,0.0
QI LOANS FUNDO DE INVESTIMENTO EM DIREITOS CREDITÓRIOS,53505712000129,0.0,0.0,0.0,10484431.47,0.0
OPEN 365 FUNDO DE INVESTIMENTO EM DIREITOS CREDITÓRIOS  FINANCEIRO - RESPONSABILIDADE LIMITADA,54148306000119,0.0,0.0,0.0,0.0,
GIDEON FUNDO DE INVESTIMENTO EM COTAS DE FUNDOS DE INVESTIMENTO DIREITOS CREDITÓRIOS RL,54316081000162,0.0,0.0,0.0,43509780.21,0.0
NEST FENIX FI EM COTAS DE FUNDOS DE INVESTIMENTO EM DIREITOS CREDITÓRIOS RESPONSABILIDADE LIMITADA,54480590000126,0.0,0.0,0.0,11728512.7,0.0
COBUCCIO EMPRÉSTIMOS INSS FUNDO DE INVESTIMENTO EM DIREITOS CREDITÓRIOS DE CLASSE ÚNICA FECHADA,54582555000118,0.0,0.0,0.0,0.0,
PINPAG FUNDO DE INVESTIMENTO EM DIREITOS CREDITÓRIOS RESPONSABILIDADE LIMITADA,54851716000121,0.0,0.0,0.0,0.0,
VAREJO ENERGIA FUNDO DE INVESTIMENTO EM DIREITOS CREDITÓRIOS,54856897000189,0.0,0.0,0.0,0.0,
SOLIS CAPITAL ANTARES PIONEIRO FUNDO DE INVESTIMENTO EM COTAS DE FUNDOS DE INVESTIMENTO EM DIREITOS,55318040000178,0.0,0.0,0.0,1082756618.4,0.0
WESTERN ASSET HIGH GRADE ONE FI EM COTAS DE FI EM DIREITOS CREDITORIOS RESPONSABILIDADE LIMITADA,55507846000104,0.0,0.0,0.0,255916020.17,0.0
ST 1011 FUNDO DE INVESTIMENTO EM DIREITOS CREDITÓRIOS RESPONSABILIDADE LIMITADA,55768038000109,0.0,0.0,0.0,0.0,
ORRAM ESTRUTURADO FIC DE FUNDOS DE INVESTIMENTO EM DIREITOS CREDITÓRIOS - RESPONSABILIDADE LIMITADA,55835986000101,0.0,0.0,0.0,48154004.44,0.0
RPA FUNDO DE INVESTIMENTO EM COTAS DE FUNDO DE INVESTIMENTO EM DIREITOS CREDITÓRIOS,55966815000111,0.0,0.0,0.0,26327139.92,0.0
BB CLAIM FUNDO DE INVESTIMENTO EM DIREITOS CREDITÓRIOS NÃO PADRONIZADOS,56045805000106,0.0,0.0,0.0,1800810921.71,0.0
M7 CAPITAL FUNDO DE INVESTIMENTO EM COTAS DE FUNDO DE INVESTIMENTO EM DIREITOS CREDITÓRIOS-RESP LIM,57025352000119,0.0,0.0,0.0,9197449.54,0.0
BIAJU FUNDO DE INVESTIMENTO EM COTAS DE FUNDO DE INVESTIMENTO EM DIREITOS CREDITÓRIOS,57284621000161,0.0,0.0,0.0,37772896.45,0.0
FEATBANK FUNDO DE INVESTIMENTO EM DIREITOS CREDITÓRIOS,57420245000195,0.0,0.0,0.0,5725472.99,0.0
F4RES FUNDO DE INVESTIMENTO EM DIREITOS CREDITÓRIOS RESPONSABILIDADE LIMITADA,57441997000132,0.0,0.0,0.0,0.0,
SETENTRIONAL I FI EM COTAS DE FUNDO DE INVESTIMENTO EM  DIREITOS CREDITÓRIOS - RESP LIMITADA,58011272000177,0.0,0.0,0.0,170097931.06,0.0
PLGN AUTO LOANS I FEEDER FI EM COTAS DE FUNDO DE INVESTIMENTO EM DIREITOS CREDITÓRIOS,58328083000122,0.0,0.0,0.0,112681057.83,0.0
GOPIN FUNDO DE INVESTIMENTO EM COTAS DE FUNDO DE INVESTIMENTO EM DIREITOS CREDITÓRIOS,59260452000155,0.0,0.0,0.0,39742976.58,0.0
HURST PARTNERS FUNDO DE INVESTIMENTO EM COTAS DE FUNDOS DE INVESTIMENTO EM DIREITOS CREDITÓRIOS,59291327000102,0.0,0.0,0.0,8715997.3,0.0
CAURIS FUNDO DE INVESTIMENTO EM COTAS DE FUNDO DE  INVESTIMENTO EM DIREITOS CREDITÓRIOS,59450268000178,0.0,0.0,0.0,40366667.45,0.0
FLOW CARD FUNDO DE INVESTIMENTO EM DIREITOS CREDITÓRIOS - RESPONSABILIDADE LIMITADA,59511264000152,0.0,0.0,0.0,0.0,
AROEIRA HIGH YIELD FC FIDC  RESPONSABILIDADE LIMITADA,59706599000126,0.0,0.0,0.0,3816399.65,0.0
ORRAM PARTNERS FUNDO DE INVESTIMENTO EM DIREITOS CREDITÓRIOS,59825500000105,0.0,0.0,0.0,22357365.35,0.0
XP KAMINO FUNDO DE INVESTIMENTO EM COTAS DE DIREITOS CREDITÓRIOS RESPONSABILIDADE LIMITADA,59986749000100,0.0,0.0,0.0,18871035.27,0.0
CEOPAG CREDIT STRATEGY FIDC RECEBÍVEIS COMERCIAIS RESPONSABILIDADE LIMITADA,60049648000184,0.0,0.0,0.0,0.0,
ASA FIC FIDC D1 RESPONSABILIDADE LIMITADA,60369537000155,0.0,0.0,0.0,137974246.34,0.0
INTER FC DE FUNDOS DE INVESTIMENTO EM DIREITOS CREDITÓRIOS RESPONSABILIDADE LIMITADA,60606404000155,0.0,0.0,0.0,67381760.38,0.0
FUNDO DE INVESTIMENTO EM COTAS DE FUNDO DE INVESTIMENTO EM DIREITOS CREDITÓRIOS NAPOLI VESUVIO,60741989000116,0.0,0.0,0.0,7140345.37,0.0
ELO ADVISOR SUB FUNDO DE INVESTIMENTO EM COTAS DE FUNDOS DE INVESTIMENTO EM DIREITOS CREDITÓRIOS,61061603000198,0.0,0.0,0.0,24517182.89,0.0
ORRAM ALOCAÇÃO FUNDO DE INVESTIMENTO EM COTAS DE FIDC - RESPONSABILIDADE LIMITIDA,61289877000139,0.0,0.0,0.0,59539407.76,0.0
EMP SOLIS FUNDO DE INVESTIMENTO EM COTAS DE FUNDOS DE INVESTIMENTO EM DIREITOS CREDITÓRIOS,61747497000109,0.0,0.0,0.0,9757005.15,0.0
PRISMA AUTO LOANS FUNDO DE INVESTIMENTO EM DIREITOS CREDITÓRIOS,62303024000177,0.0,0.0,0.0,319461732.47,0.0
GIRO CRÉDITO FUNDO DE INVESTIMENTO EM DIREITOS CREDITÓRIOS,62682937000141,0.0,0.0,0.0,11266088.1,0.0
ALCÁCER FUNDO DE INVESTIMENTO EM DIREITOS CREDITÓRIOS,63016425000109,0.0,0.0,0.0,256243155.75,0.0
NAD CAPITAL OSHER FUNDO DE INVESTIMENTO EM DIREITOS CREDITÓRIOS,63462870000100,0.0,0.0,0.0,1128790.66,0.0
BRM CARBYNE CRÉDITO ESTRUTURADO FIC DE FUNDOS DE INVESTIMENTO EM DIREITOS CREDITÓRIOS RESP LIMITADA,63649987000190,0.0,0.0,0.0,147994933.76,0.0
BRAVE 180 FUNDO DE INVESTIMENTO EM COTAS DE FUNDOS DE INVESTIMENTO EM DIREITOS CREDITÓRIOS,63762704000111,0.0,0.0,0.0,37245885.25,0.0
ITAIM SUB FUNDO DE INVESTIMENTO EM DIREITOS CREDITÓRIOS - RESPONSABILIDADE LIMITADA,63975281000118,0.0,0.0,0.0,11926153.95,0.0
COMMANDER  ESTRUTURADO II 180 FCFIDC RESPONSABILIDADE LIMITAD,64436459000115,0.0,0.0,0.0,11993215.51,0.0
AUSTER CAPITAL ESTRATÉGIA FIDC RESP LTDA,66573108000181,0.0,0.0,0.0,13204141.27,0.0
ACCESS 1 FUNDO DE INVESTIMENTO EM COTAS DE FIDC - RESPONSABILIDADE LIMITADA,09217017000170,0.0,0.0,0.0,79700375.04,0.0
FUNDO DE INVESTIMENTO EM QUOTAS DE FUNDO DE INVESTIMENTO EM DIREITOS CREDITÓRIOS NÃO PADRONIZADO SRM,09260031000156,0.0,0.0,0.0,80996734.05,0.0
MONEFY FUNDO DE INVESTIMENTO EM DIREITOS CREDITÓRIOS MULTISSETORIAL RESPONSABILIDADE LIMITADA,25354121000162,0.0,0.0,0.0,0.0,
AUSA FUNDO DE INVESTIMENTO EM DIREITOS CREDITÓRIOS NÃO PADRONIZADO IMOBILIÁRIO,26142903000109,0.0,0.0,0.0,0.0,
VERITAS FORSETI 2 FUNDO DE INVESTIMENTO EM DIREITOS CREDITÓRIOS-NÃO PADRONIZADO,26488875000178,0.0,0.0,0.0,0.0,
JAZZ FUNDO DE INVESTIMENTO EM COTAS DE FUNDOS DE INVESTIMENTO EM DIREITOS  CREDITÓRIOS,32274315000113,0.0,0.0,0.0,412994404.8,0.0
ARKOS FUNDO DE INVESTIMENTO EM COTAS DE FUNDOS DE INVESTIMENTO EM DIREITOS CREDITÓRIOS,32287668000158,0.0,0.0,0.0,2588600.73,0.0
ASPEN FUNDO DE INVESTIMENTO EM COTAS DE FIDC DE RESPONSABILIDADE LIMITADA,33269968000177,0.0,0.0,0.0,485403495.17,0.0
BLESSED FUNDO DE INVESTIMENTO EM DIREITOS CREDITÓRIOS NÃO - PADRONIZADOS,34218194000118,0.0,0.0,0.0,35583776.14,0.0
G5 STAR FUNDO DE INVESTIMENTO EM DIREITOS CREDITÓRIOS - NÃO PADRONIZADOS,37053227000105,0.0,0.0,0.0,0.0,
ARTESANAL REAL ESTATE FUNDO DE INVESTIMENTO EM DIREITOS CREDITÓRIOS,37406818000119,0.0,0.0,0.0,102223115.59,0.0
KP CP 35 FUNDO DE INVESTIMENTO EM DIREITOS CREDITÓRIOS RESPONSABILIDADE LIMITADA,38221267000181,0.0,0.0,0.0,604966796.96,0.0
WAVE FIC DE FUNDOS DE INVESTIMENTO EM DIREITOS CREDITÓRIOS - RESPONSABILIDADE LIMITADA,38315067000198,0.0,0.0,0.0,9538410.36,0.0
STARTER FUNDO DE INVESTIMENTO EM DIREITOS CREDITÓRIOS,39380171000129,0.0,0.0,0.0,229795917.25,0.0
TUPER FUNDO DE INVESTIMENTO EM DIREITOS CREDITÓRIOS,39769157000111,0.0,0.0,0.0,0.0,
CETER FIC FIDC DE RESPONSABILIDADE ILIMITADA,39806561000118,0.0,0.0,0.0,281779509.47,0.0
AUGME VERT FINTECHS & OPORTUNIDADES ESPECIAIS FIDC DE RESPONSABILIDADE LIMITADA,41218955000105,0.0,0.0,0.0,0.0,
SSE FUNDO DE INVESTIMENTO EM COTAS DE FUNDOS DE INVESTIMENTO EM DIREITOS CREDITÓRIOS NÃO PADRONIZADO,41673339000136,0.0,0.0,0.0,316669615.39,0.0
GRÃO YIELD CLASSE DE INVESTIMENTO EM COTAS DE CLASSES DE INVESTIMENTO EM DIREITOS CREDITÓRIOS,42934790000122,0.0,0.0,0.0,156161063.86,0.0
OASIS FUNDO DE INVESTIMENTO EM COTAS DE DIREITOS CREDITÓRIOS,43861501000175,0.0,0.0,0.0,201713003.24,0.0
SUPER RENDA MENSAL FUNDO DE INVESTIMENTO EM COTAS DE FIDC - RESPONSABILIDADE LIMITADA,44173512000125,0.0,0.0,0.0,103462019.7,0.0
XP CREDIT SELECTION FIC DE FIDC RESPONSABILIDADE LIMITADA,44178497000108,0.0,0.0,0.0,306929277.53,0.0
HR FUNDO DE INVESTIMENTO EM DIREITOS CREDITÓRIOS  FINANCEIRO - RESPONSABILIDADE LIMITADA,45018911000184,0.0,0.0,0.0,0.0,
QI CRÉDITO PRIVADO PLUS FI EM COTAS DE FI EM EM DIREITOS CREDITÓRIOS,45653388000168,0.0,0.0,0.0,125761661.07,0.0
OP QI FUNDO DE INVESTIMENTO EM COTAS DE FUNDOS DE INVESTIMENTO EM DIREITOS CREDITÓRIOS,45756256000161,0.0,0.0,0.0,27713574.59,0.0
RESERVA BLACK FUNDO DE INVESTIMENTO EM COTAS DE FUNDOS DE INVESTIMENTO EM DIREITOS CREDITÓRIOS,45953169000102,0.0,0.0,0.0,54306309.19,0.0
G5 FINTECH II FUNDO DE INVESTIMENTO EM COTAS DE FUNDOS DE INVESTIMENTO EM DIREITOS CREDITÓRIOS,46331116000104,0.0,0.0,0.0,40561702.62,0.0
VASTO FUNDO DE INVESTIMENTO EM DIREITOS CREDITÓRIOS,47168064000160,0.0,0.0,0.0,0.0,
JER II FUNDO DE INVESTIMENTO EM DIREITOS CREDITÓRIOS RESPONSABILIDADE LIMITADA,48279617000114,0.0,0.0,0.0,0.0,
BADWATER FUNDO DE INVESTIMENTO EM DIREITOS CREDITÓRIOS NÃO-PADRONIZADO,48960844000100,0.0,0.0,0.0,21692.17,0.0
ASA LONGO PRAZO FUNDO DE INVESTIMENTO EM COTAS DE FUNDO DE INVEST EM DIREITOS CREDITÓRIOS RESP. LTDA,49916151000183,0.0,0.0,0.0,1099424222.75,0.0
SIG VII FC FUNDOS DE INVESTIMENTO EM DIREITOS CREDITÓRIOS - RESPONSABILIDADE LIMITADA,50107049000116,0.0,0.0,0.0,55528218.59,0.0
PRINZ DISCOVERY CRÉDITO ESTRUTURADO FUNDO DE INVESTIMENTO EM COTAS DE DIREITOS CREDITÓRIOS,50443649000155,0.0,0.0,0.0,359233235.13,0.0
M CRÉDITO FUNDO DE INVESTIMENTO EM COTAS DE FI EM DIREITOS CREDITÓRIOS RESPONSABILIDADE LIMITADA,50894581000120,0.0,0.0,0.0,142147882.28,0.0
IOX 90 FUNDO DE INVESTIMENTO EM COTAS DE FUNDO DE INVESTIMENTO EM DIREITOS CREDITÓRIOS,50901127000150,0.0,0.0,0.0,15235110.17,0.0
IOX 60 FUNDO DE INVESTIMENTO EM COTAS DE FUNDO DE INVESTIMENTO EM DIREITOS CREDITÓRIOS,52178495000147,0.0,0.0,0.0,5653266.02,0.0
QI PRECATÓRIOS FUNDO DE INVESTIMENTO EM COTAS DE FIDC NP,53114587000126,0.0,0.0,0.0,38313424.21,0.0
FUNDO DE INVESTIMENTO EM COTAS DE FUNDO DE INVESTIMENTO EM DIREITOS CREDITÓRIOS ILHA DE MARÉ,53190018000160,0.0,0.0,0.0,10696902.12,0.0
XP R1 FIC DE FUNDOS DE INVESTIMENTO EM DIREITOS CREDITÓRIOS JUDICIAIS DE RESPONSABILIDADE LIMITADA,53217556000109,0.0,0.0,0.0,63465874.42,0.0
FARM M III FUNDO DE INVESTIMENTO EM  DIREITOS CREDITÓRIOS RESPONSABILIDADE LIMITADA,53257790000151,0.0,0.0,0.0,95148868.37,0.0
CRÉDITO CONSIGNADO PREFIXADO FI EM DIREITOS CREDITÓRIOS FINANCEIROS DE RESPONSABILIDADE LIMITADA,53661754000159,0.0,0.0,0.0,214024823.75,0.0
SBG II FUNDO DE INVESTIMENTO EM DIREITOS CREDITÓRIOS,54985529000130,0.0,0.0,0.0,0.0,
SOLIS RECEBÍVEIS COMERCIAIS II FI EM COTAS DE FI EM DIREITOS CREDITORIOS RESPONSABILIDADE LIMITADA,55140787000189,0.0,0.0,0.0,194958217.46,0.0
MATRI NOW FUNDO DE INVESTIMENTO EM COTAS DE FUNDO DE INVESTIMENTO EM DIREITOS CREDITÓRIOS,55296116000101,0.0,0.0,0.0,34074383.47,0.0
CLASSE ÚNICA DE COTAS DO SIMPPLIFY FUNDO DE INVESTIMENTO EM DIREITOS CREDITÓRIOS,55768864000140,0.0,0.0,0.0,17291098.05,0.0
G5 SPECIAL F SEN CDI II FI EM COTAS DE FUNDOS DE  INVESTIMENTO EM DIREITOS CREDITORIOS,55914292000160,0.0,0.0,0.0,235889125.71,0.0
CREDGAM FUNDO DE INVESTIMENTO EM DIREITOS CREDITÓRIOS RESPONSABILIDADE LIMITADA,56431135000166,0.0,0.0,0.0,0.0,
"SYNERGIE HRV FIDC DE RESPONSABILIDADE LIMITADA DOS SEGMENTOS COMERCIAL, FINANCEIRO E INDUSTRIAL",56745955000122,0.0,0.0,0.0,134076387.17,0.0
MAX 365 FUNDO DE INVESTIMENTO EM COTAS DE FUNDO DE INVESTIMENTO EM DIREITOS CREDITÓRIOS,57519386000160,0.0,0.0,0.0,6162574.49,0.0
ARTESANAL CDI+ FUNDO DE INVESTIMENTO EM COTAS DE FUNDOS DE INVESTIMENTO EM DIREITOS CREDITÓRIOS II -,57812456000173,0.0,0.0,0.0,281533922.72,0.0
BANESTES FIC MEZA I FI EM COTAS DE FI EM DIREITOS CREDITÓRIOS RESPONSABILIDADE LIMITADA,58493128000114,0.0,0.0,0.0,34324082.88,0.0
SETE CORE MASTER FUNDO DE INVESTIMENTO EM COTAS DE FUNDOS DE INVESTIMENTO EM DIREITOS CREDITÓRIOS DE,59400354000176,0.0,0.0,0.0,0.0,
PARANÁ FIDC DO SEGMENTO AGRONEGÓCIO - RESPONSABILIDADE LIMITADA,60127189000100,0.0,0.0,0.0,213498748.78,0.0
VKRV FUNDO DE INVESTIMENTO EM COTAS DE FUNDOS DE INVESTIMENTO EM DIREITOS CREDITÓRIOS,60482982000127,0.0,0.0,0.0,1898454.99,0.0
VETTA FUNDO DE INVESTIMENTO EM COTAS DE FUNDO DE INVESTIMENTO EM DIREITOS CREDITÓRIOS RESP LTDA,60512081000130,0.0,0.0,0.0,128962157.8,0.0
SOLUTIONS CDI PLUS CIC DE CLASSES DE INVESTIMENTO EM DIREITOS CREDITÓRIO - RESP LIMITADA,60800845000193,0.0,0.0,0.0,115499501.81,0.0
P12 FUNDO DE INVESTIMENTO EM DIREITOS CREDITÓRIOS,61289537000108,0.0,0.0,0.0,20379530.29,0.0
KADESH FUNDO DE INVESTIMENTO EM DIREITOS CREDITÓRIOS,61432659000101,0.0,0.0,0.0,10288255.85,0.0
KOLI VIRTA FIC FIDC RESPONSABILIDADE LIMITADA,61641879000145,0.0,0.0,0.0,24887979.0,0.0
VINLAND CRÉDITO ESTRUTURADO MASTER FUNDO DE INVESTIMENTO EM DIREITOS CREDITÓRIOS RESP LIMITADA,61987722000176,0.0,0.0,0.0,196321624.85,0.0
SOMA VP FUNDO DE  INVESTIMENTO EM COTAS DE FUNDOS DE INVESTIMENTOS EM DIREITOS CREDITÓRIOS,62103434000174,0.0,0.0,0.0,104848791.13,0.0
GUARDIAN FIC DE FUNDOS DE INVESTIMENTO EM DIREITOS CREDITÓRIOS RESPONSABILIDADE LIMITADA,62254086000136,0.0,0.0,0.0,66933630.67,0.0
AVGA CAPITAL MANACÁ PREMIUM SHIELD FUNDO DE INVESTIMENTO EM COTAS DE FIDC RESPONSABILIDADE LIMITADA,62497138000103,0.0,0.0,0.0,4102681.51,0.0
STRATEGY RENDA FIXA FUNDO DE INVESTIMENTO EM COTAS DE FUNDO DE INVESTIMENTO EM DIREITOS CREDITÓRIOS,62743103000107,0.0,0.0,0.0,13158408.28,0.0
CATÁLISE ARAUCÁRIA FUNDO DE INVESTIMENTO EM DIREITOS CREDITÓRIOS DE RESPONSABILIDADE LIMITADA,63670894000147,0.0,0.0,0.0,10681843.6,0.0
SIGMA INDIE RAIZ AGRO PERFORMADO FIDC RESPONSABILIDADE LIMITADA,63672769000176,0.0,0.0,0.0,14917582.8,0.0
FUNDO DE INVESTIMENTO EM COTAS DE FUNDO DE INVESTIMENTO EM DIREITOS CREDITÓRIOS RIZA SRM - RESPONSAB,63679105000139,0.0,0.0,0.0,66864128.68,0.0
SG CRED FUNDO DE INVESTIMENTO EM COTAS DE FUNDOS DE INVESTIMENTO EM DIREITOS CREDITÓRIOS,63951011000177,0.0,0.0,0.0,31466053.67,0.0
KATIV FUNDO DE INVESTIMENTO EM DIREITOS CREDITÓRIOS,64884451000111,0.0,0.0,0.0,6760095.47,0.0
FUNDO DE INVESTIMENTO EM DIREITOS CREDITÓRIOS NPL - ATIVOS I,65534981000100,0.0,0.0,0.0,51085055.35,0.0
POLO CAPITAL YIELD FUNDO DE INVESTIMENTO EM DIREITOS CREDITÓRIOS - RESPONSABILIDADE LIMITADA,65813874000103,0.0,0.0,0.0,107117280.42,0.0
IGUAÇU FUNDO DE INVESTIMENTO EM DIREITOS CREDITÓRIOS DE CLASSE ÚNICA FECHADA,66263596000120,0.0,0.0,0.0,111203681.55,0.0
BTG LEGATO CW II FUNDO DE INVESTIMENTO EM DIREITOS CREDITÓRIOS,66282853000171,0.0,0.0,0.0,60617803.21,0.0
SABARÁ CONSIG CLT FUNDO DE INVESTIMENTO EM DIREITOS CREDITÓRIOS,67522340000153,0.0,0.0,0.0,984544.21,0.0
FIDC TRENDBANK BANCO DE FOMENTO - MULTISETORIAL,08927488000109,0.0,0.0,0.0,0.0,
PRINCIPAL CLASSE DE INVESTIMENTO EM DIREITOS CRÉDITÓRIOS RESPONSABILIDADE LIMITADA,10462494000180,0.0,0.0,0.0,321266953.58,0.0
FC8 FI EM COTAS DE FUNDO DE INVESTIMENTO EM DIREITOS CREDITÓRIOS - RESPONSABILIDA LIMITADA,12674251000130,0.0,0.0,0.0,-2770592.08,
FUNDO DE INVESTIMENTO EM DIREITOS CREDITORIOS EMPIRICA RECARGA VIRTUAL,23957002000179,0.0,0.0,0.0,0.0,
PB FRV MIP FIC DE FUNDOS DE INVESTIMENTO EM DIREITOS CREDITÓRIOS RESPONSABILIDADE LIMITADA,24290451000179,0.0,0.0,0.0,60735655.96,0.0
AR BANK FUNDO DE INVESTIMENTO EM DIREITOS CREDITORIOS IMOBILIÁRIOS I,24445360000165,0.0,0.0,0.0,53917.13,0.0
LD FUNDO DE INVESTIMENTO EM DIREITOS CREDITÓRIOS DE RESPONSABILIDADE LIMITADA,28152199000192,0.0,0.0,0.0,159964492.3,0.0
XP CRÉDITO ESTRUTURADO DOMINUS FUNDO DE INVESTIMENTO EM DIREITOS CREDITÓRIOS RESPONSABILIDADE LIMITA,29078652000120,0.0,0.0,0.0,63069762.56,0.0
VERTIGO 45 FUNDO DE INVESTIMENTO EM DIREITOS CREDITÓRIOS SEGMENTO ECONÔMICO FINANCEIRO,29206973000163,0.0,0.0,0.0,27339502.48,0.0
CITY FUNDO DE INVESTIMENTO EM DIREITOS CREDITÓRIOS NÃO PADRONIZADO,30144066000116,0.0,0.0,0.0,772069392.13,0.0
CORTEN FUNDO DE INVESTIMENTO EM DIREITOS CREDITÓRIOS,30332628000155,0.0,0.0,0.0,18719653.09,0.0
UNIÃO FUNDO DE INVESTIMENTO EM DIREITOS CREDITÓRIOS,32525711000176,0.0,0.0,0.0,10845384.46,0.0
LANA FUNDO DE INVESTIMENTO EM DIREITOS CREDITÓRIOS - RESPONSABILIDADE LIMITADA,32948513000115,0.0,0.0,0.0,0.0,
ÁSTER FUNDO DE INVESTIMENTO EM DIREITOS CREDITÓRIOS NÃO-PADRONIZADOS,35689357000103,0.0,0.0,0.0,118089087.76,0.0
LINCOLN FUNDO DE INVESTIMENTO EM DIREITOS CREDITÓRIOS NÃO-PADRONIZADOS,36814213000102,0.0,0.0,0.0,3278776.82,0.0
COOPERA FEEDER FUNDO DE INVESTIMENTO EM DIREITOS CREDITÓRIOS,37121165000121,0.0,0.0,0.0,89023685.87,0.0
DAYCOVAL CLASSIC ESTRUTURADO FIC DE FIDC DE RESPONSABILIDADE LIMITADA,38058318000104,0.0,0.0,0.0,158559557.08,0.0
BRV 051 FIC DE FIDC DE RESPONSABILIDADE LIMITADA,40813753000130,0.0,0.0,0.0,25629519.93,0.0
RADIX TURBO FUNDO DE INVESTIMENTO EM DIREITOS CREDITÓRIOS - RESPONSABILIDADE LIMITADA,41537932000155,0.0,0.0,0.0,8653492.27,0.0
FUNDO DE INVESTIMENTO EM COTAS DE FUNDOS DE INVESTIMENTO EM DIREITOS CREDITÓRIOS EXODUS INSTITUCIONA,42196288000161,0.0,0.0,0.0,415928822.46,0.0
XP SS 1 FUNDO DE INVESTIMENTO EM COTAS DE FUNDOS DE INVESTIMENTO EM DIREITOS CREDITÓRIOS,42700507000106,0.0,0.0,0.0,17545433.2,0.0
MICROCRÉDITO FUNDO DE INVESTIMENTO EM DIREITOS CREDITÓRIOS DE RESPONSABILIDADE LIMITADA,42747344000109,0.0,0.0,0.0,184106558.17,0.0
SETTE FUNDO DE INVESTIMENTO EM DIREITOS CREDITÓRIOS RESPONSABILIDADE LIMITADA,42866928000101,0.0,0.0,0.0,4813343.28,0.0
CW FUNDO DE INVESTIMENTO EM DIREITOS CREDITORIOS NAO PADRONIZADO,42867211000176,0.0,0.0,0.0,0.0,
EM FC DE FUNDO DE INVESTIMENTO EM DIREITOS CREDITÓRIOS,43236200000150,0.0,0.0,0.0,1887672.43,0.0
RADIX TRIMARÃ FUNDO DE INVESTIMENTO EM DIREITOS CREDITÓRIOS - RESPONSABILIDADE LIMITADA,43806417000159,0.0,0.0,0.0,5338962.08,0.0
JGP SECURITIZAÇÃO FUNDO DE INVESTIMENTO EM DIREITOS CREDITÓRIOS - RESPONSABILIDADE LIMITADA,45683314000174,0.0,0.0,0.0,286886659.07,0.0
AUGME K FUNDO DE INVESTIMENTO EM DIREITOS CREDITÓRIOS DE RESPONSABILIDADE LIMITADA,46323112000184,0.0,0.0,0.0,0.0,
CSHG JUGIS I FUNDO DE INVESTIMENTO EM COTAS DE FUNDOS DE INVESTIMENTOS EM DIREITOS CREDITÓRIOS,47984217000147,0.0,0.0,0.0,164984638.63,0.0
SARDENHA FUNDO DE INVESTIMENTO EM COTAS DE FUNDO DE INVESTIMENTO EM DIREITOS CREDITÓRIOS,49000918000120,0.0,0.0,0.0,9426720.98,0.0
ARTESANAL VP FUNDO DE INVESTIMENTO EM DIREITOS CREDITÓRIOS - RESPONSABILIDADE LIMITADA,49879065000148,0.0,0.0,0.0,161157751.83,0.0
LATACHE LEGAL CLAIMS FIC DE FUNDO DE INVESTIMENTO EM DIREITOS CREDITORIOS NÃO PADRONIZADOS,51606193000160,0.0,0.0,0.0,155058530.08,0.0
TAVARUA FUNDO DE INVESTIMENTO EM COTAS DE FUNDO DE INVESTIMENTO EM DIREITOS CREDITÓRIOS,51670752000109,0.0,0.0,0.0,36551078.03,0.0
OKEAN ATLANTIC CORPORATE FUNDO DE INVESTIMENTO EM COTAS DE FUNDOS DE INVESTIMENTO EM DIREITOS CREDIT,51980833000105,0.0,0.0,0.0,14213084.03,0.0
HIPER FUNDO G.A. FUNDO DE INVESTIMENTO EM COTAS DE FUNDOS DE INVESTIMENTO EM DIREITOS CREDITÓRIOS,52043752000133,0.0,0.0,0.0,1522360.29,0.0
SALENTO FUNDO DE INVESTIMENTO EM DIREITOS CREDITÓRIOS,52498585000115,0.0,0.0,0.0,241072740.86,0.0
KYM FUNDO DE INVESTIMENTO EM DIREITOS CREDITÓRIOS NÃO PADRONIZADO,53276025000189,0.0,0.0,0.0,14021911.56,0.0
TAURUS FUNDO DE INVESTIMENTO EM DIREITOS CREDITÓRIOS,53304046000160,0.0,0.0,0.0,108252842.35,0.0
SURRIENTO FUNDO DE INVESTIMENTO EM DIREITOS CREDITÓRIOS NÃO-PADRONIZADOS,53471524000127,0.0,0.0,0.0,0.0,
VANGUARDA FUNDO DE INVESTIMENTO EM DIREITOS  CREDITÓRIOS,54565154000150,0.0,0.0,0.0,41632306.07,0.0
DAYCOVAL BOX FUNDO DE INVESTIMENTO EM DIREITOS CREDITÓRIOS DE RESPONSABILIDADE LIMITADA,54994993000193,0.0,0.0,0.0,90880810.61,0.0
BYX MASTER FUNDO DE INVESTIMENTO EM DIREITOS CREDITÓRIOS  RESPONSABILIDADE LIMITADA,55112192000110,0.0,0.0,0.0,30829311.67,0.0
ESÓDIMA FUNDO DE  INVESTIMENTO EM DIREITOS CREDITÓRIOS - RESPONSABILIDADE LIMITADA,55581309000104,0.0,0.0,0.0,1945337.5,0.0
ORRAM VP FUNDO DE INVESTIMENTO EM COTAS DE FUNDOS DE INVESTIMENTO EM DIREITOS CREDITÓRIOS,55825916000172,0.0,0.0,0.0,0.0,
CLASSE ÚNICA DE COTAS DO CLUBE DO VALOR SELEÇÃO CRÉDITO ESTRUTURADO FIC DE FIDC RESP LIMITADA,56823028000183,0.0,0.0,0.0,22104588.91,0.0
GUARDIAN WAREHOUSE FUNDO DE INVESTIMENTO EM DIREITOS  CREDITÓRIOS - RESPONSABILIDADE LIMITADA,57779658000160,0.0,0.0,0.0,183699.59,0.0
FEEDER CB FUNDO DE INVESTIMENTO EM DIREITOS CREDITÓRIOS - RESPONSABILIDADE LIMITADA,58041846000150,0.0,0.0,0.0,-260481.74,
BRONZO N1 FUNDO DE INVESTIMENTO EM DIREITOS CREDITORIOS,58888944000127,0.0,0.0,0.0,27350365.14,0.0
BTG LEGATO PMFO 2 FUNDO DE INVESTIMENTO EM DIREITOS CREDITÓRIOS RESPONSABILIDADE LIMITADA,60091623000149,0.0,0.0,0.0,48112772.97,0.0
FIDELITAS CAPITAL FUNDO DE INVESTIMENTO EM COTAS DE FUNDO DE INVESTIMENTO EM  DIREITOS CREDITÓRIOS,60224764000192,0.0,0.0,0.0,2220960.12,0.0
VIATOR FUNDO DE INVESTIMENTO EM DIREITOS CREDITÓRIOS FEEDER  RESPONSABILIDADE LIMITADA,60282653000132,0.0,0.0,0.0,0.0,
NTZ VENTO EM POPA FUNDO DE INVESTIMENTO EM COTAS DE FIDC RESP LTDA,61033412000112,0.0,0.0,0.0,46973624.68,0.0
KRAFT FUNDO DE INVESTIMENTO EM DIREITOS CREDITÓRIOS  RESPONSABILIDADE LIMITADA,61371110000154,0.0,0.0,0.0,0.0,
IPO II FUNDO DE INVESTIMENTO EM DIREITOS CREDITÓRIOS - RESPONSABILIDADE LIMITADA,61921850000117,0.0,0.0,0.0,73745410.4,0.0
G5 SPECIAL F MEZ FUNDO DE INVESTIMENTO EM COTAS DE FUNDOS DE INVESTIMENTO EM DIREITOS CREDITÓRIOS,62191293000199,0.0,0.0,0.0,130847799.55,0.0
ONIX FI EM COTAS DE FUNDO DE INVESTIMENTO EM DIREITOS CREDITÓRIOS RESPONSABILIDADE LIMITADA,62214740000188,0.0,0.0,0.0,27635989.42,0.0
RENAISSANCE SJL FI EM COTAS DE FUNDO DE INVESTIMENTO EM DIREITOS CREDITÓRIOS  RESP LIMITADA,63566193000162,0.0,0.0,0.0,3379060.18,0.0
FUNDO DE INVESTIMENTO EM COTAS DE FDOS DE INVESTIMENTO EM DIREITOS CREDITÓRIOS INTRA DIGITAL CONSIG,63903879000100,0.0,0.0,0.0,12301564.35,0.0
BTG LEGATO II PMFO 2 FUNDO DE INVESTIMENTO EM DIREITOS CREDITÓRIOS RESPONSABILIDADE  LIMITADA,65592704000146,0.0,0.0,0.0,260663701.53,0.0
TAG SS II FIDC RESPONSABILIDADE LIMITADA,65804305000100,0.0,0.0,0.0,5901789.72,0.0
BRADESCO ELGON FUNDO DE INVESTIMENTO EM COTAS DE FIDC - RESPONSABILIDADE LIMITADA,66039743000183,0.0,0.0,0.0,10105258.81,0.0
LCM BETA FUNDO DE INVESTIMENTO EM DIREITOS CREDITÓRIOS,66668637000169,0.0,0.0,0.0,63188182.35,0.0
JIVE ALM II FUNDO DE INVESTIMENTO EM DIREITOS  CREDITÓRIOS DE RESPONSABILIDADE ILIMITADA,66732467000134,0.0,0.0,0.0,220962424.24,0.0
5C FUNDO DE INVESTIMENTO EM COTAS DE FUNDOS DE INVESTIMENTO EM DIREITOS CREDITÓRIOS,66853411000138,0.0,0.0,0.0,1189929.15,0.0
NEO CONSIGNADO PRIVADO FIC FIDC RESP LIMITADA,66857424000185,0.0,0.0,0.0,28959975.68,0.0
AGIBANK SELEÇÃO FIC FIDC - RESPONSABILIDADE LIMITADA,67315973000190,0.0,0.0,0.0,24920142.71,0.0
ITU FUNDO DE INVESTIMENTO EM COTAS DE FUNDOS DE INVESTIMENTO EM DIREITOS CREDITORIOS,11888461000169,0.0,0.0,0.0,231966026.93,0.0
SG II A FUNDO DE INVESTIMENTO EM COTAS DE FUNDOS DE INVESTIMENTO EM DIREITOS CREDITÓRIOS NP,18048628000122,0.0,0.0,0.0,552854626.7,0.0
SUL BRASIL BRZ FUNDO DE INVESTIMENTO EM DIREITOS CREDITORIOS MULTISSETORIAL,18168530000109,0.0,0.0,0.0,0.0,
ARPOADOR FUNDO DE INVESTIMENTO EM DIREITOS CREDITÓRIOS - RESPONSABILIDADE LIMITADA,21254851000130,0.0,0.0,0.0,163622797.73,0.0
MILÊNIO LW 180 FUNDO DE INVESTIMENTO EM DIREITOS CREDITÓRIOS RESPONSABILIDADE LIMITADA,26718267000102,0.0,0.0,0.0,229078265.66,0.0
TAURUS FUNDO DE INVESTIMENTO EM DIREITOS CREDITÓRIOS,29306608000120,0.0,0.0,0.0,14558112.36,0.0
CASA 5 FUNDO DE INVESTIMENTO EM COTAS DE FUNDO DE INVESTIMENTO EM DIREITOS CREDITÓRIOS,31770515000102,0.0,0.0,0.0,32554938.89,0.0
STEEL BANK FUNDO DE INVESTIMENTO EM DIREITOS CREDITÓRIOS,32990792000185,0.0,0.0,0.0,0.0,
MERIDIONAL I FUNDO DE INVESTIMENTO EM DIREITOS CREDITÓRIOS RESPONSABILIDADE LIMITADA,34027968000123,0.0,0.0,0.0,0.0,
ENGEBANK FUNDO DE INVESTIMENTO EM DIREITOS CREDITÓRIOS,36083015000108,0.0,0.0,0.0,0.0,
G5 FARM II F FUNDO DE INVESTIMENTO EM COTAS DE FUNDOS DE INVESTIMENTO EM DIREITOS CREDITÓRIOS,40054294000159,0.0,0.0,0.0,1658897.16,0.0
JPI FUNDO DE INVESTIMENTO EM COTAS DE FUNDO DE INVESTIMENTO EM DIREITOS CREDITÓRIOS,42067232000107,0.0,0.0,0.0,50869741.7,0.0
CAMPINAS FUNDO DE INVESTIMENTO EM COTAS DE FUNDOS DE INVESTIMENTO EM DIREITOS CREDITÓRIOS - RESPONSA,42533772000139,0.0,0.0,0.0,255969794.62,0.0
VERDE AM CRÉDITO ESTRUTURADO FIDC - CIC EM DIREITOS CREDITÓRIOS - RESPONSABILIDADE LIMITADA,42827518000143,0.0,0.0,0.0,965774948.8,0.0
ORRAM CORE FUNDO DE INVESTIMENTO EM COTAS DE FUNDO DE INVESTIMENTO EM DIREITOS CREDITÓRIOS,43551156000173,0.0,0.0,0.0,689641593.97,0.0
ASSET BANK - FUNDO DE INVESTIMENTO EM COTAS DE FUNDOS DE INVESTIMENTO EM DIREITOS CREDITÓRIOS,44585287000134,0.0,0.0,0.0,155178258.73,0.0
MONET FUNDO DE INVESTIMENTO EM DIREITOS CREDITÓRIOS NÃO PADRONIZADOS,44585657000133,0.0,0.0,0.0,0.0,
ARISTA FUNDO DE INVESTIMENTO EM DIREITOS CREDITÓRIOS,45101831000198,0.0,0.0,0.0,-108121.88,
LEGALCERT FUNDO DE INVESTIMENTO EM DIREITOS CREDITÓRIOS NAO - PADRONIZADOS,45899684000143,0.0,0.0,0.0,-34713.39,
OPI MULTISEGMENTO FUNDO DE INVESTIMENTO EM COTAS DE FIDC - RESP LIMITADA,46323185000176,0.0,0.0,0.0,104786434.17,0.0
W CAPITAL I FUNDO DE INVESTIMENTO EM DIREITOS CREDITÓRIOS DE RESPONSABILIDADE LIMITADA,46437965000147,0.0,0.0,0.0,0.0,
MT SOLIS EXT CAPITAL FIC FIDC RESPONSABILIDADE LIMITADA,47117622000168,0.0,0.0,0.0,128796302.02,0.0
COMPASS HIGH YIELD ESTRATÉGIAS FI EM DIREITOS CREDITÓRIOS RESPONSABILIDADE LIMITADA,47410075000104,0.0,0.0,0.0,108635569.84,0.0
FUNDO DE INVESTIMENTO EM COTAS DE FIDC GUARDIAN I DE RESPONSABILIDADE LIMITADA,49311267000199,0.0,0.0,0.0,357999091.46,0.0
GALAPAGOS INSTITUCIONAL FUNDO DE INVESTIMENTO EM COTAS DE FIDC RESPONSABILIDADE LIMITADA,49726804000161,0.0,0.0,0.0,111596759.86,0.0
FONTANA FUNDO DE  INVESTIMENTO EM DIREITOS CREDITÓRIOS NÃO PADRONIZADOS,49815732000129,0.0,0.0,0.0,0.0,
CAPITANIA YIELD 120 FUNDO DE INVESTIMENTO EM COTAS DE FUNDOS DE INVESTIMENTO EM DIREITOS CREDITÓRIOS,50367933000190,0.0,0.0,0.0,498188915.03,0.0
PETUNIA FUNDO DE INVESTIMENTO EM DIREITOS CREDITÓRIOS,50990958000145,0.0,0.0,0.0,1250837.93,0.0
ORRAM 90 FUNDO DE INVESTIMENTO EM COTAS DE FUNDO DE INVESTIMENTO EM DIREITOS CREDITÓRIOS,51364521000169,0.0,0.0,0.0,122833214.12,0.0
BT PROTEIN FUNDO DE INVESTIMENTO EM DIREITOS CREDITÓRIOS - RESPONSABILIDADE LIMITADA,52271057000129,0.0,0.0,0.0,0.0,
AGROBIOLÓGICA FUNDO DE INVESTIMENTO EM DIREITOS CREDITÓRIOS,52953168000115,0.0,0.0,0.0,118843.48,0.0
TFO FERTAGRO FUNDO DE INVESTIMENTO EM DIREITOS CREDITÓRIOS,53042591000126,0.0,0.0,0.0,0.0,
M5 FALCON FUNDO DE INVESTIMENTO EM COTAS DE FUNDO DE INVESTIMENTO EM DIREITOS CREDITÓRIOS,53942302000145,0.0,0.0,0.0,110522098.2,0.0
MAX 90 FUNDO DE INVESTIMENTO EM COTAS DE FUNDO DE INVESTIMENTO EM DIREITOS CREDITÓRIOS,55619752000127,0.0,0.0,0.0,8247082.33,0.0
CREDIT SAISON FI EM COTAS DE FUNDOS DE INVEST EM DIREITOS CREDITÓRIOS RESPONSABILIDADE LIMITADA,56112404000121,0.0,0.0,0.0,66685110.81,0.0
051 CRÉDITO 90 FI EM COTAS DE FUNDOS DE INVEST EM DIREITOS CREDITÓRIOS RESPONSABILIDADE LIMITADA,56285762000136,0.0,0.0,0.0,37670112.48,0.0
ARTESANAL CRÉDITO ESTRUTURADO II FIDC DE RESPONSABILIDADE LIMITADA,57535898000110,0.0,0.0,0.0,681351630.98,0.0
TIÊ FUNDO DE INVESTIMENTO EM COTAS DE FUNDOS DE INVESTIMENTO DIREITOS CREDITÓRIOS,57671724000184,0.0,0.0,0.0,37413309.86,0.0
ADIGITAL FUNDO DE INVESTIMENTO EM DIREITOS CREDITÓRIOS RESPONSABILIDADE  LIMITADA,58114447000171,0.0,0.0,0.0,0.0,
P1 FUNDO DE INVESTIMENTO EM DIREITOS CREDITÓRIOS - RESPONSABILIDADE LIMITADA,58274981000145,0.0,0.0,0.0,40960297.13,0.0
CORINDON FUNDO DE INVESTIMENTO EM DIREITO CREDITORIOS - RESPONSABILIDADE LIMITADA,58500094000148,0.0,0.0,0.0,0.0,
SOLIS PORTFOLIO CRÉDITO FIC FIDC RESPONSABILIDADE LIMITADA,58525584000107,0.0,0.0,0.0,110787614.72,0.0
MONEE FUNDO DE INVESTIMENTO EM COTAS DE FUNDOS DE INVESTIMENTO EM DIREITOS CREDITÓRIOS RESP LIMITADA,58900579000129,0.0,0.0,0.0,3438585492.93,0.0
MEZZO HEALTH FUND FUNDO DE INVESTIMENTO EM COTAS DE FUNDOS DE INVESTIMENTO EM DIREITOS CREDITÓRIOS,59695343000160,0.0,0.0,0.0,22761016.92,0.0
LIFT ALFA FIC DE FUNDO DE INVESTIMENTO EM DIREITOS CREDITÓRIOS RESP LIMITADA,59765224000137,0.0,0.0,0.0,41945659.77,0.0
PLGN TELCO FUNDO DE INVESTIMENTO EM COTAS DE FUNDOS DE INVESTIMENTO EM  DIREITOS CREDITÓRIOS,60982037000194,0.0,0.0,0.0,65421353.18,0.0
CHIMERA ALTERNATIVE ASSETS XII SR FUNDO DE INVESTIMENTO EM COTAS DE FIDC RESP LIMITADA,61085704000107,0.0,0.0,0.0,188317873.48,0.0
G5 FUNDO DE INVESTIMENTO EM DIREITOS CREDITÓRIOS S.O,61373414000150,0.0,0.0,0.0,212523064.42,0.0
MALDIVAS FUNDO DE INVESTIMENTO EM COTAS DE FUNDOS DE INVESTIMENTO EM DIREITOS CREDITÓRIOS,62803232000135,0.0,0.0,0.0,3576006.04,0.0
JUNTOS FI EM COTAS DE FUNDO DE INVESTIMENTO EM DIREITOS  CREDITÓRIOS RESPONSABILIDADE LIMITADA,63457029000117,0.0,0.0,0.0,1205080.02,0.0
ROSA FUNDO DE INVESTIMENTO EM DIREITOS CREDITÓRIOS,63701724000182,0.0,0.0,0.0,0.0,
ULTRA ARTESANAL FIC DE FUNDO DE INVESTIMENTO EM DIREITOS CREDITÓRIOS MULTICARTEIRA DE RESP LIMITADA,63902334000170,0.0,0.0,0.0,31532491.2,0.0
ASHER FUNDO DE INVESTIMENTO EM COTAS DE FUNDO DE INVESTIMENTO EM DIREITOS  CREDITÓRIOS,64104040000166,0.0,0.0,0.0,7751640.8,0.0
SANTO EXPEDITO FUNDO DE  INVESTIMENTO EM COTAS DE FUNDOS DE INVESTIMENTO EM  DIREITOS CREDITÓRIOS,64291147000160,0.0,0.0,0.0,20191259.71,0.0
VINCI SPS UY3 FUNDO DE INVESTIMENTO EM DIREITOS CREDITÓRIOS,64656737000140,0.0,0.0,0.0,29295982.84,0.0
FUNDO DE INVESTIMENTOS EM DIREITOS CREDITÓRIOS EXODUS - D30,09584892000190,0.0,0.0,0.0,0.0,
VINCI CRÉDITO E DESENVOLVIMENTO I - FI EM DIREITOS CREDITÓRIOS RESPONSABILIDADE LIMITADA,12579631000196,0.0,0.0,0.0,89392687.59,0.0
FUNDO DE INVESTIMENTO EM DIREITOS CREDITORIOS MULTISSETORIAL INVEST DUNAS LP,13633964000119,0.0,0.0,0.0,76832.1,0.0
FUNDO DE INVESTIMENTO EM DIREITOS CREDITÓRIOS F ACB - FINANCEIRO,14330038000137,0.0,0.0,0.0,2479930.87,0.0
MORE CRÉDITO FI EM COTAS DE FUNDOS DE INVESTIMENTO EM DIREITOS CREDITÓRIOS RESPONSABILIDADE LIMITADA,15585932000110,0.0,0.0,0.0,653996962.08,0.0
ATLAS GLOBAL FIC FIDC MULTISEGMENTOS,17163831000187,0.0,0.0,0.0,58400138.35,0.0
VINCI CRÉDITO ESTRUTURADO SELECTION ADVISORY FIC DE DIREITOS CREDITÓRIOS - RESP LIMITADA,22150467000150,0.0,0.0,0.0,507115878.81,0.0
DUNASPLUS FUNDO DE INVESTIMENTO EM DIREITOS CREDITORIOS NAO-PADRONIZADOS MULTISSETORIAL,24154040000156,0.0,0.0,0.0,0.0,
MERCANTIL FUNDOS DE INVESTIMENTO EM  DIREITOS CREDITÓRIOS CLASSE UNICA FECHADA,24282003000123,0.0,0.0,0.0,118055201.39,0.0
ESMERALDA - FUNDO DE INVESTIMENTO EM DIREITOS CREDITÓRIOS,24426716000113,0.0,0.0,0.0,0.0,
RIO DOCE FUNDO DE INVESTIMENTO  EM DIREITOS CREDITÓRIOS NÃO PADRONIZADOS,26199686000185,0.0,0.0,0.0,0.0,
NEB FUNDO DE INVESTIMENTO EM DIREITOS CREDITÓRIOS RESPONSABILIDADE LIMITADA,29085410000164,0.0,0.0,0.0,380806.06,0.0
COBUCCIO MASTER FUNDO DE INVESTIMENTO EM DIREITOS CREDITÓRIOS DE CLASSE ÚNICA FECHADA,29242769000106,0.0,0.0,0.0,1308355355.32,0.0
UNIQUE FUNDO DE INVESTIMENTO EM COTAS DE FUNDO DE INVESTIMENTO EM DIREITOS CREDITÓRIOS NÃO PADRONIZA,29242992000145,0.0,0.0,0.0,64135808.17,0.0
ALGARVE II FUNDO DE INVESTIMENTO EM DIREITOS CREDITÓRIOS,29319754000190,0.0,0.0,0.0,22481.79,0.0
DSX FUNDO DE INVESTIMENTO EM COTAS DE FUNDOS DE INVESTIMENTO DE DIREITOS CREDITÓRIOS,30144052000100,0.0,0.0,0.0,13218426.58,0.0
SPECIALE CRÉDITO PLUS FIC DE FUNDOS DE INVESTIMENTO EM DIREITOS CREDITÓRIOS RESP LIMITADA,30329393000142,0.0,0.0,0.0,125505496.97,0.0
G5 FINTECH FUNDO DE INVESTIMENTO EM COTAS DE FUNDOS DE INVESTIMENTO EM DIREITOS CREDITÓRIOS,32696765000102,0.0,0.0,0.0,24559875.56,0.0
NOVA CAPITAL FUNDO DE INVESTIMENTO EM QUOTAS FUNDOS DE INVESTIMENTO EM DIREITOS CREDITORIOS,33632618000123,0.0,0.0,0.0,65768736.74,0.0
RONEPAR FUNDO DE INVESTIMENTO EM COTAS DE FUNDO DE INVESTIMENTO EM DIREITOS CREDITÓRIOS,38456773000150,0.0,0.0,0.0,80816131.09,0.0
BM INFRA FUNDO DE INVESTIMENTO EM COTAS DE FUNDOS DE  INVESTIMENTO EM DIREITOS CREDITÓRIO,39806180000139,0.0,0.0,0.0,228040590.28,0.0
RENDA MENSAL PREFIXADA FIC DE FUNDOS DE INVESTIMENTO EM DIREITOS CREDITÓRIOS,42013814000100,0.0,0.0,0.0,28498253.73,0.0
XP SS 2 FUNDO DE INVESTIMENTO EM COTAS DE FUNDOS DE INVESTIMENTO EM DIREITOS CREDITÓRIOS,42700460000172,0.0,0.0,0.0,27375383.73,0.0
HARBOUR NAUTILUS FUNDO DE INVESTIMENTO EM COTAS DE FUNDOS DE INVESTIMENTO EM DIREITOS CREDITÓRIOS,43596847000193,0.0,0.0,0.0,101108738.41,0.0
H2 ISP FUNDO DE INVESTIMENTO EM DIREITOS CREDITÓRIOS,44173399000188,0.0,0.0,0.0,18905204.4,0.0
CREDILOG - FUNDO DE INVESTIMENTO EM DIREITOS CREDITÓRIOS NÃO-PADRONIZADOS,44302374000137,0.0,0.0,0.0,58970.81,0.0
OC FUNDO DE INVESTIMENTO EM COTAS DE FUNDO DE INVESTIMENTO EM DIREITOS CREDITÓRIOS,45025014000106,0.0,0.0,0.0,29821739.16,0.0
FUNDO DE INVESTIMENTO EM COTAS DE FUNDO DE INVESTIMENTO EM DIREITOS CREDITÓRIOS QUASAR CREDIT SOLUTI,45880798000141,0.0,0.0,0.0,0.0,
MATCHPOINT  FUNDO DE INVESTIMENTO EM COTAS DE FUNDO DE INVESTIMENTO EM DIREITOS CREDITÓRIOS,47859989000157,0.0,0.0,0.0,51500720.41,0.0
PSS SPECTRUM-A PRINCIPAL FUNDO DE INVESTIMENTO EM DIREITOS CREDITÓRIOS,49740972000101,0.0,0.0,0.0,236424598.46,0.0
ASA FIC DE FUNDO DE INVESTIMENTO EM  DIREITOS CREDITÓRIOS 90 RESPONSABILIDADE LIMITADA,49916055000135,0.0,0.0,0.0,104101367.08,0.0
ERFOLG MACRO FC FUNDO DE INVESTIMENTO EM DIREITOS CREDITÓRIOS RESPONSABILIDADE LIMITADA,50398792000172,0.0,0.0,0.0,5659329.48,0.0
SOLAR BR FUNDO DE INVESTIMENTO EM DIREITOS CREDITÓRIOS,51045717000190,0.0,0.0,0.0,61877061.89,0.0
FACIO FUNDO DE INVESTIMENTO EM DIREITOS CREDITÓRIOS FINANCEIROS DE RESPONSABILIDADE LIMITADA,51119641000109,0.0,0.0,0.0,0.0,
BRAM HIGH YIELD FUNDO DE INVESTIMENTO EM DIREITOS CREDITÓRIOS III - RESP LIMITADA,51269670000149,0.0,0.0,0.0,109293151.78,0.0
IPO FUNDO DE INVESTIMENTO EM DIREITOS CREDITÓRIOS - RESPONSABILIDADE LIMITADA,51749986000138,0.0,0.0,0.0,0.0,
ALGARVE TETRA II FUNDO DE INVESTIMENTO EM DIREITOS CREDITÓRIOS,52511370000197,0.0,0.0,0.0,36803379.85,0.0
AGILE FIC FIDC - RESPONSABILIDADE LIMITADA,53109452000172,0.0,0.0,0.0,0.0,
REAL MINAS 2 FUNDO DE INVESTIMENTO EM DIREITOS CREDITÓRIOS,53323703000117,0.0,0.0,0.0,334462880.04,0.0
SOMOS FIC DE FUNDO DE INVESTIMENTO EM DIREITOS CREDITÓRIOS DE RESPONSABILIDADE LIMITADA,54619680000155,0.0,0.0,0.0,12575064.33,0.0
BURITI FUNDO DE INVESTIMENTO EM COTAS DE FUNDO DE INVESTIMENTO EM DIREITOS CREDITÓRIOS,54976534000187,0.0,0.0,0.0,47204101.53,0.0
BRAVE PFN FUNDO DE INVESTIMENTO EM COTAS DE FIDC DE RESP LIMITADA,54994631000100,0.0,0.0,0.0,60919797.11,0.0
TRUST BR FUNDO DE INVESTIMENTO EM DIREITOS CREDITORIOS,55271694000193,0.0,0.0,0.0,17979722.71,0.0
ARUBA FUNDO DE INVESTIMENTO EM COTAS DE DIREITOS CREDITÓRIOS,55507580000108,0.0,0.0,0.0,41323728.23,0.0
NEST SILVER FENIX FIC DE FIDC DE RESP ILIMITADA,56805907000182,0.0,0.0,0.0,48047097.14,0.0
ITHAKA FUNDO DE INVESTIMENTO EM DIREITOS CREDITÓRIOS,57153497000103,0.0,0.0,0.0,1188185.57,0.0
BRAIN ESTRUTURADO FUNDO DE INVESTIMENTO EM COTAS DE FIDC - RESPONSABILIDADE LIMITADA,57417371000190,0.0,0.0,0.0,58517691.72,0.0
RED SEA FUNDO DE INVESTIMENTO EM DIREITOS CREDITÓRIOS - RESPONSABILIDADE LIMITADA,58059177000143,0.0,0.0,0.0,63197368.03,0.0
EXT II FUNDO DE INVESTIMENTO EM DIREITOS CREDITÓRIOS - RESPONSABILIDADE LIMITADA,58594079000106,0.0,0.0,0.0,13337217.12,0.0
INC SOMA CREDIT FUNDO DE INVESTIMENTO EM DIREITOS CREDITÓRIOS SEGMENTO FINANCEIRO,59479362000150,0.0,0.0,0.0,14366666.12,0.0
FEEDER QUALI I FUNDO DE INVESTIMENTO EM COTAS DE FUNDOS DE INVESTIMENTO EM DIREITOS  CREDITÓRIOS,59483519000110,0.0,0.0,0.0,62915045.1,0.0
VIVACE SHOPPING FUNDO DE INVESTIMENTO EM DIREITOS CREDITÓRIOS,60707793000105,0.0,0.0,0.0,4072649.12,0.0
ARTESANAL CP 90 ION FUNDO DE INVESTIMENTO EM DIREITOS CREDITÓRIOS - RESPONSABILIDADE LIMITADA,60851421000158,0.0,0.0,0.0,79801324.6,0.0
LEEN CHRONOS I FUNDO DE INVESTIMENTO EM DIREITOS CREDITÓRIOS,61051375000175,0.0,0.0,0.0,0.0,
HARBOUR CONCEPCIÓN FI EM COTAS DE FI EM DIREITOS CREDITÓRIOS RESPONSABILIDADE LIMITADA,62057076000100,0.0,0.0,0.0,6642786.86,0.0
LIVRAMENTO FUNDO DE INVESTIMENTO EM DIREITOS CREDITÓRIOS RESPONSABILIDADE LIMITADA,62351597000176,0.0,0.0,0.0,54161293.81,0.0
CHIMERA ALTERNATIVE ASSETS XII SR.2 FUNDO DE INVESTIMENTO EM COTAS DE FIDC RESP LIMITADA,62514003000109,0.0,0.0,0.0,40131538.67,0.0
CASPER FIC DE FUNDOS DE INVESTIMENTO EM DIREITOS CREDITÓRIOS DE RESP LIMITADA,62603858000106,0.0,0.0,0.0,22062963.01,0.0
VRF II FUNDO DE  INVESTIMENTO EM COTAS DE FI EM DIREITOS CREDITÓRIOS - RESPONSABILIDADE LIMITADA,62762366000155,0.0,0.0,0.0,3979968.84,0.0
ASSET BANK MASTER FUNDO DE INVESTIMENTO EM COTAS DE FUNDOS DE INVESTIMENTO EM DIREITOS CREDITÓRIOS,62803136000197,0.0,0.0,0.0,10928536.8,0.0
SB FUNDO DE INVESTIMENTO EM COTAS DE FUNDOS DE INVESTIMENTO EM DIREITOS CREDITÓRIOS,63279654000116,0.0,0.0,0.0,53530440.54,0.0
CYGNUS FUNDO DE INVESTIMENTO EM DIREITOS CREDITÓRIOS,63453654000190,0.0,0.0,0.0,10743224.69,0.0
NEO SEED FUNDO DE INVESTIMENTO EM DIREITOS CREDITÓRIOS - RESPONSABILIDADE LIMITADA,63464230000121,0.0,0.0,0.0,7980714.35,0.0
FUNDO DE INVESTIMENTO EM DIREITOS CREDITÓRIOS VEXOR - RESPONSABILIDADE LIMITADA,63547404000110,0.0,0.0,0.0,-87864.34,
MARISA FUNDO DE INVESTIMENTO EM DIREITOS CREDITÓRIOS COMERCIAIS RESPONSABILIDADE LIMITADA,63573472000153,0.0,0.0,0.0,102135435.63,0.0
FUNDO DE INVESTIMENTO EM DIREITOS CREDITÓRIOS INTRA RC CONSIG,63763010000107,0.0,0.0,0.0,97414.33,0.0
BANDEIRANTES FUNDO  DE INVESTIMENTO EM DIREITOS CREDITÓRIOS DO AGRONEGÓCIO DE RESP LIMITADA,63985990000184,0.0,0.0,0.0,117406807.15,0.0
BTG FUNSES DESCARBONIZAÇÃO ESPÍRITO SANTO FIDC INVESTIMENTO SUSTENTÁVEL RESPONSABILIDADE LIMITADA,64042721000147,0.0,0.0,0.0,219687360.28,0.0
SOMACRED K MASTER FIC DE FUNDOS DE INVESTIMENTO EM DIREITOS CREDITÓRIOS RESPONSABILIDADE LIMITADA,64340651000103,0.0,0.0,0.0,50852333.54,0.0
SALAMANDER FUNDO DE INVESTIMENTO EM DIREITOS CREDITÓRIOS CRÉDITO CONSIGNADO PRIVADO - RESP. LIMITADA,65100186000104,0.0,0.0,0.0,4518446.08,0.0
BS2 FUNDO DE INVESTIMENTO FINANCEIRO,66120764000129,0.0,0.0,0.0,75967410.27,0.0
LIFT GAMA CONSIGNADO PRIVADO FIDC RESPONSABILIDADE LIMITADA,66359499000136,0.0,0.0,0.0,4973122.07,0.0
STATHEROS SEC FUNDO DE INVESTIMENTO EM DIREITOS CREDITÓRIOS,66396782000138,0.0,0.0,0.0,42180761.87,0.0
MARGEM FEEDER FUNDO DE INVESTIMENTO EM COTAS DE FIDC RESPONSABILIDADE LIMITADA,66614411000185,0.0,0.0,0.0,50203404.28,0.0
FIDC MULTISETORIAL MASTER II,11989256000190,0.0,0.0,0.0,742418.46,0.0
FC6 FIC DE FUNDO DE INVESTIMENTO EM DIREITOS CREDITÓRIOS RESPONSABILIDADE LIMITADA,12674257000108,0.0,0.0,0.0,-551667.6,
SG IV LOCAL FUNDO DE INVESTIMENTO EM COTAS DE FUNDOS DE INVESTIMENTO EM DIREITOS CREDITÓRIOS,14138802000177,0.0,0.0,0.0,126152310.26,0.0
MULTIPLIX FIC DE FUNDOS DE INVESTIMENTO EM DIREITOS CREDITÓRIOS - RESPONSABILIDADE LIMITADA,14744913000127,0.0,0.0,0.0,0.0,
OURO MAX FUNDO DE INVESTIMENTO EM DIREITOS  CREDITÓRIOS - RESPONSABILIDADE LIMITADA,16858989000109,0.0,0.0,0.0,0.0,
BLC FUNDO DE INVESTIMENTO EM DIREITOS CREDITÓRIOS NÃO-PADRONIZADOS,18048642000126,0.0,0.0,0.0,1385172155.96,0.0
STONE FUNDO DE INVESTIMENTO EM COTAS DE FUNDO DE INVESTIMENTO EM DIREITOS CREDITÓRIOS,18151682000107,0.0,0.0,0.0,55811788.86,0.0
VIRGÍNIA FIC DE FIDC MULTISSETORIAL - RESPONSABILIDADE LIMITADA,22282851000107,0.0,0.0,0.0,33268434.22,0.0
CLASSE ÚNICA DE COTAS DO NFM FIDC DE RESPONSABILIDADE LIMITADA,23098169000121,0.0,0.0,0.0,0.0,
AQUIRAZ FIC DE FUNDOS DE INVESTIMENTO EM DIREITOS CREDITORIOS MULTISSETORIAL,26207801000116,0.0,0.0,0.0,150614162.77,0.0
GUARDIANS FIC DE FUNDOS DE INVESTIMENTO EM DIREITOS CREDITÓRIOS,29010886000136,0.0,0.0,0.0,43419690.19,0.0
FUNDO DE INVESTIMENTO EM DIREITOS CREDITÓRIOS NEON FGTS,29242913000104,0.0,0.0,0.0,0.0,
ARTESANAL MASTER FUNDO DE INVESTIMENTO EM DIREITOS CREDITÓRIOS,30576260000170,0.0,0.0,0.0,4520325687.36,0.0
PROSSEG FUNDO DE INVESTIMENTO EM COTAS DE DIREITOS CREDITÓRIOS,30804773000191,0.0,0.0,0.0,42598384.22,0.0
ART SPECIALE FI EM COTAS DE FUNDOS DE INVEST EM DIREITOS CREDITÓRIOS RESPONSABLIDADE LIMITADA,34096104000163,0.0,0.0,0.0,462955409.38,0.0
SOLIS CAPITAL ANTARES LIGHT FI EM COTAS DE FUNDOS DE INVESTIMENTO EM DIREITOS CREDITORIOS,34780531000166,0.0,0.0,0.0,1054531139.75,0.0
EMPÍRICA DEBÊNTURES FUNDO DE INVESTIMENTO EM DIREITOS CREDITÓRIOS,35726650000101,0.0,0.0,0.0,0.0,
SPECIALE BRAVE FI EM COTAS DE FUNDOS DE INVESTIMENTO EM  DIREITOS CREDITÓRIOS RESP LIMITADA,36013900000110,0.0,0.0,0.0,499436453.16,0.0
BRASIL MICROCRÉDITO FUNDO DE INVESTIMENTO EM DIREITOS CREDITÓRIOS,36083634000100,0.0,0.0,0.0,-379375.23,
FUNDO DE INVESTIMENTO EM COTAS DE FUNDOS DE INVESTIMENTO EM DIREITOS CREDITÓRIOS IOX D30,36293650000110,0.0,0.0,0.0,13850617.69,0.0
VERDE AM CE II FUNDO DE INVESTIMENTO EM COTAS DE FIDC RESPONSABILIDADE LIMITADA,37013332000110,0.0,0.0,0.0,253816727.67,0.0
V051 FUNDO DE INVESTIMENTO EM DIREITOS CREDITÓRIOS - RESPONSABILIDADE LIMITADA,38267680000187,0.0,0.0,0.0,44516851.64,0.0
CONDOBEM FUNDO DE INVESTIMENTO EM DIREITOS CREDITÓRIOS - NÃO PADRONIZADOS,40211664000114,0.0,0.0,0.0,0.0,
CARMEL FUNDO DE INVESTIMENTO EM COTAS DE FUNDO DE INVESTIMENTO EM DIREITOS CREDITÓRIOS,43871874000127,0.0,0.0,0.0,89109772.02,0.0
BRAM HIGH YIELD FIDC II - RESP LIMITADA,44230592000103,0.0,0.0,0.0,77738398.55,0.0
B2CYCLE FUNDO DE INVESTIMENTO EM DIREITOS CREDITÓRIOS RESPONSABILIDADE LIMITADA,44395252000132,0.0,0.0,0.0,133990931.41,0.0
ARTESANAL CRÉDITO PRIVADO 30 FUNDO DE INVESTIMENTO EM DIREITOS CREDITÓRIOS - RESP LIMITADA,45830738000114,0.0,0.0,0.0,176281217.91,0.0
FUTURO FUNDO DE INVESTIMENTO EM DIREITOS CREDITÓRIOS,47512805000188,0.0,0.0,0.0,8733860.73,0.0
VINLAND CRÉDITO ESTRUTURADO FUNDO DE INVESTIMENTO EM DIREITOS CREDITÓRIOS RESPONSABILIDADE LIMITADA,47640954000122,0.0,0.0,0.0,131419826.34,0.0
JOURNEY CAPITAL CRÉDITO ESTRUTURADO 120 FIC DE FUNDOS DE INVESTIMENTO EM DIREITOS CREDITÓRIOS,47716415000120,0.0,0.0,0.0,53256837.12,0.0
MANTIQUEIRA CONSIGNADO PÚBLICO FUNDO DE INVESTIMENTOS EM DIREITOS CREDITÓRIOS,49448463000100,0.0,0.0,0.0,10611047.83,0.0
TK 180 FUNDO DE INVESTIMENTO EM COTAS DE FIDC - RESPONSABILIDADE LIMITADA,50059717000187,0.0,0.0,0.0,33161880.4,0.0
M8 CREDIT ADVANCED FUNDO DE INVESTIMENTO EM COTAS DE FUNDOS DE INVESTIMENTO  EM DIREITOS CREDITÓRIOS,50716952000184,0.0,0.0,0.0,1813162069.99,0.0
NOBEL II FUNDO DE INVESTIMENTO EM DIREITOS CREDITÓRIOS,50823781000192,0.0,0.0,0.0,0.0,
BROWNFIELD FUNDO DE INVESTIMENTO EM DIREITOS CREDITÓRIOS  RESPONSABILIDADE LIMITADA,50943777000168,0.0,0.0,0.0,28034311.62,0.0
G5 SPECIAL F SEN IPCA FI EM COTAS DE FUNDOS DE INVESTIMENTO EM DIREITOS CREDITÓRIOS,51155531000194,0.0,0.0,0.0,196557586.01,0.0
ASSET BANK FUNDO DE INVESTIMENTO EM DIREITOS CREDITORIOS MIDDLE MARKET,51268721000118,0.0,0.0,0.0,0.0,
ANFEH-SIRIUS FUNDO DE INVESTIMENTO EM DIREITOS CREDITÓRIOS - RESPONSABILIDADE LIMITADA,53214328000177,0.0,0.0,0.0,767655.43,0.0
ANFEH FUNDO DE INVESTIMENTO EM COTAS DE FUNDO DE INVESTIMENTO EM DIREITOS CREDITÓRIOS,53214754000100,0.0,0.0,0.0,741798.71,0.0
XP PRECATÓRIOS FIC DE FIDC JUDICIAIS DE RESPONSABILIDADE LIMITADA,53267515000119,0.0,0.0,0.0,161856700.87,0.0
ALUMIE FIAGRO DIREITOS CREDITÓRIOS RESPONSABILIDADE LIMITADA,53291546000105,0.0,0.0,0.0,111103545.16,0.0
JAFFA II FUNDO DE INVESTIMENTO EM DIREITOS CREDITÓRIOS NÃO PADRONIZADOS,53323818000101,0.0,0.0,0.0,2744235.63,0.0
SOLIS PFN FUNDO DE INVESTIMENTO EM COTAS DE FIDC DE RESPONSABILIDADE LIMITADA,54995026000146,0.0,0.0,0.0,62058429.13,0.0
MÓDENA FUNDO DE INVESTIMENTO EM DIREITOS CREDITÓRIOS NÃO-PADRONIZADOS,55693852000101,0.0,0.0,0.0,35908119.64,0.0
GALAPAGOS SEA LION FI EM COTAS DE FI EM DIREITOS CREDITÓRIOS HIGH GRADE INSTITUCIONAL,56072773000138,0.0,0.0,0.0,220181775.37,0.0
ST 1017 FIDC RESPONSABILIDADE LIMITADA,56806404000121,0.0,0.0,0.0,21052209.6,0.0
CAVORETTO FUNDO DE INVESTIMENTO FINANCEIRO MULTIMERCADO CRÉDITO PRIVADO,56964123000105,0.0,0.0,0.0,34119935.95,0.0
CREDIT FORT FUNDO DE INVESTIMENTO EM DIREITOS CREDITÓRIOS - RESPONSABILIDADE LIMITADA,57382221000199,0.0,0.0,0.0,176130766.67,0.0
D&C JUDICIAIS II - FUNDO DE INVESTIMENTO EM DIREITOS CREDITÓRIOS RECUPERAÇÃO DE  CRÉDITO,57993612000140,0.0,0.0,0.0,775518.43,0.0
CASCAIS FUNDO DE INVESTIMENTO EM COTAS DE FUNDOS DE INVESTIMENTO EM DIREITOS CREDITÓRIOS,58017960000144,0.0,0.0,0.0,33099967.12,0.0
SIETI FUNDO DE INVESTIMENTO EM COTAS DE FUNDOS DE INVESTIMENTO EM DIREITOS CREDITÓRIOS,58082761000110,0.0,0.0,0.0,265899268.26,0.0
CB FUNDO DE INVESTIMENTO EM DIREITOS CREDITÓRIOS - RESPONSABILIDADE LIMITADA,58195014000198,0.0,0.0,0.0,-219460.37,
AZURE II FI EM COTAS DE FUNDO DE INVESTIMENTO EM DIREITOS CREDITÓRIOS - RESPONSABILIDADE LIMITADA,58293429000102,0.0,0.0,0.0,0.0,
EKHO HIGH YIELD FUNDO DE INVESTIMENTO EM COTAS DE FUNDOS DE INVESTIMENTO EM DIREITOS CREDITÓRIOS,58313268000163,0.0,0.0,0.0,34338612.03,0.0
SETE CORE INSTITUCIONAL FUNDO DE INVESTIMENTO EM COTAS DE FIDC DE RESPONSABILIDADE LIMITADA,58488445000142,0.0,0.0,0.0,6037667.49,0.0
CORTICAL FUNDO DE INVESTIMENTO EM DIREITOS CREDITÓRIOS COMERCIAIS DE RESPONSABILIDADE LIMITADA,58594026000195,0.0,0.0,0.0,0.0,
APUAMA UBÁ FUNDO DE INVESTIMENTO EM COTAS DE FIDC - RESP LIMITADA,59550547000103,0.0,0.0,0.0,17150192.36,0.0
ITAÚ PIRINEUS III DISTRIBUIDORES FIC FIDC DE INFRAESTRUTURA RESPONSABILIDADE LIMITADA,59773698000120,0.0,0.0,0.0,86910934.35,0.0
FUNDO DE INVESTIMENTO EM DIREITOS CREDITÓRIOS COLOMBO RESPONSABILIDADE LIMITADA,60102999000101,0.0,0.0,0.0,0.0,
BTG DESENVOLVE SP FUNDO DE INVESTIMENTO EM DIREITOS CREDITORIOS,60485375000110,0.0,0.0,0.0,147259302.02,0.0
BTG PACTUAL APOLO FIC DE FUNDOS DE INVESTIMENTO EM DIREITOS CREDITÓRIOS RESPONSABILIDADE LIMITADA,60571986000181,0.0,0.0,0.0,1833674485.73,0.0
CAIMAN FUNDO DE INVESTIMENTO EM DIREITOS CREDITÓRIOS,60981534000178,0.0,0.0,0.0,13689568.72,0.0
ARC LC FUNDO DE INVESTIMENTO EM DIREITOS CREDITÓRIOS,61226894000127,0.0,0.0,0.0,11945630.17,0.0
BS PLUS 2 FUNDO DE INVESTIMENTO EM DIREITOS CREDITÓRIOS,61228249000143,0.0,0.0,0.0,4166799.72,0.0
ITAÚ POOL FEEDER FUNDO DE INVESTIMENTO EM COTAS DE FIDC RESPONSABILIDADE LIMITADA,61289111000154,0.0,0.0,0.0,301536912.8,0.0
PLGN MARKETPLACE II FUNDO DE INVESTIMENTO EM COTAS DE FUNDO DE INVESTIMENTO EM DIREITOS CREDITÓRIOS,61290804000167,0.0,0.0,0.0,101003433.01,0.0
FUNDO DE INVESTIMENTO EM COTAS DE FIDC SÊNIOR EXODUS INSTITUCIONAL - RESPONSABILIDADE LIMITADA,61385893000125,0.0,0.0,0.0,354481941.72,0.0
VALONGO FUNDO DE INVESTIMENTO EM DIREITOS CREDITÓRIOS DE RESPONSABILIDADE LIMITADA,62543066000185,0.0,0.0,0.0,31480248.0,0.0
FUNDO DE INVESTIMENTO EM COTAS JUVO II DE FIDC RESPONSABILIDADE LIMITADA,63394184000131,0.0,0.0,0.0,15352250.52,0.0
ELANTRA FI EM COTAS DE FUNDO DE INVESTIMENTO EM DIREITOS CREDITÓRIOS RESPONSABILIDADE LIMITADA,63458316000141,0.0,0.0,0.0,4130228.0,0.0
MAZA ORYX FIC DE FUNDOS DE INVESTIMENTO EM DIREITOS CREDITÓRIOS DE RESPONSABILIDADE LIMITADA,63947177000110,0.0,0.0,0.0,11833210.84,0.0
PLM FUNDO DE INVESTIMENTO EM DIREITOS CREDITÓRIOS,64076604000102,0.0,0.0,0.0,5769380.54,0.0
NTZ ALPHA PARTNERS FUNDO DE INVESTIMENTO EM DIREITOS CREDITÓRIOS - RESPONSABILIDADE LIMITADA,64078580000112,0.0,0.0,0.0,1984399.48,0.0
ARTESANAL IAM CORE FIC DE FUNDO DE  INVESTIMENTO EM DIREITOS MULTICARTEIRA RESP LIMITADA,64127849000103,0.0,0.0,0.0,114644950.43,0.0
MASTER CP FUNDO DE INVESTIMENTO EM DIREITOS CREDITÓRIOS MULTICARTEIRA DE RESPONSABILIDADE LIMITADA,65515576000137,0.0,0.0,0.0,6479538.75,0.0
FIDC MULTISETORIAL MAXIMUM,08845618000164,0.0,0.0,0.0,2479947.43,0.0
FUNDO DE INVESTIMENTO EM DIREITOS CREDITÓRIOS CAIXA HABITAÇÃO,10740479000156,0.0,0.0,0.0,2653417.61,0.0
CAPITAL ONE FUNDO DE INVESTIMENTO EM COTAS DE FUNDOS DE INVESTIMENTO DIREITOS CREDITÓRIOS,11702303000172,0.0,0.0,0.0,65526065.6,0.0
FC FI EM COTAS DE FUNDO DE INVESTIMENTO EM DIREITOS CREDITÓRIOS - RESPONSABILIDADE LIMITADA,11827500000118,0.0,0.0,0.0,-4390547.59,
SOLIS CAPITAL CORE FUNDO DE INVESTIMENTO EM COTAS DE FUNDOS DE INVESTIMENTO EM DIREITOS CREDITÓRIOS,13054656000139,0.0,0.0,0.0,3424302623.16,0.0
FUNDO DE INVESTIMENTO EM DIREITOS CREDITÓRIOS HUNGRIA,14788370000140,0.0,0.0,0.0,5387503.68,0.0
ITAÚNA FUNDO DE INVESTIMENTO EM DIREITOS CREDITÓRIOS - RESPONSABILIDADE LIMITADA,21360609000141,0.0,0.0,0.0,73490142.09,0.0
FUNDO DE INVESTIMENTO EM DIREITOS CREDITÓRIOS MARTE FORNECEDORES,23246620000100,0.0,0.0,0.0,0.02,0.0
MCA II FI EM COTAS DE FUNDOS DE INVESTIMENTO EM DIREITOS CREDITÓRIOS RESPONSABILIDADE LIMITADA,23711364000185,0.0,0.0,0.0,1163955072.66,0.0
LUDU FUNDO DE INVESTIMENTO EM COTAS DE FUNDOS DE INVESTIMENTO DIREITOS CREDITÓRIOS MULTISEGMENTOS,24796670000124,0.0,0.0,0.0,68569682.14,0.0
PRIMEMAX FUNDO DE INVESTIMENTO EM DIREITO CREDITÓRIO FINANCEIRO,26913825000190,0.0,0.0,0.0,0.0,
AS4 FUNDO DE INVESTIMENTO EM DIREITOS CREDITÓRIOS CRÉDITO PRIVADO,27500753000112,0.0,0.0,0.0,3279179.66,0.0
SOLIS TAURI FEEDER FUNDO DE INVESTIMENTO EM DIREITOS CREDITÓRIOS,28787922000100,0.0,0.0,0.0,149292893.82,0.0
VERYON FUNDO DE INVESTIMENTO EM DIREITOS CREDITÓRIOS DE RESPONSABILIDADE LIMITADA,29077762000178,0.0,0.0,0.0,163296630.05,0.0
CHEVAL FUNDO DE INVESTIMENTO EM DIREITOS CREDITÓRIOS,29152752000150,0.0,0.0,0.0,6809130.08,0.0
CANAVIEIRAS - FUNDO DE INVESTIMENTO EM DIREITOS CREDITÓRIOS NÃO-PADRONIZADOS - FIDC NP,29284795000199,0.0,0.0,0.0,1009532.68,0.0
PÁTRIA CRÉDITO ESTRUTURADO FEEDER TEAM FUNDO DE INVESTIMENTO EM COTAS DE FIDC RESP LIMITADA,29292271000140,0.0,0.0,0.0,74426927.65,0.0
PARAGON FUNDO DE INVESTIMENTO EM COTAS DE FUNDO DE INVESTIMENTO EM DIREITOS CREDITÓRIOS,32525986000100,0.0,0.0,0.0,56168154.62,0.0
BRAVE 90 FUNDO DE INVESTIMENTO EM COTAS DE FUNDOS DE INVESTIMENTO EM DIREITOS CREDITÓRIOS,35726300000137,0.0,0.0,0.0,1534658749.92,0.0
BRAVE 180 INSTITUCIONAL FIC DE FUNDOS DE INVESTIMENTO EM DIREITOS CREDITÓRIOS,36015243000140,0.0,0.0,0.0,409043441.67,0.0
UNIQUE PRIME FUNDO DE INVESTIMENTO EM  DIREITOS CREDITÓRIOS - RESPONSABILIDADE LIMITADA,37036208000170,0.0,0.0,0.0,0.0,
G5 CC FUNDO DE INVESTIMENTO EM COTAS DE FUNDOS DE INVESTIMENTO EM DIREITOS CREDITÓRIOS,37098218000130,0.0,0.0,0.0,75976764.07,0.0
C3E CRÉDITOS JUDICIAIS FI EM COTAS DE FI EM DIREITOS CREDITÓRIOS RESPONSABILIDADE LIMITADA,37720328000192,0.0,0.0,0.0,182115254.85,0.0
EVEREST 90 FUNDO DE INVESTIMENTO EM COTAS DE FUNDOS DE INVESTIMENTO EM DIREITOS CREDITÓRIOS,37806055000101,0.0,0.0,0.0,337382992.71,0.0
VCZ FUNDO DE INVESTIMENTO EM DIREITOS CREDITÓRIOS DE RESPONSABILIDADE LIMITADA,38075044000153,0.0,0.0,0.0,9392841.39,0.0
GYRA MAIS FUNDO DE INVESTIMENTO EM DIREITOS CREDITÓRIOS PADRONIZADOS,38315039000170,0.0,0.0,0.0,0.0,
FUNDO DE INVESTIMENTO EM DIREITOS CREDITÓRIOS ESTRUTURADO ZIG,38315137000108,0.0,0.0,0.0,0.0,
FUNDO DE INVESTIMENTO EM DIREITOS CREDITÓRIOS QRED PME - RESPONSABILIDADE LIMITADA,40226175000136,0.0,0.0,0.0,0.0,
TALISMÃ FUNDO DE INVESTIMENTO EM DIREITOS CREDITÓRIOS RESPONSABILIDADE LIMITADA,40366250000164,0.0,0.0,0.0,0.0,
BLC III FUNDO DE INVESTIMENTO EM DIREITOS CREDITÓRIOS,40814799000174,0.0,0.0,0.0,619769179.52,0.0
JP CAPITAL FUNDO DE INVESTIMENTO EM COTAS DE  FUNDOS DE INVESTIMENTO EM DIREITOS CREDITÓRIOS,40902151000150,0.0,0.0,0.0,51871628.36,0.0
ALENTEJO FUNDO DE INVESTIMENTO EM DIREITOS CREDITÓRIOS,42084488000122,0.0,0.0,0.0,41797931.07,0.0
RIZA STATHEROS FIC DE FUNDOS DE INVESTIMENTO EM DIREITOS CREDITÓRIOS RESPONSABILIDADE LIMITADA,42260903000151,0.0,0.0,0.0,743867881.36,0.0
EVEREST 30 FUNDO DE INVESTIMENTO EM COTAS DE FUNDO DE INVESTIMENTO EM DIREITOS CREDITÓRIOS,45026487000110,0.0,0.0,0.0,21845417.26,0.0
JCI IV B - FUNDO DE INVESTIMENTO EM DIREITOS CREDITÓRIOS RESPONSABILIDADE LIMITADA,45359065000166,0.0,0.0,0.0,1847862.74,0.0
KRONOS FUNDO DE INVESTIMENTO EM DIREITOS CREDITÓRIOS NÃO-PADRONIZADOS RESPONSABILIDADE LIMITADA,45899975000131,0.0,0.0,0.0,0.0,
MAKALU FUNDO DE INVESTIMENTO EM DIREITOS CREDITÓRIOS RESPONSABILIDADE LIMITADA,47669450000135,0.0,0.0,0.0,8321739.71,0.0
JAFFA FUNDO DE INVESTIMENTO EM DIREITOS CREDITÓRIOS NÃO PADRONIZADOS,48357311000139,0.0,0.0,0.0,0.0,
ELETRONET FUNDO DE INVESTIMENTO EM DIREITOS CREDITÓRIOS,49789715000164,0.0,0.0,0.0,0.0,
TK 30 FUNDO DE INVESTIMENTO EM COTAS DE FUNDO DE INVESTIMENTO EM DIREITOS CREDITÓRIOS - RL,50469304000170,0.0,0.0,0.0,313198622.86,0.0
STW FUNDO DE INVESTIMENTO EM DIREITOS CREDITÓRIOS NÃO PADRONIZADOS,51681932000188,0.0,0.0,0.0,13100187.09,0.0
ROKA FUNDO DE INVESTIMENTO EM DIREITOS CREDITÓRIOS - RESPONSABILIDADE LIMITADA,53147925000126,0.0,0.0,0.0,251996168.64,0.0
G5 CHIMERA FEEDER FUNDO DE INVESTIMENTO EM COTAS DE FUNDO DE INVESTIMENTO EM DIREITOS CREDITÓRIOS NP,53281608000106,0.0,0.0,0.0,20611235.15,0.0
POLÍGONO ALPHA CRÉDITO ESTRUTURADO FI EM COTAS DE  FUNDOS DE INVESTIMENTO EM DIREITOS CREDITÓRIOS,54519721000131,0.0,0.0,0.0,880049090.22,0.0
QI OPORTUNIDADES FUNDO DE INVESTIMENTO EM COTAS DE FUNDO DE INVESTIMENTO EM DIREITOS CREDITÓRIOS NP,54738727000108,0.0,0.0,0.0,179939862.43,0.0
BRS INVEST ASSETS FUNDO DE INVESTIMENTO EM DIREITOS CREDITÓRIOS,54755924000127,0.0,0.0,0.0,-386704.8,
TP FUNDO DE INVESTIMENTO EM COTAS DE FUNDO DE INVESTIMENTO EM DIREITOS CREDITÓRIOS,55299702000100,0.0,0.0,0.0,96935753.13,0.0
OCCAM FI EM COTAS DE FUNDOS DE INVESTIMENTO EM DIREITOS CREDITÓRIOS RESPONSABILIDADE LIMITADA,55935259000116,0.0,0.0,0.0,552498935.57,0.0
FI EM COTAS DE FUNDOS DE INVESTIMENTO EM DIREITOS CREDITÓRIOS CVPAR I COTA MEZANINO,56073102000191,0.0,0.0,0.0,7457165.83,0.0
VINCI CRÉDITO PORTFÓLIO CDI+ FUNDO DE INVESTIMENTO EM DIREITOS CREDITÓRIOS,56992610000173,0.0,0.0,0.0,154197008.11,0.0
MAX 30 FUNDO DE INVESTIMENTO EM COTAS DE FUNDO DE INVESTIMENTO EM DIREITOS CREDITÓRIOS,57325152000181,0.0,0.0,0.0,21750198.23,0.0
EMPHASIS FUNDO DE INVESTIMENTO EM DIREITOS CREDITÓRIOS,57339373000109,0.0,0.0,0.0,103634100.66,0.0
JMT FUNDO DE INVESTIMENTO EM DIREITOS CREDITÓRIOS RESPONSABILIDADE LIMITADA,57731899000130,0.0,0.0,0.0,58919.56,0.0
OBY CRÉDITO 90 FUNDO DE INVESTIMENTO EM COTAS DE FUNDOS DE INVESTIMENTO EM DIREITOS CREDITÓRIOS,57908380000184,0.0,0.0,0.0,60145376.0,0.0
HANA FUNDO DE INVESTIMENTO EM COTAS DE FUNDOS DE INVESTIMENTO EM DIREITOS CREDITÓRIOS,58019438000100,0.0,0.0,0.0,78587377.57,0.0
MCAP I TOTAL RETURN FUNDO DE INVESTIMENTO EM COTAS DE FUNDOS DE INVESTIMENTO EM DIREITOS CREDITÓRIOS,58137388000157,0.0,0.0,0.0,39171861.64,0.0
AUGME PRO 051 FIC DE FIDC DE RESPONSABILIDADE LIMITADA,59061105000101,0.0,0.0,0.0,36608647.53,0.0
AGRO30 A FUNDO DE INVESTIMENTO EM DIREITOS CREDITÓRIOS DE RESPONSABILIDADE LIMITADA,59550323000100,0.0,0.0,0.0,23323427.2,0.0
ST 1018 FUNDO DE INVESTIMENTO EM DIREITOS CREDITÓRIOS RESPONSABILIDADE LIMITADA,60315773000199,0.0,0.0,0.0,0.0,
CLASSE ÚNICA DE COTAS DO VALORA CAPITAL PARTNERS II FIC DE FIDC RESPONSABILIDADE LIMITADA,60316032000122,0.0,0.0,0.0,20347610.94,0.0
MAKALU FUNDO DE INVESTIMENTO EM DIREITOS CREDITÓRIOS RESPONSABILIDADE LIMITADA,60598710000197,0.0,0.0,0.0,16919369.12,0.0
CORE CRÉDITO FIC DE FUNDOS DE INVESTIMENTO EM DIREITOS CREDITÓRIOS RESP LIMITADA,60775683000180,0.0,0.0,0.0,13963150.12,0.0
M2F FUNDO DE INVESTIMENTO EM COTAS DE FUNDOS DE INVESTIMENTO EM DIREITOS CREDITÓRIOS RESP LIMITADA,60894511000126,0.0,0.0,0.0,2023969.76,0.0
FIC AJ BETA FUNDO DE INVESTIMENTO EM COTAS DE DIREITOS CREDITÓRIOS RESPONSABILIDADE LIMITADA,61102744000101,0.0,0.0,0.0,161560692.81,0.0
WELLGROW FUNDO DE INVESTIMENTO EM DIREITOS CREDITÓRIOS - RESPONSABILIDADE LIMITADA,61927592000186,0.0,0.0,0.0,85543950.64,0.0
SANE & PETRO FUNDO DE INVESTIMENTO EM DIREITOS CREDITÓRIOS,62946467000186,0.0,0.0,0.0,0.0,
FUNDO DE INVESTIMENTO EM COTAS DOTZ NOVERDE DE FIDC - RESPONSABILIDADE LIMITADA,63395355000147,0.0,0.0,0.0,56928183.71,0.0
FORTIS FI EM COTAS DE FUNDO DE INVESTIMENTO EM DIREITOS CREDITÓRIOS RESPONSABILIDADE LIMITADA,63459064000175,0.0,0.0,0.0,3186139.46,0.0
AURORA FUNDO DE INVESTIMENTO EM COTAS DE FUNDOS DE INVESTIMENTO EM  DIREITOS CREDITÓRIOS,63701570000129,0.0,0.0,0.0,19454697.71,0.0
SISIFO FUNDO DE INVESTIMENTO EM COTAS DE FUNDO DE INVESTIMENTO EM DIREITOS CREDITÓRIOS,63939670000198,0.0,0.0,0.0,0.0,
VALLORI FUNDO DE INVESTIMENTO EM DIREITOS CREDITÓRIOS,64137473000118,0.0,0.0,0.0,92118.62,0.0
EP ACESS SOSU OPPORTUNITIES III FIDC RESPONSABILIDADE LIMITADA,65276225000110,0.0,0.0,0.0,10533243.08,0.0
MIRABAUD CRÉDITO ESTRUTURADO CIC DE FUNDOS DE INVESTIMENTO EM DIREITOS CREDITÓRIOS - RESP LIMITADA,65483268000177,0.0,0.0,0.0,6151901.72,0.0
FUNDO DE INVESTIMENTO EM DIREITOS CREDITÓRIOS LC PRECATÓRIOS I  RESPONSABILIDADE LIMITADA,66831288000154,0.0,0.0,0.0,9108694.7,0.0
FUNDO DE INVESTIMENTO EM DIREITOS CREDITÓRIOS MAIM RESPONSABILIDADE LIMITADA,66915152000122,0.0,0.0,0.0,20810342.0,0.0
ACESSO FUNDO DE INVESTIMENTO EM COTAS DE FUNDOS DE INVESTIMENTO EM DIREITOS  CREDITÓRIOS,67133232000199,0.0,0.0,0.0,745589.68,0.0
VALORA GUARDIAN FUNDO DE INVESTIMENTO EM DIREITOS CREDITÓRIOS - RESPONSABILIDADE LIMITADA,11701985000107,0.0,0.0,0.0,612224400.33,0.0
FC5 FI EM COTAS DE FUNDO DE INVESTIMENTO EM DIREITOS CREDITÓRIOS - RESPONSABILIDA LIMITADA,12660468000191,0.0,0.0,0.0,-301212.88,
EMPÍRICA LOTUS PLUS FI EM COTAS DE FUNDOS DE INVESTIMENTOS EM DIREITOS CREDITÓRIOS,20147269000102,0.0,0.0,0.0,10531282.17,0.0
ARTESANAL CRÉDITO PRIVADO FUNDO DE INVESTIMENTO EM DIREITOS CREDITÓRIOS - RESPONSABILIDADE LIMITADA,20441301000168,0.0,0.0,0.0,2531753764.54,0.0
SIERRA FUNDO DE INVESTIMENTO EM COTAS DE FUNDO DE INVESTIMENTO EM DIREITOS CREDITÓRIOS,20658724000134,0.0,0.0,0.0,993077.38,0.0
ROYAL OAK FUNDO DE INVESTIMENTO EM COTAS DE FUNDOS DE INVESTIMENTO EM DIREITOS CREDITORIOS NÃO PADRO,23029136000120,0.0,0.0,0.0,0.0,
M8 CREDIT OPPORTUNITIES FUNDO DE INVESTIMENTO EM COTAS DE FI EM DIREITOS CREDITORIOS,26841302000186,0.0,0.0,0.0,630944811.65,0.0
HOD MULTIPLICA 90 FUNDO DE INVESTIMENTO EM COTAS DE FUNDO DE  INVESTIMENTO EM DIREITOS CREDITÓRIOS,27500576000174,0.0,0.0,0.0,137782957.98,0.0
XPLORER FUNDO DE INVESTIMENTO EM COTAS DE FUNDOS DE INVESTIMENTO EM DIREITOS CREDITÓRIOS,28079865000104,0.0,0.0,0.0,34622221.18,0.0
KP CP FUNDO DE INVESTIMENTO EM DIREITOS CREDITÓRIOS RESPONSABILIDADE LIMITADA,28903657000188,0.0,0.0,0.0,609229136.39,0.0
EC MASTER FUNDO DE INVESTIMENTO EM COTAS DE FUNDOS DE INVESTIMENTO EM DIREITOS CREDITÓRIOS,29127787000139,0.0,0.0,0.0,22906142.96,0.0
SG JC III FIC FIDC NP,30808119000156,0.0,0.0,0.0,28019174.8,0.0
SOLIS SPECIALE FUNDO DE INVESTIMENTO EM COTAS DE FUNDOS DE INVESTIMENTO EM DIREITOS CREDITÓRIOS,30910762000196,0.0,0.0,0.0,1081054302.35,0.0
GC FUNDO DE INVESTIMENTO EM DIREITOS CREDITÓRIOS,32162586000187,0.0,0.0,0.0,0.0,
MGC GLOBAL FUNDO DE INVESTIMENTO EM COTAS DE FIDC  RESPONSABILIDADE LIMITADA,35277363000153,0.0,0.0,0.0,231176243.49,0.0
SEJA FUNDO DE INVESTIMENTO EM COTAS DE FUNDO DE INVESTIMENTO EM DIREITOS CREDITÓRIOS,35871456000101,0.0,0.0,0.0,50973028.99,0.0
AGROHUB FUNDO DE INVESTIMENTO EM DIREITOS CREDITÓRIOS RESPONSABILIDADE LIMITADA,37054545000190,0.0,0.0,0.0,108614144.14,0.0
STARBOARD SPECIAL SITUATIONS III FUNDO DE INVESTIMENTO EM DIREITOS CREDITÓRIOS,40365916000160,0.0,0.0,0.0,28068498.93,0.0
SAVANA FUNDO DE INVESTIMENTO EM COTAS DE FUNDOS DE  INVESTIMENTO EM DIREITOS CREDITÓRIOS NP,43702714000154,0.0,0.0,0.0,107172286.15,0.0
MENESTYS II FUNDO DE INVESTIMENTO EM COTAS DE FUNDO DE INVESTIMENTO EM DIREITOS CREDITÓRIOS,43946598000119,0.0,0.0,0.0,101933494.67,0.0
KP GUARDIAN FUNDO DE INVESTIMENTO EM COTAS DE FIDC RESPONSABILIDADE LIMITADA,44002502000127,0.0,0.0,0.0,16644690.61,0.0
LEXIS FEEDER FUNDO DE INVESTIMENTO EM DIREITOS CREDITÓRIOS,45772950000172,0.0,0.0,0.0,75677017.47,0.0
VALORA QI FUNDO DE INVESTIMENTO EM DIREITOS CREDITÓRIOS RESPONSABILIDADE LIMITADA,46339426000175,0.0,0.0,0.0,30014571.94,0.0
SOLIS SHOR FUNDO DE INVESTIMENTO EM COTAS EM FUNDOS DE INVESTIMENTO EM DIREITOS CREDITÓRIOS,46685622000100,0.0,0.0,0.0,223392823.61,0.0
MILÊNIO SUPERNOVA MASTER FUNDO DE INVESTIMENTO EM DIREITOS CREDITÓRIOS RESPONSABILIDADE LIMITADA,47046831000168,0.0,0.0,0.0,43695147.07,0.0
FMD INVESTIMENTOS FUNDO DE INVESTIMENTO EM DIREITOS CREDITÓRIOS,47167977000161,0.0,0.0,0.0,54706193.6,0.0
MOBI FUNDO DE INVESTIMENTO EM COTAS DE FUNDO DE INVESTIMENTO EM DIREITOS CREDITÓRIOS,47168002000158,0.0,0.0,0.0,19501282.77,0.0
FUSION 90 HIGH YIELD FI EM COTAS DE FUNDOS DE INVESTIMENTO EM DIREITOS CREDITÓRIOS,48373447000132,0.0,0.0,0.0,216650504.75,0.0
VP CRÉDITO ESTRUTURADO FIC DE FUNDOS DE INVESTIMENTO EM DIREITOS CREDITÓRIOS RESPONSABILIDADE LIMITA,49336433000101,0.0,0.0,0.0,405426590.89,0.0
INSIGNA FUNDO DE INVESTIMENTO EM DIREITOS CREDITÓRIOS RESPONSABILIDADE LIMITADA,50133597000110,0.0,0.0,0.0,0.0,
G5 BRJUS F FUNDO DE INVESTIMENTO EM COTAS DE FUNDOS DE INVESTIMENTO DIREITOS CREDITÓRIOS,51050311000104,0.0,0.0,0.0,55565055.41,0.0
CÉREBRO FUNDO DE INVESTIMENTO EM DIREITOS CREDITÓRIOS,51190919000126,0.0,0.0,0.0,16262027.51,0.0
EXP RF CONSERVADOR FEEDER - FIDC,52348286000102,0.0,0.0,0.0,0.0,
CIRRUS FUNDO DE INVESTIMENTO EM DIREITOS CREDITÓRIOS,53197397000110,0.0,0.0,0.0,1029286.55,0.0
DHAMA AGNI FUNDO DE INVESTIMENTO EM DIREITOS CREDITÓRIOS RESPONSABILIDADE LIMITADA,53215146000110,0.0,0.0,0.0,34157596.26,0.0
TRC 01 CHIMERA FEEDER FUNDO DE INVESTIMENTO EM COTAS DE FIDC NP,53751022000150,0.0,0.0,0.0,33112853.93,0.0
PCS II BRASIL FUNDO DE INVESTIMENTO EM DIREITOS CREDITÓRIOS,53864681000100,0.0,0.0,0.0,638743807.64,0.0
INTEGRAL ESTRUTURADO CIC DE CLASSES DE INVESTIMENTOS EM DIREITOS CREDITÓRIOS RESP LIMITADA,53865644000109,0.0,0.0,0.0,20158931.6,0.0
GLOBAL FUTURA FUNDO DE INVESTIMENTO EM DIREITOS CREDITÓRIOS DE RESPONSABILIDADE LIMITADA,53962745000106,0.0,0.0,0.0,2826420.71,0.0
DIAMANTE FUNDO DE INVESTIMENTO EM DIREITOS CREDITÓRIOS DE CLASSE ÚNICA FECHADA,53969337000178,0.0,0.0,0.0,5795961.68,0.0
GARE FUNDO DE INVESTIMENTO EM DIREITOS CREDITÓRIOS,54443741000176,0.0,0.0,0.0,138214122.07,0.0
SOMAPAY CONSIGNADO PRIVADO FUNDO DE  INVESTIMENTO EM DIREITOS CREDITÓRIOS,54738116000151,0.0,0.0,0.0,0.0,
EUREKKA I FUNDO DE INVESTIMENTO EM DIREITOS CREDITÓRIOS,54828406000196,0.0,0.0,0.0,0.0,
VERDE AM IPÊ FUNDO DE INVESTIMENTO EM DIREITOS CREDITÓRIOS RESPONSABILIDADE LIMITADA,54851094000131,0.0,0.0,0.0,318906719.3,0.0
VOLAR FUNDO DE INVESTIMENTO EM COTAS FIDC RESP LIMITADA,55085520000136,0.0,0.0,0.0,1591681.32,0.0
GUINNESS FUNDO DE INVESTIMENTO EM COTAS DE FUNDOS DE INVESTIMENTO EM DIREITOS CREDITÓRIOS,55132551000109,0.0,0.0,0.0,1313980.12,0.0
ATENA FUNDO DE INVESTIMENTO EM DIREITOS CREDITÓRIOS RECUPERAÇÃO DE CRÉDITO,55135135000156,0.0,0.0,0.0,1310319.32,0.0
PMFO M8 FUNDO DE INVESTIMENTO EM COTAS DE FUNDOS DE INVESTIMENTO EM DIREITOS CREDITÓRIOS,55235473000160,0.0,0.0,0.0,185200115.87,0.0
PORTO FIC DE FIDC DE RESPONSABILIDADE LIMITADA,55363920000166,0.0,0.0,0.0,379287771.74,0.0
ROOT CAPITAL HIGH YIELD T360 FUNDO DE INVESTIMENTO EM DIREITOS CREDITORIOS,55497707000147,0.0,0.0,0.0,234697213.56,0.0
FÊNIX  FUNDO  DE INVESTIMENTO EM DIREITOS CREDITÓRIOS NÃO-PADRONIZADOS  RESPONSABILIDADE  LIMITADA,55706529000117,0.0,0.0,0.0,0.0,
DAY MAXX 4 FIDC DE RESPONSABILIDADE LIMITADA,56822599000101,0.0,0.0,0.0,11362515.24,0.0
ASA LP II FUNDO DE INVESTIMENTO EM COTAS DE FUNDO DE INVESTIMENTO EM DIREITOS CREDITÓRIOS RESP LIM,56924942000110,0.0,0.0,0.0,1798768995.61,0.0
ARTESANAL CDI+ FI EM COTAS DE FI EM DIREITOS CREDITÓRIOS I - RESPONSABILIDADE LIMITADA,57555376000180,0.0,0.0,0.0,261740938.56,0.0
ST 1015 FUNDO DE INVESTIMENTO EM DIREITOS CREDITÓRIOS RESPONSABILIDADE LIMITADA,57584525000139,0.0,0.0,0.0,54157862.64,0.0
SAYURI FUNDO DE INVESTIMENTO EM COTAS DE FUNDOS DE INVESTIMENTOS EM DIREITOS CREDITÓRIOS,57968717000149,0.0,0.0,0.0,1309951.56,0.0
FUNDO DE INVESTIMENTO EM COTAS DE FUNDOS DE INVESTIMENTO EM DIREITOS CREDITÓRIOS CRITERIA,58477763000108,0.0,0.0,0.0,14451938.61,0.0
SINGULAR LUTECE FUNDO DE INVESTIMENTO EM COTAS DE FUNDOS DE INVESTIMENTO DIREITOS CREDITÓRIOS,58733274000170,0.0,0.0,0.0,19724409.4,0.0
ARTESANAL BTG CDI+ FIC DE FI EM DIREITOS CREDITÓRIOS - RESPONSABILIDADE LIMITADA,59116601000107,0.0,0.0,0.0,96587133.97,0.0
NTZ ALPHA FUNDO DE INVESTIMENTO EM DIREITOS CRÉDITORIOS  NÃO PADRONIZADODE RESPONSABILIDADE LIMITADA,59714044000126,0.0,0.0,0.0,13916467.49,0.0
MORE PLUS FUNDO DE INVESTIMENTO EM COTAS DE FUNDOS DE INVESTIMENTO EM  DIREITOS CREDITÓRIOS,59894223000192,0.0,0.0,0.0,244746302.28,0.0
AVGA CAPITAL ARAUCÁRIA HIGH GRADE 30 FIC DE FIDC RESPONSABILIDADE LIMITADA,60315951000181,0.0,0.0,0.0,11054504.41,0.0
FUNDO DE INVESTIMENTO EM COTAS DE FIDC PACÍFICO RESPONSABILIDADE LIMITADA,60456307000123,0.0,0.0,0.0,29081082.44,0.0
TRAGER FUNDO DE INVESTIMENTO EM COTAS DE FIDC RESPONSABILIDADE LIMITADA,60858457000163,0.0,0.0,0.0,60792354.58,0.0
HARBOUR VICTORIA FI EM COTAS DE FI EM DIREITOS CREDITÓRIOS RESPONSABILIDADE LIMITADA,60935683000109,0.0,0.0,0.0,6866393.79,0.0
LGCY M8 FI EM COTAS DE FUNDOS DE INVESTIMENTO EM DIREITOS CREDITÓRIOS RESPONSABILIDADE LIMITADA,61662363000187,0.0,0.0,0.0,26385437.95,0.0
PKT SUB I FUNDO DE INVESTIMENTO EM COTAS DE FIDC DE RESPONSABILIDADE LIMITADA,63464553000115,0.0,0.0,0.0,25044458.94,0.0
SHINE I FUNDO DE INVESTIMENTO EM DIREITOS CREDITÓRIOS DE RESPONSABILIDADE LIMITADA,63516458000118,0.0,0.0,0.0,269788.49,0.0
NIPPER FIC DE FIDC RESPONSABILIDADE LIMITADA,63536839000169,0.0,0.0,0.0,1765614.72,0.0
PG2 FUNDO DE INVESTIMENTO EM COTAS DE FUNDOS DE INVESTIMENTO EM DIREITOS CREDITÓRIOS RESP LIMITADA,63663195000170,0.0,0.0,0.0,47997739.27,0.0
NC 2025 I FUNDO DE INVESTIMENTO  EM DIREITOS CREDITÓRIOS RESPONSABILIDADE LIMITADA,63700113000110,0.0,0.0,0.0,0.0,
BRADESCO PFN FUNDO DE INVESTIMENTO EM COTAS DE FIDC - RESP LIMITADA,63728154000114,0.0,0.0,0.0,62670487.87,0.0
ALDEBARAN IV FUNDO DE INVESTIMENTO EM DIREITOS CREDITÓRIOS - RESPONSABILIDADE LIMITADA,63728565000100,0.0,0.0,0.0,148419679.36,0.0
ENG40 FUNDO DE INVESTIMENTO EM DIREITOS CREDITÓRIOS  RESPONSABILIDADE LIMITADA,64636877000156,0.0,0.0,0.0,1716951.82,0.0
INFINITUM FUNDO DE INVESTIMENTO EM DIREITOS CREDITÓRIOS RESPONSABILIDADE LIMITADA,65513960000109,0.0,0.0,0.0,5505774.0,0.0
OMIE I FUNDO DE INVESTIMENTO EM DIREITOS CREDITÓRIOS - RESPONSABILIDADE LIMITADA,66687692000104,0.0,0.0,0.0,15291115.46,0.0
KONDOR KOBOLD FUNDO DE INVESTIMENTO EM COTAS DE FIDC - RESP LIMITADA,10292322000105,0.0,0.0,0.0,632022912.32,0.0
BBIF MASTER FUNDO DE INVESTIMENTO EM DIREITOS CREDITÓRIOS LP,11003181000126,0.0,0.0,0.0,31096078.74,0.0
FC2 FIC DE FUNDO DE INVESTIMENTO EM DIREITOS CREDITÓRIOS RESPONSABILIDADE LIMITADA,12565143000120,0.0,0.0,0.0,-298843.23,
FC3 FI EM COTAS DE FUNDO DE INVESTIMENTO EM DIREITOS CREDITÓRIOS - RESPONSABILIDA LIMITADA,12660462000114,0.0,0.0,0.0,-650516.73,
VALORA TITAN FUNDO DE INVESTIMENTO EM DIREITOS CREDITÓRIOS RESPONSABILIDADE LIMITADA,14115121000193,0.0,0.0,0.0,353398508.86,0.0
FUNDO DE INVESTIMENTO EM QUOTAS DE FUNDOS DE INVESTIMENTO EM DIREITOS CREDITÓRIOS - BRAZIL PLUS,14239052000120,0.0,0.0,0.0,0.0,
CAUÊ GS FUNDO DE INVESTIMENTO EM DIREITOS CREDITÓRIOS  RESPONSABILIDADE LIMITADA,16873285000105,0.0,0.0,0.0,69740049.22,0.0
MEGEVE FUNDO DE INVESTIMENTO EM COTAS DE FIDC DE RESPONSABILIDADE LIMITADA,17080215000162,0.0,0.0,0.0,456261616.55,0.0
PREMIUM FUNDO DE INVESTIMENTO EM COTAS DE FUNDOS DE INVESTIMENTO EM DIREITOS CREDITÓRIOS,19424668000194,0.0,0.0,0.0,62499879.0,0.0
DBS FUNDO DE INVESTIMENTO EM DIREITOS CREDITORIOS,20093934000122,0.0,0.0,0.0,119630503.72,0.0
ATF II FUNDO DE INVESTIMENTO EM DIREITOS CREDITÓRIOS,21556756000191,0.0,0.0,0.0,0.0,
VINCI CRÉDITO ESTRUTURADO SELECTION FIC DE FIDC - RESP LIMITADA,22282646000141,0.0,0.0,0.0,544696600.09,0.0
FUNDO DE INVESTIMENTO EM DIREITOS CREDITORIOS LOTEAMENTO,27467600000110,0.0,0.0,0.0,0.01,0.0
AGUIA FI EM COTAS DE FUNDOS DE INVESTIMENTO EM DIREITOS  CREDITÓRIOS RESPONSABILIDADE LIMITADA,27938258000190,0.0,0.0,0.0,10537158.22,0.0
PREGUINHO FUNDO DE INVESTIMENTO EM DIREITOS CREDITÓRIOS DE RESPONSABILIDADE LIMITADA,29077751000198,0.0,0.0,0.0,181904257.37,0.0
XP CRÉDITO ESTRUTURADO 360 MASTER FIC FIDC RESPONSABILIDADE LIMITADA,29078618000156,0.0,0.0,0.0,664681995.93,0.0
FOUR CREDIT FUNDO DE INVESTIMENTO EM COTAS DE FUNDO DE INVESTIMENTO EM DIREITOS CREDITÓRIOS,32162520000197,0.0,0.0,0.0,0.0,
MALMO FUNDO DE INVESTIMENTO EM COTAS DE FUNDOS DE INVESTIMENTO EM DIREITOS CREDITÓRIOS NP,32274432000187,0.0,0.0,0.0,2093695955.21,0.0
WELLESLEY FUNDO DE INVESTIMENTO EM DIREITOS CREDITÓRIOS RESPONSABILIDADE LIMITADA,32274625000138,0.0,0.0,0.0,-1436261.01,
APUAMA YARA FUNDO DE INVESTIMENTO EM COTAS DE FUNDOS DE INVESTIMENTO EM DIREITOS CREDITÓRIOS RES LIM,34027976000170,0.0,0.0,0.0,504652451.25,0.0
FERRARA FUNDO DE INVESTIMENTO EM COTAS DE FUNDOS DE INVESTIMENTO EM DIREITOS CREDITÓRIOS,37012075000100,0.0,0.0,0.0,673294822.11,0.0
MENESTYS I FUNDO DE INVESTIMENTO EM COTAS DE FUNDOS DE INVESTIMENTO EM DIREITOS CREDITÓRIOS,38226673000137,0.0,0.0,0.0,344208666.32,0.0
FIDEM BANK FUNDO DE INVESTIMENTO EM COTAS DE FUNDO DE INVESTIMENTO EM DIREITOS CREDITÓRIOS,41907181000111,0.0,0.0,0.0,23376841.11,0.0
JIVE BOSSANOVA HY ADVISORY - FIC FIDC,43121036000136,0.0,0.0,0.0,1222037129.19,0.0
ARROBANK RECEBÍVEIS AGROPECUÁRIOS FUNDO DE  INVESTIMENTO EM DIREITOS CREDITÓRIOS - RESPONSABILIDADE,44197635000104,0.0,0.0,0.0,0.0,
UJAY COBALT FUNDO DE INVESTIMENTO EM COTAS DE FIDC RESPONSABILIDADE LIMITADA,44479995000190,0.0,0.0,0.0,12964229.72,0.0
FUNDO DE INVESTIMENTO EM DIREITOS CREDITÓRIOS TRADING I,45938195000153,0.0,0.0,0.0,-669555.74,
VTR OP FUNDO DE INVESTIMENTO EM COTAS DE FUNDOS DE INVESTIMENTO EM DIREITOS CREDITÓRIOS - RESPONSABI,46390338000106,0.0,0.0,0.0,54436245.33,0.0
VALORA BWM FUNDO DE INVESTIMENTO EM DIREITOS CREDITÓRIOS RESPONSABILIDADE LIMITADA,46439664000152,0.0,0.0,0.0,246391711.27,0.0
EXT CAPITAL FUNDO DE INVESTIMENTO EM COTAS DE FUNDOS DE INVESTIMENTO EM DIREITOS CREDITORIOS,48038416000125,0.0,0.0,0.0,105773553.12,0.0
IBBA AGRO BR FUNDO DE INVESTIMENTO EM DIREITOS CREDITÓRIOS,48313595000161,0.0,0.0,0.0,609029.22,0.0
BTG MULTIGESTOR CREDIT PLUS FIC DE FUNDOS DE INVESTIMENTO EM DIREITOS CREDITÓRIOS,48330198000106,0.0,0.0,0.0,283840260.77,0.0
PHILADELPHIA FUNDO DE INVESTIMENTO EM DIREITOS CREDITÓRIOS NÃOPADRONIZADOS RESPONSABILIDADE LIMITADA,49223648000116,0.0,0.0,0.0,0.0,
BLESS LONGO PRAZO FUNDO DE INVESTIMENTO EM DIREITOS CREDITÓRIOS NÃO PADRONIZADOS,49682304000175,0.0,0.0,0.0,0.0,
RM FUNDO DE INVESTIMENTO EM DIREITOS CREDITORIOS NAO PADRONIZADO,50824837000123,0.0,0.0,0.0,71172329.18,0.0
PRINZ DISCOVERY CRÉDITO ESTRUTURADO 180 FUNDO DE INVESTIMENTO EM COTAS DE DIREITOS CREDITÓRIOS,51729429000155,0.0,0.0,0.0,103860320.97,0.0
STV1 FUNDO DE INVESTIMENTO EM  DIREITOS CREDITÓRIOS,52098409000196,0.0,0.0,0.0,47456951.55,0.0
3T - FUNDO DE INVESTIMENTO EM COTAS DE FUNDO DE INVESTIMENTO EM DIREITOS CREDITÓRIOS NÃO PADRONIZADO,52362629000185,0.0,0.0,0.0,21472860.17,0.0
RADIX OPPORTUNITIES FUNDO DE INVESTIMENTO EM DIREITOS CREDITÓRIOS RESPONSABILIDADE LIMITADA,52588379000104,0.0,0.0,0.0,155699594.34,0.0
SCORPIUS HIGH ALPHA FIC FIDC SEGMENTO FINANCEIRO,52878266000135,0.0,0.0,0.0,48002042.75,0.0
AZUMI MASTER FUNDO DE INVESTIMENTO EM COTAS DE FIDC - RESPONSABILIDADE LIMITADA,53030737000113,0.0,0.0,0.0,63899719.55,0.0
PRIME EXCLUSIVO FUNDO DE INVESTIMENTO EM DIREITOS CREDITÓRIOS DE CLASSE ÚNICA ABERTA,53879825000194,0.0,0.0,0.0,0.0,
ST 1006 FUNDO DE INVESTIMENTO EM DIREITOS CREDITÓRIOS RESPONSABILIDADE LIMITADA,54327130000162,0.0,0.0,0.0,248603.19,0.0
FUNDO DE INVESTIMENTO EM DIREITOS CREDITÓRIOS MULTISETORIAL SIFRA DE RESPONSABILIDADE LIMITADA,54889584000127,0.0,0.0,0.0,0.0,
MILÊNIO PFN FUNDO DE INVESTIMENTO EM DIREITOS CREDITÓRIOS DE RESPONSABILIDADE LIMITADA,54994858000148,0.0,0.0,0.0,56445681.28,0.0
F3 STARS FUNDO DE INVESTIMENTO EM DIREITOS CREDITÓRIOS RESPONSABILIDADE LIMITADA,55497401000190,0.0,0.0,0.0,4872156.52,0.0
MENESTYS VII GABLES FUNDO DE INVESTIMENTO EM COTAS DE FUNDO DE INVESTIMENTO EM DIREITOS CREDITÓRIOS,55499498000170,0.0,0.0,0.0,23601543.29,0.0
MONTE BRAVO MULTICRÉDITO FIC FIDC,55634639000110,0.0,0.0,0.0,25626511.97,0.0
CRÉDITO AZUL FIC DE FIDC - RESPONSABILIDADE LIMITADA,56703001000157,0.0,0.0,0.0,176761033.85,0.0
FOF 180 FUNDO DE INVESTIMENTO EM DIREITOS CREDITÓRIOS DE RESPONSABILIDADE LIMITADA,57585113000113,0.0,0.0,0.0,8391088.6,0.0
AMALFI FUNDO DE INVESTIMENTO EM COTAS DE FUNDOS DE INVESTIMENTO EM DIREITOS CREDITÓRIOS,58142113000101,0.0,0.0,0.0,131424592.4,0.0
UV SERRA DA CANASTRA FI EM COTAS DE FI EM DIREITOS CREDITÓRIOS RESPONSABILIDADE LIMITADA,58441334000180,0.0,0.0,0.0,12103445.34,0.0
SOLIS HIGH YIELD FIC FIDC - RESPONSABILIDADE LIMITADA,59903473000141,0.0,0.0,0.0,8883278.92,0.0
MT II FIC DE FUNDOS DE INVESTIMENTO EM DIREITOS CREDITÓRIOS CONSIGNADOS DE RESPONSABILIDADE LIMITADA,60026073000184,0.0,0.0,0.0,210106796.59,0.0
M M8 FUNDO DE INVESTIMENTO EM COTAS DE FUNDOS DE INVESTIMENTO EM DIREITOS  CREDITÓRIOS,60222618000128,0.0,0.0,0.0,59962147.07,0.0
PS CRÉDITO ESTRUTURADO CART REV FI EM COTAS DE FUNDOS DE INVESTIMENTO EM  DIREITOS CREDITORIOS,60623935000156,0.0,0.0,0.0,723497933.97,0.0
CHIMERA ALTERNATIVE ASSETS XII SB FUNDO DE INVESTIMENTO EM COTAS DE FIDC RESPONSABILIDADE LTDA,61085513000137,0.0,0.0,0.0,40992209.24,0.0
SOMA FI EM COTAS DE FUNDO DE INVESTIMENTO EM DIREITOS CREDITORIOS,61141562000140,0.0,0.0,0.0,38187614.04,0.0
ANGRA FUNDO DE INVESTIMENTO EM COTAS DE FUNDOS DE INVESTIMENTO EM DIREITOS CREDITÓRIOS,61237208000113,0.0,0.0,0.0,40912340.3,0.0
SAERJ FUNDO DE INVESTIMENTO EM COTAS DE FUNDO DE INVESTIMENTO EM DIREITOS CREDITÓRIOS,61593787000137,0.0,0.0,0.0,35856734.99,0.0
SERENNA FUNDO DE INVESTIMENTO EM DIREITOS CREDITÓRIOS,62124934000192,0.0,0.0,0.0,-1874706.02,
XP VINTAGE I FUNDO DE INVESTIMENTO EM DIREITOS CREDITÓRIOS MULTICARTEIRA OUTROS RL,62359143000141,0.0,0.0,0.0,145041562.65,0.0
PORTO JACARANDÁ FUNDO DE INVESTIMENTO EM COTAS DE FUNDOS DE INVESTIMENTO EM DIREITOS CREDITÓRIOS,62567209000199,0.0,0.0,0.0,15835425.76,0.0
ANGÁ PMFO FIC DE FUNDOS DE INVESTIMENTO EM DIREITOS CREDITÓRIOS DE RESP LIMITADA,63332739000110,0.0,0.0,0.0,93289813.01,0.0
STRATEGIC CREDIT PRIVATE CLIENTS FUNDO DE INVESTIMENTO EM COTAS DE FUNDO DE INVESTIMENTO EM DIREITOS,63706874000189,0.0,0.0,0.0,70888865.63,0.0
ACROSS FUNDO DE INVESTIMENTO EM COTAS DE FUNDO DE INVESTIMENTO EM  DIREITOS CREDITÓRIOS,63974821000149,0.0,0.0,0.0,11462847.77,0.0
NEO CRÉDITO PRECATÓRIOS SÊNIOR FIC FIDC RESPONSABILIDADE LIMITADA,65303945000128,0.0,0.0,0.0,8983362.5,0.0
LCM OSÍRIS FUNDO DE INVESTIMENTO EM DIREITOS CREDITÓRIOS,66127332000140,0.0,0.0,0.0,150596474.39,0.0
UNIKA FUNDO DE  INVESTIMENTOS EM DIREITOS CREDITÓRIOS NÃO PADRONIZADOS RESPONSABILIDADE  LIMITADA,66791582000180,0.0,0.0,0.0,980463.61,0.0
HZTS PETRA FUNDO DE INVESTIMENTO EM DIREITOS CREDITÓRIOS - RESPONSABILIDADE LIMITADA,67228182000123,0.0,0.0,0.0,9963830.64,0.0
PLR FUNDO DE INVESTIMENTO EM DIREITOS CREDITÓRIOS,12236809000104,0.0,0.0,0.0,1064742280.9,0.0
SÃO JOSÉ FUNDO DE INVESTIMENTO EM DIREITOS CREDITÓRIOS - RESPONSABILIDADE LIMITADA,12915248000161,0.0,0.0,0.0,20379905.97,0.0
FUNDO DE INVESTIMENTO EM DIREITOS CREDITÓRIOS NÃO PADRONIZADOS WNT - FORNECEDORES,21658426000107,0.0,0.0,0.0,0.0,
ASPEN FUNDO DE INVESTIMENTO EM COTAS DE FUNDO DE INVESTIMENTO EM DIREITOS CREDITÓRIOS - RESPONSABILI,21796827000123,0.0,0.0,0.0,51837680.58,0.0
VALORA GUARDIAN ADVISORY FUNDO DE INVESTIMENTO EM DIREITOS CREDITÓRIOS - RESPONSABILIDADE LIMITADA,25213355000190,0.0,0.0,0.0,1206500966.37,0.0
DIP FINANCING 11 FEEDER FUNDO DE INVESTIMENTO EM DIREITOS CREDITÓRIOS,25246617000112,0.0,0.0,0.0,0.0,
RNX FEEDER FUNDO DE INVESTIMENTO EM COTAS DE FIDC MULTISSETORIAL,26000088000135,0.0,0.0,0.0,178445318.09,0.0
SF4 FUNDO DE INVESTIMENTO EM DIREITOS CREDITÓRIOS- RESPONSABILIDADE LIMITADA,26380651000148,0.0,0.0,0.0,0.0,
FÊNIX FUNDO DE INVESTIMENTO EM DIREITOS CREDITÓRIOS NÃO-PADRONIZADOS RESPONSABILIDADE LIMITADA,26631527000108,0.0,0.0,0.0,0.0,
TAURUS FUNDO DE INVESTIMENTO EM COTAS DE FUNDO DE INVESTIMENTO EM DIREITOS CREDITÓRIOS NÃO PADRONIZA,29226492000110,0.0,0.0,0.0,356391372.75,0.0
ACREDITAR FUNDO DE INVESTIMENTO EM COTAS DE FUNDOS DE INVESTIMENTO EM DIREITOS CREDITÓRIOS,29284735000176,0.0,0.0,0.0,109825516.77,0.0
LESTE CREDIT HIGH YIELD BRASIL FIDC DE RESPONSABILIDADE LIMITADA,30365949000156,0.0,0.0,0.0,61540985.01,0.0
FLORES DO BRASIL FUNDO DE INVESTIMENTO EM DIREITOS CREDITÓRIOS,30576238000120,0.0,0.0,0.0,63893402.43,0.0
GII CAPITAL FUNDO DE INVESTIMENTO EM DIREITOS CREDITÓRIOS,31024416000173,0.0,0.0,0.0,40626414.78,0.0
TIME MACHINE FUNDO DE INVESTIMENTO EM COTAS DE FUNDO DE INVESTIMENTO EM DIREITOS CREDITÓRIOS,31962028000133,0.0,0.0,0.0,85802583.16,0.0
ARTESANAL PFN FUNDO DE INVESTIMENTO EM DIREITOS CREDITÓRIOS RESPONSABILIDADE LIMITADA,33256234000153,0.0,0.0,0.0,404605480.16,0.0
AZURE BLC V  FUNDO DE INVESTIMENTO EM DIREITOS CREDITÓRIOS - RESPONSABILIDADE LIMITADA,35975173000100,0.0,0.0,0.0,0.0,
RECARGAPAY FUNDO DE INVESTIMENTO EM DIREITOS  CREDITÓRIOS EMPRÉSTIMOS I,37035913000153,0.0,0.0,0.0,0.0,
ÉXES D90 FUNDO DE INVESTIMENTO EM DIREITOS CREDITÓRIOS,38065069000176,0.0,0.0,0.0,158565031.13,0.0
G5 SPECIAL F SUB FUNDO DE INVESTIMENTO EM COTAS DE FUNDOS DE INVESTIMENTO EM DIREITOS CREDITÓRIOS,38948698000144,0.0,0.0,0.0,75764983.17,0.0
VANGUARD FUNDO DE INVESTIMENTO EM DIREITOS CREDITÓRIOS,39273613000138,0.0,0.0,0.0,-694042.53,
INDÚSTRIA Q1 FUNDO DE INVESTIMENTO EM DIREITOS CREDITÓRIOS,41593704000100,0.0,0.0,0.0,5047068.67,0.0
RIZA STATHEROS MASTER FIC DE FUNDOS DE INVESTIMENTO EM DIREITOS CREDITÓRIOS RESP LIMITADA,42081295000118,0.0,0.0,0.0,640690483.1,0.0
ORRAM 60 FUNDO DE INVESTIMENTO EM COTAS DE FUNDO DE INVESTIMENTO EM DIREITOS CREDITÓRIOS,43551206000112,0.0,0.0,0.0,426286828.45,0.0
PCS II GLOBAL FUNDO DE INVESTIMENTO EM DIREITOS CREDITÓRIOS,43702477000121,0.0,0.0,0.0,826467300.23,0.0
ACCESS ASA DISTRESSED FI EM COTAS DE FUNDOS DE INVESTIMENTO EM DIREITOS CREDITÓRIOS,44173345000112,0.0,0.0,0.0,8825947.95,0.0
OPERA I FUNDO DE INVESTIMENTO EM COTAS DE FUNDO DE INVESTIMENTO EM DIREITOS CREDITÓRIOS,44705662000132,0.0,0.0,0.0,22380812.0,0.0
FARM III FUNDO DE INVESTIMENTO EM DIREITOS CREDITÓRIOS RESPONSABILIDADE LIMITADA,46442274000131,0.0,0.0,0.0,85221003.11,0.0
GV ATACAMA FUNDO DE INVESTIMENTO EM DIREITOS CREDITÓRIOS,47167918000193,0.0,0.0,0.0,151199850.68,0.0
MOGNO FUNDO DE INVESTIMENTO EM COTAS DE FUNDOS DE INVESTIMENTO EM DIREITOS CREDITÓRIOS,47640501000104,0.0,0.0,0.0,54507869.24,0.0
JMP FUNDO DE INVESTIMENTO EM COTAS DE FUNDOS DE INVESTIMENTO EM DIREITOS CREDITÓRIOS,47731522000127,0.0,0.0,0.0,3158531.3,0.0
LION FI EM COTAS DE FUNDOS DE INVESTIMENTO EM DIREITOS  CREDITÓRIOS RESPONSABILIDA LIMITADA,48314952000106,0.0,0.0,0.0,6194067.22,0.0
GALAPAGOS EQUADOR FUNDO DE INVESTIMENTO EM DIREITOS CREDITÓRIOS - RESPONSABILIDADE LIMITADA,48328158000111,0.0,0.0,0.0,0.0,
SOMACRED CONSIGNADO PÚBLICO FI EM COTAS DE FUNDOS DE INVESTIMENTO DIREITOS CREDITÓRIOS,48330553000139,0.0,0.0,0.0,29472632.93,0.0
GUIMMAR FI EM COTAS DE FUNDOS DE INVESTIMENTO EM DIREITOS CREDITÓRIOS RESPONSABILIDADE LIMITADA,48360202000170,0.0,0.0,0.0,22280425.04,0.0
SIG III FC FUNDOS DE INVESTIMENTO EM  DIREITOS CREDITÓRIOS - RESPONSABILIDADE LIMITADA,49598836000129,0.0,0.0,0.0,66148737.83,0.0
AGRONEGOCIOS ASSET BANK FUNDO DE INVESTIMENTO EM COTAS DE FUNDOS DE INVESTIMENTO EM DIREITOS CREDITO,49749340000109,0.0,0.0,0.0,16208959.49,0.0
VSG FUNDO DE INVESTIMENTO EM COTAS DE FUNDO DE INVESTIMENTO EM DIREITOS CREDITÓRIOS,50284896000156,0.0,0.0,0.0,31185740.44,0.0
FLEX FUNDO DE INVESTIMENTO EM COTAS DE FUNDO DE INVESTIMENTO EM DIREITOS CREDITÓRIOS,51497417000142,0.0,0.0,0.0,5702833.56,0.0
ISIDORO FUNDO DE INVESTIMENTO EM COTAS DE FUNDO DE INVESTIMENTO EM DIREITOS CREDITÓRIOS,52607408000120,0.0,0.0,0.0,8464769.52,0.0
EXPERT III FUNDO DE INVESTIMENTO EM DIREITOS CREDITÓRIOS DE  RESPONSABILIDADE ILIMITADA,53073485000100,0.0,0.0,0.0,3516792400.64,0.0
AKYA FUNDO DE INVESTIMENTO EM DIREITOS CREDITÓRIOS  MULTISSETORIAL RESPONSABILIDADE LIMITADA,53822280000180,0.0,0.0,0.0,0.0,
FUNDO DE INVESTIMENTO EM DIREITOS CREDITÓRIOS PP1 FINANCEIRO,54422285000188,0.0,0.0,0.0,0.0,
MOSAICO ELITE FUNDO DE INVESTIMENTO EM DIREITOS CREDITÓRIOS,54519663000146,0.0,0.0,0.0,11330611.66,0.0
MONTESE FUNDO DE INVESTIMENTO EM DIREITOS CREDITÓRIOS,54680998000141,0.0,0.0,0.0,132264798.92,0.0
CHRONOS FUNDO DE INVESTIMENTO EM DIREITOS CREDITÓRIOS,54775576000150,0.0,0.0,0.0,67149918.6,0.0
PFN M8 FUNDO DE INVESTIMENTO EM COTAS DE FIDC DE RESPONSABILIDADE LIMITADA,54994808000160,0.0,0.0,0.0,63601560.03,0.0
JIVE BOSSANOVA HIGH YIELD PFN - FIC FIDC DE RESPONSABILIDADE LIMITADA,54994940000172,0.0,0.0,0.0,59455447.02,0.0
TARTUS FUNDO DE INVESTIMENTO EM DIREITOS CREDITÓRIOS NÃO PADRONIZADOS,55711612000184,0.0,0.0,0.0,290545441.76,0.0
GOTHAN FUNDO DE INVESTIMENTO EM COTAS DE FUNDOS DE INVESTIMENTOS EM DIREITOS CREDITÓRIOS,55791365000173,0.0,0.0,0.0,97807745.94,0.0
RAVENS FUNDO DE INVESTIMENTO EM DIREITOS CREDITÓRIOS,56021813000112,0.0,0.0,0.0,64064003.62,0.0
VCA FUNDO DE INVESTIMENTO EM  DIREITOS CREDITÓRIOS DE RESPONSABILIDADE LIMITADA,57088482000109,0.0,0.0,0.0,1923992.82,0.0
HOMMA INVEST FIC DE FIDC - RESP LIMITADA,57692099000157,0.0,0.0,0.0,21867527.78,0.0
GENEVE FUNDO DE INVESTIMENTO EM DIREITOS CREDITÓRIOS NÃO PADRONIZADOS,57720055000193,0.0,0.0,0.0,800705.49,0.0
TERA CRED FV FI EM COTAS DE FUNDOS DE INVESTIMENTO EM DIREITOS CREDITÓRIOS RESPONSABILIDADE LIMITADA,57811727000176,0.0,0.0,0.0,35455445.92,0.0
JIF CRÉDITOS III - FUNDO DE INVESTIMENTO EM DIREITOS CREDITÓRIOS CRÉDITO PRIVADO DE RESP ILIMITADA,58594260000112,0.0,0.0,0.0,0.0,
POTENCIAL INVEST FUNDO DE INVESTIMENTO EM COTAS DE FUNDOS DE INVESTIMENTO EM  DIREITOS CREDITÓRIOS,58645480000128,0.0,0.0,0.0,1141150790.24,0.0
REGENSBURG FIC FIDC RESPONSABILIDADE LIMITADA,59030572000166,0.0,0.0,0.0,0.0,
VALORA VANGUARD FUNDO DE INVESTIMENTO EM COTAS DE FUNDOS DE  DIREITOS CREDITÓRIOS,59657690000107,0.0,0.0,0.0,658122501.28,0.0
ATLAS FUNDO DE INVESTIMENTO EM COTAS DE FUNDOS DE INVESTIMENTO EM DIREITOS CREDITÓRIOS,61926140000180,0.0,0.0,0.0,39615765.46,0.0
SOMA W FUNDO DE INVESTIMENTO EM COTAS DE FUNDOS DE INVESTIMENTO EM DIREITOS CREDITÓRIOS,61942548000145,0.0,0.0,0.0,15010462.14,0.0
FUNDO DE INVESTIMENTO EM DIREITOS CREDITÓRIOS MULTISETORIAL SILVERADO MAXIMUM II,12138862000164,0.0,0.0,0.0,0.0,
SOLIS CAPITAL ANTARES FIC DE FUNDOS DE INVESTIMENTO EM DIREITOS CREDITÓRIOS,13054728000148,0.0,0.0,0.0,1318888006.56,0.0
LEX FINANCIAL INVESTMENTS FIC FIDC,25162160000168,0.0,0.0,0.0,155822003.65,0.0
AZUL FIC DE FIDC - RESPONSABILIDADE LIMITADA,26812192000124,0.0,0.0,0.0,252924204.25,0.0
MULTIPLIKE INVESTIMENTOS FUNDO DE INVESTIMENTO EM DIREITOS CREDITÓRIOS MULTISSETORIAL - RESPONSABILI,28079873000150,0.0,0.0,0.0,717547129.56,0.0
SIGMA CREDIT FEEDER FUNDO DE INVESTIMENTO EM DIREITOS CREDITÓRIOS,29461840000133,0.0,0.0,0.0,26587432.05,0.0
LOGISTIC FUNDO DE INVESTIMENTO EM DIREITOS CREDITÓRIOS - RESPONSABILIDADE LIMITADA,31216756000104,0.0,0.0,0.0,0.0,
MN I FUNDO DE INVESTIMENTO EM DIREITOS CREDITORIOS NAO-PADRONIZADOS,32113885000121,0.0,0.0,0.0,549614285.94,0.0
CONFIANÇA FUNDO DE INVESTIMENTO EM COTAS DE FUNDO DE INVESTIMENTO EM DIREITOS CREDITÓRIOS,32525937000177,0.0,0.0,0.0,69354277.58,0.0
LEGACY A FUNDO DE INVESTIMENTO EM DIREITOS CREDITÓRIOS,33447973000122,0.0,0.0,0.0,58379877.5,0.0
ITÁLIA FC DE FUNDOS DE INVESTIMENTO EM DIREITOS CREDITÓRIOS - FC FIDC RESPONSABILIDADE ILIMITADA,33521644000184,0.0,0.0,0.0,106341932.56,0.0
SOLIS CAPITAL ANTARES ADVISORY FIC DE FUNDOS DE INVESTIMENTO EM DIREITOS CREDITÓRIOS,34583819000140,0.0,0.0,0.0,2054273957.51,0.0
SOLIS CAPITAL ANTARES LIGHT MASTER FUNDO DE INVESTIMENTO EM COTAS DE FI EM DIREITOS CREDITORIOS,34780492000105,0.0,0.0,0.0,1052506551.94,0.0
PLATINUM FUNDO DE INVESTIMENTO EM DIREITOS CREDITÓRIOS,35654837000139,0.0,0.0,0.0,30290062.09,0.0
DMA9 FUNDO DE INVESTIMENTO EM DIREITOS CREDITÓRIOS RESPONSABILIDADE LIMITADA,36009621000183,0.0,0.0,0.0,30122818.64,0.0
ROMA FUNDO DE INVESTIMENTO EM DIREITOS CREDITÓRIOS,36566257000152,0.0,0.0,0.0,15860094.69,0.0
HOD MULTIPLICA 30 FUNDO DE INVESTIMENTO EM COTAS DE FUNDO DE INVESTIMENTO EM DIREITOS CREDITÓRIOS,37121216000115,0.0,0.0,0.0,75078473.17,0.0
MS MULTI FUNDO DE INVESTIMENTO EM DIREITOS CREDITÓRIOS,39664088000181,0.0,0.0,0.0,0.0,
FARM II FUNDO DE INVESTIMENTO EM DIREITOS CREDITÓRIOS RESPONSABILIDADE LIMITADA,40365928000194,0.0,0.0,0.0,6866419.07,0.0
STARS BANK FUNDO DE INVESTIMENTO EM COTAS DE FUNDO DE INVESTIMENTO EM DIREITOS CREDITÓRIOS,41992676000196,0.0,0.0,0.0,448999595.71,0.0
MENESTYS III FUNDO DE INVESTIMENTO EM COTAS DE FUNDOS DE INVESTIMENTO EM DIREITOS CREDITÓRIOS NP,44415066000118,0.0,0.0,0.0,77770664.54,0.0
FUNDO DE INVESTIMENTO EM DIREITOS CREDITÓRIOS NEON UP,47425887000123,0.0,0.0,0.0,0.0,
TANGUÁ FUNDO DE INVESTIMENTO EM COTAS DE FIDC - RESPONSABILIDADE LIMITADA,47669306000107,0.0,0.0,0.0,3198118.69,0.0
UC SUB FUNDO DE INVESTIMENTO EM COTAS DE FUNDO DE INVESTIMENTO EM DIREITOS CREDITÓRIOS,47896557000116,0.0,0.0,0.0,53833304.03,0.0
G5 FARM FUNDO DE INVESTIMENTO EM COTAS DE FUNDOS DE INVESTIMENTO EM DIREITOS CREDITÓRIOS III,48890745000108,0.0,0.0,0.0,21328420.11,0.0
FUNDO DE INVESTIMENTO EM DIREITOS CREDITÓRIOS CONTBANK,49275773000170,0.0,0.0,0.0,0.0,
SIG I FC FUNDOS DE INVESTIMENTO EM  DIREITOS CREDITÓRIOS - RESPONSABILIDADE LIMITADA.,49490977000123,0.0,0.0,0.0,71632297.15,0.0
SIG IV FC FUNDOS DE INVESTIMENTO EM  DIREITOS CREDITÓRIOS - RESPONSABILIDADE LIMITADA,50074839000142,0.0,0.0,0.0,64096590.27,0.0
SPECTRA SPECIAL BOX FUNDO DE INVESTIMENTO EM DIREITOS CREDITÓRIOS DE RESPONSABILIDADE LIMITADA,51311858000108,0.0,0.0,0.0,68091660.11,0.0
ARTESANAL CRÉDITO ESTRUTURADO FIC FIDC DE RESPONSABILIDADE LIMITADA,51689378000185,0.0,0.0,0.0,183098373.84,0.0
VALORAMA FUNDO DE INVESTIMENTO EM COTAS DE FUNDOS DE INVESTIMENTO EM DIREITOS CREDITÓRIOS,51863167000117,0.0,0.0,0.0,0.0,
SOLIS BELLATRIX FUNDO DE INVESTIMENTO EM COTAS DE FUNDOS DE INVESTIMENTO EM DIREITOS CREDITÓRIOS,52337930000139,0.0,0.0,0.0,28876433.7,0.0
STT1 FUNDO DE INVESTIMENTO EM DIREITOS CREDITÓRIOS,52554183000190,0.0,0.0,0.0,19576746.19,0.0
RADIX OPPORTUNITIES V FI EM COTAS DE FUNDOS DE INVESTIMENTO EM DIREITOS CREDITÓRIOS,52740729000106,0.0,0.0,0.0,18485021.92,0.0
CUMARI FUNDO DE INVESTIMENTO EM DIREITOS CREDITÓRIOS RESPONSABILIDADE LIMITADA,53279903000110,0.0,0.0,0.0,16138823.22,0.0
MAZA ELEPHAS MAX FIC DE FIDC RESPONSABILIDADE LIMITADA,54038087000115,0.0,0.0,0.0,127774371.01,0.0
TRADEMASTER III FIDC - RECEBÍVEIS COMERCIAIS - RESPONSABILIDADE LIMITADA,54585643000173,0.0,0.0,0.0,0.0,
DEMETER FIC DE FUNDOS DE INVESTIMENTO EM DIREITOS CREDITÓRIOS RESPONSABILIDADE LIMITADA,54594688000104,0.0,0.0,0.0,75051740.9,0.0
MEDITERRANEO FUNDO DE INVESTIMENTO EM DIREITOS CREDITÓRIOS,54979338000166,0.0,0.0,0.0,6124389.07,0.0
ANGÁ PFN FUNDO DE INVESTIMENTO EM COTAS DE FIDC DE RESPONSABILIDADE LIMITADA,54994754000133,0.0,0.0,0.0,67415669.92,0.0
POLÍGONO BRAVO CRÉDITO PRIVADO MULTIESTRATÉGIA FEEDER FI EM COTAS DE FI EM DIREITOS CREDITORIOS,55068896000132,0.0,0.0,0.0,14889913.94,0.0
BW 1 FUNDO DE INVESTIMENTO EM COTAS DE FUNDOS DE INVESTIMENTO EM DIREITOS CREDITÓRIOS,55234575000160,0.0,0.0,0.0,149663994.26,0.0
IGNIS FUNDO DE INVESTIMENTO EM COTAS DE FUNDO DE INVESTIMENTO EM DIREITOS CREDITÓRIOS,55485102000136,0.0,0.0,0.0,8693314.67,0.0
CONECTA BRASIL FUNDO DE INVESTIMENTO EM DIREITOS  CREDITÓRIOS - RESPONSABILIDADE LIMITADA,55486394000121,0.0,0.0,0.0,0.0,
PLGN MARKETPLACE FUNDO DE  INVESTIMENTO EM COTAS DE FUNDO DE INVESTIMENTO EM DIREITOS CREDITÓRIOS,55563624000109,0.0,0.0,0.0,126010215.23,0.0
OX FUNDO DE INVESTIMENTO EM DIREITOS CREDITÓRIOS,55626390000100,0.0,0.0,0.0,0.0,
SPECIALE FI EM COTAS DE FUNDOS DE INVESTIMENTOS EM DIREITOS CREDITÓRIOS RESPONSABILIDADE LIMITADA,55682228000109,0.0,0.0,0.0,1215486145.64,0.0
CONQUISTA FUNDO DE INVESTIMENTO EM COTAS DE FUNDO DE INVESTIMENTO EM DIREITOS CREDITÓRIOS,56023806000150,0.0,0.0,0.0,142501637.35,0.0
FAMA FUNDO DE INVESTIMENTO EM COTAS DE FUNDO DE INVESTIMENTO EM DIREITOS CREDITÓRIOS,56030860000122,0.0,0.0,0.0,3078709.14,0.0
ASA FUNDO DE INVESTIMENTO EM COTAS DE FUNDO DE INVESTIMENTO EM DIREITOS CREDITÓRIOS 90 II RESP LIM,56924025000136,0.0,0.0,0.0,310328448.55,0.0
JGP CRÉDITO HY FUNDO DE INVESTIMENTO EM DIREITOS CREDITÓRIOS - RESPONSABILIDADE LIMITADA,56935925000189,0.0,0.0,0.0,49565061.02,0.0
FUNDO DE INVESTIMENTO EM DIREITOS CREDITÓRIOS POUPACRED II RESPONSABILIDADE LIMITADA,57377181000197,0.0,0.0,0.0,0.0,
TM II FUNDO DE INVESTIMENTO EM DIREITOS CREDITORIOS,57976916000107,0.0,0.0,0.0,876161254.62,0.0
FARM M IV FUNDO DE INVESTIMENTO EM DIREITOS CREDITÓRIOS RESPONSABILIDADE LIMITADA,58442833000192,0.0,0.0,0.0,43399528.79,0.0
NXT RF CONSERVADOR FUNDO DE INVESTIMENTO EM DIREITOS CREDITÓRIOS FEEDER RESPONSABILIDADE LIMITADA,58559343000170,0.0,0.0,0.0,0.0,
HOPE III FUNDO DE INVESTIMENTO EM DIREITOS CREDITÓRIOS MULTISSEGMENTOS,58569452000179,0.0,0.0,0.0,24446595.98,0.0
G5 FUNDO DE INVESTIMENTO EM COTAS DE FUNDOS DE INVESTIMENTO EM DIREITOS  CREDITÓRIOS LC,58610515000193,0.0,0.0,0.0,51460388.4,0.0
FEEDER QUALI II FUNDO DE INVESTIMENTO EM COTAS DE FUNDOS DE INVESTIMENTO EM  DIREITOS CREDITÓRIOS,59497402000196,0.0,0.0,0.0,122582253.27,0.0
TATUHY FUNDO DE INVESTIMENTO EM COTAS DE FUNDO DE INVESTIMENTO EM DIREITOS CREDITÓRIOS,59791370000137,0.0,0.0,0.0,5804996.77,0.0
JIVEMAUÁ BOSSANOVA CRÉDITO SECURITIZADO FUNDO DE INVESTIMENTO EM DIREITOS CREDITÓRIOS RESP LIMITADA,60103810000103,0.0,0.0,0.0,457588450.78,0.0
PS PLGN FUNDO DE INVESTIMENTO EM DIREITOS CREDITÓRIOS,60412619000135,0.0,0.0,0.0,278110478.27,0.0
SOLIS ST FUNDO DE INVESTIMENTO EM COTAS DE FUNDOS DE INVESTIMENTO EM DIREITOS CREDITÓRIOS,60936562000173,0.0,0.0,0.0,87972176.95,0.0
CHELSEA FUNDO DE INVESTIMENTO EM DIREITOS CREDITÓRIOS,61289212000125,0.0,0.0,0.0,-3224783.55,
CONCRETO TIME FI EM COTAS DE FUNDO DE  INVESTIMENTO EM DIREITOS CREDITÓRIOS RESP LIMITADA,61653302000153,0.0,0.0,0.0,1967949.29,0.0
DUNA FUNDO DE INVESTIMENTO EM COTAS DE FIDC - RESP LIMITADA,61734191000100,0.0,0.0,0.0,22546165.38,0.0
SOSU OPPORTUNITIES III FUNDO DE INVESTIMENTO EM DIREITOS CREDITÓRIOS RESPONSABILIDADE LIMITADA,61753072000102,0.0,0.0,0.0,64218885.38,0.0
SIRIUS FUNDO DE INVESTIMENTO EM COTAS DE FI EM DIREITOS CREDITÓRIOS RESPONSABILIDADE LIMITADA,62058146000145,0.0,0.0,0.0,97190543.06,0.0
AUGME 360 FUNDO DE INVESTIMENTO EM DIREITOS CREDITÓRIOS - RESP LIMITADA,62082503000100,0.0,0.0,0.0,147131311.99,0.0
ATLAS PRIME FI EM COTAS DE FUNDO DE INVESTIMENTO EM DIREITOS CREDITÓRIOS - RESPONSABILIDADE LIMITADA,62230042000176,0.0,0.0,0.0,27844595.95,0.0
CÉLERE FUNDO DE INVESTIMENTO EM DIREITOS CREDITÓRIOS,62271049000136,0.0,0.0,0.0,-253260.91,
M SKY FUNDO DE INVESTIMENTO EM DIREITOS CREDITÓRIOS DE RESPONSABILIDADE LIMITADA,62339639000153,0.0,0.0,0.0,2313010.86,0.0
AMAZON FUNDO DE INVESTIMENTO EM DIREITOS CREDITÓRIOS NÃO - PADRONIZADOS - RESPONSABILIDADE LIMITADA,62348002000123,0.0,0.0,0.0,1238779.99,0.0
K BRZ FIC DE FIDC RESP LIMITADA,62604001000100,0.0,0.0,0.0,41296896.72,0.0
VEGA RESERVA FUNDO DE INVESTIMENTO EM COTAS DE FUNDOS DE INVESTIMENTO DIREITOS CREDITÓRIOS,63721170000185,0.0,0.0,0.0,20101091.17,0.0
EVOLUTION FUNDO DE INVESTIMENTO EM DIREITOS CREDITÓRIOS,63974556000107,0.0,0.0,0.0,4023501.89,0.0
GRANO FUNDO DE INVESTIMENTO EM DIREITOS CREDITÓRIOS,64015781000170,0.0,0.0,0.0,39121.48,0.0
CRÉD. AO TRAB. FIC DE FUNDO DE INVESTIMENTO EM DIREITOS CREDITÓRIOS RESP LIMITADA,64689513000134,0.0,0.0,0.0,2399410.0,0.0
BASILEUS FUNDO DE INVESTIMENTO EM DIREITOS CREDITÓRIOS RESPONSABILIDADE LIMITADA,64780387000129,0.0,0.0,0.0,1620311.55,0.0
VALORA GUARDIAN III FUNDO DE INVESTIMENTO EM DIREITOS CREDITÓRIOS RESPONSABILIDADE LIMITADA,65333418000166,0.0,0.0,0.0,30493686.06,0.0
PET FUNDO DE INVESTIMENTO EM DIREITOS CREDITÓRIOS,65930239000106,0.0,0.0,0.0,10938140.1,0.0
SOLIS MULTITESES I FI EM COTAS DE FI EM DIREITOS CREDITÓRIOS - RESPONSABIIDADE LIMITADA,66896183000183,0.0,0.0,0.0,76757912.39,0.0
G5 CREDIJUS CRÉDITOS JUDICIAIS - FUNDO DE INVESTIMENTO EM DIREITOS CREDITÓRIOS NÃO-PADRONIZADOS,11370045000174,0.0,0.0,0.0,0.0,
SOLIS SEGURO FUNDO DE INVESTIMENTO EM COTAS DE FUNDOS DE INVESTIMENTO EM DIREITOS CREDITÓRIOS,58182343000102,0.0,0.0,0.0,176025231.07,0.0
LAVORO FIC FIDC MULTISEGMENTOS RESPONSABILIDADE LIMITADA,24270570000160,0.0,0.0,0.0,19788041.37,0.0
SOLAR LEGACY FUNDO DE INVESTIMENTO EM DIREITOS CREDITÓRIOS,58377716000192,0.0,0.0,0.0,0.0,
VIER K FUNDO DE INVESTIMENTO EM DIREITOS CREDITÓRIOS,58407746000102,0.0,0.0,0.0,51071417.54,0.0
AFINITTY FIC DE FIDC FINANCEIROS - RESPONSABILIDADE LIMITADA,49520420000198,0.0,0.0,0.0,1689674163.73,0.0
PÉRGAMO FUNDO DE INVESTIMENTO EM DIREITOS CREDITÓRIOS,58493475000147,0.0,0.0,0.0,9880932.9,0.0
LUMINUS FUNDO DE INVESTIMENTO EM COTAS DE FUNDOS DE INVESTIMENTO EM DIREITOS CREDITÓRIOS,49962886000143,0.0,0.0,0.0,33748190.62,0.0
PATRIA CRÉDITO ESTRUTURADO 365 FUNDO DE INVESTIMENTO EM DIREITOS CREDITÓRIOS,49983891000132,0.0,0.0,0.0,382919347.2,0.0
SIG V FC FUNDOS DE INVESTIMENTO EM DIREITOS CREDITÓRIOS - RESPONSABILIDADE LIMITADA,50097175000137,0.0,0.0,0.0,63005035.32,0.0
FUNDO DE INVESTIMENTO EM COTAS DE FUNDOS DE INVESTIMENTO EM DIREITOS CREDITÓRIOS ALION MZ,50808063000147,0.0,0.0,0.0,69384482.92,0.0
CESSIONÁRIO 2 FUNDO DE INVESTIMENTO EM DIREITOS CREDITÓRIOS  NÃO-PADRONIZADOS RESP LIMITADA,50948197000163,0.0,0.0,0.0,0.0,
MIXTEL MULTI FUNDO DE  INVESTIMENTO EM DIREITOS CREDITÓRIOS,43104380000117,0.0,0.0,0.0,-485299.08,
GUAPORÉ FUNDO DE INVESTIMENTO EM DIREITOS CREDITÓRIOS CLASSE ÚNICA FECHADA,24773662000162,0.0,0.0,0.0,54209846.45,0.0
G5 SPECIAL F SEN CDI FI EM COTAS DE FUNDOS DE INVESTIMENTO EM DIREITOS CREDITÓRIOS,50954210000197,0.0,0.0,0.0,32212059.41,0.0
ABS FUNDO DE INVESTIMENTO EM COTAS DE FUNDOS DE INVESTIMENTO EM DIREITOS CREDITÓRIOS,54604036000103,0.0,0.0,0.0,7509814.17,0.0
IMPERIUM CREDIT FUNDO DE INVESTIMENTO EM COTAS DE FUNDOS DE INVESTIMENTO EM DIREITOS CREDITÓRIOS,64054825000171,0.0,0.0,0.0,4069964.03,0.0
NFX FUNDO DE INVESTIMENTO EM DIREITOS CREDITÓRIOS,61785674000133,0.0,0.0,0.0,0.0,
ASAAS FUNDO DE INVESTIMENTO EM COTAS DE FUNDOS DE INVESTIMENTO  EM DIREITOS CREDITÓRIOS,38328836000192,0.0,0.0,0.0,43525890.04,0.0
COINVEST FUNDO DE INVESTIMENTO EM COTAS DE FUNDOS DE INVESTIMENTO EM DIREITOS CREDITORIOS,39851520000143,0.0,0.0,0.0,8990118.46,0.0
FUNDO DE INVESTIMENTO EM COTAS DE FUNDOS DE INVESTIMENTOS EM DIREITOS CREDITÓRIOS EMPÍRICA LÓTUS HY,40905548000103,0.0,0.0,0.0,23242106.71,0.0
PLATÃO FUNDO DE INVESTIMENTO EM DIREITOS CREDITÓRIOS,52683660000118,0.0,0.0,0.0,176261435.53,0.0
BARU FUNDO DE INVESTIMENTO EM COTAS DE FUNDO DE INVESTIMENTO EM DIREITOS CREDITÓRIOS,41395100000141,0.0,0.0,0.0,23987191.23,0.0
FUNDO DE INVESTIMENTO EM COTAS DE FUNDOS DE INVESTIMENTO EM DIREITOS CREDITÓRIOS CONSORCIEI ZERO,60115778000178,0.0,0.0,0.0,31450087.71,0.0
INOVA III FUNDO DE INVESTIMENTO EM COTAS DE FIDC DE RESPONSABILIDADE LIMITADA,60124803000180,0.0,0.0,0.0,17766938.27,0.0
PLGN K FUNDO DE INVESTIMENTO EM DIREITOS CREDITÓRIOS,60373177000165,0.0,0.0,0.0,58473354.95,0.0
TEMBICI FUNDO DE INVESTIMENTO EM COTAS DE FUNDOS DE INVESTIMENTO EM DIREITOS CREDITÓRIOS,41778182000103,0.0,0.0,0.0,231304745.61,0.0
FUNDO DE INVESTIMENTO EM DIREITOS CREDITORIOS MULTISETORIAL MASTER,11675457000112,0.0,0.0,0.0,953731.42,0.0
ATICCA FUNDO DE INVESTIMENTO EM COTAS DE FUNDOS DE INVESTIMENTO EM DIREITOS CREDITÓRIOS MULTISSETORI,33499715000190,0.0,0.0,0.0,33027052.63,0.0
FLORESTA FUNDO DE INVESTIMENTO EM COTAS DE FUNDOS DE INVESTIMENTO EM DIREITOS CREDITÓRIOS,53640662000192,0.0,0.0,0.0,18393448.47,0.0
SOLIS MCMS FUNDO DE INVESTIMENTO EM COTAS DE FUNDOS DE INVESTIMENTO EM  DIREITOS CREDITÓRIOS,53867074000196,0.0,0.0,0.0,193446872.45,0.0
MENESTYS IX FUNDO DE INVESTIMENTO EM COTAS DE FUNDO DE INVESTIMENTO EM DIREITOS CREDITÓRIOS,53942327000149,0.0,0.0,0.0,3928132.95,0.0
MERITA FUNDO DE INVESTIMENTO EM COTAS DE FUNDO DE INVESTIMENTO EM DIREITOS CREDITÓRIOS,11726466000195,0.0,0.0,0.0,30158437.63,0.0
MULTINVEST ALOCAÇÃO FIC FIDC DE RESPONSABILIDADE LIMITADA,54422066000107,0.0,0.0,0.0,87394677.86,0.0
BRAVIUM  FUNDO DE INVESTIMENTO EM DIREITOS CREDITÓRIOS,63024768000115,0.0,0.0,0.0,13508790.08,0.0
SANTOS DUMONT REAL ESTATE FI EM COTAS DE FUNDOS DE INVESTIMENTO EM DIREITOS CREDITORIOS,60775422000160,0.0,0.0,0.0,87650413.1,0.0
THEMIS FUNDO DE INVESTIMENTO EM DIREITOS CREDITÓRIOS,54836083000182,0.0,0.0,0.0,35727029.4,0.0
DIRECTCON FUNDO DE INVESTIMENTO EM COTAS DE FI EM DIREITOS CREDITÓRIOS RESPONSABILIDADE LIMITADA,61130895000173,0.0,0.0,0.0,32762484.9,0.0
PÁTRIA - G5 CRÉDITO ESTRUTURADO FUNDO DE INVESTIMENTO EM DIREITOS CREDITÓRIOS,61163933000194,0.0,0.0,0.0,76562657.72,0.0
PLGN EQUIPE FUNDO DE INVESTIMENTO EM COTAS DE FUNDOS DE INVESTIMENTO EM DIREITOS CREDITÓRIOS,55139905000139,0.0,0.0,0.0,42588658.04,0.0
FUNDO DE INVESTIMENTO EM DIREITOS CREDITORIOS NEW EDAN II,55159493000107,0.0,0.0,0.0,1000724.87,0.0
POLLUX FIC FUNDO DE INVESTIMENTO EM DIREITOS CREDITÓRIOS - RESPONSABILIDADE LIMITADA.,63459006000141,0.0,0.0,0.0,1579827.58,0.0
BW2 FUNDO DE INVESTIMENTO EM COTAS DE FUNDO DE INVESTIMENTO EM DIREITOS CREDITÓRIOS,55211792000135,0.0,0.0,0.0,32489154.48,0.0
LEDOROTAY FUNDO DE INVESTIMENTO EM DIREITOS CREDITÓRIOS DE RESPONSABILIDADE ILIMITADA,61516625000103,0.0,0.0,0.0,228870.11,0.0
SABIA CREDIT FEEDER FUNDO DE INVESTIMENTO EM COTAS DE FUNDOS DE INVESTIMENTO EM DIREITOS CREDITÓRIOS,44571204000158,0.0,0.0,0.0,53101367.43,0.0
COMMANDER CRÉDITO 60 FIC DE INVESTIMENTO EM DIREITOS CREDITÓRIOS DE RESP LIMITADA,55684521000105,0.0,0.0,0.0,217057057.79,0.0
LESTE CP BRASIL FUNDO DE INVESTIMENTO EM DIREITOS CREDITÓRIOS DE RESPONSABILIDADE LIMITADA,34096240000153,0.0,0.0,0.0,5904201.14,0.0
LIBRA FUNDO DE INVESTIMENTO EM COTAS DE FIDC RESPONSABILIDADE LIMITADA,45274408000190,0.0,0.0,0.0,450690682.74,0.0
GAVIC FUNDO DE INVESTIMENTO EM COTAS DE FUNDOS DE INVESTIMENTO EM DIREITOS CREDITÓRIOS,55798735000102,0.0,0.0,0.0,3918204.01,0.0
ORRAM VD FUNDO DE INVESTIMENTO EM COTAS DE FUNDO DE INVESTIMENTO EM DIREITOS CREDITÓRIOS - RESP LTDA,55914922000104,0.0,0.0,0.0,26715962.72,0.0
STRATEGIC ALPHA FUNDO DE INVESTIMENTO EM DIREITOS CREDITÓRIOS NP,44585595000160,0.0,0.0,0.0,0.0,
ARTESANAL BB I FI EM COTAS DE FI EM DIREITOS CREDITÓRIOS - RESPONSABILIDADE LIMITADA,61653345000139,0.0,0.0,0.0,226837317.43,0.0
SAMPA FUNDO DE INVESTIMENTO EM DIREITOS CREDITORIOS,61917809000177,0.0,0.0,0.0,7723069.63,0.0
TOMORROW NOW FUNDO DE INVESTIMENTO EM DIREITOS CREDITÓRIOS DE RESPONSABILIDADE LIMITADA,45144799000128,0.0,0.0,0.0,4889923.5,0.0
LONDON FUNDO DE INVESTIMENTO EM DIREITOS CREDITORIOS,56263685000113,0.0,0.0,0.0,27292128.56,0.0
SETTE FUNDO DE INVESTIMENTO EM DIREITOS CREDITÓRIOS DE RESPONSABILIDADE LIMITADA,63812908000110,0.0,0.0,0.0,107747363.28,0.0
NIKOS MULTI CRED FUNDO DE INVESTIMENTO EM COTAS DE FI EM DIREITOS CREDITÓRIOS RESP LIMITADA,36014016000109,0.0,0.0,0.0,38532794.58,0.0
ST 1011.A FUNDO DE INVESTIMENTO EM DIREITOS CREDITÓRIOS RESPONSABILIDADE LIMITADA,56071925000188,0.0,0.0,0.0,0.0,
ALIANÇA FUNDO DE INVESTIMENTO EM DIREITOS CREDITÓRIOS,63819527000162,0.0,0.0,0.0,42014625.65,0.0
ARTESANAL CRÉDITO ESTRUTURADO III FIDC DE RESPONSABILIDADE LIMITADA,62107469000181,0.0,0.0,0.0,297828055.26,0.0
ALVORADA FUNDO DE INVESTIMENTO EM COTAS DE FUNDOS DE INVESTIMENTO EM DIREITOS CREDITÓRIOS RL,45908269000109,0.0,0.0,0.0,12542051.95,0.0
ARBEQUINA FI EM COTAS DE FUNDOS DE INVESTIMENTO EM DIREITOS CREDITORIOS RESPONSABILIDADE LIMITADA,57645492000190,0.0,0.0,0.0,31229943.34,0.0
PZM WEALTH FUNDO DE INVESTIMENTO EM COTAS DE FUNDOS DE INVESTIMENTO EM DIREITOS CREDITÓRIOS,62309577000137,0.0,0.0,0.0,22083888.95,0.0
NTZ ALPHA 2 FUNDO DE INVESTIMENTO EM DIREITOS CREDITÓRIOS - RESPONSABILIDADE LIMITADA,64011100000104,0.0,0.0,0.0,23101691.91,0.0
BTG PACTUAL FINANTO FGTS FUNDO DE INVESTIMENTO EM DIREITOS CREDITÓRIOS RESPONSABILIDADE LIMITADA,62324138000101,0.0,0.0,0.0,14217238.42,0.0
ARTESANAL AFINITTY MEZ A FEEDER FUNDO DE INVESTIMENTO EM COTAS DE FIDC - RESPONSABILIDADE LIMITADA,57736857000191,0.0,0.0,0.0,86460751.72,0.0
MS SAÚDE I FUNDO DE INVESTIMENTO EM DIREITOS CREDITÓRIOS,63983416000197,0.0,0.0,0.0,2326423.68,0.0
ILLASI FUNDO DE INVESTIMENTO EM COTAS DE FUNDO DE INVESTIMENTO EM DIREITOS CREDITÓRIOS,62410525000152,0.0,0.0,0.0,131686267.78,0.0
VALORA CAPITAL PARTNERS III FIC DE FUNDOS DE INVESTIMENTO EM DIREITOS CREDITÓRIOS DE RESP LIMITADA,62801364000128,0.0,0.0,0.0,60838312.95,0.0
ACARI FUNDO DE INVESTIMENTO EM DIREITOS CREDITÓRIOS,58003612000118,0.0,0.0,0.0,10857987.06,0.0
V8 GTO CIC DE CLASSES DE INVESTIMENTO EM DIREITOS CREDITÓRIOS - RESP LIMITADA,46339885000159,0.0,0.0,0.0,131399202.4,0.0
SENIOR SELECT FUNDO DE INVESTIMENTO EM COTAS DE FUNDO DE INVESTIMENTO EM DIREITOS CREDITÓRIOS,58223796000121,0.0,0.0,0.0,12111160.17,0.0
KMR CAPITAL FI EM COTAS DE  FUNDO DE INVESTIMENTO EM DIREITOS CREDITÓRIOS RESPONSABILIDADE LIMITADA,63622544000105,0.0,0.0,0.0,1495529.13,0.0
BRAM HIGH YIELD FIDC IV - RESP LIMITADA,58240814000183,0.0,0.0,0.0,66121965.64,0.0
CVPAR COTA SÊNIOR MULTIGESTORES FI EM COTAS DE FI EM DIREITOS CREDITORIOS RESPONSABILIDADE LIMITADA,58311427000190,0.0,0.0,0.0,12929955.64,0.0
ACÁCIA FUNDO DE INVESTIMENTO EM DIREITOS CREDITÓRIOS RESPONSABILIDADE LIMITADA,63693909000192,0.0,0.0,0.0,0.0,
PLGN AUTO LOANS I FUNDO DE INVESTIMENTO EM DIREITOS CREDITÓRIOS RESPONSABILIDADE LIMITADA,58311958000183,0.0,0.0,0.0,274490076.09,0.0
MARCATO FUNDO DE INVESTIMENTO EM COTAS DE FUNDOS DE INVESTIMENTO EM DIREITOS CREDITÓRIOS RL,64154861000107,0.0,0.0,0.0,36118362.1,0.0
PIAVE FUNDO DE  INVESTIMENTO EM DIREITOS CREDITÓRIOS,58496558000190,0.0,0.0,0.0,1244582.44,0.0
CONCRETO GENEVE FI EM COTAS DE FUNDOS DE  INVESTIMENTO EM DIREITOS CREDITÓRIOS RESP ILIMITADA,58557680000129,0.0,0.0,0.0,27470377.61,0.0
POLÍGONO FOX FUNDO DE INVESTIMENTO EM DIREITOS CREDITÓRIOS,64158002000196,0.0,0.0,0.0,202656576.78,0.0
ROOT CAPITAL FICUS FUNDO DE INVESTIMENTO EM DIREITOS CREDITÓRIOS - RESPONSABILIDADE LIMITADA,64299705000134,0.0,0.0,0.0,253222341.72,0.0
FUNDO DE INVESTIMENTO EM COTAS DE FDOS DE INVEST EM DIREITOS CREDITORIOS INTRA DIGITAL CONSIG SUB JR,64383142000168,0.0,0.0,0.0,7702482.02,0.0
FUNDO DE INVESTIMENTO EM DIREITOS CREDITÓRIOS CRÉDITOS NÃO PADRONIZADOS I RESPONSABILIDADE LIMITADA,36672404000179,0.0,0.0,0.0,891514870.24,0.0
STEN SELEÇÃO CRÉDITO ESTRUTURADO FIC DE FIDC RESPONSABILIDADE LIMITADA,64374573000168,0.0,0.0,0.0,37299424.48,0.0
ALGARVE EVIDJURI FUNDO DE INVESTIMENTO EM DIREITOS CREDITÓRIOS RESPONSABILIDADE LIMITADA,64988177000120,0.0,0.0,0.0,4300858.22,0.0
ITAUNA PIPELINE FIC FIDC - RESPONSABILIDADE LIMITADA,59213700000107,0.0,0.0,0.0,28441889.16,0.0
PORTO FUNDO DE INVESTIMENTO EM COTAS DE FUNDOS DE INVESTIMENTOS EM DIREITOS CREDITÓRIOS,65571484000174,0.0,0.0,0.0,21662349.4,0.0
XPLORE FUNDO DE INVESTIMENTO EM COTAS DE FUNDOS DE INVESTIMENTO EM DIREITOS  CREDITÓRIOS,48360157000154,0.0,0.0,0.0,28265240.75,0.0
INVISTA I FIC DE FIDC MULTISSETORIAL - RESPONSABILIDADE LIMITADA,17198845000136,0.0,0.0,0.0,1809956971.41,0.0
CREDIT CASH FUNDO DE INVESTIMENTO EM DIREITOS CREDITÓRIOS,64603028000104,0.0,0.0,0.0,14488410.55,0.0
AJAX PLUS FIC DE FUNDOS DE INVESTIMENTO EM DIREITOS CREDITÓRIOS RESPONSABILIDADE LIMITADA,59657112000162,0.0,0.0,0.0,12580161.86,0.0
ATHOS FUNDO DE INVESTIMENTO EM COTAS DE FUNDOS  DE INVESTIMENTO EM DIREITOS CREDITÓRIOS,64656574000103,0.0,0.0,0.0,14407268.38,0.0
REACH CRÉDITO ESTRUTURADO FUNDO DE INVESTIMENTO EM DIREITOS CREDITÓRIOS,60095738000101,0.0,0.0,0.0,170586780.78,0.0
FATOR ORTHO FUNDO DE INVESTIMENTO EM COTAS DE FUNDOS DE INVESTIMENTO EM DIREITOS CREDITÓRIOS,47756191000180,0.0,0.0,0.0,157628076.29,0.0
KYOMI FUNDO DE INVESTIMENTO EM DIREITOS CREDITÓRIOS RESPONSABILIDADE LIMITADA,48359929000138,0.0,0.0,0.0,66792698.88,0.0
NTZ ATHENA FUNDO DE INVESTIMENTO EM COTAS DE FIDC RESP LTDA,60721343000177,0.0,0.0,0.0,56683633.87,0.0
ATIVOS ESTRATÉGICOS LOCAIS FUNDO DE INVESTIMENTO EM DIREITOS CREDITÓRIOS,49999307000137,0.0,0.0,0.0,4411885.42,0.0
MLC 1B FUNDO DE INVESTIMENTO EM COTAS DE FIDC - RESPONSABILIDADE LIMITADA,57584175000100,0.0,0.0,0.0,17779265.89,0.0
BRADESCO ATHOS FUNDO DE INVESTIMENTO EM DIREITOS CREDITÓRIOS - RESPONSABILIDADE LIMITADA,60759253000175,0.0,0.0,0.0,146698760.62,0.0
AURORA CAPITAL FUNDO DE INVESTIMENTO EM DIREITOS CREDITÓRIOS RESPONSABILIDADE ILIMITADA,66605002000112,0.0,0.0,0.0,1179332.43,0.0
AUREVIA FUNDO DE INVESTIMENTO EM COTAS DE FUNDO DE INVESTIMENTO EM DIREITOS CREDITÓRIOS RL,66678853000195,0.0,0.0,0.0,3701667.5,0.0
TERCON MC MS FUNDO DE INVESTIMENTO EM COTAS DE FUNDO DE INVESTIMENTO EM DIREITOS CREDITÓRIOS,60430405000191,0.0,0.0,0.0,33345817.17,0.0
ST 1019 FIDC RESPONSABILIDADE LIMITADA,61061838000180,0.0,0.0,0.0,46715769.95,0.0
PARANA BANCO CONSIGNADO INSS IV FUNDO DE INVESTIMENTO EM DIREITOS CREDITÓRIOS RESP LIMITADA,66888399000105,0.0,0.0,0.0,3500000.0,0.0
LESTE CREDIT PRECATÓRIOS V FI EM COTAS DE FUNDOS DE INVESTIMENTO EM DIREITOS CREDITORIOS,66929116000118,0.0,0.0,0.0,19696344.09,0.0
LC IV FUNDO DE INVESTIMENTO EM DIREITOS CREDITÓRIOS DE RESPONSABILIDADE LIMITADA,67253970000170,0.0,0.0,0.0,2694072.15,0.0
JMP PROSPERITY FUNDO DE INVESTIMENTO EM COTAS DE FUNDOS DE INVESTIMENTO EM DIREITOS  CREDITÓRIOS,67220139000111,0.0,0.0,0.0,15057437.72,0.0
ARTESANAL CORE PREV FIC FIDC MULTICARTEIRA DE RESPONSABILIDADE LIMITADA,67481897000193,0.0,0.0,0.0,105096327.59,0.0
CAPRI FUNDO DE INVESTIMENTO EM DIREITOS CREDITÓRIOS,57584403000142,0.0,0.0,0.0,547437699.82,0.0
NORTHEX FUNDO DE INVESTIMENTO EM DIREITOS CREDITÓRIOS  RESPONSABILIDADE LIMITADA,61527968000165,0.0,0.0,0.0,0.0,
GAIA FUND FUNDO DE INVESTIMENTO  EM DIREITOS CREDITÓRIOS NP MULTISSETORIAL RESP LIMITADA,61631599000156,0.0,0.0,0.0,411285844.0,0.0
FUNDO DE INVESTIMENTO EM COTAS DE FUNDOS DE INVESTIMENTO EM DIREITOS CREDITÓRIOS RED P,12385897000106,0.0,0.0,0.0,1726822662.69,0.0
CARAVELAS - FUNDO DE INVESTIMENTO EM DIREITOS CREDITÓRIOS NÃO - PADRONIZADOS - FIDC NP,28880344000151,0.0,0.0,0.0,5398146.08,0.0
CREDIT PARTNERS FUNDO DE INVESTIMENTO EM COTAS DE FIDC DE RESPONSABILIDADE LIMITADA,12813209000153,0.0,0.0,0.0,145968018.22,0.0
SANTA ANA FI EM COTAS DE FUNDO DE  INVESTIMENTO EM DIREITOS CREDITÓRIOS - RESP LIMITADA,58080296000188,0.0,0.0,0.0,132755533.84,0.0
CORAL FIDC MULTISETORIAL,11351413000137,0.0,0.0,0.0,-24467457.04,
BRASFOR II FUNDO DE INVESTIMENTO EM DIREITOS CREDITÓRIOS MULTISEGMENTOS - EM LIQUIDAÇÃO,20998938000150,0.0,0.0,0.0,0.0,
PAULISTA INVEST FUNDO DE INVESTIMENTO EM DIREITOS CREDITÓRIOS MULTISSETORIAL,21254455000103,0.0,0.0,0.0,0.0,
VALORA GUARDIAN MASTER FUNDO DE INVESTIMENTO EM DIREITOS CREDITÓRIOS - RESPONSABILIDADE LIMITADA,22128298000152,0.0,0.0,0.0,2370125529.63,0.0
AZO FUNDO DE INVESTIMENTO EM DIREITOS CREDITÓRIOS NÃO-PADRONIZADO,50314076000160,0.0,0.0,0.0,802801274.96,0.0
K M8 FUNDO DE INVESTIMENTO EM COTAS DE FUNDOS DE INVESTIMENTOS EM DIREITOS CREDITÓRIOS RESP LIMITADA,64184977000199,0.0,0.0,0.0,20013961.5,0.0
SIENA FIC DE FUNDOS DE INVESTIMENTO EM DIREITOS CREDITÓRIOS - RESPONSABILIDADE LIMITADA,63121566000191,0.0,0.0,0.0,0.0,
FI EM COTAS DE FI EM DIREITOS CREDITÓRIOS VIA MULTICRÉDITO RESPONSABILIDADE LIMITADA,22175345000119,0.0,0.0,0.0,397635893.82,0.0
VINCI PORTFOLIO CREDITO III FIC DE FIDC DE RESPONSABILIDADE LIMITADA,52348734000160,0.0,0.0,0.0,113891299.42,0.0
REDWOOD HIGH YIELD CP FIC EM FUNDOS DE INVESTIMENTO EM DIREITOS CREDITÓRIOS RESP LIMITADA,64027271000113,0.0,0.0,0.0,23784154.32,0.0
FBRAS 3 FUNDO DE INVESTIMENTO EM DIREITOS CREDITÓRIOS - RESPONSABILIDADE LIMITADA,52351153000187,0.0,0.0,0.0,125850899.92,0.0
HARBOUR TRINIDAD FIC DE FUNDOS DE INVESTIMENTO EM DIREITOS CREDITÓRIOS RESPONSABILIDADE LIMITADA,50695893000105,0.0,0.0,0.0,156831466.18,0.0
FDC CLT FIC FUNDO DE INVESTIMENTO EM DIREITOS CREDITÓRIOS RESPONSABILIDADE LIMITADA,63697938000122,0.0,0.0,0.0,5923280.58,0.0
VESTRA FUNDO DE INVESTIMENTO EM COTAS DE FUNDOS DE INVESTIMENTO EM DIREITOS CREDITÓRIOS,64282009000115,0.0,0.0,0.0,15548709.59,0.0
4SSETS - FUNDO DE INVESTIMENTO EM DIREITOS CREDITÓRIOS,13711061000109,0.0,0.0,0.0,62177.19,0.0
PHD FEEDER FUNDO DE INVESTIMENTO EM DIREITOS CREDITÓRIOS,39270085000163,0.0,0.0,0.0,37393966.55,0.0
051 CRÉDITO 180 FUNDO DE INVESTIMENTO EM DIREITOS CREDITÓRIOS,58845757000166,0.0,0.0,0.0,112940604.51,0.0
QI JS FUNDO DE INVESTIMENTO EM COTAS DE FUNDOS DE INVESTIMENTO EM DIREITOS CREDITÓRIOS NP,52611664000190,0.0,0.0,0.0,37858914.55,0.0
GV LAGUNA FUNDO DE INVESTIMENTO EM COTAS DE FUNDO DE INVESTIMENTO EM DIREITOS CREDITÓRIOS,39285627000171,0.0,0.0,0.0,219321907.98,0.0
ITAÚ SONETO CRÉD PRIV FI EM COTAS DE FUNDO DE INVESTIMENTO EM DIREITOS CREDITÓRIOS RESP LIMITADA,59201703000120,0.0,0.0,0.0,471133192.25,0.0
XP CRÉDITO ESTRUTURADO 360 FUNDO DE INVESTIMENTO EM DIREITOS CREDITÓRIOS RESPONSABILIDADE LIMITADA,27227796000176,0.0,0.0,0.0,601286874.01,0.0
FUNDO DE INVESTIMENTO EM COTAS DE FUNDOS DE INVESTIMENTO EM DIREITOS CREDITÓRIOS RED CAH,17198624000168,0.0,0.0,0.0,690085466.21,0.0
VALORA HORIZON HIGH YIELD FUNDO DE INVESTIMENTO EM DIREITOS CREDITÓRIOS,17313316000136,0.0,0.0,0.0,571832225.84,0.0
MARISA FUNDO DE INVESTIMENTO EM COTAS DE FIDC COMERCIAIS DE RESPONSABILIDADE LIMITADA,63987794000149,0.0,0.0,0.0,55579847.74,0.0
FUNDO DE INVESTIMENTO EM DIREITOS CREDITÓRIOS DO SETOR ELÉTRICO - INVESTIMENTO EM COTAS,39863047000114,0.0,0.0,0.0,368265312.5,0.0
SOMA TRN FUNDO DE INVESTIMENTO EM COTAS DE FUNDOS DE INVESTIMENTO EM DIREITOS CREDITÓRIOS,52998164000153,0.0,0.0,0.0,20487100.33,0.0
VEGA FUNDO DE INVESTIMENTO EM DIREITOS CREDITÓRIOS MULTISSETORIAL RESPONSABILIDADE LIMITADA,28254169000197,0.0,0.0,0.0,1657451.54,0.0
HOD II LONG PRAZO FUNDO DE INVESTIMENTO EM COTAS DE FUNDOS DE INVESTIMENTO EM DIREITOS CREDITÓRIOS,29242999000167,0.0,0.0,0.0,1216374305.64,0.0
WCP II FIC FIDC DE RESPONSABILIDADE LIMITADA,65836808000159,0.0,0.0,0.0,17479985.87,0.0
SPECIAL SITUATIONS II FI EM COTAS DE FUNDO DE INVESTIMENTO EM DIREITOS CREDITÓRIOS MULTICARTEIRA,20997817000193,0.0,0.0,0.0,8097645.78,0.0
B6 CAPITAL FUNDO DE INVESTIMENTO EM COTAS DE FIDC DE RESP ILIMITADA,40526783000166,0.0,0.0,0.0,18456915.04,0.0
ORRAM HIGH YIELD FUNDO DE INVESTIMENTO EM QUOTAS DE FUNDO DE INVESTIMENTO EM DIREITOS CREDITÓRIOS,51476020000174,0.0,0.0,0.0,22297963.89,0.0
R4 FUNDO DE INVESTIMENTO EM DIREITOS CREDITÓRIOS,66321785000102,0.0,0.0,0.0,2143342.29,0.0
LIFT BETA FUNDO DE  INVESTIMENTO EM COTAS DE FIDC  RESPONSABILIDADE LIMITADA,66359360000192,0.0,0.0,0.0,401283.42,0.0
OPR FUNDO DE INVESTIMENTO EM COTAS DE FUNDO DE INVESTIMENTO EM DIREITOS CREDITÓRIOS,66057766000110,0.0,0.0,0.0,3926613.83,0.0
VALORA CAPITAL PARTNERS HY FUNDO DE INVESTIMENTO EM DIREITOS CREDITÓRIOS RESPONSABILIDADE LIMITADA,31159172000136,0.0,0.0,0.0,42682378.12,0.0
KOB 1 FUNDO DE INVESTIMENTO EM DIREITOS CREDITÓRIOS - RESPONSABILIDADE LIMITADA,54214825000138,0.0,0.0,0.0,1074240.01,0.0
BLP CRÉDITO JUDICIAL IV FIC DE FUNDO DE INVESTIMENTO EM DIREITOS CREDITÓRIOS DE RESPONSAB. LIMITADA,34867743000185,0.0,0.0,0.0,3650284.26,0.0
ILLUMINATI FUNDO DE INVESTIMENTO EM DIREITOS CREDITÓRIOS,23033577000103,0.0,0.0,0.0,32258222.63,0.0
REN30 FUNDO DE INVESTIMENTO EM COTAS DE FIDC RESP LIMITADA,36847007000190,0.0,0.0,0.0,447636631.37,0.0
MAESTRO FUNDO DE INVESTIMENTO EM COTAS DE FUNDOS DE INVESTIMENTO EM DIREITOS CREDITÓRIOS,60434121000173,0.0,0.0,0.0,28603661.95,0.0
ARTESANAL IAM HIGH YIELD FIC DE FIDC RESPONSABILIDADE LIMITADA,55021966000105,0.0,0.0,0.0,66325653.26,0.0
ALGARVE MEDITERRÂNEO FUNDO DE INVESTIMENTO EM DIREITOS CREDITÓRIOS NÃO PADRONIZADOS,44698045000157,0.0,0.0,0.0,0.0,
CONTEA  CAPITAL VERONA FI EM COTAS DE FUNDOS DE DIREITOS CREDITÓRIOS RESP  LIMITADA,54235306000156,0.0,0.0,0.0,67919732.56,0.0
CLASSE ÚNICA DE COTAS DO FIC FIDC GUARDIAN II DE RESPONSABILIDADE LIMITADA,57391980000118,0.0,0.0,0.0,20686289.61,0.0
SEVEN CAPITAL FUNDO DE INVESTIMENTO EM COTAS DE FUNDO DE INVESTIMENTO EM DIREITOS CREDITÓRIOS,44705452000144,0.0,0.0,0.0,47033191.38,0.0
ALEVI FUNDO DE INVESTIMENTO EM DIREITOS CREDITÓRIOS,45512077000189,0.0,0.0,0.0,4397410.12,0.0
STT2 FUNDO DE INVESTIMENTO EM DIREITOS CREDITÓRIOS,63947096000110,0.0,0.0,0.0,3424941.78,0.0
CLASSE ÚNICA DE INVESTIMENTO EM COTAS DO ANDERMATT FUNDO DE INVESTIMENTO EM DIREITOS CRED RESP LTDA,57609674000105,0.0,0.0,0.0,111222251.45,0.0
JIVE BOSSANOVA HIGH YIELD FUNDO DE INVESTIMENTO EM COTAS DE FIDC CRÉDITO PRIVADO,46322919000100,0.0,0.0,0.0,95519448.96,0.0
HOD MULTIPLICA 60 FUNDO DE INVESTIMENTO EM COTAS DE FUNDOS DE INVESTIMENTO EM DIREITOS CREDITÓRIOS,46339525000157,0.0,0.0,0.0,42968336.28,0.0
MENESTYS IV FUNDO DE INVESTIMENTO EM COTAS DE FUNDO DE INVESTIMENTO EM DIREITOS CREDITÓRIOS,53942359000144,0.0,0.0,0.0,137824616.9,0.0
EMPIRICUS ATRIUM FUNDO DE INVESTIMENTO EM COTAS DE FUNDOS DE INVESTIMENTO EM DIREITOS CREDITÓRIOS,46391535000131,0.0,0.0,0.0,81946547.68,0.0
FOUR CREDIT FUNDO DE INVESTIMENTO EM DIREITOS CREDITÓRIOS,40727523000159,0.0,0.0,0.0,0.0,
CARBON CORP FUNDO DE INVESTIMENTO EM DIREITOS CREDITÓRIOS DE RESPONSABILIDADE LIMITADA,46405748000175,0.0,0.0,0.0,859207.15,0.0
CARAJÁS FUNDO DE INVESTIMENTO EM COTAS DE FUNDOS DE INVESTIMENTO EM DIREITOS CREDITÒRIOS,46801085000108,0.0,0.0,0.0,14150172.08,0.0
CAPITÂNIA PORTFOLIO FUNDO DE INVESTIMENTO EM DIREITOS CREDITÓRIOS RESPONSABILIDADE LIMITADA,57750780000104,0.0,0.0,0.0,79951782.09,0.0
LF FIC DE FUNDOS DE INVESTIMENTO EM DIREITOS CREDITÓRIOS SEGMENTO ECONÔMICO FINANCEIRO,31739328000158,0.0,0.0,0.0,62074218.61,0.0
SPECIALE MILENIO MASTER FUNDO DE INVESTIMENTO EM DIREITOS CREDITÓRIOS RESPONSABILIDADE LIMITADA,47293897000152,0.0,0.0,0.0,56682853.24,0.0
LEONE FUNDO DE INVESTIMENTO EM COTAS DE FUNDOS DE INVESTIMENTO EM DIREITOS CREDITÓRIOS,54246763000146,0.0,0.0,0.0,34982082.54,0.0
MEG FUNDO DE INVESTIMENTOS EM COTAS DE FUNDOS DE INVESTIMENTO EM DIREITOS CREDITÓRIOS,23245575000170,0.0,0.0,0.0,933138902.77,0.0
LOGICAL ADVANCE FUNDO DE INVESTIMENTO EM DIREITOS CREDITÓRIOS,54349764000116,0.0,0.0,0.0,126515044.42,0.0
PENCA FUNDO DE INVESTIMENTO EM COTAS DE FUNDOS DE INVESTIMENTO EM DIREITOS CREDITÓRIOS NP,22945949000105,0.0,0.0,0.0,19220031.03,0.0
BRASIL PLURAL SPECIAL SITUATIONS FUNDO DE INVESTIMENTO EM DIREITOS CREDITÓRIOS,22998896000182,0.0,0.0,0.0,274346.66,0.0
EVEREST TRACKER FUNDO DE INVESTIMENTO EM COTAS DE FUNDO DE INVESTIMENTO EM DIREITOS CREDITÓRIOS,56073212000153,0.0,0.0,0.0,35719092.46,0.0
PAKETÁ SUB FUNDO DE INVESTIMENTO EM COTAS DE FUNDOS DE INVESTIMENTO EM DIREITOS CREDITÓRIOS,61061516000130,0.0,0.0,0.0,66675556.96,0.0
JIVE BOSSANOVA MASTER HIGH YIELD - FIDC DE RESPONSABILIDADE ILIMITADA,43690506000182,0.0,0.0,0.0,1318645748.87,0.0
SUBLIME FUNDO DE  INVESTIMENTO EM COTAS DE FUNDO DE INVESTIMENTO EM DIREITOS  CREDITÓRIOS,41251934000183,0.0,0.0,0.0,23708879.47,0.0
MHX FUNDO DE INVESTIMENTO EM COTAS DE FUNDOS DE INVESTIMENTO EM DIREITOS CREDITÓRIOS,37970369000137,0.0,0.0,0.0,193956289.94,0.0
JURERÊ FUNDO DE INVESTIMENTO EM DIREITOS CREDITÓRIOS RESPONSABILIDADE LIMITADA,53280106000152,0.0,0.0,0.0,15893857.04,0.0
BRAVE 30 FUNDO DE INVESTIMENTO EM DIREITOS CREDITÓRIOS,41196241000135,0.0,0.0,0.0,814573041.07,0.0
ANGÁ TOTAL RETURN FUNDO DE INVESTIMENTO EM COTAS DE FUNDOS DE INVESTIMENTO  EM DIREITOS CREDITÓRIOS,37227754000199,0.0,0.0,0.0,294116543.15,0.0
SERRAMBI FUNDO DE INVESTIMENTO EM DIREITOS CREDITÓRIOS RESPONSABILIDADE LIMITADA,43140980000130,0.0,0.0,0.0,59835063.54,0.0
VALYOS FUNDO DE INVESTIMENTO EM DIREITOS CREDITÓRIOS IMOBILIÁRIOS DE RESPONSABILIDADE LIMITADA,33521203000182,0.0,0.0,0.0,31861146.93,0.0
TCN FUNDO DE INVESTIMENTO EM DIREITOS CREDITÓRIOS NÃO-PADRONIZADOS RESPONSABILIDADE LIMITADA,38134439000180,0.0,0.0,0.0,0.0,
CAPITÂNIA CORPORATE FUNDO DE INVESTIMENTO EM DIREITOS CREDITÓRIOS RESPONSABILIDADE LIMITADA,38455434000159,0.0,0.0,0.0,67406417.38,0.0
CASH PLUS LONGO PRAZO FUNDO DE INVESTIMENTO EM COTAS DE FUNDOS DE INVESTIMENTO EM DIREITOS CREDITÓRI,41687404000182,0.0,0.0,0.0,433410462.7,0.0
CREDIT OPS II FUNDO DE INVESTIMENTO EM DIREITOS CREDITÓRIOS,51679169000150,0.0,0.0,0.0,1177031022.4,0.0
FRADE FUNDO DE INVESTIMENTO EM DIREITOS CREDITÓRIOS,30418918000116,0.0,0.0,0.0,78523295.45,0.0
SAFRAS  AGRO FUNDO DE INVESTIMENTO EM DIREITOS CREDITÓRIOS NP - RESPONSABILIDADE LIMITADA,54619490000138,0.0,0.0,0.0,0.0,
LONG SHOT I FUNDO DE INVESTIMENTO EM COTAS DE FUNDO DE INVESTIMENTO EM DIREITOS CREDITÓRIOS,52029150000121,0.0,0.0,0.0,16263674.72,0.0
IRIDIUM CAPITAL FUNDO DE INVESTIMENTO EM DIREITOS CREDITÓRIOS NÃO PADRONIZADO,30687481000116,0.0,0.0,0.0,0.0,
MÉDICOS EXCLUSIVE FUNDO DE INVESTIMENTO EM COTAS DE FUNDOS DE INVESTIMENTO EM DIREITOS CREDITÓRIOS,51581780000141,0.0,0.0,0.0,15273376.67,0.0
BLACKCOMB FUNDO DE INVESTIMENTO EM COTAS DE FUNDO DE INVESTIMENTO EM DIREITOS CREDITÓRIOS,34475989000101,0.0,0.0,0.0,128060042.03,0.0
BTG PACTUAL STRIX FUNDO DE INVESTIMENTO EM DIREITOS CREDITÓRIOS RESPONSABILIDADE LIMITADA,67233079000171,0.0,0.0,0.0,56388021.51,0.0
GHIA NORTE 360 FIC DE FUNDOS DE INVESTIMENTOS EM DIREITOS CREDITÓRIOS RESP LIMITADA,41801919000161,0.0,0.0,0.0,43473120.42,0.0
ST 1005 FUNDO DE INVESTIMENTO EM DIREITOS CREDITÓRIOS  RESPONSABILIDADE LIMITADA,53073603000180,0.0,0.0,0.0,105953.44,0.0
VALE 40 FUNDO DE INVESTIMENTO EM COTAS DE FUNDOS DE INVESTIMENTO EM DIREITOS CREDITÓRIOS,24976450000182,0.0,0.0,0.0,61412113.39,0.0
ASPEN FUNDO DE INVESTIMENTO EM DIREITOS CREDITÓRIOS NÃO PADRONIZADOS,24445329000124,0.0,0.0,0.0,0.0,
MENESTYS D90 FUNDO DE INVESTIMENTO EM COTAS DE FUNDOS DE INVESTIMENTO EM DIREITOS CREDITÓRIOS,65229170000198,0.0,0.0,0.0,10573146.23,0.0
OTTER FUNDO DE INVESTIMENTO EM DIREITOS CREDITÓRIOS,53247140000125,0.0,0.0,0.0,53808264.47,0.0
M BRZ FUNDO DE INVESTIMENTO EM COTAS DE FIDC - RESP LIMITADA,57391121000129,0.0,0.0,0.0,34604330.67,0.0
ETR CAPITAL FUNDO DE INVESTIMENTO EM COTAS DE FUNDOS DE INVESTIMENTO EM DIREITOS CREDITÓRIOS,33180054000135,0.0,0.0,0.0,3032085.66,0.0
UJAY FIC DE FUNDOS DE INVESTIMENTO EM DIREITOS CREDITÓRIOS CRÉDITO PRIVADO 60 RESP LIMITADA,43508144000166,0.0,0.0,0.0,123229655.47,0.0
H77 FUNDO  DE INVESTIMENTO EM COTAS DE FUNDO DE INVESTIMENTO EM DIREITOS CREDITÓRIOS  RESP LIMITADA,60792713000167,0.0,0.0,0.0,1908725.18,0.0
VINCI CRÉDITO ESTRUTURADO SELEÇÃO FIC DE FIDC - RESP LIMITADA,22282621000148,0.0,0.0,0.0,130153883.55,0.0
MASTER LEPTA NP FUNDO DE INVESTIMENTO EM COTAS DE FUNDOS DE INVESTIMENTO EM DIREITOS CREDITÓRIOS,56730030000108,0.0,0.0,0.0,105250117.07,0.0
G5 CRPR FUNDO DE INVESTIMENTO EM COTAS DE FUNDOS DE INVESTIMENTO EM DIREITOS CREDITÓRIOS,25307052000136,0.0,0.0,0.0,382434952.82,0.0
FUNDO DE INVESTIMENTO EM DIREITOS CREDITÓRIOS LEIRIA - RESPONSABILIDADE LIMITADA,60261285000146,0.0,0.0,0.0,-120947.21,
GRAN EMPÍRICA LÓTUS FUNDO DE INVESTIMENTO EM COTAS DE FUNDOS DE INVESTIMENTOS EM DIREITOS CREDITÓRIO,41574684000112,0.0,0.0,0.0,109552714.51,0.0
MÉLIUZ FUNDO DE INVESTIMENTO EM DIREITOS CREDITÓRIOS,43164899000190,0.0,0.0,0.0,0.0,
TAG EDGE I FIAGRO FUNDO DE INVESTIMENTO EM DIREITOS CREDITÓRIOS  AGROINDUSTRIAIS RESP LIMITADA,61164097000162,0.0,0.0,0.0,504060.78,0.0
U.NIC FUNDO DE INVESTIMENTO EM COTAS DE FUNDO DE INVESTIMENTOS EM DIREITOS CREDITÓRIOS,36420767000117,0.0,0.0,0.0,15488.3,0.0
SPORTSWISE FUNDO DE  INVESTIMENTO EM DIREITOS CREDITÓRIOS MULTICARTEIRA DE  RESPONSABILIDADE LIMITAD,63866828000147,0.0,0.0,0.0,6414715.85,0.0
EVEN CREDIT FUNDO DE INVESTIMENTO EM DIREITOS CREDITÓRIOS - RESPONSABILIDADE LIMITADA,51507981000107,0.0,0.0,0.0,2459711.3,0.0
F3 PLATINUM FUNDO DE INVESTIMENTO EM COTAS DE FIDC RESP LTDA,60707118000186,0.0,0.0,0.0,34002641.7,0.0
MENESTYS VI FUNDO DE INVESTIMENTO EM COTAS DE FUNDO DE INVESTIMENTO EM DIREITOS CREDITÓRIOS,60417354000168,0.0,0.0,0.0,20336027.79,0.0
3B FUNDO DE INVESTIMENTO EM DIREITOS CREDITORIOS NAO-PADRONIZADO,31881591000187,0.0,0.0,0.0,0.0,
3HM FUNDO DE INVESTIMENTO EM DIREITOS CREDITÓRIOS,63884724000165,0.0,0.0,0.0,54096177.19,0.0
RDP FUNDO DE INVESTIMENTO EM COTAS DE  FUNDOS DE INVESTIMENTO EM DIREITOS CREDITÓRIOS NÃO PADRONIZAD,41251476000182,0.0,0.0,0.0,63090854.06,0.0
