entidade,cnpj,VL_PL,maior_sacado,top5,top10,top25,n_posicoes,dc_tot,pct_maior_sacado,pct_top5,pct_top10,inconsistente_viii_vs_i
FIDC DO SISTEMA PETROBRAS,09195235000150,61254971563.01,58239773982.06,58239773982.06,58239773982.06,58239773982.06,1,58239773982.06,1.0,1.0,1.0,False
CIELO FUNDO DE INVESTIMENTO EM DIREITOS CREDITÓRIOS,26286939000158,6479950762.42,6096322521.75,6096322521.75,6096322521.75,6096322521.75,1,6096322521.75,1.0,1.0,1.0,False
KRISPY  FUNDO DE INVESTIMENTO EM DIREITOS CREDITÓRIOS,59385783000111,42664019.95,5426081965.4,5426081965.4,5426081965.4,5426081965.4,1,5025681965.4,1.079670779559194,1.079670779559194,1.079670779559194,True
MERCADO CRÉDITO FUNDO DE INVESTIMENTO EM DIREITOS CREDITÓRIOS  RESPONSABILIDADE LIMITADA,33254370000104,3017886933.33,3881146805.09,3881146805.09,3881146805.09,3881146805.09,1,3007875478.58,1.2903282841091102,1.2903282841091102,1.2903282841091102,True
CLOUDWALK PI FUNDO DE INVESTIMENTO EM DIREITOS CREDITÓRIOS  SEGMENTO MEIOS DE PAGAMENTO,60356171000180,3254537202.75,3029985623.04,3029985623.04,3029985623.04,3029985623.04,1,3022054631.6,1.0026243706374696,1.0026243706374696,1.0026243706374696,False
FUNDO DE INVESTIMENTO EM DIREITOS CREDITÓRIOS COMERCIAIS MEDICI I - RESPONSABILIDADE LIMITADA,62393829000159,3091715187.97,2643945914.55,2701059105.03,2701059105.03,2701059105.03,2,2701059105.03,0.978855260748037,1.0,1.0,False
CLOUDWALK A.I. FUNDO  DE INVESTIMENTO EM DIREITOS CREDITÓRIOS SEGMENTO MEIOS DE PAGAMENTO,57609282000146,2700487143.69,2435294667.5,2435294667.5,2435294667.5,2435294667.5,1,2442991406.59,0.9968494612509736,0.9968494612509736,0.9968494612509736,False
ACONCÁGUA FUNDO DE INVESTIMENTO EM DIREITOS CREDITÓRIOS NÃO PADRONIZADOS RESPONSABILIDADE LIMITADA,42358004000196,2341582512.2,2341685355.99,2341685355.99,2341685355.99,2341685355.99,1,2341685355.99,1.0,1.0,1.0,False
CITY - 02 FUNDO DE INVESTIMENTO EM DIREITOS CREDITÓRIOS NÃO-PADRONIZADOS RESPONSABILIDADE ILIMITADA,32321307000180,2712460624.74,2211990287.36,2691090756.76,2691090756.76,2691090756.76,4,166701570.92,13.269162822835865,16.143163750097195,16.143163750097195,True
RSG FUNDO DE INVESTIMENTO EM DIREITOS CREDITÓRIOS,57719370000109,2140596574.92,2143000000.0,2143000000.0,2143000000.0,2143000000.0,1,2143000000.0,1.0,1.0,1.0,False
CREDIFIX FUNDO DE INVESTIMENTO EM DIREITOS CREDITÓRIOS,21648446000105,355155990.12,2113010809.34,2113010809.34,2113010809.34,2113010809.34,1,494893849.59,4.269624306486222,4.269624306486222,4.269624306486222,True
FUNDO DE INVESTIMENTO EM DIREITOS CREDITÓRIOS VALE,13321819000100,2110355080.85,2098119640.26,2098119640.26,2098119640.26,2098119640.26,1,2098119640.26,1.0,1.0,1.0,False
ITAÚ CRÉDITO PRIVADO FUNDO DE INVESTIMENTO EM DIREITOS CREDITÓRIOS - RESPONSABILIDADE LIMITADA,53286499000101,8719298749.48,1724660113.96,5098904799.369999,5713578790.45,5715129617.759999,25,5715129617.76,0.30177095347068733,0.8921765804794598,0.9997286452952561,False
FUNDO DE INVESTIMENTO EM DIREITOS CREDITÓRIOS SAN MARINO,15489383000180,253403696.37,1573706951.6,1573706951.6,1573706951.6,1573706951.6,1,180382019.07,8.724300568945837,8.724300568945837,8.724300568945837,True
JC 4870 FUNDO DE INVESTIMENTO EM DIREITOS CREDITÓRIOS NÃO-PADRONIZADOS,13764696000174,1447126452.7,1431792482.99,1431792482.99,1431792482.99,1431792482.99,1,1431792482.99,1.0,1.0,1.0,False
FIDC ACR BEM BANCOS EMISSORES DE CARTÃO DE CRÉDITO - RESPONSABILIDADE LIMITADA,54979779000168,3677016076.94,1385627567.39,3439826712.29,3568445607.68,3568445607.68,6,3568445607.68,0.3883000386520831,0.963956604771224,1.0,False
ENDURANCE FUNDO DE INVESTIMENTO EM DIREITOS CREDITÓRIOS RESPONSABILIDADE LIMITADA,62838025000116,2004513902.3,1304804268.82,1815548371.9,1815548371.9,1815548371.9,4,1815548371.9,0.7186832854552377,1.0,1.0,False
CATERPILLAR FUNDO DE INVESTIMENTO EM DIREITOS CREDITÓRIOS DO SEGMENTO INDUSTRIAL II - RESP LIMITADA,05754060000113,1666972490.26,1276051396.17,1276051396.17,1276051396.17,1276051396.17,1,1276051396.17,1.0,1.0,1.0,False
IFOOD I FIDC SEGMENTO MEIOS DE PAGAMENTO DE RESPONSABILIDADA,52327260000170,1389238751.96,1262880043.04,1262880043.04,1262880043.04,1262880043.04,1,1262880043.04,1.0,1.0,1.0,False
HOTFUND FUNDO DE INVESTIMENTO EM DIREITOS CREDITÓRIOS SEGMENTO MEIOS DE PAGAMENTO DE RESPONSABILIDAD,38376526000143,1702368453.87,1251079163.41,1251079163.41,1251079163.41,1251079163.41,1,1251079163.41,1.0,1.0,1.0,False
FUNDO DE INVESTIMENTO EM DIREITOS CREDITÓRIOS ALTERNATIVE ASSETS III RESPONSABILIDADE LIMITADA,29225241000110,5861437942.62,1220522065.85,4243751990.88,6123549374.31,7748208165.74,25,5100989658.62,0.23927162129950186,0.8319467936400574,1.2004630050488359,True
ARAGUAIA FUNDO DE INVESTIMENTO EM DIREITOS CREDITÓRIOS RESPONSABILIDADE LIMITADA,32321306000136,780376793.13,1212908962.46,1212908962.46,1212908962.46,1212908962.46,1,776828770.14,1.5613594772518655,1.5613594772518655,1.5613594772518655,True
IBCB-AF01 FUNDO DE INVESTIMENTO EM DIREITOS CREDITÓRIOS,53300525000109,1909790565.67,991125533.64,1717026081.12,1877994816.96,1915556359.77,21,1911454523.84,0.5185190237478875,0.8982824648480756,0.982495159334065,False
FUNDO DE INVESTIMENTO EM DIREITOS CREDITÓRIOS NAGOYA - RESPONSABILIDADE LIMITADA,63465818000108,1245855236.41,981811355.81,1245333062.9499998,1245333062.9499998,1245333062.9499998,2,1245987236.41,0.7879786623166729,0.9994749757935842,0.9994749757935842,False
CLOUDWALK BELA FUNDO DE INVESTIMENTO EM DIREITOS CREDITÓRIOS SEGMENTO MEIOS DE PAGAMENTO,62393679000183,10010957003.11,980970839.08,4405216699.59,6605318478.280001,8654890928.75,24,9443495620.98,0.10387793656626906,0.46648157381502003,0.6994569324102183,False
MEG FUNDO DE INVESTIMENTOS EM COTAS DE FUNDOS DE INVESTIMENTO EM DIREITOS CREDITÓRIOS,23245575000170,933138902.77,933138902.77,933138902.77,933138902.77,933138902.77,1,0.0,,,,False
FUNDO DE INVESTIMENTO EM DIREITOS CREDITÓRIOS PORTO DESAP -RESPONSABILIDADE LIMITADA,35754011000141,896266402.0,897421755.22,897421755.22,897421755.22,897421755.22,1,897421755.22,1.0,1.0,1.0,False
FOR-TE FIDC,06182371000118,977835561.91,857254528.07,859066660.5400001,859141390.7900001,859141390.7900001,6,859141390.79,0.9978037809140299,0.9999130175186518,1.0000000000000002,False
FUNDO DE INVESTIMENTO EM DIREITOS CREDITÓRIOS NÃO-PADRONIZADOS MULTISSETORIAL BS NP,12428086000137,1629151199.24,837771066.39,1165876878.8100002,1384378490.6400003,1756878545.0500004,25,1374614047.96,0.6094591188219679,0.8481485261555585,1.0071034067304137,True
SAPPHIRE FUNDO DE INVESTIMENTO EM DIREITOS CREDITÓRIOS DE RESPONSABILIDADE LIMITADA,47227790000106,1425902192.06,830942506.15,830942506.15,830942506.15,830942506.15,1,760942014.37,1.0919918869744034,1.0919918869744034,1.0919918869744034,True
GSR FUNDO DE INVESTIMENTO EM DIREITOS CREDITÓRIOS NÃO PADRONIZADOS,53029409000105,2943415740.48,782100979.01,3182264805.82,3182264805.82,3182264805.82,5,3095804996.83,0.2526325074773266,1.0279280539564126,1.0279280539564126,False
MARTE FUNDO DE INVESTIMENTO EM DIREITOS CREDITÓRIOS,23006061000161,200573086.13,697105237.53,697105237.53,697105237.53,697105237.53,1,209306023.73,3.3305550652916223,3.3305550652916223,3.3305550652916223,True
MERCADO CRÉDITO II BRASIL FUNDO DE INVESTIMENTO EM DIREITOS CREDITÓRIOS DE RESPONSABILIDADE LIMITADA,41970012000126,1761615997.81,677143242.34,677143242.34,677143242.34,677143242.34,1,1672376394.14,0.40489882822593476,0.40489882822593476,0.40489882822593476,False
FUNDO DE INVESTIMENTO EM DIREITOS CREDITÓRIOS TRATEX PRECATÓRIO II - RESPONSABILIDADE LIMITADA,09115244000194,694519721.34,675364435.48,675364435.48,675364435.48,675364435.48,1,675364435.48,1.0,1.0,1.0,False
HAVAN FORNECEDORES FUNDO DE INVESTIMENTO EM DIREITOS CREDITÓRIOS MULTICARTEIRA,51344394000136,1013545604.38,667554492.75,910675878.91,910675878.91,910675878.91,3,910025248.71,0.7335560125351327,1.0007149584046402,1.0007149584046402,False
JC 4870 II FUNDO DE INVESTIMENTO EM DIREITOS CREDITÓRIOS NÃO-PADRONIZADOS,15428505000129,648584193.38,643859382.83,643859382.83,643859382.83,643859382.83,1,643859382.83,1.0,1.0,1.0,False
MONTENEGRO FUNDO DE INVESTIMENTO EM DIREITOS CREDITÓRIOS,42449510000190,1967671103.82,643769490.03,643769490.03,643769490.03,643769490.03,1,643769490.03,1.0,1.0,1.0,False
DJF FUNDO DE INVESTIMENTO EM DIREITOS CREDITÓRIOS - RESPONSABILIDADE LIMITADA,35880735000131,694793402.11,631374136.35,631374136.35,631374136.35,631374136.35,1,631374136.35,1.0,1.0,1.0,False
FUNDO DE GESTÃO E RECUPERAÇÃO - FIDC - RESPONSABILIDADE LIMITADA,35880835000168,935477620.12,600476615.6,600476615.6,600476615.6,600476615.6,1,600476615.6,1.0,1.0,1.0,False
FUNDO DE INVESTIMENTO EM DIREITOS CREDITÓRIOS NÃO PADRONIZADOS IV ENERGISA CENTRO OESTE,15254301000119,1122503422.27,588774725.9,951129737.52,951129737.52,951129737.52,2,951129737.52,0.6190267244037456,1.0,1.0,False
30E FUNDO DE INVESTIMENTO EM DIREITOS CREDITÓRIOS - RESPONSABILIDADE LIMITADA,40211693000186,582794683.3,584936915.47,584936915.47,584936915.47,584936915.47,1,584936920.14,0.9999999920162332,0.9999999920162332,0.9999999920162332,False
ERYTHRINA FIDC SEGMENTO INFRAESTRUTURA E AGRONEGÓCIO DE RESPONSABILIDADE LIMITADA,65505678000171,586287312.57,578527428.4,578527428.4,578527428.4,578527428.4,1,578527428.4,1.0,1.0,1.0,False
LEGGERO FUNDO DE INVESTIMENTO EM DIREITOS CREDITÓRIOS,50456492000100,369825560.4,577483578.81,577483578.81,577483578.81,577483578.81,1,577483578.81,1.0,1.0,1.0,False
PANTANAL DO BRASIL FUNDO DE INVESTIMENTO EM DIREITOS CREDITÓRIOS NÃO PADRONIZADOS,35654776000100,550115483.18,549795516.44,549795516.44,549795516.44,549795516.44,1,549795516.44,1.0,1.0,1.0,False
FUNDO DE INVESTIMENTO EM DIREITOS CREDITÓRIOS CLUBCARD VAREJO - RESPONSABILIDADE LIMITADA,26142862000142,2470380152.66,537557306.84,597764483.82,651894751.1600001,766009488.3,24,2058076183.62,0.2611940758648096,0.2904481809650883,0.3167495724154228,False
PROUST FUNDO DE INVESTIMENTO EM DIREITOS CREDITÓRIOS,52714676000140,1021260.7,518334844.24,518334844.24,518334844.24,518334844.24,1,16381.64,31641.205901240657,31641.205901240657,31641.205901240657,True
PLATINUM FUNDO DE INVESTIMENTO EM DIREITOS CREDITÓRIOS,50440392000188,529145471.21,516824993.62,516824993.62,516824993.62,516824993.62,1,516824993.62,1.0,1.0,1.0,False
ATENA FUNDO DE INVESTIMENTO EM DIREITOS CREDITÓRIOS SEGMENTO INFRAESTRUTURA DE RESP LIMITADA,65411764000115,511741022.82,510286080.21,510286080.21,510286080.21,510286080.21,1,510286080.21,1.0,1.0,1.0,False
POLONIA FUNDO DE INVESTIMENTO EM DIREITOS CREDITORIOS NÃO PADRONIZADO - FIDC NP,32156017000129,501158913.76,501489076.11,501489076.11,501489076.11,501489076.11,1,501489076.11,1.0,1.0,1.0,False
QISTO FUNDO DE INVESTIMENTO EM DIREITOS CREDITÓRIOS RESPONSABILIDADE LIMITADA,63991902000157,470008161.88,497713995.02,888502469.3100001,1129027327.47,1366703421.6299999,24,443833405.33,1.1213982297027385,2.001882820535734,2.5438088118458393,True
BTG PACTUAL ATLAS FUNDO DE INVESTIMENTO EM DIREITOS CREDITÓRIOS RESPONSABILIDADE LIMITADA,59595605000115,1239913416.4,496558451.99,506007249.73,506007249.73,506007249.73,2,515445580.37,0.963357667425449,0.9816889871609241,0.9816889871609241,False
FUNDO DE INVESTIMENTO EM DIREITOS CREDITÓRIOS TURBI I DE RESPONSABILIDADE LIMITADA,49936440000144,590453123.13,490665472.47,578376873.11,578376873.11,578376873.11,2,578376873.11,0.8483490528098651,1.0,1.0,False
JC DIVERSIFICADO III FUNDO DE INVESTIMENTO EM DIREITOS CREDITORIOS NAO-PADRONIZADOS,29109350000172,495886949.95,484574646.7,484574646.7,484574646.7,484574646.7,1,484574646.7,1.0,1.0,1.0,False
BLC II FUNDO DE INVESTIMENTO EM DIREITOS CREDITÓRIOS NÃO-PADRONIZADOS,28153046000160,677089997.05,467466131.61,467466131.61,467466131.61,467466131.61,1,467466132.61,0.9999999978608076,0.9999999978608076,0.9999999978608076,False
VLBM FUNDO DE INVESTIMENTO EM DIREITOS CREDITÓRIOS NÃO-PADRONIZADOS,48903717000170,454418489.95,454274736.67,454274736.67,454274736.67,454274736.67,1,454274736.67,1.0,1.0,1.0,False
VVMB FUNDO DE INVESTIMENTO EM DIREITOS CREDITÓRIOS NÃO-PADRONIZADOS,08661352000108,454435894.87,454274736.67,454274736.67,454274736.67,454274736.67,1,454274736.67,1.0,1.0,1.0,False
VNMB FUNDO DE INVESTIMENTO EM DIREITOS CREDITÓRIOS NÃO-PADRONIZADOS,48904297000146,454418402.05,454274736.67,454274736.67,454274736.67,454274736.67,1,454274736.67,1.0,1.0,1.0,False
ARC DIP JS FUNDO DE INVESTIMENTO EM DIREITOS CREDITÓRIOS NÃO PADRONIZADO,52363951000129,484118379.9,451335118.57,496074813.75,496074813.75,496074813.75,4,496074813.75,0.9098126049944014,1.0,1.0,False
HAWKER FUNDO DE INVESTIMENTO EM DIREITOS CREDITÓRIOS NÃO-PADRONIZADOS,45521676000169,407886725.37,447528922.31,447528922.31,447528922.31,447528922.31,1,408704157.3,1.0949947885690372,1.0949947885690372,1.0949947885690372,True
AMAZONITA FUNDO DE INVESTIMENTO EM DIREITOS CREDITÓRIOS,36246327000195,812145748.68,444417368.7,812194560.79,812194560.79,812194560.79,2,812194560.79,0.5471809221028605,1.0,1.0,False
PFC FUNDO DE INVESTIMENTO EM DIREITOS CREDITÓRIOS NÃO-PADRONIZADOS RESPONSABILIDADE LIMITADA,50312715000158,400067890.1,389221848.43,391637626.38000005,391637626.38000005,391637626.38000005,3,391637626.38,0.9938315989392296,1.0000000000000002,1.0000000000000002,False
RED FUNDO DE INVESTIMENTO EM DIREITOS CREDITÓRIOS REAL LP DE RESPONSABILIDADE LIMITADA,17250006000110,3394314559.41,389014996.74,785509384.3399999,1015999180.3299999,1424936766.4,25,2792767884.17,0.1392937089204654,0.2812655461960994,0.3637964995547602,False
FUNDO DE INVESTIMENTO EM DIREITOS CREDITÓRIOS ALTERNATIVE ASSETS I RESPONSABILIDADE LIMITADA,24194675000187,3030582055.52,377465794.98,1339361744.68,1606566178.8899999,1697204155.7,25,1061780528.25,0.3555026532668947,1.261429936832146,1.5130868726118964,True
LF III FUNDO DE INVESTIMENTO EM DIREITOS CREDITÓRIOS DE RESPONSABILIDADE LIMITADA,31739396000117,1385981646.72,373587987.89,1003561442.9200001,1205825317.58,1289314703.98,25,1292132432.54,0.28912515349190804,0.7766707325403608,0.9332056739800715,False
FUNDO DE INVESTIMENTO EM DIREITOS CREDITORIOS RECUPERA,16686142000194,351598442.64,369548508.56,369548508.56,369548508.56,369548508.56,1,369548508.56,1.0,1.0,1.0,False
RIO DOCE FUNDO DE INVESTIMENTO EM DIREITOS CREDITÓRIOS,41755826000148,366346571.96,366498882.54,366498882.54,366498882.54,366498882.54,1,366498882.54,1.0,1.0,1.0,False
COTIA FUNDO DE INVESTIMENTO EM DIREITOS CREDITÓRIOS,59942929000182,364012370.52,364162763.01,364162763.01,364162763.01,364162763.01,1,364162763.01,1.0,1.0,1.0,False
EDENEMERALD HEZ FIDC SEGMENTO MEIOS DE PAGAMENTO DE RESPONSABILIDADE LIMITADA,43705687000173,395670790.38,359375340.48,359375340.48,359375340.48,359375340.48,1,359375340.48,1.0,1.0,1.0,False
ARES FUNDO DE  INVESTIMENTO EM DIREITOS CREDITÓRIOS NÃO-PADRONIZADOS,44062556000188,352158020.63,348894895.88,348894895.88,348894895.88,348894895.88,1,348894895.88,1.0,1.0,1.0,False
CERES CONFINA FIAGRO RESPONSABILIDADE LIMITADA,42336323000109,388016649.48,347969459.53,347969459.53,347969459.53,347969459.53,1,347969460.70000005,0.9999999966376357,0.9999999966376357,0.9999999966376357,False
FIDC PCG - BRASIL MULTICARTEIRA,07727002000126,3140454721.87,346864340.71,605366798.5799999,780745456.8599999,872340721.3899999,24,872942712.65,0.3973506344500211,0.693478265878734,0.8943833834065513,False
LAPERANTA FUNDO DE INVESTIMENTO EM DIREITOS CREDITÓRIOS,36566199000167,393322531.92,343257492.52,343257492.52,343257492.52,343257492.52,1,343243831.12,1.0000398008609663,1.0000398008609663,1.0000398008609663,False
DESBRAVA UNO ARTIGOS ESPORTIVOS FUNDO DE INVESTIMENTO EM DIREITOS CREDITÓRIOS RESP LIMITADA,63622842000103,343581061.0,342797319.29,342797319.29,342797319.29,342797319.29,1,342797319.29,1.0,1.0,1.0,False
JEFER BANKING FUNDO DE INVESTIMENTO EM DIREITOS CREDITÓRIOS  NÃO-PADRONIZADOS RESP LIMITADA,54029281000134,415133268.2,341703750.25,375331273.5,388377739.40000004,404017439.53000003,24,460491780.14,0.7420409331652223,0.8150661742233287,0.8433977676690002,False
ENDURANCE INVEST FUNDO DE INVESTIMENTO EM DIREITOS CREDITÓRIOS,36953080000147,550804156.07,337363512.14,337363512.14,337363512.14,337363512.14,1,337363512.14,1.0,1.0,1.0,False
PÉROLA FUNDO DE INVESTIMENTO EM DIREITOS CREDITÓRIOS DE RESPONSABILIDADE LIMITADA,53960578000156,1106052595.22,332495782.31,521940729.67,661263644.11,827098946.4,25,1106030019.12,0.300620938457481,0.4719046686321192,0.5978713350259036,False
UNITY FUNDO DE INVESTIMENTO EM DIREITOS CREDITÓRIOS NÃO-PADRONIZADOS,38137056000165,501909965.66,318226005.83,502049824.03,502049824.03,502049824.03,2,502049824.03,0.6338534356522041,1.0,1.0,False
IA II - FUNDO DE INVESTIMENTO EM DIREITOS CREDITÓRIOS RESPONSABILIDADE LIMITADA,62092802000126,795397994.61,317305754.59,320625341.71999997,320625341.71999997,320625341.71999997,2,792317847.59,0.4004778581665825,0.4046675746296121,0.4046675746296121,False
LL CAPITAL FUNDO DE INVESTIMENTO EM DIREITOS CREDITÓRIOS  RESPONSABILIDADE LIMITADA,60645628000176,309510399.02,314931131.77,314931131.77,314931131.77,314931131.77,1,309769880.44,1.016661566071785,1.016661566071785,1.016661566071785,False
FUNDO DE LIQUIDAÇÃO FINANCEIRA FIDC - RESPONSABILIDADE LIMITADA,19221032000145,1266715166.56,310521818.69,1043318801.1899999,1245711316.8999999,1247249094.05,11,1247249094.06,0.24896535918033874,0.8364959382682945,0.9987670649212546,False
FUNDO DE INVESTIMENTO EM DIREITOS CREDITORIOS CASH FLOW MULTISSEGMENTOS,97533979000103,590129661.12,307281515.59,321838327.0,323905130.25000006,326290987.8300001,25,431952350.04999995,0.7113782702060334,0.7450783100560655,0.7498631046051883,False
AVANTI MULTIPLICA FUNDO DE INVESTIMENTO EM DIREITOS CREDITÓRIOS,29242877000170,377081184.12,306163444.04,329551431.46000004,346450914.15000004,363133534.24000007,20,363145793.85,0.8430868516859733,0.9074907021947324,0.9540270602531171,False
FUNDO DE INVESTIMENTO EM DIREITOS CREDITÓRIOS TRATEX PRECATÓRIO III - RESPONSABILIDADE LIMITADA,09443633000149,312198831.01,305133438.88,305133438.88,305133438.88,305133438.88,1,305133438.88,1.0,1.0,1.0,False
CENTRO SUL CONCESSOES FIDC DE RESPONSABILIDADE LIMITADA,57088244000195,288349194.25,287396631.03,287396631.03,287396631.03,287396631.03,1,287396631.03,1.0,1.0,1.0,False
RECARGAPAY I FUNDO DE INVESTIMENTO EM DIREITOS CREDITÓRIOS,40919667000107,281538432.34,286003373.62,286003373.62,286003373.62,286003373.62,1,286003373.62,1.0,1.0,1.0,False
LIMAJ FUNDO DE INVESTIMENTO EM DIREITOS CREDITÓRIOS,29243004000182,298128181.27,283843522.42,285846142.37000006,285846142.37000006,285846142.37000006,3,285846142.28,0.9929940637154435,1.000000000314855,1.000000000314855,False
GERA FUNDO DE INVESTIMENTO EM DIREITOS CREDITÓRIOS,55144787000157,555730110.48,283141493.51,430104885.39,430104885.39,430104885.39,4,430104885.39,0.6583080153885252,1.0,1.0,False
TANGERINA FUNDO DE INVESTIMENTO EM DIREITOS CREDITÓRIOS - RESPONSABILIDADE LIMITADA,54178902000141,343253628.95,281481736.72,341836925.25,344787006.92,344787006.92,12,344787007.22,0.8163931088632743,0.9914437553961607,0.9999999991298976,False
QG DISTRESSED FUNDO DE INVESTIMENTO EM DIREITOS CREDITÓRIOS - RESPONSABILIDADE LIMITADA,27954644000175,407254879.96,280171167.42,413191520.18000007,413191520.18000007,413191520.18000007,5,407353822.93,0.6877833265557566,1.0143307781132649,1.0143307781132649,False
ANGICO FIDC SEGMENTO INFRAESTRUTURA E AGRONEGÓCIO DE RESPONSABILIDADE LIMITADA,57325251000163,1391099575.18,279737574.89,1092850374.63,1282013518.1200001,1282013518.1200001,25,1282013518.12,0.21820173573537607,0.852448401817637,1.0000000000000002,False
JC CACAU FUNDO DE INVESTIMENTO EM DIREITOS CREDITÓRIOS NÃO PADRONIZADOS - FIDC-NP,26208281000166,279833743.71,279454774.36,279454774.36,279454774.36,279454774.36,1,279454774.36,1.0,1.0,1.0,False
CP II FUNDO DE INVESTIMENTO DE DIREITOS CREDITÓRIOS RESPONSABILIDADE LIMITADA,53245260000193,367323094.56,274938220.17,336426937.03000003,351987477.49000007,362105228.90000004,25,363054662.39,0.7572915283887921,0.9266564291318866,0.9695164776919698,False
VALECRED DISTRESSED & SPECIAL SITS FUNDO DE INVESTIMENTO EM DIREITOS CREDITÓRIOS NÃO PADRONIZADOS,26648752000157,245697268.08,273439727.16,557108113.08,618361805.4399999,623765123.31,14,236916476.29,1.1541608732408015,2.351495859655055,2.6100413745943443,True
VHG FUNDO DE INVEST EM DIREITOS CREDITÓRIOS RECEBÍVEIS MULTISEGMENTOS DE RESPONSABILIDADE LIMITADA,16874770000101,544173830.69,273027649.5,588070468.8800001,642458594.95,643975949.9300002,25,641899333.22,0.42534340724486225,0.9161412677125325,1.0008712608053267,False
CANAL 47 FUNDO DE INVESTIMENTO EM DIREITOS CREDITORIOS NAO PADRONIZADO,32388169000157,284021764.96,272015366.85,272015366.85,272015366.85,272015366.85,1,272015366.85,1.0,1.0,1.0,False
SPS ALGARVE DELTA CRÉDITOS JUDICIAIS FIDC DE RESPONSABILIDADE LIMITADA,46449843000170,282130262.87,268698105.51,281977781.37,281977781.37,281977781.37,2,281977781.37,0.9529052402799958,1.0,1.0,False
SUMUP SMART II FIDC SEGMENTO MEIOS DE PAGAMENTO DE RESPONSABILIDADE LIMITADA,62627051000103,408290802.91,266994064.76,398659856.46,403253248.03,403253248.03,8,403253248.03,0.6621002212984953,0.9886091641110396,1.0,False
DUBLIN FUNDO DE INVESTIMENTO EM DIREITOS CREDITÓRIOS NÃO-PADRONIZADOS,31544287000144,72139921.16,265971189.17,265971189.17,265971189.17,265971189.17,1,173574304.61,1.5323189095736511,1.5323189095736511,1.5323189095736511,True
SOLDI INVEST FUNDO DE INVESTIMENTO EM DIREITOS CREDITÓRIOS,59475109000128,398446026.46,264964580.09,375760397.96,375760397.96,375760397.96,4,375760397.96,0.7051423767073126,1.0,1.0,False
SUMUP SOLO FUNDO DE INVESTIMENTO EM DIREITOS CREDITÓRIOS SEGMENTO MEIOS DE PAGAMENTO DE RESPONSABILI,45598747000121,378059320.79,262959825.21,355103732.98,355103732.98,355103732.98,4,355103732.98,0.7405155192350803,1.0,1.0,False
WIZARD FUNDO DE INVESTIMENTO EM DIREITOS CREDITÓRIOS,51124933000121,42522239.02,262539036.13,262539036.13,262539036.13,262539036.13,1,262539036.13,1.0,1.0,1.0,False
EMPRESAS DE TRANSPORTE FUNDO DE INVESTIMENTO EM DIREITOS CREDITÓRIOS.,52044598000114,927447084.08,261166236.21,407344270.80999994,518498111.53000003,700509261.5999999,25,926103032.2,0.28200559454987173,0.43984768070819835,0.5598708712769076,False
EUCALIPTO FUNDO  DE INVESTIMENTO EM DIREITOS CREDITÓRIOS DE RESPONSABILIDADE  LIMITADA,66358370000103,254302931.07,252827829.07,252827829.07,252827829.07,252827829.07,1,252827829.07,1.0,1.0,1.0,False
LANDBANK FUNDO DE INVESTIMENTO EM DIREITOS CREDITÓRIOS RESPONSABILIDADE LIMITADA,55562158000147,760477917.61,251524133.24,344694786.2,344694786.2,344694786.2,3,553649901.49,0.454301775477771,0.6225861962087351,0.6225861962087351,False
IMPACTO ROXO FIDC DE PRECATÓRIOS DE RESPONSABILIDADE LIMITADA,57139003000128,433430474.49,250381113.47,395093350.99,403118630.53999996,406032553.69000006,24,406019414.0,0.6166727620320146,0.9730898015384063,0.9928555547838901,False
CEPOR FUNDO DE INVESTIMENTO EM DIREITOS CREDITÓRIOS,60115335000187,426162106.52,243867148.41,243867148.41,243867148.41,243867148.41,1,426008824.44,0.5724462368369244,0.5724462368369244,0.5724462368369244,False
"HAVAN FUNDO DE INVESTIMENTO EM DIREITOS CREDITÓRIOS SEGMENTO ECONÔMICO, FINANCEIRO E COMERCIAL",12817329000129,3666009327.0,238524858.81,238639162.38999996,238766993.25999993,239105105.24999997,25,3176592026.36,0.07508828859062565,0.07512427167534394,0.07516451318855659,False
SUMUP SMART IV FIDC SEGMENTO MEIOS DE PAGAMENTO DE RESPONSABILIDADE LIMITADA,62626887000185,356847386.67,237847570.5,347991200.65000004,347991200.65000004,347991200.65000004,4,347991200.65,0.6834873124829974,1.0000000000000002,1.0000000000000002,False
LAGUZ I FUNDO DE INVESTIMENTO EM DIREITOS CREDITÓRIOS NÃO-PADRONIZADOS,41240321000140,1302594039.08,233542758.98,741093134.1499999,795969668.28,798287176.8499999,12,791544196.23,0.295047023390895,0.9362624824737638,1.0055909348727181,False
KYKLOS N FUNDO DE INVESTIMENTO EM DIREITOS CREDITÓRIOS RESPONSABILIDADE  LIMITADA,32400342000195,608534520.92,230621392.21,347460568.85999995,402656433.02,480221789.14,25,536440629.28999996,0.4299103751989039,0.6477148632829649,0.7506076367722769,False
TB1 FUNDO DE INVESTIMENTO EM DIREITOS CREDITÓRIOS DE RESPONSABILIDADE ILIMITADA,48181830000199,231172857.89,230120348.61,230120348.61,230120348.61,230120348.61,1,230120348.61,1.0,1.0,1.0,False
FACT LAW FUNDO DE INVESTIMENTO EM DIREITOS CREDITORIOS NAO-PADRONIZADOS,27944660000187,289897198.46,228841176.79,257007783.77999997,257124091.57999998,257398484.68,25,262554681.75,0.871594348517078,0.9788733610346294,0.9793163460891132,False
MF GROUP FUNDO DE INVESTIMENTO EM DIREITOS CREDITÓRIOS NÃO PADRONIZADOS,47424724000126,673036320.46,225210440.4,427895091.43000007,435709685.9400001,448474529.97000015,25,505672651.86,0.44536804506159355,0.846189901423553,0.8616437617050136,False
CBSB FUNDO DE INVESTIMENTO EM DIREITOS CREDITÓRIOS,56745579000176,226545846.15,224803888.83,224803888.83,224803888.83,224803888.83,1,224803888.83,1.0,1.0,1.0,False
MULTIAGRO FUNDO DE INVESTIMENTO EM DIREITOS CREDITÓRIOS,32388135000162,1284578705.45,222761738.47,541740610.02,718441915.42,931312971.4599999,25,1118137954.71,0.19922563001429947,0.48450247819420966,0.6425342350589779,False
JIVE DISTRESSED & SPECIAL SITS IV (QUALIFICADO) FIDC - RESPONSABILIDADE LIMITADA,53553002000174,319885499.06,222664260.98,222664260.98,222664260.98,222664260.98,1,222664260.98,1.0,1.0,1.0,False
CAPITAL SOLUTIONS FUNDO DE INVESTIMENTO EM DIREITOS CREDITÓRIOS - RESPONSABILIDADE LIMITADA,61995584000177,271976551.22,221542505.08,268210016.94,268210016.94,268210016.94,2,268210016.24,0.8260038464848348,1.000000002609895,1.000000002609895,False
FORMES FUNDO DE INVESTIMENTO EM DIREITOS CREDITÓRIOS,41514874000144,211199379.6,220451795.94,220451795.94,220451795.94,220451795.94,1,220451795.94,1.0,1.0,1.0,False
EVOLVE FUNDO DE  INVESTIMENTO EM DIREITOS CREDITÓRIOS MULTISSETORIAL LP,24796631000127,282698686.72,218186961.63,221336080.52,221336080.52,221336080.52,3,221336080.68,0.985772229090146,0.9999999992771175,0.9999999992771175,False
FUNDO DE INVESTIMENTO EM DIREITOS CREDITÓRIOS ATACADO RESPONSABILIDADE LIMITADA,26405874000112,817184529.35,216090935.68,432273310.83000004,432273310.87000006,432273310.87000006,7,577679986.42,0.37406685493669145,0.7482919972853577,0.7482919973546002,False
C3E CRÉDITOS JUDICIAIS FUNDO DE INVESTIMENTO EM DIREITOS CREDITÓRIOS DE RESPONSABILIDADE LIMITADA,35765961000171,201581970.94,215878563.53,215878563.53,215878563.53,215878563.53,1,215878563.53,1.0,1.0,1.0,False
BTG CONSÓRCIOS FUNDO DE INVESTIMENTO EM DIREITOS CREDITÓRIOS II,43721713000157,343317985.5,215857043.45,277538128.78999996,283927007.27,294421645.63,25,243988916.6,0.8847002005582084,1.137503017175986,1.1636881347994805,True
TABOR FUNDO DE INVESTIMENTO EM DIREITOS CREDITÓRIOS  NÃO-PADRONIZADOS RESPONSABILIDADE LIMITADA,54029912000115,985011383.52,215118997.14,215625735.90999997,216164520.97999996,217660241.08,25,996207457.94,0.21593795090114276,0.21644661881560293,0.2169874550296924,False
BT VAREJO FUNDO DE INVESTIMENTO EM DIREITOS CREDITÓRIOS,55519337000100,643144597.27,214196733.71,389999549.62,427868133.19000006,482891603.54,25,639154463.35,0.3351251473506588,0.610180436785023,0.6694283740856866,False
ARKAM I - FUNDO DE INVESTIMENTO EM DIREITOS CREDITÓRIOS,58494418000182,212518755.96,214148349.59,214148349.59,214148349.59,214148349.59,1,214148349.59,1.0,1.0,1.0,False
JC DIVERSIFICADO VI FUNDO DE INVESTIMENTO EM DIREITOS CREDITORIOS NAO-PADRONIZADOS,29469886000107,211704394.6,211510704.1,211510704.1,211510704.1,211510704.1,1,211510704.1,1.0,1.0,1.0,False
ENERGY 21 - FUNDO DE INVESTIMENTO EM DIREITOS CREDITÓRIOS,27983569000170,210816268.96,208876438.32,208876438.32,208876438.32,208876438.32,1,208876438.32,1.0,1.0,1.0,False
JIF II CRÉDITOS - FUNDO DE  INVESTIMENTO EM DIREITOS CREDITÓRIOS CRÉDITO PRIVADO,55595137000128,1167255846.63,207766915.77,372757795.92,439548593.34000003,441793295.48,14,441793295.48,0.4702808256613881,0.8437380099102811,0.994919112256873,False
MULTIPLIK FUNDO DE INVESTIMENTO EM DIREITOS CREDITÓRIOS MULTISSETORIAL LP,23426441000155,219922398.37,205623296.02,205623296.02,205623296.02,205623296.02,1,218038077.62,0.9430614058997683,0.9430614058997683,0.9430614058997683,False
POSITIVO II FUNDO DE INVESTIMENTO EM DIREITOS CREDITÓRIOS RESPONSABILIDADE LIMITADA,37457367000149,414407777.37,204127204.03,285226277.87,345840273.0,378010975.63,25,346947310.85,0.5883521723511869,0.8221025756654888,0.9968092046965638,True
GALAXY FUNDO DE INVESTIMENTO EM DIREITOS CREDITÓRIOS  RESPONSABILIDADE LIMITADA,44177436000126,308355649.09,203442183.5,265894813.86,265894813.86,265894813.86,3,274567723.38,0.7409544756228951,0.9684124943265938,0.9684124943265938,False
KIWIFY FUNDO DE INVESTIMENTO EM DIREITOS CREDITÓRIOS SEGMENTO MEIOS DE PAGAMENTO DE RESPONSABILIDADE,52271464000136,347342248.66,202860944.31,332943663.31,332943663.31,332943663.31,2,332943663.31,0.6092951050433975,1.0,1.0,False
FGCB III FUNDO DE INVESTIMENTO EM DIREITOS CREDITÓRIOS SEGMENTO MULTICARTEIRA - RESP LIMITADA,60742201000196,368376658.65,201124709.41,201193799.06999996,201274907.32999995,201483636.4699999,24,294108122.06,0.6838461583491028,0.6840810708007414,0.6843568478157789,False
CLOUDWALK BIG PICTURE I FUNDO DE INVESTIMENTO EM DIREITOS CREDITÓRIOS SEGMENTO MEIOS DE PAGAMENTO,54218673000141,904073803.43,200811847.27,700228728.31,811617248.84,818706077.0199999,14,818706077.02,0.24527953670618036,0.8552870779446947,0.9913414247445158,False
OLIVENZA FUNDO DE INVESTIMENTO EM DIREITOS CREDITÓRIOS NÃO PADRONIZADOS,65804737000102,197883284.68,198335787.32,198335787.32,198335787.32,198335787.32,1,198335787.32,1.0,1.0,1.0,False
BLUEFIN FUNDO DE INVESTIMENTO EM DIREITOS CREDITÓRIOS,51401568000155,197281277.48,197480873.22,197480873.22,197480873.22,197480873.22,1,197480873.22,1.0,1.0,1.0,False
JC HONORÁRIOS TDA FUNDO DE INVESTIMENTO EM DIREITOS CREDITÓRIOS NÃO-PADRONIZADOS,22881521000138,194514946.58,194057536.5,194057536.5,194057536.5,194057536.5,1,194057536.5,1.0,1.0,1.0,False
FIDC DE RESP LIMITADA REDE DE POSTOS MONTE CARLO,43143480000152,193232912.13,192558261.89,192558261.89,192558261.89,192558261.89,1,192558261.89,1.0,1.0,1.0,False
ANKARA FUNDO DE INVESTIMENTO EM DIREITOS CREDITÓRIOS RESPONSABILIDADE LIMITADA,19388377000198,347172918.16,188453927.36,241312651.3,261272848.28,267964404.46,15,267964404.47,0.703279705126277,0.9005399496148982,0.9750281900193608,False
QG PRIM FUNDO DE INVESTIMENTO EM DIREITOS CREDITÓRIOS - RESPONSABILIDADE LIMITADA,28086648000141,234138694.53,186288980.06,232107275.0,232107275.0,232107275.0,3,226883244.06,0.8210786161482039,1.0230251950144829,1.0230251950144829,False
RAVENA FUNDO DE INVESTIMENTO EM DIREITOS CREDITÓRIOS,53314997000110,455577017.38,184835297.99,184835297.99,184835297.99,184835297.99,1,184835297.99,1.0,1.0,1.0,False
PERNAMBUCANAS FIDC DE RESPONSABILIDADE LIMITADA,54083697000130,226559970.92,184306882.16,184308543.88,184308543.88,184308543.88,2,184308543.88,0.9999909840316406,1.0,1.0,False
FEDERAL 4870 IAA FUNDO DE INVESTIMENTO EM DIREITOS CREDITÓRIOS NÃO-PADRONIZADOS,14042458000118,182114438.32,183932986.77,183932986.77,183932986.77,183932986.77,1,183932986.77,1.0,1.0,1.0,False
DAY MAXX 2 FUNDO DE INVESTIMENTO EM DIREITOS CREDITÓRIOS DE RESPONSABILIDADE LIMITADA,34197588000137,4015059128.44,182257383.27,353165038.86,472528971.87000006,691908940.2500001,24,3304673379.1499996,0.05515140601183368,0.10686836438608592,0.1429881012905245,False
OCEANO FUNDO DE INVESTIMENTO EM DIREITOS CREDITÓRIOS NÃO PADRONIZADOS,50996316000153,183654673.46,181490646.67,181490646.67,181490646.67,181490646.67,1,181490646.67,1.0,1.0,1.0,False
OCCAM CRÉDITO CORPORATIVO 30 FUNDO DE INVESTIMENTO EM DIREITOS CREDITÓRIOS RESPONSABILIDADE LIMITADA,48349509000170,3470655083.68,176056538.53,416334799.98,659746816.96,1277188750.8100002,25,1904528497.87,0.09244101032192449,0.21860255724481073,0.34640952744884224,False
EDENTOURMALINE HAN FIDC SEGMENTO MEIOS DE PAGAMENTO DE RESPONSABILIDADE LIMITADA,43722605000107,189504761.29,172518269.09,172518269.09,172518269.09,172518269.09,1,172518269.09,1.0,1.0,1.0,False
DGV FUNDO DE INVESTIMENTOS EM DIREITOS CREDITÓRIOS,63784711000114,190544148.53,170523907.67,170523907.67,170523907.67,170523907.67,1,170523907.67,1.0,1.0,1.0,False
NORTE SANEAMENTO FUNDO DE INVESTIMENTO EM DIREITOS CREDITÓRIOS DE RESPONSABILIDADE LIMITADA,57088363000148,101480342.83,170110707.58,170110707.58,170110707.58,170110707.58,1,96785083.93,1.757612853888032,1.757612853888032,1.757612853888032,True
RED PERFORMANCE FUNDO DE INVESTIMENTO EM DIREITOS CREDITÓRIOS NP DE RESPONSABILIDADE LIMITADA,11489344000122,1271673604.01,167468304.64,475388204.19,659713370.89,852488230.34,25,1201071657.73,0.13943240069165527,0.39580336537827693,0.5492706173225703,False
FUNDO DE INVESTIMENTO EM DIREITOS CREDITÓRIOS KINEA CRÉDITO ESTRUTURADO RESPONSABILIDADE LIMITADA,60431592000128,1116265513.27,167065843.6,492939126.87,731201598.5899999,765930523.8999999,14,765930523.9,0.21812140708184147,0.6435820371278979,0.9546578648763523,False
PENÍNSULA AZUL FUNDO DE INVESTIMENTO EM DIREITOS CREDITÓRIOS,53872780000126,128931729.09,165632673.49,165632673.49,165632673.49,165632673.49,1,168375673.49,0.9837090480878586,0.9837090480878586,0.9837090480878586,False
FUNDO DE INVESTIMENTO EM DIREITOS CREDITÓRIOS ASAAS III - RESPONSABILIDADE LIMITADA,61292200000150,308073444.29,165179007.51,263285028.89,263285028.89,263285028.89,2,263285028.89,0.6273771365063506,1.0,1.0,False
LESTE CREDIT MD PRECATÓRIOS III FUNDO DE INVESTIMENTO EM DIREITOS CREDITÓRIOS RESP LIMITADA,51507998000156,162289432.71,164805781.7,164805781.7,164805781.7,164805781.7,1,164805781.7,1.0,1.0,1.0,False
AVEIRO FUNDO DE INVESTIMENTO EM DIREITOS CREDITÓRIOS,63428693000138,160962870.99,161024348.42,161024348.42,161024348.42,161024348.42,1,161024348.42,1.0,1.0,1.0,False
PJUS COBALTO FIDC DE PRECATÓRIOS DE RESPONSABILIDADE LIMITADA,56805661000149,507955256.94,160384303.15,264135618.23000002,342452375.5,414105208.50000006,24,500795913.75,0.320258809519889,0.5274316562452184,0.6838162335145451,False
MILK INVEST FUNDO DE INVESTIMENTO EM DIREITOS CREDITÓRIOS,57362995000158,176692586.66,160315063.38,175912327.49,175912327.49,175912327.49,2,175958271.87,0.9110970554339304,0.9997388904794772,0.9997388904794772,False
SUMUP SMART I FIDC SEGMENTO MEIOS DE PAGAMENTO DE RESPONSABILIDADE LIMITADA,62626409000175,459711342.54,160122311.33,439840181.99000007,454396871.8200001,454396871.8200001,8,454396871.82,0.35238427300051745,0.9679648106473623,1.0000000000000002,False
MKL LEGAL CLAIMS I FUNDO DE INVESTIMENTO EM DIREITOS CREDITÓRIOS,65494608000165,162486340.1,159737086.21,159737086.21,159737086.21,159737086.21,1,159737086.21,1.0,1.0,1.0,False
AGL FUNDO DE INVESTIMENTO EM DIREITOS CREDITORIOS,34218393000126,349488078.88,159415631.08,242177858.94000003,257050859.13000003,278092390.0300001,25,281701904.89,0.565901856937209,0.859695496324622,0.9124924420740932,False
MULVI FIDC RESPONSABILIDADE LIMITADA - ARRANJO DE PAGAMENTOS,29494026000115,206005384.41,159083968.76,159083968.76,159083968.76,159083968.76,1,159083968.76,1.0,1.0,1.0,False
JCI II - FUNDO DE INVESTIMENTO EM DIREITOS CREDITÓRIOS RESPONSABILIDADE LIMITADA,40054735000112,517918377.76,158681044.52,158681044.52,158681044.52,158681044.52,1,158681044.52,1.0,1.0,1.0,False
BRAVANO FUNDO DE  INVESTIMENTO EM DIREITOS CREDITÓRIOS,54114034000136,147501531.31,158329469.96,256524171.77,314163759.05,365155394.28999996,25,150113892.69,1.0547289602766214,1.7088636312945913,2.0928360021865475,True
FUNDO DE INVESTIMENTO EM DIREITOS CREDITÓRIOS VOITER CONSIGNADO II - RESPONSABILIDADE LIMITADA,54427427000108,544689767.38,156852601.4,247657250.21,247657250.21,247657250.21,4,247760224.2,0.6330822548553378,0.9995843804616642,0.9995843804616642,False
AZ-ATHON FUNDO DE INVESTIMENTO EM DIREITOS CREDITÓRIOS DE RESPONSABILIDADE ILIMITADA,52148267000124,158225833.91,155862449.7,155862449.7,155862449.7,155862449.7,1,155862449.7,1.0,1.0,1.0,False
MP FUNDO DE INVESTIMENTO EM DIREITOS CREDITÓRIOS,15675220000192,671805123.57,154301502.88,415708447.5,439009865.60999995,442266814.2699999,25,466589150.62,0.33070100896037846,0.8909518083470434,0.9408917138914333,False
RED - FUNDO DE  INVESTIMENTO EM DIREITOS CREDITÓRIOS MULTISETORIAL LP - RESPONSABILIDADE  LIMITADA,08632394000102,1569551198.23,153625456.8,445149750.64,536630807.40000004,665565244.7600001,25,1375304920.8899999,0.11170283365276153,0.32367349514893806,0.39019042195583115,False
INFRA FUNDO DE  INVESTIMENTO EM DIREITOS CREDITORIOS NÃO PADRONIZADO,45778027000148,172341934.56,152453035.6,156770255.06,158616830.11,162046122.35,25,166952947.95,0.9131497075790329,0.9390086068258612,0.9500690587236799,False
ROCKET IV CRÉDITOS JUDICIAIS FUNDO DE INVESTIMENTO EM DIREITOS CREDITÓRIOS,50991111000185,240128819.8,150696116.21,238224145.04999998,239861640.01,240014854.01,12,240014853.5,0.6278616261139022,0.9925391765389219,0.999361649965551,False
FUNDO DE INVESTIMENTO EM DIREITOS CREDITÓRIOS BASSANO DI GRAPPO - RESPONSABILIDADE LIMITADA,37645459000152,257406030.04,150575273.35,188909403.27999997,199146146.40999997,207260722.58999997,24,208010899.05,0.7238816525368986,0.908170697510381,0.9573832300110908,False
MULTIPLICA FUNDO DE INVESTIMENTO EM DIREITOS CREDITÓRIOS,23216398000101,1993263958.67,150247888.04,513696393.69000006,733749428.94,1008561382.71,25,1515097277.8400002,0.09916715595595356,0.3390517567441952,0.48429195911834166,False
ORION FUNDO DE INVESTIMENTO EM DIREITOS CREDITÓRIOS RESPONDABILIDADE LIMITADA,50995214000113,262720747.07,150072619.06,199592856.6,219937931.46999997,222710549.03,25,222620638.95,0.6741181759598934,0.8965604336659371,0.9879494215241986,False
ST 1019.A FIDC RESPONSABILIDADE LIMITADA,60882563000182,150356762.36,149839702.0,149839702.0,149839702.0,149839702.0,1,149839702.0,1.0,1.0,1.0,False
IAA FUNDO DE INVESTIMENTO EM DIREITOS CREDITÓRIOS NÃO PADRONIZADOS,10237131000140,136816105.36,148280756.27,148280756.27,148280756.27,148280756.27,1,148280756.27,1.0,1.0,1.0,False
MIDAS FUNDO DE INVESTIMENTO EM DIREITOS CREDITÓRIOS NÃO PADRONIZADOS,46783889000121,199764886.99,147103497.05,199803834.0,199803834.0,199803834.0,2,199803834.0,0.7362396111478021,1.0,1.0,False
GALAPAGOS ARQUIPÉLAGO FUNDO DE INVESTIMENTO EM DIREITOS  CREDITÓRIOS,41341188000119,197176707.93,146381045.7,184852138.85999995,188738601.85999998,188738601.85999998,9,196164737.2,0.7462148793376508,0.9423311319788008,0.96214337272846,False
SEED FUNDO DE INVESTIMENTO EM  DIREITOS CREDITÓRIOS NÃO PADRONIZADOS,46390186000133,145487429.59,145620866.86,145620866.86,145620866.86,145620866.86,1,145620866.86,1.0,1.0,1.0,False
CLOUDWALK AKIRA I FUNDO DE INVESTIMENTO EM DIREITOS CREDITÓRIOS SEGMENTO MEIOS DE PAGAMENTO,42085830000109,308205214.77,144576605.05,253167232.84,255414395.99,255414395.99,7,255414395.99,0.566047205325343,0.9912018931380516,1.0,False
JC CARBON FUNDO DE INVESTIMENTO EM DIREITOS CREDITÓRIOS,62015452000102,313774844.88,143576993.66,143576993.66,143576993.66,143576993.66,1,143576993.66,1.0,1.0,1.0,False
RIDOLFINVEST 2 FIDC NÃO PADRONIZADOS - RESPONSABILIDADE LIMITADA,23956961000170,225823999.67,143268485.4,202533462.06,205593785.5,207776684.79000005,22,207776684.79,0.6895310970275685,0.9747651054530044,0.9894940123228636,False
SP TUNE FUNDO DE INVESTIMENTO EM DIREITOS CREDITÓRIOS RESPONSABILIDADE LIMITADA,55891903000100,194355297.24,142467604.0,193724403.38,193724403.38,193724403.38,2,193724403.38,0.7354138224937142,1.0,1.0,False
FUNDO DE INVESTIMENTO EM DIREITOS CREDITÓRIOS EXT VAMMO I RESPONSABILIDADE LIMITADA,59400657000199,137276419.21,142174645.78,142174645.78,142174645.78,142174645.78,1,142174645.78,1.0,1.0,1.0,False
ARTESANAL RECEBÍVEIS IMOBILIÁRIOS FUNDO DE INVESTIMENTO EM DIREITOS CREDITÓRIOS - RESPONSABILIDADE L,37284201000178,1250317417.94,141784409.31,379019258.77,559753934.6,839901005.4300001,25,1110461759.8,0.12768058697990295,0.3413168039557376,0.5040731296328608,False
LEO MADEIRAS FIDC SEGMENTO MEIOS DE PAGAMENTO DE RESPONSABILIDADE LIMITADA,50857998000113,176969443.65,141162080.57,141162080.57,141162080.57,141162080.57,1,141162080.57,1.0,1.0,1.0,False
MILENIO ATIVY FUNDO DE INVESTIMENTO EM DIREITOS CREDITÓRIOS,46473452000191,66052437.42,140000000.0,140000000.0,140000000.0,140000000.0,1,66545459.11,2.1038249923045726,2.1038249923045726,2.1038249923045726,True
ZEFIRO FUNDO DE INVESTIMENTO EM DIREITOS CREDITÓRIOS,41755753000194,87184529.62,139800000.0,139800000.0,139800000.0,139800000.0,1,139800000.0,1.0,1.0,1.0,False
ZENIT FUNDO DE INVESTIMENTO EM  DIREITOS CREDITÓRIOS - RESPONSABILIDADE LIMITADA,47846781000101,312158314.32,139547952.89,139643400.81,139746757.58,140001668.34,25,287675343.06,0.4850883339726988,0.48542012438262666,0.4857794070687986,False
IF-AÇOR FUNDO DE INVESTIMENTO EM DIREITOS CREDITÓRIOS NÃO-PADRONIZADOS RESPONSABILIDADE LIMITADA,52073804000114,306388514.05,139506886.31,290304973.25000006,306367403.87,306488901.83,12,306488901.83,0.4551776115775318,0.9471957108940386,0.9996035812087337,False
PSS PRINCIPAL FUNDO DE INVESTIMENTO EM DIREITOS CREDITÓRIOS - NÃO PADRONIZADOS,32388184000103,152694861.29,138490299.14,150560916.26,152775799.7,152775799.7,9,152783674.77,0.9064469705188253,0.985451596753736,0.9999484560767904,False
URANO FUNDO DE INVESTIMENTO EM DIREITOS CREDITÓRIOS NÃO PADRONIZADO,49686425000195,227408980.45,137031289.41,225585641.89999998,225585641.89999998,225585641.89999998,2,225585641.9,0.6074468581238193,0.9999999999999999,0.9999999999999999,False
SUPER BOX FUNDO DE INVESTIMENTO EM DIREITOS CREDITÓRIOS,54028640000139,156416953.58,135898850.38,146373157.91,146373157.91,146373157.91,2,146373158.58,0.9284410591285062,0.9999999954226579,0.9999999954226579,False
MERCADO CRÉDITO ESTRUTURADO FUNDO DE INVESTIMENTO EM DIREITOS CREDITÓRIOS  RESPONSABILIDADE LIMITADA,63350255000102,157903052.35,135561326.16,135561326.16,135561326.16,135561326.16,1,154885311.18,0.8752368131440003,0.8752368131440003,0.8752368131440003,False
CP III FUNDO DE INVESTIMENTO EM DIREITOS CREDITÓRIOS RESPONSABILIDADE LIMITADA,59532738000142,282968049.89,134904110.61,243662192.34,254902288.56,255353121.03,13,255353121.03,0.5283041384645966,0.9542166211133699,0.9982344744086874,False
TRAÇADO FUNDO DE INVESTIMENTO EM DIREITOS CREDITÓRIOS RESPONSABILIDADE LIMITADA,41755684000119,121832899.05,134692596.15,134692596.15,134692596.15,134692596.15,1,112158907.82,1.2009085927099394,1.2009085927099394,1.2009085927099394,True
ALGARVE AMAZÔNIA FUNDO DE INVESTIMENTO EM DIREITOS CREDITÓRIOS DE RESPONSABILIDADE LIMITADA,48279539000158,238674382.02,134043956.26,235259156.04000002,235259156.04000002,235259156.04000002,2,235259156.04,0.5697714746422415,1.0000000000000002,1.0000000000000002,False
PRECATO IV FUNDO DE INVESTIMENTO EM DIREITOS CREDITÓRIOS DE RESPONSABILIDADE LIMITADA,52115758000179,208782454.93,133470922.83,207527596.45,211471377.96999997,213659524.81,20,213659524.81,0.6246897859980315,0.9713004680439455,0.9897587208342531,False
ASA FUNDO DE INVESTIMENTO EM DIREITOS CREDITÓRIOS RESPONSABILIDADE LIMITADA,49826785000145,3364983017.12,132423161.72,432020847.1,701708315.0699999,1206112232.09,25,3215320257.17,0.0411850612469172,0.13436323990949753,0.2182390116521756,False
FIDC GM - VENDA DE VEÍCULOS,11230727000181,2984648919.61,131331014.02,394672530.32,629371460.9800001,1044151755.5399998,24,2617311838.6,0.05017782446979988,0.15079308644059408,0.24046483559889864,False
FUNDO DE INVESTIMENTO EM DIREITOS CREDITÓRIOS - ACR IV,51983832000106,527467198.34,130982612.12,512502203.67,518616701.04,518616701.04,6,518616701.04,0.2525615003476287,0.9882099875346506,1.0,False
FUNDO DE GESTÃO DE ATIVOS DE CRÉDITO - FIDC RESPONSABILIDADE LIMITADA,47085610000107,383115911.65,130573832.94,241592180.2,272603610.61999995,279632356.15999997,24,280580932.24,0.46536958836643716,0.8610427596460821,0.9715685540128702,False
JCI III - FIDC RESPONSABILIDADE LIMITADA,40054747000147,424575799.25,130394774.23,130394774.23,130394774.23,130394774.23,1,130394774.24,0.9999999999233099,0.9999999999233099,0.9999999999233099,False
AZUL FUNDO DE INVESTIMENTO EM DIREITOS CREDITÓRIOS MULTISSETORIAL - RESPONSABILIDADE LIMITADA,17198676000134,125576738.21,129193302.47,131026527.03,131026527.03,131026527.03,3,109167143.05,1.1834449346249518,1.2002377580769712,1.2002377580769712,True
DB DRILLING FUNDO DE INVESTIMENTO EM DIREITOS CREDITÓRIOS NÃO PADRONIZADOS,55331248000127,128735586.42,128756394.42,128756394.42,128756394.42,128756394.42,1,128756394.42,1.0,1.0,1.0,False
AGROSS FUNDO DE INVESTIMENTO EM DIREITOS CREDITÓRIOS,33953549000150,18799119.1,128621791.07,128621791.07,128621791.07,128621791.07,1,102031439.13,1.2606093981103292,1.2606093981103292,1.2606093981103292,True
ORIZ JURI LSN IV FUNDO DE INVESTIMENTO EM DIREITOS CREDITÓRIOS RESPONSABILIDADE LIMITADA,67220127000197,164174167.14,128247685.78,128247685.78,128247685.78,128247685.78,1,128247685.78,1.0,1.0,1.0,False
PBG SUPPLIERS - FUNDO DE INVESTIMENTO EM DIREITOS CREDITÓRIO,58922423000149,164840396.17,128156083.27,160537274.42,160537274.42,160537274.42,2,160537274.42000002,0.7982948740908365,0.9999999999999998,0.9999999999999998,False
CRONOS LEGAL CLAIMS  FUNDO DE INVESTIMENTO EM DIREITOS CREDITÓRIOS NÃO PADRONIZADOS  RESP LIMITADA,64019393000168,126622180.75,126947960.38,126947960.38,126947960.38,126947960.38,1,126947960.38,1.0,1.0,1.0,False
FUNDO DE INVESTIMENTO EM DIREITOS CREDITÓRIOS LF I - SEGMENTO FINANCEIRO - RESPONSABILIDADE LIMITADA,17474548000176,132131158.97,124969665.22,125151761.86,125151761.86,125151761.86,2,125151761.86,0.9985449933960682,1.0,1.0,False
CHIMERA ALTERNATIVE ASSETS V FUNDO DE INVESTIMENTO EM DIREITOS CREDITÓRIOS,53908929000180,124211665.13,123715500.81,123715500.81,123715500.81,123715500.81,1,123715500.81,1.0,1.0,1.0,False
ROYAL BANK FUNDO DE INVESTIMENTO EM DIREITOS CREDITÓRIOS DE RESPONSABILIDADE LIMITADA,10613882000114,808540098.3,121629366.3,375236696.56,491068276.52,630255123.2399999,25,545802998.61,0.2228448114241847,0.687494750881944,0.8997170733224381,True
FUNDO DE INVESTIMENTO EM DIREITOS CREDITÓRIOS ATIVOS JUDICIAIS I RESPONSABILIDADE LIMITADA,37457423000145,541353269.64,120420898.01,243063396.86999997,325978791.25,402600634.38000005,24,519268409.63,0.23190491810546462,0.46808816473775594,0.627765497004282,False
FUNDO DE INVESTIMENTO EM DIREITOS CREDITÓRIOS RIOJA,29284754000100,119069945.18,119807465.16,119807465.16,119807465.16,119807465.16,1,119807465.16,1.0,1.0,1.0,False
FINANCE ASSET FUNDO DE INVESTIMENTO EM DIREITOS CREDITÓRIOS  NÃO PADRONIZADOS,41575924000101,60405910.82,119213694.92,136084865.55,140621018.19,140838422.41999996,24,137362617.84,0.8678758223642776,0.9906979620067498,1.0237211579193648,False
LRS GCB FIDC RESPONSABILIDADE LIMITADA,66226268000154,124851107.98,118426240.8,118426240.8,118426240.8,118426240.8,1,118426240.8,1.0,1.0,1.0,False
FUNDO DE INVESTIMENTO EM DIREITOS CREDITÓRIOS NÃO PADRONIZADOS CERES,20764347000118,117966390.98,118151124.97,118151124.97,118151124.97,118151124.97,1,118151124.97,1.0,1.0,1.0,False
VANGUARD FUNDO DE INVESTIMENTO EM DIREITOS CREDITÓRIOS,39273613000138,-694042.53,117821208.3,117821208.3,117821208.3,117821208.3,1,0.0,,,,False
AURÃ FUNDO DE INVESTIMENTO EM DIREITOS CREDITÓRIOS,56028964000100,115273712.08,117461591.61,117461591.61,117461591.61,117461591.61,1,117461591.61,1.0,1.0,1.0,False
PAY CARGO FUNDO DE INVESTIMENTO EM DIREITOS CREDITÓRIOS,36544636000141,229392653.83,117422917.56,168292998.62,188725807.54000002,211499968.99999997,25,234477506.98,0.5007854231835368,0.7177362160983516,0.804878088183092,False
PARANÁ III FUNDO DE INVESTIMENTO EM DIREITOS CREDITÓRIOS DO SEGMENTO  AGRONEGÓCIO - RESP LIMITADA,64679472000103,389014033.19,114346286.87,127509993.71000002,131091802.92,131091802.92,9,131091802.92,0.8722611507584566,0.9726770924633189,1.0,False
ÓREAS FUNDO DE  INVESTIMENTO EM DIREITOS CREDITÓRIOS NÃO-PADRONIZADO,27974792000151,113578826.32,113258899.3,113258899.3,113258899.3,113258899.3,1,113258899.3,1.0,1.0,1.0,False
EXPLORER FUNDO DE INVESTIMENTO EM DIREITOS CREDITÓRIOS,33823944000118,150730626.73,113039884.66,113039884.66,113039884.66,113039884.66,1,113643865.45,0.9946853199017087,0.9946853199017087,0.9946853199017087,False
FUNDO DE INVESTIMENTO EM DIREITOS CREDITÓRIOS PRECATÓRIOS BRASIL,32774233000138,1163772257.6,109664415.47,289804652.5,384429681.7700001,515044407.0500001,25,1124255902.57,0.09754399796284097,0.2577746328371674,0.3419414395701287,False
VENDA DE VEÍCULOS FUNDO DE INVESTIMENTO EM DIREITOS CREDITÓRIOS,21126275000146,4242510733.6,109292508.15,440723470.14000005,755937018.2,1403724773.16,24,4242802719.16,0.025759507425704205,0.10387555097712757,0.17816925938749806,False
EVOLUX CAPITAL FUNDO DE INVESTIMENTO EM DIREITOS CREDITÓRIOS DE RESPONSABILIDADE LIMITADA,63618462000197,152114009.74,109259115.48,150817295.08,151853415.01999998,151916194.6,12,151914046.45,0.7192166757006295,0.9927804479201932,0.9996008833191079,False
ARTESANAL SPECIAL SITS FIDC MULTISETORIAL - RESPONSABILIDADE LIMITADA,21053898000136,325574072.79,109012302.54,284776559.03,317793312.77,336737915.40999997,25,325245649.63,0.3351691334350285,0.875573768177875,0.9770870513764663,False
ALGARVE COFFEE II FUNDO DE INVESTIMENTO EM DIREITOS CREDITÓRIOS RESPONSABILIDADE LIMITADA,53109835000140,110535686.6,108124114.53,108124114.53,108124114.53,108124114.53,1,108124114.53,1.0,1.0,1.0,False
MAROSTICA CAPITAL FUNDO DE INVESTIMENTO EM DIREITOS CREDITORIOS NÃO PADRONIZADO,49669950000100,240349513.09,108034328.56,136882521.61,144593895.99000004,159035297.31000006,25,206385856.1,0.523458005318224,0.663235961013125,0.7005998314145135,False
CRÉDITO CORPORATIVO SOLIS ITER  FUNDO DE INVESTIMENTO EM DIREITOS CREDITÓRIOS,47117579000130,353470202.33,106555584.38,144131922.21,144295777.84999996,144681501.66999996,25,178542351.28,0.5968084525384884,0.8072702144712116,0.8081879554935811,False
BTS FUNDO DE INVESTIMENTO EM DIREITOS CREDITÓRIOS,48971114000105,386097116.86,106202874.32,106202874.32,106202874.32,106202874.32,1,106202874.32,1.0,1.0,1.0,False
CVPAR EDUC FUNDO DE INVESTIMENTO EM DIREITOS CREDITÓRIOS,51864349000102,114697401.93,105991186.65,106462812.33000001,106732321.05000001,106926561.93000002,20,106924560.25999999,0.9912707276258105,0.9956815540893769,0.9982021042730265,False
C6 BANK TV1 FUNDO DE INVESTIMENTO EM DIREITOS CREDITÓRIOS - RESPONSABILIDADE LIMITADA,29828733000109,490720357.85,104983785.71,217448368.6,250394213.55,297553461.27,25,357565719.14,0.2936069653503193,0.6081353915106751,0.7002746632206136,False
PERNAMBUCANAS FORNECEDORES FUNDO DE INVESTIMENTO EM DIREITOS CREDITÓRIOS COMERCIAIS DE RESP LIMITADA,62543465000146,130839674.65,104974913.08,104974913.08,104974913.08,104974913.08,1,104974913.08,1.0,1.0,1.0,False
RIO FORMOSO II FUNDO DE INVESTIMENTO EM DIREITOS CREDITÓRIOS NÃO-PADRONIZADOS MULTISSETORIAL NP,21838483000178,641969978.44,104807201.24,642119708.03,642119708.03,642119708.03,3,642119708.03,0.16322065796974944,1.0,1.0,False
FUNDO DE INVESTIMENTO EM DIREITOS CREDITÓRIOS  SIGA ENERGIA PORTFÓLIO DE RESPONSABILIDADE  LIMITADA,53523699000130,147842692.85,104340197.71,170150036.69,170150036.69,170150036.69,2,144603070.9,0.7215628067965186,1.1766695937437384,1.1766695937437384,True
CD CASH FUNDO DE INVESTIMENTO EM DIREITOS CREDITÓRIOS RESPONSABILIDADE LIMITADA,37035970000132,291764021.23,103337755.53,127051041.84,142826805.94,169763865.24999997,25,232965452.02,0.44357545135545884,0.545364305043362,0.6130814878411172,False
ELDORADO FUNDO DE INVESTIMENTO EM DIREITOS CREDITÓRIOS NÃO-PADRONIZADOS,30127068000105,153306059.22,103114313.67,150821110.19,150821110.19,150821110.19,4,150821664.37,0.6836837008842246,0.9999963255941888,0.9999963255941888,False
FUNDO DE CRÉDITO E RECEBÍVEIS - FIDC RESPONSABILIDADE LIMITADA,47085633000103,277948724.48,101050898.22,238590464.76999998,256984801.86999997,256984801.86999997,6,256984801.87,0.3932174100751618,0.9284224710327224,0.9999999999999999,False
SAN PRECA FEDERAL I FUNDO DE INVESTIMENTO EM DIREITOS CREDITÓRIOS - RESPONSABILIDADE LIMITADA,44395262000178,98675681.42,100957883.8,100957883.8,100957883.8,100957883.8,1,100957883.8,1.0,1.0,1.0,False
JUGIS FUNDO DE INVESTIMENTO EM DIREITOS CREDITÓRIOS,44395279000125,72484925.87,100717999.71,123173899.27999999,130368317.39999999,134951849.14999998,24,34642755.68,2.9073322180356063,3.5555456505185266,3.7632201838742407,True
VOGAL FUNDO DE INVESTIMENTO EM DIREITOS CREDITÓRIOS - RESPONSABILIDADE LIMITADA,64078685000171,171258137.63,100182590.96,113483426.75,113483426.75,113483426.75,2,113483426.75,0.8827949052040763,1.0,1.0,False
BR GOLD FUNDO DE INVESTIMENTO EM DIREITOS CREDITÓRIOS,60327259000173,98107985.06,100000000.01,100000000.01,100000000.01,100000000.01,1,100000000.01,1.0,1.0,1.0,False
FUNDO DE INVESTIMENTO EM DIREITOS CREDITÓRIOS SANTA CRUZ CAPITAL,32969429000188,459089534.64,99868035.42,291609732.74,352922255.78999996,380402881.24,24,355571895.51,0.2808659421092839,0.8201146840408788,0.9925482307419161,True
RIO BRAVO INLIRA STEFANINI CONSÓRCIO FIDC DE RESPONSABILIDADE LIMITADA,55711648000168,317988374.4,99654584.33,227440582.55,259267337.29999998,259341902.58,14,259341902.58,0.3842594788524744,0.8769912624506975,0.9997124827139069,False
ST 1015.A FUNDO DE INVESTIMENTO EM DIREITOS CREDITÓRIOS RESPONSABILIDADE LIMITADA,56780297000100,104533194.75,99549175.22,99549175.22,99549175.22,99549175.22,1,99549175.22,1.0,1.0,1.0,False
KINEA VÉRTICE FUNDO DE INVESTIMENTO EM DIREITOS CREDITÓRIOS ABERTO RESPONSABILIDADE LIMITADA,29986319000110,771314631.91,99418229.56,243313124.67999998,335983632.53,419155026.2699999,23,419155026.27,0.237187253710658,0.580484807364016,0.8015736695796536,False
PARANÁ I FIDC - FUNDO DE INVESTIMENTO EM DIREITOS CREDITÓRIOS - RESPONSABILIDADE LIMITADA,59629874000155,397047434.06,99257113.18,141656387.69,187453810.29,283281227.9800001,24,365688025.44,0.27142565868973345,0.3873695003262888,0.5126058203969174,False
MD LESTE IC PRECATÓRIOS FUNDO DE INVESTIMENTO EM DIREITOS CREDITÓRIOS - DE RESPONSABILIDADE LIMITADA,58817663000183,104541573.63,99182985.7,99182985.7,99182985.7,99182985.7,1,99182985.7,1.0,1.0,1.0,False
BYRON 61 FUNDO DE INVESTIMENTO EM DIREITOS CREDITÓRIOS NAO PADRONIZADOS,46744586000108,119989669.2,98809591.36,130255751.85000001,130255751.85000001,130255751.85000001,4,121740671.3,0.8116399417291533,1.069944419223849,1.069944419223849,True
IGNIS FUNDO DE INVESTIMENTO EM DIREITOS CREDITÓRIOS DE RESPONSABILIDADE LIMITADA,59818474000198,101274969.71,98526865.49,98526865.49,98526865.49,98526865.49,1,98396334.67,1.001326582137818,1.001326582137818,1.001326582137818,False
OCEANO II FUNDO DE INVESTIMENTO EM DIREITOS CREDITÓRIOS,63034209000196,99309396.8,98300002.71,98300002.71,98300002.71,98300002.71,1,98300002.71,1.0,1.0,1.0,False
HERA FUNDO DE INVESTIMENTO EM DIREITOS CREDITÓRIOS NÃO-PADRONIZADOS,42462074000190,144496238.29,97911583.62,143536453.63,143536453.63,143536453.63,3,143536453.64,0.6821374022906368,0.9999999999303314,0.9999999999303314,False
FUNDO DE INVESTIMENTO EM DIREITOS CREDITÓRIOS VEXOR - RESPONSABILIDADE LIMITADA,63547404000110,-87864.34,97776857.18,97776857.18,97776857.18,97776857.18,1,0.0,,,,False
FUNDO DE INVESTIMENTO EM DIREITOS CREDITÓRIOS FRATTO,12803721000119,103640698.41,95054204.86,95054204.86,95054204.86,95054204.86,1,82562643.94999999,1.1512979758444377,1.1512979758444377,1.1512979758444377,True
ARTEB FUNDO DE INVESTIMENTO EM DIREITOS CREDITÓRIOS,38447838000109,94110701.93,94091563.62,94091563.62,94091563.62,94091563.62,1,94091563.62,1.0,1.0,1.0,False
CLASSE ÚNICA DE COTAS DO ST 1014 FIDC RESPONSABILIDADE LIMITADA,56780221000184,46442051.98,93663130.05,93663130.05,93663130.05,93663130.05,1,93663130.05,1.0,1.0,1.0,False
ACTIUM FUNDO DE INVESTIMENTO EM DIREITOS CREDITÓRIOS NÃO PADRONIZADO,37529228000183,79805393.72,93593905.71,93593905.71,93593905.71,93593905.71,1,93593905.71,1.0,1.0,1.0,False
INTERLAKEN FUNDO DE INVESTIMENTO EM DIREITOS CREDITÓRIOS NÃO PADRONIZADOS,44615718000168,98152576.42,93526129.3,96026129.3,96026129.3,96026129.3,2,98155178.35,0.9528394820546928,0.9783093557997697,0.9783093557997697,False
AFARE I - FUNDO DE INVESTIMENTO EM DIREITOS CREDITORIOS,26689672000140,16867314.37,93347449.08,93347449.08,93347449.08,93347449.08,1,93347449.08,1.0,1.0,1.0,False
AMADEUS FUNDO DE INVESTIMENTO EM DIREITOS CREDITÓRIOS,49815454000100,106372216.66,93070723.43,93913722.5,94261052.23,94974487.25,25,95160388.61,0.978040598504025,0.986899316740821,0.9905492569635693,False
GAD FUNDO DE INVESTIMENTO EM DIREITOS CREDITÓRIOS,31608972000197,189073282.29,92892803.59,186878884.23000002,186878884.23000002,186878884.23000002,2,181950809.05,0.510538007910001,1.027084656593342,1.027084656593342,False
VKTECH FUNDO DE INVESTIMENTO EM DIREITOS CREDITÓRIOS - RESPONSABILIDADE LIMITADA,65530283000129,92841577.6,92199474.76,92199474.76,92199474.76,92199474.76,1,92199474.76,1.0,1.0,1.0,False
PRISMA INFRATELCO VD FUNDO DE INVESTIMENTO EM DIREITOS CREDITÓRIOS,41195764000167,107100035.71,91979045.9,91979045.9,91979045.9,91979045.9,1,91979045.9,1.0,1.0,1.0,False
VULCANO FUNDO DE INVESTIMENTO EM DIREITOS CREDITÓRIOS,54276269000124,1333286.25,90000000.0,90000000.0,90000000.0,90000000.0,1,90000000.0,1.0,1.0,1.0,False
SDL FUNDO DE INVESTIMENTO EM DIREITOS CREDITÓRIOS DE RESPONSABILIDADE LIMITADA,43290912000158,176865601.4,89559699.91,119387953.91,123319450.94000001,125820435.41999999,25,124491692.52000001,0.7194030227809131,0.9590033800112399,0.9905837766659678,False
CELOSIA FUNDO DE INVESTIMENTO EM DIREITOS CREDITÓRIOS RESPONSABILIDADE LIMITADA,54837785000180,170441347.34,88808912.28,173721758.77,173721758.77,173721758.77,4,173721758.77,0.5112135227549653,1.0,1.0,False
AERIS FIDC - INDÚSTRIA E COMÉRCIO - RESPONSABILIDADE LIMITADA,54349601000133,153642697.13,87846629.6,161111052.94,161111052.94,161111052.94,2,116908842.63,0.7514113357363582,1.378091248836444,1.378091248836444,True
ALGARVE PRECATÓRIOS I FUNDO DE INVESTIMENTO EM DIREITOS CREDITÓRIOS - RESPONSABILIDADE LIMITADA,55249383000128,43793744.44,87617007.01,87617007.01,87617007.01,87617007.01,1,87617007.01,1.0,1.0,1.0,False
BSPAR FUNDO DE INVESTIMENTO EM DIREITOS CREDITÓRIOS NÃO-PADRONIZADOS MULTISSETORIAL,09527140000197,412745731.73,86026586.35,147574692.99,207099853.0,290058346.21000004,24,334298237.49,0.25733484865463385,0.44144621909475207,0.6195062664851623,False
CRONOS FUNDO DE INVESTIMENTO EM DIREITOS CREDITÓRIOS NÃO PADRONIZADO,38421626000144,86114119.06,85687731.86,85687731.86,85687731.86,85687731.86,1,85678111.02,1.0001122905242128,1.0001122905242128,1.0001122905242128,False
KRIPTA FUNDO DE INVESTIMENTO EM DIREITOS CREDITÓRIOS,25167283000191,191330728.55,85614414.03,85614414.03,85614414.03,85614414.03,1,85614414.03,1.0,1.0,1.0,False
FUNDO DE INVESTIMENTO EM DIREITOS CREDITÓRIOS CONRETORNO - RESPONSABILIDADE LIMITADA,58238773000190,218955447.38,85194795.88,169044029.54,193355532.5,196615513.62,13,196615513.62,0.4333065805003388,0.8597695391764071,0.9834195122247547,False
PEREGRINE BRAZIL - FUNDO DE INVESTIMENTO EM DIREITOS CREDITÓRIOS,37720508000174,84859926.9,84636193.9,84636193.9,84636193.9,84636193.9,1,84636193.9,1.0,1.0,1.0,False
ORIZ JURI LSN III FUNDO DE INVESTIMENTO EM DIREITOS CREDITÓRIOS RESPONSABILIDADE LIMITADA,66790195000129,93250782.25,84402727.82,84402727.82,84402727.82,84402727.82,1,84402727.83,0.9999999998815203,0.9999999998815203,0.9999999998815203,False
JIVE BOSSANOVA90 - FUNDO DE INVESTIMENTO EM DIREITOS CREDITÓRIOS,58893662000118,1554710409.76,83702019.42,293879874.78000003,395409664.38,463748812.3900001,20,463748812.39,0.18048999196058083,0.6337048568716445,0.8526375783955029,False
BNVT ORIGEM FUNDO DE INVESTIMENTO EM DIREITOS CREDITÓRIOS RESPONSABILIDADE LIMITADA,62169240000171,102384591.78,82443514.16,82443514.16,82443514.16,82443514.16,1,82443514.16,1.0,1.0,1.0,False
FIDC MDR II HIGH GRADE RECEBÍVEIS DE CREDENCIADORAS RESPONSABILIDADE LIMITADA,61709339000156,135172905.51,82265874.37,119488677.72,120283490.1,120283490.1,10,120136673.01,0.684769041033393,0.9946061824939495,1.001222083867661,False
JC LOKI FUNDO DE INVESTIMENTO EM DIREITOS CREDITÓRIOS,57186320000103,81671742.03,81633302.77,81633302.77,81633302.77,81633302.77,1,81633302.77,1.0,1.0,1.0,False
MERIDIANO FUNDO DE INVESTIMENTO EM DIREITOS CREDITÓRIOS MULTISEGMENTOS,09163026000125,80699331.29,81249903.44,150206787.54,157033395.52,157033395.52,8,75783495.84,1.072131900744472,1.982051446361464,2.072131851129448,True
HALFDOME II FUNDO DE INVESTIMENTO EM DIREITOS CREDITÓRIOS,59700632000100,61290583.54,80692449.64,80692449.64,80692449.64,80692449.64,1,80692449.64,1.0,1.0,1.0,False
CREDILOG II FUNDO DE INVESTIMENTO EM DIREITOS CREDITÓRIOS,51655558000146,86435509.5,80603207.86,82940781.31,83982427.79,85396076.30000001,25,85620671.66,0.9413989203457273,0.9687004283189713,0.9808662576660755,False
LC SFH I FUNDO DE INVESTIMENTO EM DIREITOS CREDITÓRIOS DE RESPONSABILIDADE LIMITADA,43863266000170,153518417.09,80449507.06,124719720.19,124719720.19,124719720.19,4,166664033.53,0.4827046685241712,0.7483301438732436,0.7483301438732436,False
ARC DEB I FUNDO DE INVESTIMENTO EM DIREITOS CREDITÓRIOS DE RESPONSABILIDADE LIMITADA,60275910000109,332259471.35,80433526.66,95287238.52,95287238.52,95287238.52,2,95287238.52,0.844116462070812,1.0,1.0,False
BROOKLYN FUNDO DE INVESTIMENTO EM DIREITOS CREDITÓRIOS RESPONSABILIDADE LIMITADA,55412790000104,82050486.57,80347493.12,81558780.67,81558780.67,81558780.67,2,81558780.67,0.9851482876515643,1.0,1.0,False
ALAMIN CAPITAL FUNDO DE INVESTIMENTO EM DIREITOS CREDITORIOS MULTISSETORIAL,29969815000165,181543357.28,80186205.34,155741427.85,155741427.85,155741427.85,5,155741429.21,0.5148675323370625,0.9999999912675771,0.9999999912675771,False
ACCESS 1 FUNDO DE INVESTIMENTO EM COTAS DE FIDC - RESPONSABILIDADE LIMITADA,09217017000170,79700375.04,79700366.49,79700366.49,79700366.49,79700366.49,1,0.0,,,,False
ST 1007 FUNDO DE INVESTIMENTO EM DIREITOS CREDITÓRIOS RESPONSABILIDADE  LIMITADA,54326983000180,79055405.53,79045908.94,79045908.94,79045908.94,79045908.94,1,79045908.94,1.0,1.0,1.0,False
MSB LONGO PRAZO FUNDO DE INVESTIMENTO EM DIREITOS CREDITÓRIOS NÃO PADRONIZADOS,49815200000191,78385354.46,78553734.5,78553734.5,78553734.5,78553734.5,1,78553734.5,1.0,1.0,1.0,False
AGROFORTE FUNDO DE INVESTIMENTO EM DIREITOS CREDITÓRIOS,58033772000100,114037581.51,78440517.23,78440517.23,78440517.23,78440517.23,1,78440517.23,1.0,1.0,1.0,False
CHIMERA ALTERNATIVE ASSETS XIII FUNDO DE INVESTIMENTO EM DIREITOS CREDITÓRIOS DE RESP LIMITADA,63503400000130,86277725.34,77829620.0,77829620.0,77829620.0,77829620.0,1,77829620.0,1.0,1.0,1.0,False
VERDES CAMPOS FUNDO DE INVESTIMENTO EM DIREITOS CREDITÓRIOS DE RESPONSABILIDADE LIMITADA,62637894000182,77673321.21,77707880.24,77707880.24,77707880.24,77707880.24,1,77707880.24,1.0,1.0,1.0,False
DISTRESSED FUNDO DE INVESTIMENTO EM DIREITOS CREDITÓRIOS MULTISEGMENTOS DE RESPONSABILIDADE LIMITADA,29720595000131,314819121.43,77118701.1,144960986.29999998,184020526.42999995,235351414.51999992,25,315004857.18,0.2448174983407727,0.46018651140089056,0.5841831395153598,False
V4 FIDC NP - AÇÕES JUDICIAIS,13776087000135,100171973.48,76927262.37,76927262.37,76927262.37,76927262.37,1,76927262.37,1.0,1.0,1.0,False
AMENDOEIRA FUNDO DE INVESTIMENTO EM DIREITOS CREDITÓRIOS - RESPONSABILIDADE LIMITADA,53167853000189,77242601.33,76924703.15,76924703.15,76924703.15,76924703.15,1,76924703.15,1.0,1.0,1.0,False
TEXAS FUNDO DE INVESTIMENTO EM DIREITOS CREDITÓRIOS RESPONSABILIDADE LIMITADA,58546382000133,72732312.07,76618621.87,103755094.14999999,74255094.14999999,74255094.14999999,7,74255094.15,1.0318298393807908,1.3972791407470053,0.9999999999999998,False
FLORENÇA FUNDO DE INVESTIMENTO EM DIREITOS CREDITÓRIOS,53315640000157,88365784.86,76552108.45,90794715.7,90794715.7,90794715.7,5,90794715.7,0.8431339628061636,1.0,1.0,False
SOLUMA FUNDO DE INVESTIMENTO EM DIREITOS CREDITÓRIOS,51863647000188,97047493.27,76466311.69,76466311.69,76466311.69,76466311.69,1,76423104.08,1.000565373659185,1.000565373659185,1.000565373659185,False
CIELO FUNDO DE INVESTIMENTO EM DIREITOS CREDITÓRIOS NÃO-PADRONIZADOS,21824924000182,238192598.63,76185536.03,172310078.96999997,178980549.75999996,178980549.75999996,9,175653419.34,0.4337264615528662,0.9809662665118487,1.0189414497736584,False
BULLSEYE MASTER I FUNDO DE INVESTIMENTO EM DIREITOS CREDITÓRIOS,20103394000110,83260919.77,75938229.61,75938229.61,75938229.61,75938229.61,1,75938229.61,1.0,1.0,1.0,False
PCS II BT FUNDO DE INVESTIMENTO EM DIREITOS CREDITÓRIOS NÃOPADRONIZADOS,32388130000130,136771196.65,75292769.39,120983668.88000001,129769730.83,129769730.83,8,129762050.87,0.5802372025194857,0.9323501599185229,1.0000591849462035,False
FUNDO DE INVESTIMENTO EM DIREITOS CREDITÓRIOS PRODUÇÃO I,45880888000132,1724292.45,74800388.2,74800388.2,74800388.2,74800388.2,1,3617005.86,20.680195469741374,20.680195469741374,20.680195469741374,True
CANAL 86 FUNDO DE INVESTIMENTO EM DIREITOS CREDITÓRIOS NÃO-PADRONIZADOS,40634940000157,74622840.49,74601096.44,74601096.44,74601096.44,74601096.44,1,74601096.44,1.0,1.0,1.0,False
TRAÇÃO FINANCEIRA  FUNDO DE INVESTIMENTO EM DIREITOS CREDITÓRIOS - RESPONSABILIDADE LIMITADA,23750225000160,322087626.33,74202842.36,104219222.47,121545197.61999999,151337624.69000003,25,286947008.25,0.25859423596203324,0.36320024071901086,0.4235806407645304,False
PER FUNDO DE INVESTIMENTO EM DIREITOS CREDITORIOS - RESPONSABILIDADE LIMITADA,30659408000130,180307880.73,73963876.44,77987163.64,81061283.53999999,86701776.09999998,25,177913238.76999998,0.4157300319602293,0.43834379149726505,0.4556225500722472,False
SOULPAY FUNDO DE INVESTIMENTO EM DIREITOS CREDITÓRIOS,48967719000122,78431250.09,73326587.96,73326587.96,73326587.96,73326587.96,1,73326588.34,0.9999999948177051,0.9999999948177051,0.9999999948177051,False
ATIVOS ESPECIAIS III - FUNDO DE INVESTIMENTO EM DIREITOS CREDITÓRIOS DE RESPONSABILIDADE LIMITADA,42401957000190,1161233853.38,73256601.28,209518796.37,237843174.67,247493157.73,24,1068573802.24,0.06855549062351679,0.19607330437148637,0.2225800166272285,False
NORDE FUNDO DE INVESTIMENTO EM DIREITOS CREDITÓRIOS,52200741000110,173284525.87,73000299.53,166180749.7,166180749.7,166180749.7,4,156854373.33,0.4654017480049308,1.0594588226773796,1.0594588226773796,True
VERMILLION I FUNDO DE INVESTIMENTO EM DIREITOS CREDITÓRIOS NÃO PADRONIZADOS,28651441000172,957903049.18,72740006.55,177013638.87,246188708.75999996,304243880.99,25,299963074.1,0.24249653650952496,0.5901180983729624,0.8207300498524926,False
FP POLO PETROS 2 RECUPERAÇÃO DE CRÉDITO FUNDO DE INVESTIMENTO EM DIREITOS CREDITÓRIOS,21397791000105,52430984.09,72688879.49,78145175.41999999,78145175.41999999,78145175.41999999,2,51405544.51,1.4140280038442101,1.5201701716202674,1.5201701716202674,True
FUNDO DE INVESTIMENTO EM DIREITOS CREDITÓRIOS COMERCIAIS VIKING,47166884000112,1146731982.97,72328590.45,241784343.46000004,374547478.63,582756012.91,24,784159404.41,0.0922371013383687,0.30833570585296766,0.47764201579882704,False
ORIZ JURI LC FUNDO DE INVESTIMENTO EM DIREITOS CREDITÓRIOS - RESPONSABILIDADE LIMITADA,63863686000164,72352052.91,71631850.75,71631850.75,71631850.75,71631850.75,1,71631850.75,1.0,1.0,1.0,False
ST 2002 FUNDO DE INVESTIMENTO EM DIREITOS CREDITÓRIOS RESPONSABILIDADE LIMITADA,64655445000192,73364071.54,71487875.02,72842723.31,72842723.31,72842723.31,2,72842723.31,0.981400361924497,1.0,1.0,False
PÁTRIA CRÉDITO ESTRUTURADO FEEDER TEAM FUNDO DE INVESTIMENTO EM COTAS DE FIDC RESP LIMITADA,29292271000140,74426927.65,71359999.28,71359999.28,71359999.28,71359999.28,1,0.0,,,,False
ISS VII FUNDO DE INVESTIMENTO EM DIREITOS CREDITÓRIOS,42583959000147,71182253.2,71271554.0,83004020.94,84147787.3,84147787.3,7,71571554.0,0.9958083905793075,1.1597347870915309,1.1757155265903545,True
FRADINHO N FUNDO DE INVESTIMENTO EM DIREITOS CREDITÓRIOS RESPONSABILIDADE  LIMITADA,29492703000166,255031163.5,71134905.41,181444252.71000004,195508928.82000002,201445897.74000004,25,220235085.31,0.32299533614215664,0.8238662448110913,0.8877283496623811,False
HB FUNDO DE INVESTIMENTO EM DIREITOS CREDITÓRIOS DE RESPONSABILIDADE LIMITADA,59682007000183,117538310.95,71020321.91,117482720.09,117482720.09,117482720.09,4,117482720.09,0.6045171737221734,1.0,1.0,False
FUNDO DE INVESTIMENTO EM DIREITOS CREDITÓRIOS NÃO-PADRONIZADOS - RECUPERARE,10996108000130,107323803.64,70846054.03,101276171.19000001,101276171.19000001,101276171.19000001,5,94694758.19,0.7481518025300953,1.0695013443805914,1.0695013443805914,True
H3 CAPITAL FUNDO DE INVESTIMENTO EM DIREITOS CREDITÓRIOS RESPONSABILIDADE LIMITADA,63507342000112,75504664.49,70629265.68,70629265.68,70629265.68,70629265.68,1,70629265.68,1.0,1.0,1.0,False
KASTEN FUNDO DE INVESTIMENTO EM DIREITOS CREDITÓRIOS,55938045000101,166437821.33,70618193.2,141592415.8,154015325.42000005,163460327.89000002,25,160768717.71,0.4392533212050833,0.8807211864151903,0.9579931196429522,False
NN FUNDO DE INVESTIMENTO EM DIREITOS CREDITÓRIOS CRÉDITO CORPORATIVO - RESPONSABILIDADE LIMITADA,55595705000190,72039932.56,70395447.83,70395447.83,70395447.83,70395447.83,1,70395447.83,1.0,1.0,1.0,False
LESTE CREDIT PRECATÓRIOS II FUNDO DE INVESTIMENTO EM DIREITOS CREDITÓRIOS RESPONSABILIDADE LIMITADA,45145657000185,69578818.22,70249244.11,70249244.11,70249244.11,70249244.11,1,70249244.11,1.0,1.0,1.0,False
FORNECEDORES BRASIL FUNDO DE INVESTIMENTO EM DIREITOS CREDITÓRIOS NÃO PADRONIZADO,26545451000106,163166250.25,69886946.93,120513970.57000001,137563451.81,148699336.51,25,148875477.14,0.46943222801079254,0.809495108832939,0.9240168659922255,False
VAIL II PRECATÓRIO FUNDO DE  INVESTIMENTO EM DIREITOS CREDITÓRIOS NÃO PADRONIZADO,46231905000173,113549267.52,69635637.64,110872867.94999999,115094488.19000001,117677815.41000001,25,117774156.1,0.5912641613910066,0.9414023553338795,0.9772474030064395,False
SADESUL FUNDO DE INVESTIMENTO EM DIREITOS CREDITÓRIOS RESPONSABILIDADE LIMITADA,28912351000198,68946526.16,69572076.96,69572076.96,69572076.96,69572076.96,1,69572076.96,1.0,1.0,1.0,False
DELTA ENERGIA STRATEGY - FUNDO DE INVESTIMENTO EM DIREITOS CREDITÓRIOS,32274415000140,74347037.95,69394819.79,69394819.79,69394819.79,69394819.79,1,69394819.79,1.0,1.0,1.0,False
FUNDO DE INVESTIMENTO EM DIREITOS CREDITÓRIOS CONSÓRCIOS EXTERNOS -  RESPONSABILIDADE LIMITADA,57624406000162,99784414.9,69306841.22,102398065.44999999,102398065.44999999,102398065.44999999,3,102398065.45,0.6768374081621871,0.9999999999999999,0.9999999999999999,False
MARISA FUNDO DE INVESTIMENTO EM DIREITOS CREDITÓRIOS COMERCIAIS RESPONSABILIDADE LIMITADA,63573472000153,102135435.63,69068544.56,77189882.62,83538271.17000002,92590783.04000002,25,0.0,,,,False
MATTEH FUNDO DE INVESTIMENTO EM DIREITOS CREDITÓRIOS,58723201000105,98687019.07,68398258.63,68398258.63,68398258.63,68398258.63,1,63582793.73,1.0757353462706993,1.0757353462706993,1.0757353462706993,True
STRUCTURE II FUNDO DE INVESTIMENTO EM DIREITOS CREDITÓRIOS MULTISSETORIAL LP,64637478000100,71287452.52,68289125.51,68289125.51,68289125.51,68289125.51,1,68289125.51,1.0,1.0,1.0,False
SANTA FÉ FUNDO DE INVESTIMENTO EM DIREITOS CREDITÓRIOS DE RESPONSABILIDADE LIMITADA,41195737000194,426113248.28,68067192.01,176868306.01,242723983.05999997,289828903.28,25,345379902.86,0.19707919148263553,0.5120978509328428,0.7027739050537295,False
BBIF MASTER FUNDO DE INVESTIMENTO EM DIREITOS CREDITÓRIOS LP,11003181000126,31096078.74,67861219.95,231962850.15,259752519.83,259752519.83,7,0.0,,,,False
SUMUP SMART III FIDC SEGMENTO MEIOS DE PAGAMENTO DE RESPONSABILIDADE LIMITADA,62627122000160,204070143.04,67798948.26,201942586.5,202006904.96,202006904.96,7,202006904.96,0.3356268849989315,0.9996816026659447,1.0,False
KATETO II FUNDO DE INVESTIMENTO EM DIREITOS CREDITÓRIOS,54134587000150,102268668.1,67081050.93,67081050.93,67081050.93,67081050.93,1,70418349.28,0.9526075464119428,0.9526075464119428,0.9526075464119428,False
SERRA DO MAR FUNDO DE INVESTIMENTO EM DIREITOS CREDITÓRIOS,31772157000169,87919197.91,66929956.9,66929956.9,66929956.9,66929956.9,1,66929956.9,1.0,1.0,1.0,False
MENESTYS EDIFICA FUNDO DE INVESTIMENTOS EM DIREITOS CREDITÓRIOS,58568550000191,68268973.06,66633231.62,68011382.69,68011382.69,68011382.69,2,68011382.69,0.9797364644638722,1.0,1.0,False
SC CRÉDITOS I FUNDO DE INVESTIMENTO EM DIREITOS CREDITORIOS RESPONSABILIDADE LIMITADA,52287219000117,70356015.63,66591539.27,66591539.27,66591539.27,66591539.27,1,66591539.27,1.0,1.0,1.0,False
FUNDO DE INVESTIMENTO EM DIREITOS CREDITÓRIOS COMPLEMENTAR  AUTO-FORD,43489824000180,1883891566.03,65847928.64,241079479.07999998,397128714.07000005,722989567.2900001,24,1637165054.67,0.0402207025199868,0.14725422973836555,0.24257096921119445,False
ÁGIS  - FUNDO DE INVESTIMENTO EM DIREITOS CREDITÓRIOS NÃO PADRONIZADOS,35689601000138,485279694.2,65706912.43,165268362.69,228954958.74,333152152.53999996,25,472407411.88,0.1390895036310115,0.34984286557294986,0.48465572931814777,False
AERO FUNDO DE INVESTIMENTO EM DIREITOS CREDITÓRIOS,55406636000120,90018111.5,65536402.22,89356326.64,89356326.64,89356326.64,2,89356326.64,0.7334276674558697,1.0,1.0,False
FUNDO DE INVESTIMENTO EM DIREITOS CREDITÓRIOS KANAL,56986018000169,89547094.23,65282098.19,76630638.58999999,79880934.83999999,82635394.29999997,25,82077447.34,0.7953719359664481,0.9336381804439288,0.9732385378543619,False
ALMOUROL FUNDO DE INVESTIMENTO EM DIREITOS CREDITÓRIOS,50637204000106,64705025.67,64632003.76,64632003.76,64632003.76,64632003.76,1,64632003.76,1.0,1.0,1.0,False
ISAAC FUNDO DE INVESTIMENTO EM DIREITOS CREDITÓRIOS DO SEGMENTO DE SERVIÇOS EDUCACIONAIS,44516049000177,721268162.92,63891265.95,64126322.230000004,64383228.11,65030075.699999996,24,559353182.08,0.11422347811165598,0.11464370684643482,0.11510299784223227,False
JIF CRÉDITOS - FUNDO DE INVESTIMENTO EM DIREITOS  CREDITÓRIOS CRÉD PRIV DE RESPONSABILIDADE ILIMITAD,35138028000174,640370291.03,63747043.47,224126639.6,306593573.21,314327303.94,12,286415743.81,0.22256822415561053,0.7825220660658905,1.070449442239409,True
ATLANTA FUNDO DE  INVESTIMENTO EM DIREITOS CREDITÓRIOS DE RESPONSABILIDADE LIMITADA,11468186000124,3090301588.05,62857477.66,241370235.71999997,385675062.87,658747811.64,25,2555096618.48,0.024600822217593184,0.09446618729572293,0.150943435986164,False
BLUE ROCKET FUNDO DE INVESTIMENTO EM DIREITOS CREDITÓRIOS,47862139000108,131073482.42,62800839.74,80788992.63,90968827.95,102019838.89,25,116546146.92999999,0.5388495578298224,0.6931931664675584,0.7805391284590278,False
BERLANDA FUNDO DE INVESTIMENTO EM DIREITOS CREDITÓRIOS  SEGMENTO ECONÔMICO FINANCEIRO,11812962000161,198291764.01,62676621.75,64219624.129999995,64308886.80999999,64531744.069999985,25,158933912.55,0.39435650167035413,0.40406495441806195,0.40462658836117593,False
TRINU FUNDO DE INVESTIMENTO EM DIREITOS CREDITÓRIOS RESPONSABILIDADE LIMITADA,53075146000162,179247105.67,62567067.93,139728699.94000003,160889360.19000006,179789146.42000002,25,23999999.05,2.606961266942217,5.822029394621998,6.703723606605728,True
METROPOL FUNDO DE INVESTIMENTO EM DIREITOS CREDITÓRIOS,57284265000186,142891879.57,62304611.69,142287563.65,142751288.98000002,142751288.98000002,6,142751288.69,0.43645568640225213,0.9967515176622537,1.0000000020315054,False
MOUSTACHE RAPPI FUNDO DE INVESTIMENTO EM DIREITOS CREDITÓRIOS - RESPONSABILIDADE LIMITADA,61975703000120,68114624.08,62021639.74,62021639.74,62021639.74,62021639.74,1,62021639.74,1.0,1.0,1.0,False
TITANIUM FUNDO DE INVESTIMENTO EM DIREITOS CREDITÓRIOS - RESPONSABILIDADE LIMITADA,56844622000150,99611772.06,61877370.78,66623365.730000004,69030807.98,72065719.22,25,84092458.29,0.7358254478256613,0.7922632669417708,0.8208917824942324,False
ST 2006 FUNDO DE INVESTIMENTOS EM DIREITOS CREDITÓRIOS DE  RESPONSABILIDADE LIMITADA,66733119000181,61782608.32,61768845.36,61768845.36,61768845.36,61768845.36,1,61768845.36,1.0,1.0,1.0,False
RUMOS DISTRIBUIDORA DE PETRÓLEO FUNDO DE INVESTIMENTO EM DIREITOS CREDITÓRIOS,45953246000116,31051233.72,61515348.2,63627415.32,64726134.32,64926449.32,17,30757674.44,1.9999999778916966,2.0686679496565996,2.1043897335692066,True
JIVE ALM CP FIDC DE RESP ILIMITADA,61641236000100,332226801.16,61415174.21,179917759.14999998,217115414.62,224843674.66,14,224843674.66,0.27314610607956696,0.8001904408565851,0.9656282968525294,False
XP PJUS FUNDO DE INVESTIMENTO EM DIREITOS CREDITÓRIOS,53405469000177,165407684.32,61369583.5,103216833.91000001,126839301.85000001,145710163.76999998,24,161148572.86,0.38082610606372325,0.6405072789547508,0.7870954089068686,False
SIRIUS IV FUNDO DE INVESTIMENTO EM DIREITOS CREDITÓRIOS,58321970000179,169664370.3,61113037.02,144603423.28,158585839.91,176748157.04999998,25,164651767.45,0.37116538720763065,0.8782379048795326,0.9631590499516378,True
PARANÁ II FIDC DO SEGMENTO AGRONEGÓCIO - RESPONSABILIDADE LIMITADA,62191905000143,325540613.13,61069627.07,114379906.16999999,152877528.91,213486539.92000002,24,245788715.82,0.2484639169306841,0.46535865484469413,0.6219875814883128,False
INDIE MERX RAIZ I CRÉDITO AGRO FIDC DO AGRONEGÓCIO - RESPONSABILIDADE LIMITADA,54857414000160,104193325.49,61062404.85,89041198.65,99915758.33999999,106972429.71,16,102734553.88,0.5943706624873699,0.8667112990436048,0.9725623421376558,False
BLC IV MASTER FUNDO DE INVESTIMENTO EM DIREITOS CREDITÓRIOS,54980022000194,347683030.1,61020090.75,96941894.77000001,96941894.77000001,96941894.77000001,3,96941894.77,0.6294501556295504,1.0000000000000002,1.0000000000000002,False
LOG FUNDO DE INVESTIMENTO EM DIREITOS CREDITÓRIOS- RESPONSABILIDADE LIMITADA,65621080000148,62957940.54,60745894.48,60745894.48,60745894.48,60745894.48,1,60745894.48,1.0,1.0,1.0,False
BRAVOS FUNDO DE INVESTIMENTO EM DIREITOS CREDITÓRIOS,51430054000128,248784842.29,60733628.66,161826225.22000003,224877719.31000006,247226779.00000006,16,247208493.63,0.24567775875411776,0.6546143412944676,0.9096682561667049,False
FUNDO DE INVESTIMENTO EM DIREITOS CREDITÓRIOS ALUMIE,30143979000118,57180258.36,60578222.94,144596495.31,150939543.5,150939543.5,6,43781021.28,1.3836639979815473,3.3027209298119873,3.447602159270598,True
G5 EO FUNDO DE INVESTIMENTO EM DIREITOS CREDITÓRIOS NÃO PADRONIZADOS,32510444000163,80527433.18,60548351.26,73178979.72,73660656.45,73660656.45,6,73660656.45,0.8219903837145345,0.9934608683493479,1.0,False
MACCABI FUNDO DE INVESTIMENTO EM DIREITOS CREDITÓRIOS DE RESPONSABILIDADE LIMITADA,35654828000148,45620498.95,60531999.43,64775468.160000004,64835293.46,64835293.46,7,45448137.13,1.3318917617427106,1.4252612373245583,1.4265775795066125,True
MSV3 FUNDO DE INVESTIMENTO EM DIREITOS CREDITÓRIOS RECEBÍVEIS  COMERCIAIS RESPONSABILIDADE LIMITADA,63657457000193,311503782.69,60230220.72,127942087.84,168877709.36,219725815.89000002,25,224589515.47,0.26817912935052113,0.5696707950602892,0.7519394171477172,False
CF FUNDO DE INVESTIMENTO EM DIREITOS  CREDITÓRIOS - RESPONSABILIDADE LIMITADA,23200289000198,1481651371.98,60216263.3,191634623.38,270665072.02000004,436397765.92999995,25,1259270156.09,0.04781838353651601,0.15217911935197476,0.2149380501960023,False
BELL FUNDO DE INVESTIMENTO EM DIREITOS CREDITÓRIOS,52766910000183,60156745.38,60190628.41,60190628.41,60190628.41,60190628.41,1,60190628.41,1.0,1.0,1.0,False
BW CAPITAL FUNDO DE INVESTIMENTO EM DIREITOS CREDITÓRIOS - CRÉDITO CORPORATIVO,63709161000179,103467817.93,60054258.62,96873516.9,96873516.9,96873516.9,2,96873516.9,0.6199244183732117,1.0,1.0,False
SETE QUATTRO FUNDO DE INVESTIMENTO EM DIREITOS CREDITÓRIOS CRÉDITO CORPORATIVO,63604811000111,67889652.86,59999297.03,59999297.03,59999297.03,59999297.03,1,59999297.03,1.0,1.0,1.0,False
DAVOS FUNDO DE INVESTIMENTO EM DIREITOS CREDITÓRIOS NÃO PADRONIZADOS - RESPONSABILIDADE LIMITADA,46231870000172,83718334.89,59271267.46,74971405.69999999,74971405.69999999,74971405.69999999,4,74971405.7,0.7905849824555177,0.9999999999999998,0.9999999999999998,False
MERCADO CRÉDITO I BRASIL FIDC SEGMENTO FINANCEIRO DE RESPONSABILIDADE LIMITADA,37511828000114,754432811.09,59255030.1,63045659.95,67130011.47999999,76774119.69999999,24,716370289.31,0.08271564438703034,0.08800708361415281,0.09370853660703723,False
CARMELO FUNDO DE  INVESTIMENTO EM DIREITOS CREDITÓRIOS RESPONSABILIDADE LIMITADA,62344612000159,146293737.45,59016170.58,59254585.949999996,59483256.699999996,60023100.90999999,25,67571857.39,0.8733838739903254,0.8769121974552844,0.8802963097001232,False
PJUS ABETO FIDC DE PRECATÓRIOS FEDERAIS DE RESPONSABILIDADE LIMITADA,56797968000145,161249639.39,58832891.71,119847618.59,128767937.24000001,132381978.12999998,24,133065321.85,0.4421354180942824,0.9006675587881577,0.9677046990887357,False
KOBOLD H FUNDO DE INVESTIMENTO EM DIREITOS CREDITÓRIOS RESPONSABILIDADE  LIMITADA,10756703000106,244308940.33,58830442.38,113909960.17,124337870.32,135899973.45,25,154190504.03,0.38154387489746894,0.7387611895207059,0.8063912307842788,False
MALBEC FUNDO DE INVESTIMENTO EM DIREITOS CREDITÓRIOS,52041044000163,378539698.25,58811305.06,149939131.89999998,197810381.45999995,263557062.01999995,25,366563044.34999996,0.16043980964934937,0.40904050261224867,0.5396353628903398,False
JUGIS II PRÉ-PRECATÓRIOS FUNDO DE INVESTIMENTO EM DIREITOS CREDITÓRIOS,54091598000109,194268474.85,58527398.53,181815954.67000002,191697077.81,193249883.82,19,193249883.82,0.30285864794886275,0.9408334487763524,0.991964776488837,False
BOREAL I FUNDO DE INVESTIMENTO EM DIREITOS CREDITÓRIOS  COMERCIAL - RESPONSABILIDADE LIMITADA,50963249000170,378793185.92,58330344.76,179788334.05,231774406.20000002,310549988.85999995,25,385433188.91999996,0.15133710961280755,0.4664578433262961,0.6013348431395897,False
MARIS II FUNDO DE INVESTIMENTO EM DIREITOS CREDITÓRIOS RESPONSABILIDADE LIMITADA,62107005000175,95691277.6,58128131.9,90166598.25999999,90166598.25999999,90166598.25999999,4,90166598.26,0.644674780037554,0.9999999999999999,0.9999999999999999,False
ST 2004 FUNDO DE INVESTIMENTO EM DIREITOS CREDITÓRIOS RESPONSABILIDADE LIMITADA,65343721000140,67326049.87,58121403.27,58121403.27,58121403.27,58121403.27,1,58121403.27,1.0,1.0,1.0,False
ARP CRÉDITO FUNDO DE INVESTIMENTO EM DIREITOS CREDITÓRIOS RESPONSABILIDADE LIMITADA,54272451000107,72915726.02,57881971.79,57881971.79,57881971.79,57881971.79,1,56427477.0,1.0257763569687868,1.0257763569687868,1.0257763569687868,False
SPESI I FUNDO DE INVESTIMENTO EM DIREITOS CREDITÓRIOS NÃO-PADRONIZADOS MULTISSETORIAL RESP LIMITADA,51292131000120,80680446.92,57509385.88,61524087.160000004,61870962.20999999,62334798.96999999,25,61084618.84,0.9414708149466452,1.0071944186334552,1.0128730175440674,False
PETUNIA FUNDO DE INVESTIMENTO EM DIREITOS CREDITÓRIOS,50990958000145,1250837.93,57464265.46,57464265.46,57464265.46,57464265.46,1,0.0,,,,False
IBITIPOCA FUNDO DE INVESTIMENTO EM DIREITOS CREDITÓRIOS NÃO-PADRONIZADOS,49427492000195,165395941.67,57438481.98,134790493.11,135187638.37,135187638.37,6,168816965.31,0.3402411711081599,0.7984416309254411,0.8007941507641356,False
PETROCASH FUNDO DE INVESTIMENTO EM DIREITOS CREDITÓRIOS RESPONSABILIDADE LIMITADA,59714095000158,92840031.16,57405771.36,65911250.480000004,68076143.38,68076143.38,7,71897256.74,0.7984417481684295,0.916742216164839,0.9468531410896777,False
FUNDO DE INVESTIMENTO EM DIREITOS CREDITÓRIOS BB CONSÓRCIOS RESPONSABILIDADE LIMITADA,58486398000106,71042998.84,57155813.1,57155813.1,57155813.1,57155813.1,1,57155813.1,1.0,1.0,1.0,False
VIVO PAY I FUNDO DE INVESTIMENTO EM DIREITOS CREDITORIOS RESPONSABILIDADE LIMITADA,36643574000125,245340390.99,57021936.48,225236220.04,398505748.67999995,777125126.3900002,25,186224878.68,0.3061993482513353,1.2094851216256406,2.1399168118926437,True
GOTHAN FUNDO DE INVESTIMENTO EM COTAS DE FUNDOS DE INVESTIMENTOS EM DIREITOS CREDITÓRIOS,55791365000173,97807745.94,56946987.74,97839115.30000001,97839115.30000001,97839115.30000001,2,0.0,,,,False
LUMUS FUNDO DE INVESTIMENTO EM DIREITOS CREDITÓRIOS - RESPONSABILIDADE LIMITADA,52808215000137,117104978.58,56797536.5,112031797.03,115584003.79,115584003.79,10,115584003.67,0.491396168125139,0.9692673161751536,1.000000001038206,False
FUNDO DE INVESTIMENTO EM DIREITOS CREDITÓRIOS BZR IV,58598420000100,151218155.79,56720451.73,115955830.21000001,141249399.37,155191199.77999997,24,155147285.07,0.36559100408626954,0.7473919389416488,0.9104213412839968,False
ATIVOS ESPECIAIS IV A FUNDO DE INVESTIMENTO EM DIREITOS CREDITÓRIOS,55595058000117,382042857.75,56670154.62,156859379.55,213633493.92,224758312.42,13,224758312.42,0.2521381923979833,0.6979024618092032,0.9505031943859262,False
AGRO FLEX FUNDO DE INVESTIMENTO EM DIREITOS CREDITÓRIOS,47228232000165,2352850421.12,56532944.5,255062302.07,439220712.8300001,756908630.6600001,24,2116527751.05,0.02671023069362273,0.1205097839815541,0.20751946796450207,False
FUNDO DE INVESTIMENTO EM DIREITOS CREDITÓRIOS DE CONSÓRCIOS CONSORCIEI III RESPONSABILIDADE LIMITADA,57213492000110,129460738.27,56493769.05,141936578.87,158422658.10000002,159204502.47,13,159204502.47,0.3548503225318361,0.8915362107723436,0.9950890561644303,False
BIO-STARS  FUNDO DE INVESTIMENTO EM DIREITOS CREDITÓRIOS NÃO  PADRONIZADO,46230862000101,118101092.88,56448195.77,110994847.2,112705537.23,114067486.77000001,25,112924672.0,0.4998747817483145,0.982910512239522,0.9980594606464742,False
BRIT FUNDO DE INVESTIMENTO EM DIREITOS CREDITÓRIOS,34691408000179,56665580.94,56444363.11,56444363.11,56444363.11,56444363.11,1,56444363.11,1.0,1.0,1.0,False
OBSIDE FUNDO DE INVESTIMENTO EM DIREITOS CREDITORIOS,36566311000160,56313725.91,56372592.14,56372592.14,56372592.14,56372592.14,1,56372592.14,1.0,1.0,1.0,False
VAREJO ENERGIA II FUNDO DE INVESTIMENTO EM DIREITOS CREDITÓRIOS,61089007000116,83625587.76,56124069.92,74443090.22000001,77713680.06000003,81649203.70000003,25,82171958.61,0.6830075717967604,0.9059427507784947,0.945744526169084,False
FUNDO DE INVESTIMENTO EM DIREITOS CREDITÓRIOS CONSORCIEI II - RESPONSABILIDADE LIMITADA,43237790000136,123560153.31,55846768.15,192971306.37000003,206881741.50000003,207305310.77,13,207305310.77,0.26939381312792593,0.9308555851909497,0.9979567852438188,False
FLOWINVEST FUNDO DE INVESTIMENTO EM DIREITOS CREDITÓRIOS RESPONSABILIDADE LIMITADA,20460014000103,575196961.52,55732470.99,202971210.74,305806067.75000006,427195472.09000003,25,492879985.41999996,0.11307513520255534,0.4118065588868277,0.6204473234785791,False
ADEMICON FUNDO DE INVESTIMENTO EM DIREITOS CREDITÓRIOS,59510243000112,104937430.16,55598096.39,64251092.720000006,69396602.39,76431875.52,24,85648918.37,0.6491395040135636,0.7501681742487135,0.8102449360797456,False
MURALE FUNDO DE INVESTIMENTO EM DIREITOS CREDITÓRIOS,64415486000101,64581043.83,55488606.45,58101003.18,58101003.18,58101003.18,4,57819669.01,0.9596839172566548,1.0048657174075373,1.0048657174075373,False
FUNDO DE INVESTIMENTO EM DIREITOS CREDITÓRIOS SIFRA STAR,14166140000149,1277114152.59,55470208.92,225083453.45999998,383825390.72,577687302.49,25,1107292997.95,0.05009533070532861,0.20327361762127177,0.3466339906696779,False
DOLPHIN FUNDO DE INVESTIMENTO EM DIREITOS CREDITÓRIOS - RESPONSABILIDADE LIMITADA,57334752000106,55089279.36,55015200.0,55015200.0,55015200.0,55015200.0,1,55015200.0,1.0,1.0,1.0,False
FUNDO DE INVESTIMENTOS EM DIREITOS CREDITÓRIOS GCB CRÉDITO MULTIESTRATÉGIA II RESP LIMITADA,64447553000170,58144593.54,54959275.84,57788150.02,57788150.02,57788150.02,4,57788150.02,0.9510475040467474,1.0,1.0,False
FUNDO DE INVESTIMENTO EM DIREITOS CREDITÓRIOS SIGA ENERGIA DE RESPONSABILIDADE LIMITADA,42793689000107,49644881.49,54928777.79,54928777.79,54928777.79,54928777.79,1,46294726.49,1.1865018319498013,1.1865018319498013,1.1865018319498013,True
DELTA ENERGIA PRÉ-PAGAMENTO I - FIDC DE RESPONSABILIDADE LIMITADA,34644098000131,54948857.33,54884632.18,54884632.18,54884632.18,54884632.18,1,54884632.18,1.0,1.0,1.0,False
PROSPEROUS FUNDO DE INVESTIMENTO EM DIREITOS CREDITÓRIOS NÃO PADRONIZADO,41557655000142,71624570.0,54841471.81,65931618.23,71299263.13,72545180.32999998,14,72545180.33,0.7559629952056389,0.9088352655556766,0.9828256378393098,False
BEFLY FUNDO DE INVESTIMENTO EM DIREITOS CREDITÓRIOS RESPONSABILIDADE LIMITADA,59356952000195,65120262.59,54736661.51,54736661.51,54736661.51,54736661.51,1,54237239.49,1.0092081017525252,1.0092081017525252,1.0092081017525252,False
ROMAPE FUNDO DE INVESTIMENTO EM DIREITOS CREDITÓRIOS NÃO PADRONIZADOS,47279584000140,177282696.72,54715476.83,124717146.64999998,145652588.81999996,147632910.48,25,133987761.33,0.40836175100530725,0.9308099890021498,1.087058902799865,True
CLASSE ÚNICA DE COTAS DO ST 1016 FUNDO DE INVESTIMENTO EM DIREITOS CREDITÓRIOS RESP LIMITADA,58488141000185,54666545.02,54644852.94,54644852.94,54644852.94,54644852.94,1,54644852.94,1.0,1.0,1.0,False
XP OPUS I FUNDO DE INVESTIMENTO EM DIREITOS  CREDITÓRIOS DO SETOR DO ENTRETENIMENTO DE RESP LIMITADA,35949242000100,194935789.77,54340000.0,54340000.0,54340000.0,54340000.0,1,200368391.93,0.2712004596961782,0.2712004596961782,0.2712004596961782,False
DIGGER FIDC - SEGMENTO DE RECEBÍVEIS COMERCIAIS - RESPONSABILIDADE LIMITADA,62387472000104,304341088.96,54282850.13,159425550.47,204928329.08999997,240553772.50999996,24,249498514.47,0.21756782899213228,0.6389839667328742,0.8213609188227884,False
CACO3 II FUNDO DE INVESTIMENTO EM DIREITOS CREDITÓRIOS DE RESPONSABILIDADE LIMITADA,57584003000137,82904582.44,54013658.87,54013658.87,54013658.87,54013658.87,1,54013658.87,1.0,1.0,1.0,False
SOLITUDE PRECATÓRIO FUNDO DE INVESTIMENTO EM DIREITOS CREDITÓRIOS NÃO PADRONIZADO,20717010000150,68576251.45,53948181.83,63638622.059999995,65004517.57999999,65637980.25999998,18,65637980.26,0.8219049644170145,0.9695396142282212,0.9903491442379734,False
DOMINUS WISE FUNDO DE INVESTIMENTO EM DIREITOS CREDITÓRIOS,62800204000164,38834134.3,53612188.29,53612188.29,53612188.29,53612188.29,1,53612188.29,1.0,1.0,1.0,False
MULTIPLIKE PLUS FUNDO DE INVESTIMENTO EM DIREITOS CREDITÓRIOS,42154687000160,2118132225.34,53562296.57,239879971.7,399810300.03,680562958.7700002,25,2047452974.53,0.026160452638623075,0.11716018618452777,0.19527203066618798,False
ANTARES FUNDO DE INVESTIMENTO EM DIREITOS CREDITORIOS - RESPONSABILIDADE LIMITADA,51852080000144,60388116.72,53094778.68,61060881.78,61742650.720000006,61742650.720000006,9,61742650.02,0.8599368291254305,0.9889579044666991,1.000000011337382,False
ROQUEDAL FUNDO DE  INVESTIMENTO EM DIREITOS CREDITÓRIOS,46285232000134,511432466.92,52771947.51,131935160.36999999,171678001.57,226161976.21000004,25,423436748.95000005,0.12462769856621815,0.31158174319343046,0.4054395420230093,False
CRÉDITO ENERGIA FUNDO DE INVESTIMENTO EM DIREITOS CREDITÓRIOS RESPONSABILIDADE LIMITADA,40211648000121,53032270.13,52761237.14,52761237.14,52761237.14,52761237.14,1,52761237.14,1.0,1.0,1.0,False
QUATTRO CAPITAL FUNDO DE INVESTIMENTO EM DIREITOS CREDITÓRIOS CRÉDITO CORPORATIVO,62968483000170,65448786.59,52737278.64,63479092.84,63479092.84,63479092.84,3,63479092.84,0.8307818571529542,1.0,1.0,False
CVPAR NC FUNDO DE  INVESTIMENTO EM DIREITOS CREDITÓRIOS RESPONSABILIDADE LIMITADA,58426775000103,51990254.18,52023277.46,52023277.46,52023277.46,52023277.46,1,52023277.46,1.0,1.0,1.0,False
FUNDO DE INVESTIMENTO EM DIREITOS CREDITÓRIOS NEXA CITRINO - RESPONSABILIDADE LIMITADA,66571503000125,55973793.41,52010715.0,52010715.0,52010715.0,52010715.0,1,55975339.91,0.9291719368497892,0.9291719368497892,0.9291719368497892,False
SIFRA PLUS FUNDO DE INVESTIMENTO EM DIREITOS CREDITÓRIOS MULTISSEGMENTOS,08678936000188,1234030780.83,51970484.66,160607045.15,248784439.19000003,435998473.0799999,25,1124654459.9,0.04621017967120409,0.14280568021246326,0.22120966755613183,False
CLASSE ÚNICA FUNDO DE INVESTIMENTO EM DIREITOS CREDITÓRIOS AGRO CITI-BAYER RESPONSABILIDADE LIMITADA,44302112000172,1021572769.62,51788440.23,211722256.83,364450522.26,560048987.63,24,722557301.97,0.07167381754886785,0.2930179464697881,0.5043897850957316,False
VCE 2 FUNDO DE INVESTIMENTO EM DIREITOS CREDITÓRIOS DE RESPONSABILIDADE LIMITADA,46323013000100,118948467.24,51730405.24,103719256.98,119485650.77000001,122984262.46000001,19,114678397.13,0.45109110813048914,0.9044358796053222,1.0419194352232748,True
CANAL 78 FUNDO DE INVESTIMENTO EM DIREITOS CREDITÓRIOS NÃO PADRONIZADOS,39617894000107,51543021.0,51684022.79,51684022.79,51684022.79,51684022.79,1,51684022.79,1.0,1.0,1.0,False
MULTIFRIGO FUNDO DE INVESTIMENTO EM DIREITOS CREDITÓRIOS,29243005000127,22574483.64,51561784.34,51561784.34,51561784.34,51561784.34,1,0.0,,,,False
SPREAD INVESTIMENTOS FUNDO DE INVESTIMENTO EM DIREITOS CREDITÓRIOS,18911897000170,552241945.03,51530049.06,96244443.18,96244443.18,96244443.18,2,96244443.18,0.5354080439078083,1.0,1.0,False
DIFAL FUNDO DE INVESTIMENTO EM DIREITOS CREDITÓRIOS -  RESPONSABILIDADE LIMITADA,65924624000140,182374743.99,51381961.83,116921410.58,163814595.42999998,182768220.67999998,16,182768220.52,0.28113181648216223,0.6397250585870069,0.8962969326063664,False
PBL CREDITOS JUDICIAIS FUNDO DE INVESTIMENTO EM DIREITOS CREDITÓRIOS DE RESPONSABILIDADE LIMITADA,61670371000175,56958667.15,51344777.54,51344777.54,51344777.54,51344777.54,1,51344777.54,1.0,1.0,1.0,False
DTB TOWERS INFRA FUNDO DE INVESTIMENTO EM DIREITOS CREDITÓRIOS RESPONSABILIDADE LIMITADA,64276709000105,51581362.82,51196011.02,51196011.02,51196011.02,51196011.02,1,51196011.02,1.0,1.0,1.0,False
EXCLUSIVO FUNDO DE INVESTIMENTO EM DIREITOS CREDITÓRIOS MULTISEGMENTOS DE RESPONSABILIDADE  LIMITADA,17015979000174,256890104.05,51063109.69,170819322.98000002,243064449.46,320877010.0500001,25,234957210.48999998,0.21732940046193344,0.72702311465036,1.0345051720400174,True
XP ADDEBITARE FUNDO DE INVESTIMENTO EM DIREITOS CREDITÓRIOS,53405628000133,64967739.46,51032979.41,60175707.28,60175707.28,60175707.28,4,60175706.72,0.8480661414989028,1.000000009306081,1.000000009306081,False
BTG EMPRESAS FUNDO DE INVESTIMENTO EM DIREITOS CREDITÓRIOS,55521594000178,67303088.45,50596586.87,53927227.6,54286331.550000004,54286331.550000004,6,54161897.35,0.9341730874573949,0.9956672538909865,1.0022974490571461,False
JGP SPECIAL SITUATIONS V FUNDO DE INVESTIMENTO EM DIREITOS CREDITÓRIOS - RESPONSABILIDADE LIMITADA,66685178000121,54575368.23,50500000.0,50500000.0,50500000.0,50500000.0,1,50500000.0,1.0,1.0,1.0,False
DJF IV FUNDO DE INVESTIMENTO EM DIREITOS CREDITÓRIOS- RESPONSABILIDADE LIMITADA,48887873000194,327184751.15,50391352.12,94010353.85999998,94010353.85999998,94010353.85999998,5,94010353.86,0.5360191728992179,0.9999999999999999,0.9999999999999999,False
FORTEZZA FUNDO DE INVESTIMENTO EM DIREITOS CREDITÓRIOS CRÉDITO CORPORATIVO,63606839000198,50201475.26,50270688.45,50270688.45,50270688.45,50270688.45,1,50270688.45,1.0,1.0,1.0,False
JIVEMAUÁ BOSSANOVA SECURITIZADO MASTER FIDC CRÉD PRIV RESPONSABILIDADE LIMITADA,57377286000146,460838990.45,50267188.1,117814012.14,138844019.84,138844019.84,9,138844019.84,0.3620407141620252,0.8485350127125791,1.0,False
MARGEM MASTER FUNDO DE  INVESTIMENTO EM DIREITOS CREDITÓRIOS DE RESPONSABILIDADE LIMITADA,66733060000121,50202448.6,50000000.0,50000000.0,50000000.0,50000000.0,1,50000000.0,1.0,1.0,1.0,False
IOX REAL FUNDO DE INVESTIMENTO EM DIREITOS CREDITÓRIOS,52298532000150,297885563.73,49927379.36,167485935.36,235833425.46,264083813.76000002,18,261452444.57000002,0.19096160849485835,0.6405980851908162,0.9020127000451859,False
JAPUÍRA FUNDO DE INVESTIMENTO EM DIREITOS CREDITÓRIOS NÃO PADRONIZADOS,26459204000189,1036550916.66,49827349.6,245491902.98000002,480894800.35,862299564.25,25,921420964.52,0.05407663979726877,0.26642752057186503,0.5219056423363612,False
DESKONT FUNDO DE INVESTIMENTO EM DIREITOS CREDITÓRIOS,33512447000107,67607868.97,49285795.04,53248423.12,53248423.12,53248423.12,2,53190860.37,0.9265839036474304,1.001082192496974,1.001082192496974,False
FUNDO DE INVESTIMENTO EM DIREITOS CREDITÓRIOS NXCO - RESPONSABILIDADE LIMITADA,56125110000134,101201557.44,49242612.78,75866302.04,80260579.44,80260579.44,9,80260579.44,0.6135342296751303,0.9452498669875041,1.0,False
JVD FUNDO DE INVESTIMENTO EM DIREITOS CREDITORIOS,58557938000197,171957404.18,49161056.38,118600675.11,152359029.54,159807027.83999997,25,158022278.03,0.31110206100602433,0.7505313591763565,0.964161708332512,False
POLO SPECIAL SITUATIONS VII FUNDO DE INVESTIMENTO EM DIREITOS CREDITÓRIOS - NÃO PADRONIZADO - RESPON,53823009000169,49104668.38,49043247.59,49043247.59,49043247.59,49043247.59,1,49043247.59,1.0,1.0,1.0,False
MOBILITAS FUNDO DE INVESTIMENTO EM DIREITOS CREDITÓRIOS - RESPONSABILIDADE LIMITADA,57270666000187,53019295.56,48940191.41,49170374.279999994,49170374.279999994,49170374.279999994,2,49170374.28,0.995318667523472,0.9999999999999999,0.9999999999999999,False
ALGARVE TETRA FUNDO DE INVESTIMENTO EM DIREITOS CREDITÓRIOS,52258572000179,51272578.61,48928543.63,48928543.63,48928543.63,48928543.63,1,48928543.63,1.0,1.0,1.0,False
VITA AUTO FUNDO DE INVESTIMENTO EM DIREITOS CREDITÓRIOS,50095909000149,2489750068.19,48715490.3,196113181.59,328209069.32,584915817.42,24,2186604951.8,0.02227905422966215,0.08968843751522688,0.15009984727685732,False
AFL INVEST FUNDO  DE INVESTIMENTO EM DIREITOS CREDITÓRIOS NÃO-PADRONIZADOS  RESP LIMITADA,45019040000113,127839848.73,48242787.13,64502907.63,64502907.63,64502907.63,4,125855171.14,0.38331986435690607,0.5125169434496071,0.5125169434496071,False
EXP 1 FUNDO DE INVESTIMENTO EM DIREITOS CREDITÓRIOS NÃO PADRONIZADOS,17024362000115,1001151211.75,48186221.76,150155780.53,206259066.15999997,222028870.86999997,25,466459569.2,0.10330203289138569,0.32190524205029003,0.4421799439418596,False
FUNDO DE INVESTIMENTO EM DIREITOS CREDITÓRIOS AGORA TELECOM,29242908000193,3197939.68,47837169.94,48113336.839999996,48113336.839999996,48113336.839999996,2,2891344.18,16.544958663482255,16.64047371904371,16.64047371904371,True
GREENWOOD FUNDO DE INVESTIMENTO EM DIREITOS CREDITÓRIOS NÃO PADRONIZADOS,36399603000155,47774677.33,47528837.73,47528837.73,47528837.73,47528837.73,1,47291193.54,1.0050251256568306,1.0050251256568306,1.0050251256568306,False
SYNGENTA TECH I FUNDO DE INVESTIMENTO EM DIREITOS CREDITÓRIOS DE RESPONSABILIDADE ILIMITADA,41196339000192,52587089.83,47471489.95,114244667.69,138024007.62,152922644.82,24,64287841.61,0.7384209636090161,1.7770804685442916,2.1469690716530496,True
SFT FUNDO DE INVESTIMENTO EM DIREITOS CREDITÓRIOS,44062564000124,628122237.49,47222903.83,136713038.63,211150646.52000004,343653710.65999997,25,506830228.38,0.09317302162686762,0.26974128805809566,0.41661020731716925,False
FUNDO DE INVESTIMENTO EM DIREITOS CREDITORIOS CCS ASSET II - RESPONSABILIDADE LIMITADA,37294908000165,373009337.34,47026481.58,117636892.03,141751284.93,155485759.07000002,24,127730544.8,0.3681694277091974,0.9209769849036141,1.1097681071661727,True
ADGM FUNDO DE INVESTIMENTO EM DIREITOS CREDITÓRIOS,50491214000186,710016994.04,46838474.11,184215072.24,305079600.25,503580477.0400001,25,706727219.05,0.0662751806460227,0.26065937079319856,0.4316794259885667,False
GARSON - FUNDO DE INVESTIMENTO EM DIREITOS CREDITÓRIOS,12254372000123,286636165.44,46602778.75,85739120.39,107236866.59999998,141808211.56000003,25,257545781.88,0.18094949336702373,0.332908268829458,0.4163798211611385,False
FIDARA FUNDO DE INVESTIMENTO EM DIREITOS CREDITÓRIOS DE CLASSE ÚNICA  FECHADA,51475474000120,64579309.86,46550146.79,85525383.14999999,85525383.14999999,85525383.14999999,3,62568969.02,0.7439813619930411,1.3668977528247594,1.3668977528247594,True
FIDC MULTISETORIAL MAXIMUM,08845618000164,2479947.43,46480639.64,130286865.14,200392576.67999998,289119154.89,24,0.0,,,,False
FUNDO DE INVESTIMENTO EM DIREITOS CREDITÓRIOS DE CONSÓRCIOS YELLOWSTONE - RESPONSABILIDADE LIMITADA,55013574000196,170317911.66,46414200.24,155875416.04000002,221482740.73000002,245265640.38000003,17,245265640.38,0.18924053189060075,0.6355371090646693,0.9030320773299018,False
JACARANDÁ FUNDO DE INVESTIMENTO EM DIREITOS CREDITÓRIOS ECO INVEST BRASIL DE RESP LIMITADA,62837773000184,548942005.71,46403249.25,46403249.25,46403249.25,46403249.25,1,46403249.25,1.0,1.0,1.0,False
MLC ISE FUNDO DE INVESTIMENTO EM DIREITOS CREDITÓRIOS - RESPONSABILIDADE LIMITADA,57391433000132,42692472.74,46018365.75,46018365.75,46018365.75,46018365.75,1,46018365.75,1.0,1.0,1.0,False
IMPETUS FUNDO DE INVESTIMENTO EM DIREITOS CREDITÓRIOS,31523738000167,257301424.5,45787485.09,71202520.87,87436872.95000002,118928074.85000002,25,132342361.95,0.3459775420004887,0.5380176069163771,0.6606869611639119,False
MULTIPLIER FUNDO DE INVESTIMENTO EM DIREITOS CREDITÓRIOS NÃO-PADRONIZADO,46879430000126,33042658.13,45673351.57,70861821.15,78203288.3,86606321.40000002,25,35062962.86,1.3026095869982621,2.020987827895158,2.2303673711845584,True
FUNDO DE INVESTIMENTO EM DIREITOS CREDITÓRIOS SETOR PÚBLICO,36335689000152,131989610.83,45651603.65,64831986.01,65498569.16,65498569.16,10,65498569.14,0.6969862738897687,0.9898229360007054,1.0000000003053502,False
AXIS RENOVÁVEIS FUNDO DE INVESTIMENTO EM DIREITOS CREDITÓRIOS,35817199000120,53696578.03,45413843.33,53542232.07,53542232.07,53542232.07,2,53542232.07,0.8481873387464849,1.0,1.0,False
FBS FUNDO DE INVESTIMENTO EM DIREITOS CREDITÓRIOS RESPONSABILIDADE LIMITADA,64125992000166,51986674.96,45195430.27,45195430.27,45195430.27,45195430.27,1,45195430.03,1.0000000053102716,1.0000000053102716,1.0000000053102716,False
ST2 MASTER FUNDO DE INVESTIMENTO EM DIREITOS CREDITÓRIOS,63947144000170,93509021.8,45026635.32,79599375.21000001,86099257.24,86099257.24,8,86099257.24,0.5229619483765015,0.9245071068164771,1.0,False
DBANK FUNDO DE INVESTIMENTO EM DIREITOS CREDITÓRIOS DE RESPONSABILIDADE LIMITADA,55106118000190,169013209.68,44844252.39,133608029.66,161778863.58,169012137.67000002,25,169017719.01,0.26532278776846335,0.7904971765244035,0.9571710263728521,False
ST1 MASTER FUNDO DE INVESTIMENTO EM DIREITOS CREDITÓRIOS,52554072000184,454716263.57,44222125.7,161507204.46000004,178194794.01000002,179270085.73,14,179270085.73,0.2466787781125027,0.9009155309003826,0.994001834072755,False
CVPAR I FUNDO DE INVESTIMENTO EM DIREITOS CREDITÓRIOS RESPONSABILIDADE LIMITADA,23104485000169,518028566.05,44065635.45,151543430.92000002,221585467.45000002,326299527.23999995,25,357467839.37,0.12327160823099811,0.4239358460528354,0.6198752532270355,False
JC ODIN FUNDO DE INVESTIMENTO EM DIREITOS CREDITÓRIOS,61427502000198,81376831.89,44043895.4,80987666.3,80987666.3,80987666.3,2,80987666.3,0.5438346036154397,1.0,1.0,False
HT3 FUNDO DE INVESTIMENTO EM DIREITOS CREDITÓRIOS  RESPONSABILIDADE LIMITADA,28296597000182,57311583.88,43787273.52,79200195.65,79232754.33000001,79232754.33000001,8,57018235.98,0.7679520905444891,1.3890327241582967,1.3896037463837376,True
B100 FUNDO DE INVESTIMENTO EM DIREITOS CREDITÓRIOS,61194816000198,97674686.9,43411485.12,43411485.12,43411485.12,43411485.12,1,43411485.12,1.0,1.0,1.0,False
ALGARVE MALL FUNDO DE INVESTIMENTO EM DIREITOS CREDITÓRIOS - RESPONSABILIDADE LIMITADA,42043830000146,43501803.46,43378458.17,43378458.17,43378458.17,43378458.17,1,43378458.17,1.0,1.0,1.0,False
PLANNER FUNDO DE INVESTIMENTO EM DIREITOS CREDITÓRIOS,64113643000124,52900035.87,43234816.92,43234816.92,43234816.92,43234816.92,1,43234816.92,1.0,1.0,1.0,False
PRISMA CAPITAL FUNDO DE INVESTIMENTO EM DIREITOS CREDITORIOS,63864746000163,65009539.66,42976660.5,64291035.94,64291035.94,64291035.94,2,64291035.94,0.6684704931509928,1.0,1.0,False
APOENA PRECATÓRIOS - FUNDO DE INVESTIMENTO EM DIREITOS CREDITÓRIOS,62771666000109,42932288.52,42952262.7,42952262.7,42952262.7,42952262.7,1,42952262.7,1.0,1.0,1.0,False
FUTURA FUNDO DE INVESTIMENTO EM DIREITOS CREDITÓRIOS RESPONSABILIDADE LIMITADA,57182384000128,42997580.59,42739598.28,42739598.28,42739598.28,42739598.28,1,42739598.28,1.0,1.0,1.0,False
TAXATION MIND FUNDO DE INVESTIMENTO EM DIREITOS CREDITÓRIOS,61068908000121,59882283.74,42738678.29,42738678.29,42738678.29,42738678.29,1,42738678.29,1.0,1.0,1.0,False
GRIFFIN INVESTMENTS FUNDO DE INVESTIMENTO EM DIREITOS CREDITÓRIOS NÃO PADRONIZADOS RESP LIMITADA,42196361000103,10110104.76,42496209.4,42987391.5,42987391.5,42987391.5,3,42987391.5,0.9885738100670751,1.0,1.0,False
COBUCCIO FUNDO DE INVESTIMENTO EM DIREITOS CREDITÓRIOS  DE CLASSE ÚNICA FECHADA DE RESPONS LIMITADA,32526025000110,1759550198.61,42310391.91,48402123.55,49447902.68,49917127.33,13,1759992785.45,0.024040093947988516,0.02750131929525177,0.028095514418462243,False
QUARTER PRECATÓRIOS FUNDO DE  INVESTIMENTO EM DIREITOS CREDITÓRIOS NÃO PADRONIZADOS,37298599000100,106200940.34,42300373.61,80680873.91,90916720.08,96157491.62,25,96254417.77,0.43946423021410586,0.8382043731518589,0.9445459459039643,False
LOGIC FUNDO DE INVESTIMENTO EM DIREITOS CREDITÓRIOS,54048775000166,52396773.41,42111175.8,42111175.8,42111175.8,42111175.8,1,42111175.8,1.0,1.0,1.0,False
ISTAMBUL FUNDO DE INVESTIMENTO EM DIREITOS CREDITÓRIOS,62335320000150,82093594.05,41975505.92,77632147.62,77912828.72,77912828.72,7,77912828.72,0.5387496078579035,0.9963974982732472,1.0,False
FUNDO DE INVESTIMENTO EM DIREITOS CREDITÓRIOS NÃO PADRONIZADOS SIFRA PERFORMANCE,17012019000150,415759589.5,41903117.42,101898224.9,146094883.73999998,210779612.78,25,346061859.97,0.12108562736047412,0.2944508964635211,0.42216407133876266,False
IOX SPECIAL FUNDO DE INVESTIMENTO EM DIREITOS CREDITORIOS NÃO PADRONIZADO,47425662000177,263240297.4,41804395.35,126538045.41000001,176245365.3,233327315.19,25,262846323.28,0.15904500709133906,0.4814145536865811,0.6705262721603781,False
CREDIAL BANK PAN FUNDO DE INVESTIMENTO EM DIREITOS CREDITÓRIOS NÃO-PADRONIZADOS,48928987000135,41410831.66,41449401.35,41468467.08,41468467.08,41468467.08,2,41468467.08,0.9995402354766764,1.0,1.0,False
ATIVOS ESPECIAIS II - FUNDO DE INVESTIMENTO EM DIREITOS CREDITÓRIOS - RESPONSABILIDADE LIMITADA,35448967000115,427000000.0,41442104.68,63376322.61,63933558.37,64988360.699999996,24,335187618.19,0.12363853087350225,0.1890771590914654,0.19073961835236847,False
AEG 4 FUNDO DE INVESTIMENTO EM DIREITOS CREDITÓRIOS DE RESPONSABILIDADE LIMITADA,49743173000199,41465661.46,41418717.73,41418717.73,41418717.73,41418717.73,1,41418717.73,1.0,1.0,1.0,False
SC FUNDO DE INVESTIMENTO DIREITOS CREDITÓRIOS  RESPONSABILIDADE ILIMITADA,53429996000111,257026052.64,41368722.04,173219678.57,231536213.25,257543900.01,17,257226825.44,0.1608258468736168,0.6734121850382386,0.9001246773307766,False
CHEMICAL XV - FUNDO DE INVESTIMENTO EM DIREITOS CREDITÓRIOS RESPONSABILIDADE LIMITADA,67063613000149,749412873.0,41283848.88,153688675.04999998,243658829.45,372614852.91999996,24,613376180.48,0.06730592121737293,0.25056185737393694,0.39724207950058277,False
FUNDO DE INVESTIMENTO EM DIREITOS CREDITÓRIOS DA INDÚSTRIA EXODUS INSTITUCIONAL - RESPONS. LIMITADA,14051028000162,1168381489.17,41236391.67,162127803.66,257661162.31,471033582.15999997,25,1161369321.44,0.03550669964216926,0.1396005565731452,0.22185979735586772,False
FUNDO DE INVESTIMENTO EM DIREITOS CREDITÓRIOS EMPÍRICA LAUNCHPAD,42739077000128,43504604.39,41125558.95,43512377.870000005,45269065.43000001,48993580.16000001,24,41341933.25,0.9947662268551508,1.0524998336888371,1.0949914982507503,True
ST 1020 FUNDO DE INVESTIMENTO EM DIREITOS CREDITÓRIOS RESPONSABILIDADE LIMITADA,60095481000198,41309285.35,41060604.02,41060604.02,41060604.02,41060604.02,1,41060604.02,1.0,1.0,1.0,False
RM 2 FUNDO DE INVESTIMENTO EM DIREITOS CREDITÓRIOS NÃO PADRONIZADO,55466785000184,53328292.99,40966357.54,40966357.54,40966357.54,40966357.54,1,53208601.96,0.769919825572504,0.769919825572504,0.769919825572504,False
PETTRA FUNDO DE INVESTIMENTO EM DIREITOS CREDITÓRIOS,59499177000127,228524339.69,40844464.0,114770001.31,133043817.34000002,151840949.63,25,211189677.87,0.19340180075061356,0.5434451269945488,0.629973106080954,False
ST 1023 FUNDO DE INVESTIMENTO EM DIREITOS CREDITÓRIOS RESPONSABILIDADE LIMITADA,62541630000120,41666896.69,40823618.56,40823618.56,40823618.56,40823618.56,1,40823618.56,1.0,1.0,1.0,False
NONI FUNDO DE  INVESTIMENTO EM DIREITOS CREDITORIOS MULTISSETORIAL RESPONSABILIDADE  LIMITADA,66004736000146,40841749.07,40813431.0,40813431.0,40813431.0,40813431.0,1,40813431.0,1.0,1.0,1.0,False
UDA FUNDO DE INVESTIMENTO EM DIREITOS CREDITÓRIOS DE RESPONSABILIDADE LIMITADA,63615453000142,40937552.16,40712259.42,40712259.42,40712259.42,40712259.42,1,40712259.42,1.0,1.0,1.0,False
ERGA OMNES II FUNDO DE INVESTIMENTO EM DIREITOS CREDITÓRIOS NÃO-PADRONIZADO,54105228000175,51296794.93,40624790.26,50887048.84,51496842.17,51496842.17,8,51496842.17,0.7888792506128924,0.9881586267370149,1.0,False
QG DISTRESSED II FUNDO DE INVESTIMENTO EM DIREITOS CREDITÓRIOS - RESPONSABILIDADE LIMITADA,39737206000134,44679759.85,40606110.65,41007310.65,41007310.65,41007310.65,2,41007310.65,0.9902163786495469,1.0,1.0,False
HOLE IN ONE FUNDO DE INVESTIMENTO EM DIREITOS CREDITÓRIOS,55567840000122,40378402.28,40593055.34,40593055.34,40593055.34,40593055.34,1,40593055.34,1.0,1.0,1.0,False
V3 FIDC MULTICARTEIRA - NP,08611414000169,63277565.36,40584091.15,40584091.15,40584091.15,40584091.15,1,40584091.15,1.0,1.0,1.0,False
DUBLIN FUNDO INVESTIMENTO EM DIREITOS  CREDITÓRIOS,42867116000172,56177295.48,40486243.31,40486243.31,40486243.31,40486243.31,1,40486243.31,1.0,1.0,1.0,False
VERTICAL BANK FUNDO DE INVESTIMENTO EM DIREITOS CREDITÓRIOS,36115099000114,1323786.13,40270416.13,56798812.31,56878773.19000001,56902438.05000002,16,1257935.91,32.01309049997627,45.15238960782987,45.21595475400652,True
FUNDO DE INVESTIMENTO EM DIREITOS CREDITORIOS HENDRIKSEN,29292189000115,8755587.75,40116851.89,40116851.89,40116851.89,40116851.89,1,8775667.71,4.5713731667718305,4.5713731667718305,4.5713731667718305,True
SAINT-TROPEZ FUNDO DE INVESTIMENTO EM DIREITOS CREDITÓRIOS,42321262000106,7798485.16,40045110.73,41641366.23,43200141.73,46894819.78,25,72.9,549315.6478737997,571212.1567901233,592594.5367626885,True
BORDER FUNDO DE INVESTIMENTO EM DIREITOS CREDITÓRIOS,62121679000124,27288863.17,39544249.19,39544249.19,39544249.19,39544249.19,1,27248189.23,1.4512615446189778,1.4512615446189778,1.4512615446189778,True
ALGARVE COFFEE CRÉDITOS JUDICIAIS FUNDO DE INVESTIMENTO EM DIREITOS CREDITÓRIOS,42043708000170,39684251.83,39500000.0,39500000.0,39500000.0,39500000.0,1,39500000.0,1.0,1.0,1.0,False
ALIANÇA FUNDO DE INVESTIMENTO EM DIREITOS CREDITÓRIOS,63819527000162,42014625.65,39367552.67,39367552.67,39367552.67,39367552.67,1,0.0,,,,False
UNIQUE FUNDO DE INVESTIMENTO EM DIREITOS CREDITÓRIOS - RESPONSABILIDADE LIMITADA,26558785000106,519145597.58,39185485.03,127787678.56,206008831.41,315723456.84999996,25,473208048.82,0.0828081541041274,0.27004544592733287,0.4353451551039913,False
JUST TEC FUNDO DE INVESTIMENTO EM DIREITOS CREDITORIOS,44680409000171,403020270.2,39168963.54,89814667.91,107134351.83999999,107134351.83999999,10,199336890.1,0.19649631094550724,0.45056721746257444,0.537453713591371,False
LRS FUNDO DE INVESTIMENTO EM DIREITOS CREDITÓRIOS RESPONSABILIDADE LIMITADA,60851290000109,39320950.24,39163825.69,39163825.69,39163825.69,39163825.69,25,39163825.69,1.0,1.0,1.0,False
FUNDO DE INVESTIMENTO EM DIREITOS CREDITÓRIOS SPECIAL SITUATIONS,36335649000100,123951361.74,39154600.08,88420991.45999998,96523592.37999998,98063485.71999997,24,98063490.71,0.3992780574759534,0.9016708544618764,0.9842969251976365,False
FUNDO DE INVESTIMENTO EM DIREITOS CREDITÓRIOS  VAREJO CORPORATIVO I - RESPONSABILIDADE LIMITADA,65225163000118,41330853.64,38755835.61,38755835.61,38755835.61,38755835.61,1,38755835.61,1.0,1.0,1.0,False
FUNDO DE INVESTIMENTO EM  DIREITOS CREDITÓRIOS SOLIS EXT CAPITAL,32302296000191,75693426.45,38591469.87,55664933.14999999,55792340.849999994,55925214.32999999,25,63411032.36,0.6085923605675863,0.8778430357981951,0.8798522713406269,False
MOOREA FUNDO DE INVESTIMENTO EM DIREITOS CREDITÓRIOS,55658832000191,64026946.67,38522924.9,64052948.11,64052948.11,64052948.11,3,64052948.11,0.6014231356508908,1.0,1.0,False
EMUNAH FUNDO DE INVESTIMENTO EM DIREITOS CREDITÓRIOS,38314663000153,153012233.43,38514919.63,76256613.92,103491379.29,140571903.76999998,25,143045444.1,0.2692495372524766,0.5330936220987971,0.7234860218103235,False
CM FEDERAL FUNDO DE INVESTIMENTO EM DIREITOS CREDITÓRIOS  NÃO PADRONIZADOS,44395637000108,41102801.49,38491406.97,40955382.68,40955382.68,40955382.68,3,40955382.68,0.9398375610538917,1.0,1.0,False
SQUARE FUNDO DE INVESTIMENTO EM DIREITOS CREDITÓRIOS,46191210000105,112664748.65,38477726.24,64436999.550000004,68328781.24999999,72339804.56999998,25,59562932.55,0.6460012056609191,1.0818305410988367,1.1471695285090524,True
OPI CRÉDITO AGRÍCOLA FUNDO INVESTIMENTO EM DIREITOS CREDITÓRIOS RESPONSABILIDADE LIMITADA,49963418000193,157515922.16,38428325.3,73863494.58,73863494.58,73863494.58,2,112613914.41,0.34123958394778614,0.6559002496892249,0.6559002496892249,False
BOMTRATO FUNDO DE INVESTIMENTO EM DIREITOS CREDITÓRIOS - NÃO PADRONIZADOS,32388176000159,171241189.77,38392151.05,92187108.74000001,113270401.91,146022208.68,25,169888880.62,0.22598389553153791,0.5426317979350285,0.6667322869903314,False
BARDU 82 FUNDO DE INVESTIMENTO EM DIREITOS CREDITORIOS NAO PADRONIZADOS,46930133000168,77819800.06,38091061.57,66503061.83,67029693.03,67029693.03,8,70019695.66,0.5440049576188061,0.9497765050697166,0.9572976917163596,False
COLISEU FUNDO DE INVESTIMENTO EM DIREITOS CREDITÓRIOS,54904072000192,73669773.82,37718974.91,37718974.91,37718974.91,37718974.91,1,705344.84,53.475935132665036,53.475935132665036,53.475935132665036,True
FUNDO DE INVESTIMENTO EM DIREITOS CREDITÓRIOS AUTO-HONDA,28279473000199,1844741719.62,37706710.05,148718020.39999998,248536687.83999997,456038685.73,24,1199658157.42,0.03143121214721077,0.12396699799869225,0.2071729236389357,False
VAIL III FUNDO DE INVESTIMENTO EM DIREITOS CREDITÓRIOS - RESPONSABILIDADE LIMITADA,55635126000124,107755465.56,37697232.29,102012060.41,104707498.58999999,105092545.82000001,14,105092545.82,0.35870510125967375,0.9706878790882449,0.9963361128327836,False
GREEN LIFE ESG FUNDO DE INVESTIMENTO EM  DIREITOS CREDITÓRIOS,37036039000179,120767476.17,37512749.94,92802179.98,98746621.93,98746621.93,7,98746621.93,0.37988894411590324,0.9398010601900496,1.0,False
FUNDO DE INVESTIMENTO EM DIREITOS CREDITÓRIOS FRV23 RESPONSABILIDADE LIMITADA,47239759000195,88029600.36,37261536.91,72148960.33,85912869.17999999,88839954.89999998,25,74223236.79,0.5020198326222846,0.9720535434763002,1.1574928943488882,True
BW GSS FUNDO DE INVESTIMENTO EM DIREITOS CREDITÓRIOS RESPONSABILIDADE LIMITADA,34736673000126,133467544.5,37245717.3,133245717.3,133245717.3,133245717.3,2,133245717.3,0.27952656231450973,1.0,1.0,False
MOZART FUNDO DE INVESTIMENTO EM DIREITOS CREDITÓRIOS,64679924000149,37871418.69,37170203.69,37170203.69,37170203.69,37170203.69,1,37170203.69,1.0,1.0,1.0,False
CENTAURO FUNDO DE INVESTIMENTO EM DIREITOS CREDITÓRIOS RESPONSABILIDADE LIMITADA,41673514000195,85593035.46,37107217.33,58425109.47,60735665.95,63572569.14,25,80032184.13,0.4636536879928832,0.7300201800702749,0.7588905214850096,False
LONDRES FUNDO DE INVESTIMENTO EM DIREITOS CREDITÓRIOS NÃO PADRONIZADO,42358012000132,36602329.31,37065695.01,37065695.01,37065695.01,37065695.01,1,37065695.01,1.0,1.0,1.0,False
LIFT IV FUNDO DE INVESTIMENTO EM DIREITOS CREDITÓRIOS,48968438000194,132473587.82,36860233.87,45311912.55,48320137.42999999,48320137.42999999,7,90725436.59,0.40628334517227144,0.4994400055055166,0.5325974638002013,False
G5 FUNDO DE INVESTIMENTO EM DIREITOS CREDITÓRIOS DE INFRAESTRUTURA ALLOCATION,64756178000140,197909403.35,36546504.7,131584406.35,166487627.97000003,177862474.21,17,177862474.21,0.20547619649578247,0.7398098274211564,0.9360469582438742,False
CLOUDWALK BIG PICTURE II FUNDO DE INVESTIMENTO EM DIREITOS CREDITÓRIOS SEGMENTO MEIOS DE PAGAMENTO,54218941000125,301953274.03,36542283.34,162105953.39,231034657.84,266881348.37000003,21,266881348.37,0.13692333152236016,0.6074083272588195,0.865683043236492,False
POLÍGONO MASTER PRO FUNDO DE INVESTIMENTO EM DIREITOS CREDITÓRIOS,55325522000155,227063726.01,36335656.9,59860468.31,59860468.31,59860468.31,2,59814310.35,0.6074743098663846,1.0007716875732564,1.0007716875732564,False
VIA INVEST FUNDO DE INVESTIMENTO EM DIREITOS CREDITÓRIOS MULTISSETORIAL RESPONSABILIDADE LIMITADA,12167116000107,376013947.71,36270081.53,134661773.29000002,194484520.27000004,246136691.56000003,25,349818440.14,0.1036825889323743,0.3849476123560192,0.5559584571704278,False
FUNDO DE INVESTIMENTO EM DIREITOS CREDITÓRIOS IOX I,19388423000159,1021885945.83,35914487.06,124957694.63000001,191195539.95,346677353.8899999,25,884801455.9200001,0.04059044751758098,0.1412268185070642,0.2160886362367006,False
AURA FUNDO DE INVESTIMENTO EM DIREITOS CREDITÓRIOS - RESPONSABILIDADE LIMITADA,61135235000185,56425378.94,35899265.82,51097096.1,51562684.75,51562684.75,7,51562684.62,0.6962256927575778,0.9909704367910392,1.0000000025212032,False
JIVEMAUÁ BOSSANOVA SECURITIZADO MASTER II FIDC CRED PRIV RESP LIMITADA,64447452000107,209409610.98,35878966.89,116086682.71000001,118953983.53,118953983.53,6,118953983.53,0.3016205580114211,0.9758957141668412,1.0,False
REDWOOD HIGH YIELD CP FUNDO DE INVESTIMENTO EM DIREITOS CREDITÓRIOS RESPONSABILIDADE LIMITADA,64013807000141,47343845.41,35845394.54,35845394.54,35845394.54,35845394.54,1,35777017.51,1.0019111998360648,1.0019111998360648,1.0019111998360648,False
MJC FUNDO DE INVESTIMENTO EM DIREITOS CREDITÓRIOS CLASSE ÚNICA FECHADA,37569593000111,35330338.66,35632440.26,35632440.26,35632440.26,35632440.26,1,22082168.46,1.6136295819201443,1.6136295819201443,1.6136295819201443,True
CROWN FUNDO DE INVESTIMENTO EM DIREITOS CREDITÓRIOS NÃO PADRONIZADOS,33823914000101,54752750.04,35481459.63,39603810.5,42295866.75000001,46639202.72000002,25,49538762.78,0.7162362892987858,0.799450940587257,0.8537933605212255,False
MULTIPLICA LONG TERM LONGO PRAZO FUNDO DE INVESTIMENTO EM DIREITOS CREDITÓRIOS,32510577000130,387912834.57,35432019.98,140973150.72,219809444.93999997,309075247.78000003,25,319573660.28999996,0.11087277952709523,0.441128817037276,0.687820907206595,False
211 FUNDO DE INVESTIMENTO EM DIREITOS CREDITÓRIOS DE RESPONSABILIDADE LIMITADA,32321312000193,88091733.52,35377175.39,72035119.53999999,77995309.71000001,79394292.89000002,13,79394292.89,0.445588393097911,0.9073085346298623,0.9823792979435151,False
FUTURO CAPITAL FUNDO DE INVESTIMENTO EM DIREITOS CREDITÓRIOS DE RESPONSABILIDADE LIMITADA,55122381000173,74029724.67,35369088.74,59752338.239999995,66737014.70999999,68719279.13,25,71548013.34,0.4943406125327924,0.8351362316107042,0.9327584595935895,False
IOX II FUNDO DE  INVESTIMENTO EM DIREITOS CREDITÓRIOS DE  RESPONSABILIDADE LIMITADA,24504464000101,1893430371.86,35076693.04,144020628.78,239200084.79999998,437371012.65000004,25,1605575052.1399999,0.021846809959614053,0.08970034044066721,0.14898094267295744,False
DOMUS OCTANTE I FUNDO DE INVESTIMENTO EM DIREITOS CREDITÓRIOS DE RESPONSABILIDADE LIMITADA,56973257000184,112201745.85,35047780.34,77205316.7,98910064.71000001,108246346.42000002,24,108514023.28,0.32297927291448597,0.7114777829293659,0.911495691711487,False
ADJUD I FUNDO DE INVESTIMENTOS EM DIREITOS CREDITÓRIOS,40676423000140,49075557.94,34825028.71,48056157.05,48199425.129999995,48199425.129999995,6,48198111.48,0.7225392788356612,0.9970547719476747,1.0000272552172618,False
CM ESTADUAL II FUNDO DE INVESTIMENTO EM DIREITOS CREDITÓRIOS - RESPONSABILIDADE LIMITADA,53337453000174,73640952.96,34744668.96,72948676.7,73359754.88000001,73359754.88000001,9,73335079.65,0.47377965805482014,0.9947309943366237,1.0003364723965362,False
ORIZ ALBRIGHT FUNDO DE INVESTIMENTO EM DIREITOS CREDITÓRIOS DE RESPONSABILIDADE LIMITADA,56264671000114,81402095.95,34568999.7,74778255.56,74778255.56,74778255.56,3,74778255.56,0.4622867896705988,1.0,1.0,False
HESTIA FUNDO DE INVESTIMENTO EM DIREITOS CREDITÓRIOS DE RESPONSABILIDADE LIMITADA,61286809000116,34231972.81,34441609.88,34441609.88,34441609.88,34441609.88,1,34441609.88,1.0,1.0,1.0,False
ATIVA FUNDO DE INVESTIMENTO EM DIREITOS CREDITÓRIOS NÃO PADRONIZADO,50118274000158,113497571.8,34392082.9,58734865.35999999,67560357.14,77478510.91,25,77637574.86,0.4429824471207085,0.7565262756585799,0.8702017967695185,False
URA FIAGRO RESPONSABILIDADE LIMITADA,25382606000160,655903885.92,34364800.56,150394949.61,260469130.46,477049137.53999996,25,533327289.23,0.06443473126907634,0.28199372626728925,0.48838515433188606,False
SUCCESSUS FUNDO DE INVESTIMENTO EM DIREITOS CREDITÓRIOS,57786054000141,35115709.85,34205404.89,34205404.89,34205404.89,34205404.89,1,34205404.89,1.0,1.0,1.0,False
DANIELE MÚLTIPLO FUNDO DE INVESTIMENTO EM DIREITOS CREDITÓRIOS,32528241000102,672100372.1,33932914.68,139477163.81,226839672.57999998,384069234.84,25,601528660.33,0.056411135358678206,0.23187118587746508,0.37710534433314485,False
SOLIS WAREHOUSE FUNDO DE INVESTIMENTO EM DIREITOS CREDITÓRIOS MULTISSETORIAL - RESPONSABILIDADE LIMI,32302284000167,217280481.48,33927944.41,111690386.7,143602531.67,190194000.36,25,215917564.49,0.15713378617500723,0.5172825423620079,0.6650803606885385,False
FIDUCIA FUNDO DE INVESTIMENTO EM DIREITOS CREDITÓRIOS CRÉDITO CORPORATIVO,62966067000132,34511553.0,33846193.4,33846193.4,33846193.4,33846193.4,1,33846193.4,1.0,1.0,1.0,False
FIZZ CARD FUNDO  DE INVESTIMENTO EM DIREITOS CREDITÓRIOS NÃO-PADRONIZADOS RESPONSABILIDADE LIMITADA,52112338000139,44071975.7,33600720.94,44390851.4,44440916.449999996,44511187.260000005,25,39322980.28,0.8544805276900542,1.128878103437586,1.1301512788084127,True
ÍMPAR II FUNDO DE INVESTIMENTO EM DIREITOS CREDITÓRIOS NÃO PADRONIZADO,47463370000129,47315500.99,33367844.67,40842579.17,42535089.339999996,43062756.03999999,16,43062756.04,0.7748655157836479,0.9484432239325852,0.9877465645833289,False
MATRI INFINITY FUNDO DE INVESTIMENTO EM DIREITOS CREDITÓRIOS,55395204000160,47187887.04,33351873.61,35742869.56,37423514.0,40120693.69999999,25,46592833.71,0.7158155225669789,0.7671323401892313,0.8032032186093023,False
QUATTUOR FUNDO DE INVESTIMENTO EM DIREITOS CREDITÓRIOS,54681307000124,84772900.87,33287668.48,55793257.8,65971051.21,71815685.57,25,71404720.89999999,0.4661830206803596,0.78136651326089,0.9239032150603926,False
CASA DO PRECATÓRIO I FUNDO DE INVESTIMENTO EM DIREITOS CREDITÓRIOS PODER PÚBLICO RL,46231978000165,62788722.52,33155191.9,52543390.029999994,53088990.599999994,53088990.599999994,9,53088990.6,0.6245210452353185,0.989722905562269,0.9999999999999999,False
PEDRA AZUL FUNDO DE INVESTIMENTO EM DIREITOS CREDITÓRIOS,53205572000173,88186237.07,33138037.0,93035581.14999999,125665562.80999999,134463220.20999998,24,91985996.89,0.3602508873130722,1.0114102612950437,1.3661379672851202,True
FUNDO DE INVESTIMENTO EM DIREITOS CREDITÓRIOS HUNGRIA,14788370000140,5387503.68,32904908.47,117067027.35,176699533.22,179359687.89,11,0.0,,,,False
ANTENA MULTI TELE INFRA FIDC,63670619000123,34263412.36,32895610.48,34431793.92,34431793.92,34431793.92,2,34431793.92,0.9553847399421238,1.0,1.0,False
GFS EXCELÊNCIA FUNDO DE INVESTIMENTO EM DIREITOS CREDITÓRIOS NÃO PADRONIZADO,32024768000191,160025366.37,32878342.42,96957263.11999999,116686816.90999998,125424890.39999998,24,75485521.56,0.4355582599222886,1.2844484758965742,1.545817191145072,True
PAZ FUNDO DE INVESTIMENTO EM DIREITOS CREDITÓRIOS RESPONSABILIDADE LIMITADA,55790739000136,5077316.63,32700000.0,32700000.0,32700000.0,32700000.0,1,32700000.0,1.0,1.0,1.0,False
FUNDO DE INVESTIMENTO EM DIREITOS CREDITÓRIOS UNIBLUE INVESTCOOP,56213199000190,37484275.42,32494842.32,59233509.93,63087559.34,63644784.34,13,34453087.8,0.9431619745850472,1.7192511241329145,1.8311148105569803,True
LATACHE HIGH YIELD FUNDO DE INVESTIMENTO EM DIREITOS CREDITÓRIOS NÃO PADRONIZADOS FIDC NP,33554498000193,317361753.43,32479860.71,39332822.95,39332822.95,39332822.95,4,234605539.06,0.13844456034643465,0.16765513341072777,0.16765513341072777,False
SSG FUNDO DE INVESTIMENTO EM DIREITOS CREDITÓRIOS,51051312000165,98371843.0,32391673.56,90603693.05,92682796.21999998,92682796.21999998,7,92682796.22,0.3494896019657444,0.9775675394485849,0.9999999999999999,False
BC CONSÓRCIO FUNDO DE INVESTIMENTO EM DIREITOS CREDITÓRIOS,35138041000123,93196528.13,32373111.59,87130348.81,90591229.92,90591229.92,8,90376362.93,0.35820330162073716,0.9640833729665115,1.0023774688760867,False
CERRADO FUNDO DE INVESTIMENTOS EM DIREITOS CREDITÓRIOS MULTISSETORIAL,59509925000105,33701164.03,32297750.28,32297750.28,32297750.28,32297750.28,1,32369647.96,0.997778855053078,0.997778855053078,0.997778855053078,False
WL3 FUNDO DE INVESTIMENTO EM DIREITOS CREDITÓRIOS,51226491000124,6422747.04,32243516.98,48473768.57,48473768.57,48473768.57,2,21613221.84,1.4918422259621797,2.242783094942776,2.242783094942776,True
VICENZA FUNDO DE INVESTIMENTO EM DIREITOS CREDITÓRIOS,65095860000100,17857263.0,32042105.05,32042105.05,32042105.05,32042105.05,1,32042105.05,1.0,1.0,1.0,False
MOAB FUNDO DE INVESTIMENTO EM DIREITOS CREDITÓRIOS SEGMENTO RECEBÍVEIS COMERCIAIS,60487508000198,914908738.26,32038150.57,104327158.17,174539396.39999998,301097668.68,24,853577232.83,0.037533979747537125,0.12222345460657101,0.20447991076486638,False
BRASIL SPECIAL SITUATIONS I FUNDO DE INVESTIMENTO EM DIREITOS CREDITORIOS,48979218000166,28451851.08,31986000.0,31986000.0,31986000.0,31986000.0,1,31986000.0,1.0,1.0,1.0,False
VERGINIA FUNDO DE INVESTIMENTO EM DIREITOS CREDITÓRIOS,52532399000155,32036260.86,31869627.16,32718794.279999997,32718794.279999997,32718794.279999997,4,32559389.9,0.9788152437094653,1.0048958036526354,1.0048958036526354,False
FUNDO DE INVESTIMENTO EM DIREITOS CREDITÓRIOS MULTISETORIAL ITÁLIA,13990000000128,37584697.62,31796567.49,143072208.8,219693320.11999997,223209922.17,12,14695744.29,2.1636581899180554,9.735621821982589,14.949451744985417,True
NAPOLI FUNDO DE INVESTIMENTO EM DIREITOS CREDITÓRIOS,60401316000117,33877309.58,31786621.46,33104306.910000004,33104306.910000004,33104306.910000004,5,33104306.900000002,0.9601959514216563,1.0000000003020755,1.0000000003020755,False
CONFIANÇA CONDOMÍNIO GARANTIDO FUNDO DE INVESTIMENTO EM DIREITOS CREDITÓRIOS,53390769000120,31933114.81,31623599.37,31639899.18,31639899.18,31639899.18,2,31639899.36,0.999484828007367,0.9999999943109806,0.9999999943109806,False
MULTIPLIKE FUNDO DE INVESTIMENTO EM DIREITOS CREDITÓRIOS - RESPONSABILIDADE LIMITADA,29469420000101,1178965486.16,31589404.13,104406155.24,176006230.29,325278069.88,25,1144695106.56,0.027596347664079247,0.09120870233625611,0.15375817480248355,False
PINTIA FUNDO DE INVESTIMENTO EM DIREITOS CREDITÓRIOS NÃO PADRONIZADOS,48963423000133,31376331.79,31581737.23,36717186.6,36717186.6,36717186.6,2,31581737.23,1.0,1.1626081976618359,1.1626081976618359,True
PAIOL FUNDO DE INVESTIMENTO EM DIREITOS  CREDITÓRIOS,64168221000156,52298604.2,31459272.85,51881584.14000001,51881584.14000001,51881584.14000001,4,51881584.33,0.6063668497457391,0.9999999963378144,0.9999999963378144,False
SOMA III FUNDO DE INVESTIMENTO EM DIREITOS CREDITÓRIOS RESPONSABILIDADE LIMITADA,38314763000180,2464460565.77,31371730.22,119200963.02999999,173516800.29999998,256215238.06,24,2274812019.32,0.013790911052675823,0.052400357487838584,0.07627742372834333,False
ACCRÉDITO FUNDO DE INVESTIMENTO EM DIREITOS CREDITÓRIOS RESPONSABILIDADE LIMITADA,60300116000178,35698925.51,31330062.05,31330062.05,31330062.05,31330062.05,1,32781332.72,0.9557287471380145,0.9557287471380145,0.9557287471380145,False
ELITE FUNDO DE INVESTIMENTO EM DIREITOS  CREDITÓRIOS - NÃO PADRONIZADOS,44395590000174,105707723.35,31311796.4,54439912.46,64408538.74,77262700.61000001,25,93537336.08,0.3347518511027495,0.5820126458747873,0.6885864130758769,False
FUNDO DE INVESTIMENTO EM DIREITOS CREDITÓRIOS EXT WARREN I DE RESPONSABILIDADE LIMITADA,56806240000132,32030120.6,31302286.5,31302286.5,31302286.5,31302286.5,1,31302286.5,1.0,1.0,1.0,False
RHODES FUNDO DE INVESTIMENTO EM  DIREITOS CREDITÓRIOS,56006480000152,653885.92,31183361.38,33568089.94,33568089.94,33568089.94,2,627723.3,49.67692194952776,53.47593428505839,53.47593428505839,True
JC SILOS FUNDO DE INVESTIMENTO EM DIREITOS CREDITÓRIOS NÃO-PADRONIZADO,23216640000139,32276336.16,31163633.97,31163633.97,31163633.97,31163633.97,1,31163633.97,1.0,1.0,1.0,False
SPECIAL SITUATIONS III FUNDO DE INVESTIMENTO EM DIREITOS CREDITÓRIOS,50292336000143,33156140.62,31038978.78,31043978.78,31043978.78,31043978.78,2,31043978.78,0.9998389381710562,1.0,1.0,False
G5 SPECIAL F FUNDO DE INVESTIMENTO EM DIREITOS CREDITÓRIOS,37120828000193,706366188.04,30995201.39,103632999.41,130030852.85,134342739.32,15,134342739.32,0.2307173543347992,0.7714075203063233,0.9679038369187245,False
FUNDO DE INVESTIMENTO EM DIREITOS CREDITÓRIOS HNDI FORNECEDORES - RESPONSABILIDADE LIMITADA,52307401000192,95206965.14,30830888.05,56698390.07,69366622.06,82079823.88000001,25,90267899.47,0.3415487480158599,0.6281124342418467,0.7684528217370737,False
GAVEA REAL FUNDO DE INVESTIMENTO EM DIREITOS CREDITÓRIOS,54639537000125,401726080.07,30821147.64,133863084.44999999,227485113.6,366943703.79,25,398776105.65999997,0.07728935410758633,0.3356848179969259,0.5704582355141303,False
CLÁSSICO FUNDO DE INVESTIMENTO EM DIREITOS CREDITÓRIOS NÃO-PADRONIZADOS,54591932000185,146593727.9,30810887.09,66367726.580000006,76150461.39999999,88004594.14999998,25,91214811.92,0.3377838142890949,0.727598129985817,0.834847540625176,False
NEW TRADE BANK FUNDO DE INVESTIMENTO EM DIREITOS CREDITÓRIOS,13842701000110,205402109.63,30690369.09,78961086.25,120551282.44,183121536.88,25,196723079.37,0.15600797419542753,0.40138191463284634,0.6127968453221757,False
BONTEMPO FUNDO DE INVESTIMENTO EM DIREITOS CREDITÓRIOS DE RESPONSABILIDADE LIMITADA,54618084000150,65178265.14,30563279.4,37826895.88999999,41606365.72999999,48530257.40999999,25,61221977.7,0.49922071367518067,0.6178646510793785,0.6795985247957775,False
MILENIO WAREHOUSE FUNDO DE  INVESTIMENTO EM DIREITOS CREDITÓRIOS,41195699000170,98679165.68,30484543.17,65855719.62000001,66295064.320000015,66739494.01000001,25,92563466.38,0.32933666339646434,0.711465572709249,0.7162119885165003,False
LOTTE WORD FUNDO DE INVESTIMENTO EM DIREITOS CREDITÓRIOS,54019802000172,73035498.42,30471022.93,72447589.8,72447589.8,72447589.8,5,72447589.8,0.42059401857423834,1.0,1.0,False
ATHENAS FUNDO DE INVESTIMENTO EM DIREITOS CREDITÓRIOS,56886293000100,48352562.34,30455889.04,33249582.77,34333338.25999999,36618736.41999998,25,43885538.99,0.6939846186448763,0.7576432586956817,0.7823383066532092,False
CREDICAN FUNDO DE INVESTIMENTO EM DIREITOS CREDITÓRIOS  RESPONSABILIDADE LIMITADA,57041943000180,30480975.56,30423712.26,30423712.26,30423712.26,30423712.26,1,30423712.26,1.0,1.0,1.0,False
BASSO FUNDO DE INVESTIMENTO EM DIREITOS CREDITORIOS,26756137000164,603633491.31,30369006.09,97475459.38000001,159494198.66000003,265418634.13999996,25,588995642.7,0.05156066342152585,0.16549436415720364,0.27079011642406503,False
MAGGIORE FUNDO DE INVESTIMENTO EM DIREITOS CREDITÓRIOS CRÉDITO CORPORATIVO,62967950000147,34167223.08,30277647.42,33423330.26,33423330.26,33423330.26,2,33423330.26,0.9058836203475314,1.0,1.0,False
ALBAREDO FUNDO DE INVESTIMENTO EM DIREITOS CREDITÓRIOS RESPONSABILIDADE ILIMITADA,53073677000116,59040477.81,30205886.57,42967196.849999994,45110557.129999995,46749832.06999999,25,54501933.69,0.5542167869090151,0.788360961546647,0.8276872777869324,False
MAKENA FUNDO DE INVESTIMENTO EM DIREITOS CREDITÓRIOS,45938235000167,643719944.74,30113432.41,112012135.13999999,139966762.32999998,185216897.13,25,563595184.92,0.05343096111489043,0.19874572767313414,0.24834627064790785,False
FUNDO DE INVESTIMENTO EM DIREITOS CREDITORIOS MULTISSETORIAL TRADEMAX RESPONSABILIDADE LIMITADA,08756222000140,332410774.37,30061435.0,107281267.82,148369271.12,204575953.80999997,25,301201736.45,0.0998049857026314,0.3561774546336617,0.4925910217806117,False
MEG - FUNDO DE INVESTIMENTO EM DIREITOS CREDITÓRIOS,24069733000140,933195240.21,30009338.01,173563866.39999998,395291594.35,936768320.01,13,936768320.02,0.032034962507441866,0.18527939373130636,0.4219737003291919,False
FINANZI FUNDO DE INVESTIMENTO EM DIREITOS CREDITÓRIOS NÃO PADRONIZADOS,32316940000180,183539705.5,30002663.25,58101827.57,71976574.64999999,91709659.63000001,25,172589671.7,0.17383811530826385,0.33664718750374684,0.4170387135048939,False
FUNDO DE INVESTIMENTO EM DIREITOS CREDITÓRIOS CAIXA HABITAÇÃO,10740479000156,2653417.61,29977639.29,52672329.05,52672329.05,52672329.05,4,0.0,,,,False
SÃO LUÍS FUNDO DE INVESTIMENTO EM DIREITOS CREDITÓRIOS,24270499000115,39953760.29,29939712.17,29939712.17,29939712.17,29939712.17,1,27013656.45,1.1083176476096779,1.1083176476096779,1.1083176476096779,True
FUNDO DE INVESTIMENTO EM DIREITOS CREDITÓRIOS CRÉDITOS NÃO PADRONIZADOS I RESPONSABILIDADE LIMITADA,36672404000179,891514870.24,29893489.94,76110784.03000002,104229244.09,158709864.83,25,0.0,,,,False
SILVER BIRD FUNDO DE INVESTIMENTO EM DIREITOS CREDITÓRIOS,59717706000111,29908601.68,29865820.34,29865820.34,29865820.34,29865820.34,1,29865820.34,1.0,1.0,1.0,False
DHT GROWTH CAPITAL FUNDO DE INVESTIMENTO EM DIREITOS CREDITÓRIOS CRÉDITO CORPORATIVO,65470525000136,30876769.77,29847133.4,29847133.4,29847133.4,29847133.4,1,29847133.4,1.0,1.0,1.0,False
HYUNDAI FUNDO DE INVESTIMENTO EM DIREITOS CREDITÓRIOS,52651831000127,2187326043.42,29712764.02,125476605.88000001,234308992.58,448681942.75999993,24,1640907151.97,0.018107523015137194,0.07646782801169365,0.14279235257077103,False
EXANTE - CG CRÉDITOS PRIVADOS AUTO I - FUNDO DE INVESTIMENTO EM DIREITOS CREDITÓRIOS,63821288000185,31574073.93,29614078.12,29614078.12,29614078.12,29614078.12,1,29614078.12,1.0,1.0,1.0,False
JUSTOO CRÉDITO JUDICIAL PRIVADO FUNDO DE INVESTIMENTO EM DIREITOS CREDITÓRIOS,56348388000170,30962083.85,29605873.33,29605873.33,29605873.33,29605873.33,1,29605873.33,1.0,1.0,1.0,False
MILLENNIUM FUNDO DE INVESTIMENTO EM DIREITOS CREDITÓRIOS RESPONSABILIDADE LIMITADA,40366022000194,75806561.0,29524986.06,73070278.13,73070278.13,73070278.13,3,73010668.88,0.4043927622211917,1.0008164457457303,1.0008164457457303,False
DJF IV FUNDO DE INVESTIMENTO EM DIREITOS CREDITÓRIOS NÃO-PADRONIZADOS - RESPONSABILIDADE LIMITADA,48887679000109,391369662.08,29491540.85,107489330.51,160690307.33,231879609.73999998,15,211091870.63,0.13970950544889774,0.5092063952496133,0.7612339918653551,True
CAPITALIZA FUNDO DE INVESTIMENTO EM DIREITOS CREDITÓRIOS DE RESPONSABILIDADE LIMITADA,55106451000108,60176891.6,29233006.61,60289956.03,60289956.03,60289956.03,3,60289956.03,0.4848735765448857,1.0,1.0,False
3RD - FUNDO DE INVESTIMENTO EM DIREITOS CREDITÓRIOS,40975325000104,62522911.43,29194137.98,39905177.06,45198688.410000004,55058648.339999996,25,62450043.25,0.46747986807839403,0.6389935856449548,0.7237575197355849,False
BOCAINA ORIZ FUNDO DE INVESTIMENTO EM DIREITOS CREDITÓRIOS DE RESPONSABILIDADE LIMITADA,50774127000136,41447399.82,29179155.43,53687262.22,53687262.22,53687262.22,4,39170269.47,0.7449311895172929,1.3706125320664024,1.3706125320664024,True
V SELECT FUNDO DE INVESTIMENTO EM DIREITOS CREDITÓRIOS,51943745000125,890681446.37,29177586.28,80472615.17,104750515.3,121404918.39999999,25,114715434.96,0.25434751906030695,0.7014977121261835,0.9131335755866274,True
CORPORE FUNDO DE INVESTIMENTO EM DIREITOS CREDITÓRIOS MULTISSETORIAL,10810396000196,73685561.09,29049820.9,75043793.94000001,92707923.73000002,111876592.97,25,63008922.55,0.4610429717624175,1.1910026533218352,1.4713459614617712,True
LEPTA MULTISETORIAL FUNDO DE INVESTIMENTO EM DIREITOS CREDITÓRIOS,59904247000185,337304845.12,28884458.14,72708740.33999999,102334859.59,160774447.21,25,333784280.72,0.08653630445895732,0.21783152934332703,0.306589811147653,False
ALPE FUNDO DE INVESTIMENTO EM DIREITOS CREDITÓRIOS,32302163000115,674233494.55,28763484.27,102603110.54,135393820.86999997,185429934.63,25,575469033.41,0.04998267951892922,0.17829475537895567,0.23527559783314525,False
GENESIS FUNDO DE  INVESTIMENTO EM DIREITOS CREDITÓRIOS RESPONSABILIDADE  LIMITADA,33019220000116,197463653.8,28745892.02,80492335.84,105585915.92999999,138872070.91,25,169568127.15,0.16952414644865055,0.474690245111904,0.6226754856860491,False
FERT-AGRO FUNDO DE INVESTIMENTO EM  DIREITOS CREDITÓRIOS DE RESPONSABILIDADE LIMITADA,47669200000103,212788449.8,28723646.59,91460495.63,121340428.74,170141545.79,25,200602273.3,0.14318704428161633,0.45592950730533915,0.6048806264450244,False
CIMARRON CRÉDITOS JUDICIAIS FUNDO DE INVESTIMENTO EM DIREITOS CREDITÓRIOS,41184960000136,77868288.4,28704897.27,78514193.72,95073665.25999999,106211651.78,22,77253354.29,0.3715682967272229,1.0163208373485888,1.2306736210198024,True
HT3 II FUNDO DE INVESTIMENTO EM DIREITOS CREDITÓRIOS NÃO PADRONIZADO,49974540000165,4605771.4,28667077.8,41905479.15,42015560.190000005,42140949.43000001,25,6607088.779999999,4.338836476176426,6.342502809535428,6.359163860062436,True
RAT FUNDO DE INVESTIMENTO EM DIREITOS CREDITÓRIOS RESPONSABILIDADE LIMITADA,56834392000149,13199419.91,28628280.32,54930463.53999999,56396128.70999999,56396128.70999999,6,16093311.34,1.7788930888849628,3.413248049422251,3.504320988920854,True
TS FUNDO DE INVESTIMENTO EM DIREITOS CREDITÓRIOS,19527871000196,41874397.55,28551437.77,56715623.19,56715623.19,56715623.19,2,29734621.7,0.960208542690153,1.9073934675281239,1.9073934675281239,True
MARIS FUNDO DE INVESTIMENTO EM DIREITOS CREDITÓRIOS RESPONSABILIDADE LIMITADA,53210273000127,81982249.81,28507279.49,78322461.10999998,78322461.10999998,78322461.10999998,5,79302670.54,0.3594743946941991,0.9876396415993884,0.9876396415993884,False
ST 1013 FUNDO DE INVESTIMENTO EM DIREITOS CREDITÓRIOS RESPONSABILIDADE LIMITADA,56266633000109,28619701.44,28463957.0,28463957.0,28463957.0,28463957.0,1,28463957.0,1.0,1.0,1.0,False
WSUL PRECATÓRIOS FEDERAIS  - FUNDO DE INVESTIMENTO EM DIREITOS CREDITÓRIOS - RESP LIMITADA,63764461000150,31483977.62,28405452.5,28405452.5,28405452.5,28405452.5,1,28405452.5,1.0,1.0,1.0,False
BONA FIDE - FUNDO DE INVESTIMENTO EM DIREITOS CREDITÓRIOS NÃO PADRONIZADOS RESPONSABILIDADE LIMITADA,58944590000190,62279620.51,28388403.2,54535086.6,54535086.6,54535086.6,3,56340532.06,0.5038717626906273,0.9679547673054048,0.9679547673054048,False
MEZZUS OPORTUNIDADES PRECATÓRIOS FUNDO DE INVESTIMENTO EM DIREITOS CREDITÓRIOS,64156127000187,78942551.18,28220305.25,55856200.080000006,68100342.26000002,77299673.51,24,78396286.04,0.35996992556000934,0.7124852834418788,0.868667965026472,False
FUNDO DE INVESTIMENTO EM DIREITOS CREDITÓRIOS NÃO-PADRONIZADOS ALVARINHO,48953684000172,-486226.81,28105887.31,28555887.31,28555887.31,28555887.31,2,450000.0,62.457527355555555,63.457527355555555,63.457527355555555,True
CONCRETO PIX FUNDO DE INVESTIMENTO EM DIREITOS CREDITÓRIOS  RESPONSABILIDADE LIMITADA,61784023000129,50110384.91,28084009.37,52504855.08,52504855.08,52504855.08,4,52504855.08,0.5348840469554536,1.0,1.0,False
DIRECTCON FUNDO DE INVESTIMENTO DIREITOS CREDITÓRIOS DE RESPONSABILIDADE LIMITADA,60777129000132,154708417.44,28001303.79,105762905.0,141871548.69,153458414.26999998,18,153458414.27,0.18246835094186195,0.6891958678389385,0.9244950781283737,False
KATCH DIVERSIFIED FUNDO DE INVESTIMENTO EM DIREITOS CREDITÓRIOS,28296620000139,258000127.07,27848211.51,124257990.66999999,221905816.35,338593550.77000004,25,233478101.19,0.11927547537889929,0.532204048416863,0.95043524518566,True
JIVE DISTRESSED & SPECIAL SITS IV (PROFISSIONAL) FIDC - RESPONSABILIDADE LIMITADA,55039863000164,227210224.23,27833032.88,27833032.88,27833032.88,27833032.88,1,27833032.88,1.0,1.0,1.0,False
JIVE DISTRESSED & SPECIAL SITS IV (OFFSHORE) FIDC RESPONSABILIDADE LIMITADA,55582283000119,262460353.17,27833032.88,27833032.88,27833032.88,27833032.88,1,27833032.88,1.0,1.0,1.0,False
FUNDO DE  INVESTIMENTO EM DIREITOS CREDITÓRIOS TRADEPAY VAREJO I - RESPONSABILIDADE  LIMITADA,31570767000180,702136589.85,27822151.38,91138838.23,131851271.59,199852028.14,25,659806238.49,0.0421671541688851,0.13812970068087846,0.19983332059992084,False
VAIL PRECATÓRIO FUNDO DE INVESTIMENTO EM DIREITOS CREDITÓRIOS NÃO PADRONIZADO,40226165000109,37404623.05,27792239.27,38314904.39,39088152.69,39211250.6,12,39211250.6,0.7087822715350987,0.9771405860235429,0.99686064820386,False
ORIZ JURI LC II FUNDO DE INVESTIMENTO EM DIREITOS CREDITÓRIOS - RESPONSABILIDADE LIMITADA,66279914000141,28375054.48,27784855.09,27784855.09,27784855.09,27784855.09,1,27784855.09,1.0,1.0,1.0,False
FUNDO DE INVESTIMENTOS EM DIREITOS CREDITÓRIOS GCB CRÉDITO MULTIESTRATÉGIA RESPONSABILIDADE LIMITADA,54083491000100,56164343.78,27735690.41,44598767.28,51950349.89000001,52002441.470000006,11,50361242.94,0.5507348268398398,0.8855771755501475,1.031554164616097,False
BOCAINA VD FUNDO DE INVESTIMENTO EM DIREITOS CREDITÓRIOS DE RESPONSABILIDADE LIMITADA,46322902000145,50096334.83,27454235.28,50131840.47,50131840.47,50131840.47,3,50131840.47,0.54764068150319,1.0,1.0,False
AF6 FUNDO DE INVESTIMENTO EM DIREITOS CREDITÓRIOS NÃO-PADRONIZADO,51774918000129,61691374.05,27369270.36,58870523.25,58870523.25,58870523.25,5,58870523.25,0.4649061847772858,1.0,1.0,False
PRIMO CAPITAL II FUNDO DE INVESTIMENTO EM DIREITOS CREDITÓRIOS DE RESPONSABILIDADE LIMITADA,53374563000106,89017883.77,27297490.41,59119626.26,61449392.379999995,63119573.06,22,63119573.06,0.4324726718929426,0.9366290580546585,0.9735394173466229,False
SANTÉ FUNDO DE INVESTIMENTO EM DIREITOS CREDITORIOS,54244336000129,37035081.57,27111678.0,28089085.73,28953468.240000006,30575679.930000007,25,32147492.860000003,0.843352796377291,0.8737566519518623,0.9006446744102334,False
FUNDO DE INVESTIMENTO EM DIREITOS CREDITÓRIOS ANGÁ MULTIESTRATÉGIA II DE RESPONSABILIDADE  LIMITADA,31570816000184,155543794.7,27063210.92,32305386.750000004,33082434.790000007,34724336.14,24,112173953.77,0.24126109502648052,0.2879936532881648,0.2949208232227581,False
STARS BANK FUNDO DE INVESTIMENTO EM DIREITOS CREDITÓRIOS LP DE RESPONSABILIDADE LIMITADA,42700626000150,594906046.84,27015524.12,111212320.18,166159740.19000003,257049069.25,25,444487903.12,0.06077898617795797,0.25020325502531304,0.37382286227290484,False
FUNDO DE INVESTIMENTO EM DIREITOS CREDITÓRIOS ST,52653470000158,645139954.3,26979230.22,121317367.1,190597904.46,320558615.51,25,343700222.49,0.07849640021919091,0.35297436301057306,0.55454693360155,False
ITUPEVA FUNDO DE INVESTIMENTO EM DIREITOS CREDITÓRIOS,23033778000100,62643994.76,26860135.85,47667025.13,49603987.99,49603987.99,8,49603987.989999995,0.5414914594248939,0.9609514690554622,1.0000000000000002,False
G5 BRJUS FUNDO DE INVESTIMENTO EM DIREITOS CREDITÓRIOS NÃO PADRONIZADOS,13974813000124,92121774.21,26526195.33,71481202.85,89024343.80000001,91859614.89,14,91859614.89,0.28876884974713396,0.7781570055088655,0.9691347378998358,False
ORIZ JUS III FUNDO DE INVESTIMENTO EM DIREITOS CREDITÓRIOS - RESPONSABILIDADE LIMITADA,58036896000149,246524312.1,26511666.67,81325140.62000002,114226602.88000003,158314664.90000004,25,214431192.68,0.12363717395147775,0.37925984369896765,0.5326958333457702,False
RÉGIA DESENVOLVE SP FUNDO DE INVESTIMENTO EM DIREITOS CREDITÓRIOS IS DO AGRONEGÓCIO,58594307000148,70376581.53,26299727.56,52365472.98,52365472.98,52365472.98,3,52365472.98,0.5022341261014616,1.0,1.0,False
B7 FUNDO DE INVESTIMENTO EM PRECATÓRIOS E DIREITOS CREDITÓRIOS NÃO PADRONIZADOS,45755835000190,34226333.14,26293227.94,33442268.270000003,34025161.7,34025161.7,7,34025161.7,0.7727583537097489,0.982868753567158,1.0,False
FUNDO DE INVESTIMENTO EM DIREITOS CREDITÓRIOS AGRO OPEN GROWTH SILOS RESPONSABILIDADE LIMITADA,52804600000106,83105973.46,26292297.93,88440135.20000002,127093906.91,137148614.54999998,13,74297438.57,0.3538789282113471,1.1903524119028055,1.710609535889415,True
JAUNE FUNDO DE INVESTIMENTO EM DIREITO CREDITÓRIOS  DE RESPONSABILIDADE LIMITADA,61250504000154,35948903.11,26278909.56,26278909.56,26278909.56,26278909.56,1,26278909.56,1.0,1.0,1.0,False
AMFI  CATÁLISE FUNDO DE INVESTIMENTO EM DIREITOS CREDITÓRIOS DE  RESPONSABILIDADE LIMITADA,59733020000114,26264059.87,26208226.81,26208226.81,26208226.81,26208226.81,1,26208226.81,1.0,1.0,1.0,False
GOLDEN BIRD FUNDO DE INVESTIMENTO EM DIREITOS CREDITÓRIOS,32155992000112,138251209.18,26183265.08,28274614.25,28274614.25,28274614.25,2,28274614.25,0.9260343871888543,1.0,1.0,False
BSB FUNDO DE INVESTIMENTO EM DIREITOS CREDITÓRIOS,60307274000150,26336643.69,26135249.33,26135249.33,26135249.33,26135249.33,1,26061039.61,1.0028475349069161,1.0028475349069161,1.0028475349069161,False
ALGARVE GAMA FUNDO DE INVESTIMENTO EM DIREITOS CREDITÓRIOS RESPONSABILIDADE LIMITADA,63565094000166,37009263.6,26112574.99,36144562.19,36144562.19,36144562.19,2,36144562.19,0.7224482303239651,1.0,1.0,False
QG P FUNDO DE INVESTIMENTO EM DIREITOS CREDITÓRIOS - RESPONSABILIDADE LIMITADA,27944346000102,26721153.86,26109716.34,29587158.62,29587158.62,29587158.62,2,26109716.34,1.0,1.1331857548629347,1.1331857548629347,True
ARC CRÉDITO I FUNDO DE INVESTIMENTO EM DIREITOS CREDITÓRIOS,30868828000127,59642525.15,26093136.36,30253632.0,30253632.0,30253632.0,3,30253632.0,0.8624794656059808,1.0,1.0,False
GALES FUNDO DE INVESTIMENTO EM DIREITOS CREDITÓRIOS - RESPONSABILIDADE LIMITADA,54486959000108,34119701.61,26072748.69,32925386.020000003,32925386.020000003,32925386.020000003,4,32925385.53,0.7918737554718619,1.000000014882134,1.000000014882134,False
MFM FUNDO DE INVESTIMENTO EM DIREITOS CREDITÓRIOS SEGMENTO ECONÔMICO DE  TELECOMUNICAÇÕES,50366328000102,26084695.69,26051622.35,26051622.35,26051622.35,26051622.35,1,26051622.35,1.0,1.0,1.0,False
LABRADOR FUNDO DE INVESTIMENTO EM DIREITOS CREDITÓRIOS,21917325000103,260167064.91,26008659.08,44626573.65,44626573.65,44626573.65,3,234283047.07,0.11101383307614669,0.19048144630228536,0.19048144630228536,False
LB I FUNDO  DE INVESTIMENTO EM DIREITOS CREDITÓRIOS RESPONSABILIDADE LIMITADA,57300010000160,25459261.93,25985998.6,25985998.6,25985998.6,25985998.6,1,25985998.6,1.0,1.0,1.0,False
FUNDO DE INVESTIMENTO EM DIREITOS CREDITÓRIOS LEIRIA - RESPONSABILIDADE LIMITADA,60261285000146,-120947.21,25833121.53,25833121.53,25833121.53,25833121.53,1,0.0,,,,False
LUME FUNDO DE INVESTIMENTO EM DIREITOS CREDITÓRIOS DE RESPONSABILIDADE LIMITADA,55675974000167,24887040.25,25821888.35,26877221.1,27717766.990000002,29144278.439999998,25,28375383.6,0.9100101945405947,0.9472020353585634,0.9768243975387173,False
SALTRI AGRO - FUNDO DE INVESTIMENTO EM DIREITOS CREDITÓRIOS,51137980000100,91589557.69,25638316.7,45787615.56,56065981.160000004,74042404.6,25,90143893.57,0.28441545716117667,0.5079391819751413,0.6219609442148485,False
OCEAN ASSET FUNDO DE INVESTIMENTO EM DIREITOS CREDITORIOS,26984508000165,72764523.79,25446375.61,73376965.80000001,86281159.41999999,89020453.3,25,67961935.56,0.3744209961109,1.0796773987583,1.2695512378959088,True
ITAÚ SONETO CRÉDITO PRIVADO FUNDO DE  INVESTIMENTO EM DIREITOS CREDITÓRIOS RESPONSABILIDADE LIMITADA,59017361000193,466110651.55,25360457.5,69327506.66,93094530.05,121059476.81,25,133456406.7,0.1900280258332476,0.5194767967628788,0.6975650877463644,False
FDR FUNDO DE INVESTIMENTO EM DIREITOS CREDITÓRIOS,53936215000185,38904304.74,25285896.22,26134052.189999998,26134052.189999998,26134052.189999998,2,26122743.73,0.9679647927243207,1.0004328970998178,1.0004328970998178,False
ROOT GENERAL FUNDO DE INVESTIMENTO EM DIREITOS CREDITÓRIOS,29800237000139,47876269.3,25285559.01,43008991.15,43008991.15,43008991.15,3,43008991.15,0.5879133254210266,1.0,1.0,False
AXIUM CAPITAL FUNDO DE INVESTIMENTO EM DIREITOS  CREDITÓRIOS NP - RESPONSABILIDADE LIMITADA,48213143000108,52791311.04,25271684.92,44988707.06,47676208.93,49222239.02,25,49969854.0,0.5057386183277622,0.9003169603017052,0.9540994242248536,False
ST 1008 FUNDO DE INVESTIMENTO EM DIREITOS CREDITÓRIOS  RESPONSABILIDADE LIMITADA,54304772000146,25848150.88,25252703.89,25252703.89,25252703.89,25252703.89,1,23663690.08,1.0671498741163365,1.0671498741163365,1.0671498741163365,True
SÃO MARTINHO FUNDO DE INVESTIMENTO EM DIREITOS CREDITÓRIOS MULTISSETORIAL,32771763000122,155446814.96,25219391.09,86114895.51,122106999.53,164891360.46,25,146890274.29,0.1716886377392849,0.5862532146953894,0.8312803561720411,True
G5 SAÚDE II FUNDO DE INVESTIMENTO EM DIREITOS CREDITÓRIOS,64082064000161,37067210.99,25158946.78,25158946.78,25158946.78,25158946.78,1,25158946.78,1.0,1.0,1.0,False
SARFATY CRÉDITO CORPORATIVO FUNDO DE INVESTIMENTO EM DIREITOS CREDITÓRIOS,56844535000101,347695795.17,25057590.17,100038389.74999999,180133312.75,289812027.04,25,333310848.71999997,0.07517784154409507,0.30013541453623044,0.5404363927599675,False
GAVEA OPEN FUNDO DE INVESTIMENTO EM DIREITOS CREDITÓRIOS,31024386000103,561229780.43,25045664.16,97346443.79,151386874.9,229110979.18999997,25,509044975.26,0.04920127960639955,0.1912334833288145,0.29739390870654914,False
ATLAS FUNDO DE INVESTIMENTO EM DIREITOS CREDITÓRIOS,59958357000120,14293076.32,25031395.49,25031395.49,25031395.49,25031395.49,1,25031395.49,1.0,1.0,1.0,False
ALGARVE LEGAL CLAIMS II FUNDO DE INVESTIMENTO EM DIREITOS CREDITÓRIOS - RESPONSABILIDADE LIMITADA,53744997000150,305467755.78,25000000.0,123528199.2,123528199.2,123528199.2,2,271610809.2,0.09204346496236572,0.4547985389971733,0.4547985389971733,False
PCS II CLAIMS FUNDO DE  INVESTIMENTO EM DIREITOS CREDITÓRIOS - NÃO PADRONIZADOS,39615917000136,208495781.89,24976156.44,68577001.11,81547833.03,83152565.33,13,83152565.33,0.30036543479902766,0.8247129939749268,0.9807013494576933,False
DIPLOMATA FUNDO DE INVESTIMENTO EM DIREITOS CREDITÓRIOS,30828789000134,24289802.11,24960916.95,25386473.89,25386473.89,25386473.89,2,25747907.83,0.9694347639739862,0.9859625899554109,0.9859625899554109,False
LUNA FUNDO DE INVESTIMENTO EM DIREITOS CREDITÓRIOS,35157905000154,185749798.75,24927952.06,286475949.46,681617571.1899999,681617571.1899999,10,582162002.1,0.04281961373308256,0.4920897420762803,1.17083830399655,True
BTZ FUNDO DE INVESTIMENTO EM DIREITOS CREDITÓRIOS RESPONSABILIDADE LIMITADA,41755875000180,72089358.14,24887013.91,46672033.18000001,50029622.440000005,55059874.00000001,25,58750813.46,0.4236028821446722,0.7944065865875418,0.8515562507753575,False
DIP FINANCING 11 FUNDO DE INVESTIMENTO EM DIREITOS CREDITÓRIOS NÃO-PADRONIZADOS,24220859000174,185864324.86,24864178.63,86239146.68,111658272.12,146558765.16,25,168989107.04000002,0.14713480096746476,0.5103237018678787,0.66074242343662,False
IPÊ - FUNDO DE INVESTIMENTO EM DIREITOS CREDITÓRIOS NÃO-PADRONIZADOS,30142432000106,80904387.8,24802424.78,45248724.379999995,50069350.47,56657991.480000004,25,80845864.96,0.3067865597364994,0.5596912643879517,0.6193186317540513,False
JIF CRÉDITOS II PFN - FUNDO DE INVESTIMENTO EM DIREITOS CREDITÓRIOS,65344431000110,138958808.6,24738341.13,44380967.919999994,52098281.57,52366145.49,14,52366145.49,0.47241096129032656,0.8475125962531483,0.9948847883018017,False
LEXIS II FUNDO DE INVESTIMENTO EM DIREITOS  CREDITÓRIOS,47463389000175,71611394.49,24696999.26,65880250.21,69272614.61,69272614.61,10,69272614.61,0.35651894185086547,0.9510287807223854,1.0,False
SOLARIS FUNDO DE INVESTIMENTO EM DIREITOS CREDITÓRIOS,54407927000170,41267882.45,24623365.52,47900331.739999995,48583735.239999995,48583735.239999995,10,19760926.93,1.2460632847449125,2.4239921492387198,2.4585757243119364,True
FIDC JOHN DEERE I SEGMENTO RECEBÍVEIS COMERCIAIS - RESPONSABILIDADE LIMITADA,65783221000129,767075838.68,24617587.96,56330605.46000001,79776417.78,114211026.07000002,24,144168960.21,0.17075511902244023,0.3907263073684341,0.5533536321812665,False
ÁRTICO DISTRESSED MULTIESTRATÉGIA FUNDO DE INVESTIMENTO EM DIREITOS CREDITÓRIOS NÃO PADRONIZADOS,54389751000170,28021489.14,24564411.56,27550506.4,27623187.34,27623187.34,7,26854580.549999997,0.9147196141925963,1.0259146050970438,1.0286210685200965,False
EVEREST FUNDO DE INVESTIMENTO EM DIREITOS CREDITÓRIOS RECEBÍVEIS IMOBILIÁRIOS,45121179000173,204503477.54,24545353.32,72379255.62,98753765.74,147583270.41,25,197526049.36,0.12426388012886848,0.3664289133231516,0.499953125473678,False
W CAPITAL II - FUNDO DE INVESTIMENTO EM DIREITOS CREDITÓRIOS DE RESPONSABILIDADE LIMITADA,55037275000191,26769608.45,24405729.56,24405729.56,24405729.56,24405729.56,1,24405729.56,1.0,1.0,1.0,False
ROOT ANGELIM FUNDO DE INVESTIMENTO EM DIREITOS CREDITÓRIOS,52324264000102,24645734.74,24308700.92,24308700.92,24308700.92,24308700.92,1,24308700.92,1.0,1.0,1.0,False
FUNDO DE INVESTIMENTO EM DIREITOS CREDITÓRIOS JPM III,29720639000123,284558014.72,24115035.74,78750679.77000001,104111616.28,149606126.03,25,279263891.04,0.08635214402475654,0.28199377827447175,0.37280729668372237,False
MLC 1C FUNDO DE INVESTIMENTO EM DIREITOS CREDITÓRIOS - RESPONSABILIDADE LIMITADA,63939263000180,26774542.72,24095047.16,24095047.16,24095047.16,24095047.16,1,24095047.17,0.9999999995849769,0.9999999995849769,0.9999999995849769,False
BERGAMO FUNDO DE INVESTIMENTO EM DIREITOS CREDITÓRIOS,26756123000140,121231134.25,24090505.07,49695118.16,63658781.62,77749295.77000001,25,118086979.4,0.2040064467090603,0.4208348660665292,0.5390838341657166,False
ATLANTIS FUNDO DE INVESTIMENTO EM DIREITOS CREDITÓRIOS RESPONSABILIDADE LIMITADA,63977188000142,162751803.35,24063510.96,34418340.79,39394955.58,48020076.389999986,25,113786513.52,0.21147946461836545,0.3024817241100402,0.34621814449983684,False
MÖBIUS TOTAL RETURN 1 - FUNDO DE INVESTIMENTO EM DIREITOS CREDITÓRIOS RESPONSABILIDADE LIMITADA,47410102000149,120006878.15,24009994.07,84310347.81,87734069.16000001,87734069.16000001,7,87734069.16,0.2736678499000559,0.9609761477749746,1.0000000000000002,False
MPA FUNDO DE INVESTIMENTO EM DIREITOS CREDITÓRIOS NÃO PADRONIZADOS,57456281000109,105935308.52,23940355.92,50341025.629999995,50341025.629999995,50341025.629999995,5,50314095.59,0.4758180712436016,1.0005352384790822,1.0005352384790822,False
GOLDEN STONE II FUNDO DE INVESTIMENTO EM DIREITOS CREDITÓRIOS MULTISSETORIAL,52322327000183,76400539.88,23925865.71,38450670.01,47304002.5,58404469.750000015,25,74483966.96,0.3212216895328477,0.516227472559955,0.635089730457074,False
SP SELECIONADOS I FUNDO DE INVESTIMENTO EM DIREITOS CREDITÓRIOS - RESPONSABILIDADE LIMITADA,54410544000150,44806919.14,23879379.06,43601191.25,44668502.57,44710097.22,11,44710097.22,0.5340936509822244,0.9751978626988099,0.9990696810656589,False
GRUPOSC - FUNDO DE INVESTIMENTO EM DIREITOS CREDITÓRIOS,51388629000191,59351910.23,23834299.85,48556499.68,48556499.68,48556499.68,5,48247100.57,0.49400481206989144,1.0064128021444751,1.0064128021444751,False
ÁSIA FUNDO DE INVESTIMENTO EM DIREITOS CREDITÓRIOS,62681110000113,1337788554.49,23812843.9,1338648590.15,1338648590.15,1338648590.15,5,1338648590.14,0.017788719216825663,1.0000000000074702,1.0000000000074702,False
BRISTOL FUNDO DE INVESTIMENTO EM DIREITOS CREDITÓRIOS MULTISSETORIAL,33499726000170,151656896.17,23726463.67,57051819.44,75789465.94999999,110827950.77999999,25,146926347.85,0.1614854246171205,0.388302168228161,0.5158330487284346,False
SOLAR MONT BLANC FUNDO DE INVESTIMENTO EM DIREITOS CREDITÓRIOS,58341346000133,5006757.07,23711305.59,35355414.09,35779361.38,35825774.29000001,13,5373866.14,4.412336476620909,6.579139332636969,6.658029889073494,True
MV I FUNDO DE INVESTIMENTO EM DIREITOS CREDITÓRIOS RESPONSABILIDADE LIMITADA,59701895000134,33473811.74,23695348.08,28498345.63,31111377.889999997,32084261.139999997,17,32084261.14,0.7385349463590608,0.8882344369922429,0.9696772431269395,False
BASÃ FUNDO DE INVESTIMENTO EM DIREITOS CREDITÓRIOS DE RESPONSABILIDADE LIMITADA,53962432000140,113705933.43,23645749.28,36151810.629999995,40639310.26,48242894.760000005,25,113787436.07,0.20780632815606778,0.3177135532587275,0.35715112022560574,False
BEAUTY E CAFÉ FRANCHISING GROUP FUNDO DE INVESTIMENTO EM DIREITOS CREDITÓRIOS - INDÚSTRIA E COMÉRCIO,54968636000150,29988912.45,23631282.86,27918052.259999998,28498695.589999996,28974836.559999995,25,28063055.06,0.8420780563440194,0.9948329645617707,1.0155236316597953,False
XPJUS FUNDO DE INVESTIMENTO EM DIREITOS CREDITÓRIOS,33475501000183,122579783.81,23631126.53,65941150.78,90860684.16,111111651.8,24,118076063.01,0.20013477691916823,0.5584633252415891,0.7695097705985073,False
SIZE PROSP FUNDO DE INVESTIMENTO EM  DIREITOS CREDITÓRIOS - RESPONSABILIDADE LIMITADA,55847813000103,90113658.06,23600294.78,34920467.57,58794185.07000001,61138474.730000004,25,80955435.47,0.29152205337399073,0.43135420577090994,0.7262537064825946,False
ACL NP FUNDO DE INVESTIMENTO EM DIREITOS CREDITÓRIOS NÃO PADRONIZADOS,24506241000175,103928514.12,23533010.38,59852275.5,77251122.38000001,97058769.19,25,85098000.55,0.2765401093786333,0.7033335109305339,0.9077900994231998,True
ZEFIROS I FUNDO DE INVESTIMENTO EM DIREITOS CREDITÓRIOS NÃO PADRONIZADOS,51139857000128,52658706.2,23511749.83,92172458.66999999,93800832.33,93813232.33,12,42317700.7,0.555600834664441,2.1781064931535843,2.2165862222755406,True
PERSA FUNDO DE INVESTIMENTO EM DIREITOS CREDITÓRIOS NÃO-PADRONIZADOS,45188001000140,30020952.27,23368671.24,35316270.71,39874972.71000001,40534281.839999996,25,29460290.279999997,0.7932261025908669,1.1987753811772695,1.353515947433496,True
MULTINVEST 1940 FUNDO DE INVESTIMENTO EM DIREITOS CREDITÓRIOS DE RESPONSABILIDADE LIMITADA,23711475000191,212864381.0,23353328.68,63333223.22,66260839.17,66260839.17,7,65137621.49,0.35852289576746715,0.9722986773430617,1.0172437625800081,False
HARPIA FUNDO DE INVESTIMENTO EM DIREITOS CREDITÓRIOS - RESPONSABILIDADE  LIMITADA,20057764000120,605109132.84,23339741.44,78097267.75,132415687.14,223893394.69999993,25,540132329.69,0.043211154298790924,0.14458913761896575,0.2451541591965024,False
JRP FUNDO DE INVESTIMENTO EM DIREITOS CREDITÓRIOS RESPONSABILIDADE LIMITADA,55364405000109,30503431.45,23112762.32,27779508.37,27779508.37,27779508.37,5,27779508.37,0.8320076083477499,1.0,1.0,False
WBL FUNDO DE INVESTIMENTO EM DIREITOS CREDITÓRIOS MULTISEGMENTOS,51769350000158,51333059.22,23104377.14,29117489.87,29477690.340000007,30238290.870000005,25,43659137.32,0.5291991220682233,0.66692774198865,0.6751780302927893,False
JGP SPECIAL SITUATIONS MASTER II FIDC DE RESPONSABILIDADE LIMITADA,45064053000104,23583484.56,23071284.95,23071284.95,23071284.95,23071284.95,1,23071284.95,1.0,1.0,1.0,False
TREVISO FUNDO DE INVESTIMENTO EM DIREITOS CREDITÓRIOS,26506898000168,410611327.08,22966483.12,99900138.39,166131013.66,271470719.10999995,25,402593487.09999996,0.057046335462191344,0.24814146674257018,0.4126520149560562,False
ST 1009 FUNDO DE INVESTIMENTO EM DIREITOS CREDITÓRIOS - RESPONSABILIDADE LIMITADA,55048271000109,21214415.99,22929942.45,22929942.45,22929942.45,22929942.45,1,21275388.04,1.0777684715733156,1.0777684715733156,1.0777684715733156,True
MÚLTIPLO - FUNDO DE INVESTIMENTO EM DIREITOS CREDITÓRIOS NÃO-PADRONIZADOS MULTISSETORIAL,10842374000108,109014177.21,22894553.18,43408504.31,47502083.10000001,52930557.36000001,25,102105070.33,0.22422542882547955,0.425135638903193,0.46522746565351697,False
LC III FUNDO DE INVESTIMENTO EM DIREITOS CREDITÓRIOS DE RESPONSABILIDADE LIMITADA,57310139000159,23652479.89,22839960.43,22839960.43,22839960.43,22839960.43,1,22839960.43,1.0,1.0,1.0,False
CUPERTINO KAYA PRECATÓRIOS FIDC DE RESPONSABILIDADE LIMITADA,60315519000190,72011239.19,22740912.49,57313697.79999999,66976030.30999999,74778687.75999999,24,75065231.74,0.3029486749440361,0.7635185620756467,0.892237707890942,False
BEM BARATO FUNDO DE INVESTIMENTO EM DIREITOS CREDITÓRIOS,53604320000117,58728466.41,22644789.66,58660711.3,58660711.3,58660711.3,5,58660711.3,0.3860299194837755,1.0,1.0,False
PRIME PLUS FUNDO DE INVESTIMENTO EM DIREITOS CREDITÓRIOS RESPONSABILIDADE LIMITADA,53164551000157,108024251.97,22568549.87,61836248.99,80362994.58,92191881.49000002,25,93453364.75999999,0.24149531617142816,0.6616802845868982,0.859926175867314,False
TORONTO FUNDO DE INVESTIMENTO DIREITOS CREDITÓRIOS DE  RESPONSABILIDADE LIMITADA,56973948000188,54931339.38,22402081.82,24852484.07,24852484.07,24852484.07,4,22694109.39,0.9871320101185077,1.0951072651897533,1.0951072651897533,True
DETOMASO FIDC-NP MULTISSETORIAL,09104359000183,189647469.18,22399670.99,77951012.02,102772916.27,127768113.49000001,25,149657406.13,0.14967298691881983,0.5208630433717915,0.6867212183319965,False
KINERET FUNDO DE INVESTIMENTO EM DIREITOS CREDITÓRIOS,28796986000177,98217809.86,22362049.83,45979118.589999996,59568689.1,75180594.96000001,25,74985050.23,0.29822010869379123,0.613177139296023,0.7944075374662851,False
ITAÚ PIRINEUS II FUNDO DE INVESTIMENTO EM DIREITOS CREDITÓRIOS DE INFRA - RESP LIMITADA,54759252000128,747930967.3,22354145.34,97132677.23,178720484.10999998,346588499.46,25,683481437.23,0.032706294746784104,0.142114579766288,0.2614854981787286,False
FUNDO DE INVESTIMENTO EM DIREITOS CREDITÓRIOS DIAMOND MOUNTAIN DISTRESSED ASSETS,16829910000111,21513406.01,22317400.0,22317400.0,22317400.0,22317400.0,1,22317400.0,1.0,1.0,1.0,False
ATLÂNTICO CORPORATE FUNDO DE INVESTIMENTO EM DIREITOS CREDITÓRIOS NÃO - PADRONIZADOS,32156003000105,50487103.09,22273179.97,54815263.28,56414384.53,56858830.629999995,25,57040542.77,0.39047980415982986,0.9609877574452119,0.9890225757050592,False
INTERBANK FUNDO DE INVESTIMENTO EM DIREITOS CREDITÓRIOS,20791371000146,473536709.71,22205437.9,82926170.58000001,119871639.25,179049522.35000005,25,403332554.37,0.055054911039066984,0.2056024729011264,0.29720298535593753,False
AVANTI FUNDO DE INVESTIMENTO EM DIREITOS CREDITÓRIOS  RESPONSABILIDADE LIMITADA,54519336000194,27149227.47,22201487.12,22201487.12,22201487.12,22201487.12,1,25955617.81,0.8553634624503667,0.8553634624503667,0.8553634624503667,False
PONTUAL BRASIL FUNDO DE INVESTIMENTO EM DIREITOS CREDITÓRIOS MULTISSETORIAL - RESPONSABILIDADE LIMIT,31844721000101,166559632.75,22170000.0,77996426.25999999,104271655.70999998,144551336.33,25,160460144.39,0.13816515050687972,0.4860797461980895,0.6498290033727421,False
GM FUNDO DE INVESTIMENTO EM DIREITOS CREDITÓRIOS DE RESPONSABILIDADE LIMITADA,53959749000127,99702301.95,22110156.09,58570971.56,68967905.69000001,72228857.38000001,24,72168896.94,0.3063668287514774,0.8115819146951202,0.9556458337909579,False
AUGME LVG FUNDO DE INVESTIMENTO EM DIREITOS CREDITÓRIOS RESPONSABILIDADE LIMITADA,59764569000176,279238098.22,22108154.13,70833285.05,106975902.92999999,119190218.79,13,119190218.79,0.18548631216922357,0.5942877340866403,0.8975224982049888,False
FUNDO DE INVESTIMENTO EM DIREITOS CREDITÓRIOS - BRASILFACTORS CRÉDITO CORPORATIVO,12778706000168,110933332.06,21870258.53,47345107.32,63764465.5,84988972.3,25,100994665.54,0.21654865049617947,0.4687881985335995,0.6313646880165706,False
CREDIT OPPORTUNITIES I FUNDO DE INVESTIMENTO EM DIREITOS CREDITÓRIOS RESPONSABILIDADE LIMITADA,46075436000140,255962888.15,21869910.89,21869910.89,21869910.89,21869910.89,1,4836706.73,4.521653288248882,4.521653288248882,4.521653288248882,True
FUNDO DE INVESTIMENTO EM DIREITOS CREDITÓRIOS ZONDA HY,51390507000130,203578064.8,21856810.39,65744572.78000001,108571360.42999999,165578723.58999997,25,167536480.51,0.13046000682039754,0.3924194454835514,0.6480460858405077,False
LAUSANNE FUNDO DE INVESTIMENTO EM DIREITOS CREDITÓRIOS NÃO PADRONIZADOS,55501349000107,2259393.89,21828224.5,53030902.77,78453115.30000001,94827031.01000002,19,0.01,2182822450.0,5303090277.0,7845311530.000001,True
SV FUNDO DE INVESTIMENTO EM DIREITOS CREDITÓRIOS,58223324000179,82485166.8,21761686.17,48333199.78,57739595.68000001,70891290.84000002,25,82223783.23,0.26466413141228556,0.5878250535468581,0.702224993935006,False
FUNDO DE INVESTIMENTO EM DIREITOS CREDITÓRIOS EMPÍRICA OPORTUNA PRECATÓRIOS FEDERAIS RESP LIMITADA,23076742000104,48987529.27,21708850.85,34722305.7,36841363.95,37089835.25000001,13,34601181.76,0.6274020061099786,1.0035005723457697,1.064742938710542,True
B33 FUNDO  DE INVESTIMENTO EM DIREITOS CREDITORIOS,47117821000176,26892755.8,21699390.0,25549451.52,25769738.54,25769738.54,6,25769738.54,0.8420492884053918,0.9914517169175749,1.0,False
ZEUS FUNDO DE INVESTIMENTO EM DIREITOS CREDITÓRIOS,34691362000198,90714623.91,21613697.22,50750230.589999996,51246587.3,51886622.89,25,48920822.27,0.4418097696868495,1.0373952896765157,1.047541413289495,True
FITZ ROY SPECIAL SITUATIONS II FIDC DE RESPONSABILIDADE LIMITADA,59999281000180,39349427.86,21513618.04,35212746.58,38745112.949999996,38745112.949999996,7,38745112.95,0.5552601709475723,0.9088306601516823,0.9999999999999998,False
ARC TURBI FUNDO DE INVESTIMENTO EM DIREITOS CREDITÓRIOS,57654431000199,32745701.56,21486864.95,31986864.95,31986864.95,31986864.95,2,31986864.95,0.6717402591215804,1.0,1.0,False
JP MM FUNDO DE INVESTIMENTO EM DIREITOS CREDITÓRIOS MULTISSEGMENTOS DE  RESPONSABILIDADE LIMITADA,31495065000189,689016117.95,21474873.9,21630398.25,21775914.09,22134284.69,25,527550514.22,0.0407067632788706,0.04100156793891334,0.04127740093703893,False
ARC FIAGRO - DIREITOS CREDITÓRIOS - RESPONSABILIDADE LIMITADA,55102997000182,269406.81,21451330.26,21451330.26,21451330.26,21451330.26,1,0.02,1072566513.0000001,1072566513.0000001,1072566513.0000001,True
CAPITAL FUTEBOL FUNDO DE INVESTIMENTO EM DIREITOS CREDITÓRIOS DE RESPONSABILIDADE LIMITADA,60776193000107,28847299.95,21434740.05,28637341.47,28637341.47,28637341.47,2,28530167.67,0.7513008790529832,1.003756507891564,1.003756507891564,False
RESOLVE CAPITAL FIDC MULTICARTEIRA FINANCEIRO - RESP LIMITADA,63482686000114,82590986.82,21366143.02,59506521.029999994,73599119.89,82366391.44000001,24,83237583.19,0.2566886519425865,0.7148996733142655,0.8842053921964671,False
JBA CAPITAL FUNDO DE INVESTIMENTO EM DIREITOS CREDITÓRIOS  RESPONSABILIDADE LIMITADA,58153083000139,67191686.95,21359890.11,36029824.77,40615411.1,49344250.01,25,66857376.53,0.3194844192011553,0.5389057519155397,0.607493341916807,False
VERDE AM II FUNDO DE INVESTIMENTO EM DIREITOS CREDITÓRIOS DE RESPONSABILIDADE LIMITADA,49409950000163,68642304.62,21305067.54,45718971.199999996,45718971.199999996,45718971.199999996,4,45718971.2,0.46600058970705793,0.9999999999999999,0.9999999999999999,False
HOMMA PREC FUNDO DE INVESTIMENTO EM DIREITOS CREDITÓRIOS - RESP LIMITADA,57660538000140,44242299.9,21303417.06,38117137.16,39183085.559999995,39302592.21999999,12,39302592.22,0.5420359283365356,0.9698377386060364,0.996959318628882,False
MINERVA FUNDO DE INVESTIMENTO EM DIREITOS CREDITÓRIOS II - CRÉDITO MERCANTIL RESP LIMITADA,60871638000120,838018529.68,21290985.85,91364287.92,152826755.24999997,229209895.23,24,708388121.91,0.03005553762334965,0.1289749010382302,0.21573873209214603,False
ONE FUNDO DE INVESTIMENTO EM DIREITOS CREDITÓRIOS NÃO-PADRONIZADOS,22588302000165,-3171956.18,21277133.33,77508247.61999999,124053909.53999999,171822902.39,24,4622526.57,4.602922883794261,16.76750721629708,26.836819142393807,True
LCBANK FUNDO DE INVESTIMENTO EM DIREITOS CREDITÓRIOS NÃO PADRONIZADOS,52343885000125,38721124.41,21243243.89,29310618.499999996,29576483.529999997,29657017.88999999,17,29778786.77,0.7133683468730516,0.9842784639409269,0.9932064646702192,False
JMP43 FUNDO DE INVESTIMENTO EM DIREITOS CREDITÓRIOS,55728962000153,26250108.51,21183747.4,21608204.919999998,21608204.919999998,21608204.919999998,4,21608204.72,0.9803566596346094,1.0000000092557435,1.0000000092557435,False
FUNDO DE INVESTIMENTO EM DIREITOS CREDITÓRIOS CLAIMS S1,35688101000181,148669339.97,21145488.69,139782470.61,139782470.61,139782470.61,2,147976145.02,0.1428979562019408,0.9446284101475102,0.9446284101475102,False
VRE FUNDO DE INVESTIMENTO EM DIREITOS CREDITÓRIOS RESPONSABILIDADE LIMITADA,60869787000154,32475477.76,21057460.7,21057460.7,21057460.7,21057460.7,1,22492168.67,0.9362129996867037,0.9362129996867037,0.9362129996867037,False
MLC 1A  - FUNDO DE INVESTIMENTO EM DIREITOS CREDITÓRIOS - RESPONSABILIDADE LIMITADA,50695489000131,23020024.58,21012750.92,21012750.92,21012750.92,21012750.92,1,21012750.92,1.0,1.0,1.0,False
ARPEL CAPITAL FUNDO DE INVESTIMENTO EM DIREITOS CREDITORIOS,50309743000116,20054572.62,20998273.63,20998273.63,20998273.63,20998273.63,1,18569623.759999998,1.1307861646196327,1.1307861646196327,1.1307861646196327,True
JGP ESTRUTURADOS III FUNDO DE INVESTIMENTO EM DIREITOS CREDITÓRIOS - RESPONSABILIDADE LIMITADA,50198834000121,148711484.28,20980000.0,81385936.36,120620619.1,124289475.91,14,119545536.75,0.1754979781794321,0.6807944367693008,1.0089930781125545,False
PRECATO VI FUNDO DE INVESTIMENTO EM DIREITOS CREDITÓRIOS DE  RESPONSABILIDADE LIMITADA,65562163000103,40368242.38,20904585.3,25145951.29,25145951.29,25145951.29,5,25145951.29,0.8313300641886355,1.0,1.0,False
BLP PCJ VII FUNDO DE INVESTIMENTO EM DIREITOS CREDITÓRIOS RESPONSABILIDADE LIMITADA,32511681000149,20186737.08,20867825.06,22657568.200000003,22743151.080000002,22743151.080000002,6,17623734.0,1.1840751261906244,1.2856281307922601,1.290484245847106,True
TERRAS RARAS FIDC MULTISETORIAL DE RESPONSABILIDADE ILIMITADA,13606266000124,290399473.36,20850578.33,93238942.85000001,128290919.31000002,142605079.81000003,24,220093074.11,0.09473527694732964,0.4236341521741854,0.5828939407965272,False
ITAÚ PIRINEUS III FUNDO DE INVESTIMENTOS EM DIREITOS CREDITÓRIOS DE INFRAESTRUTURA RESP LIMITADA,59688936000108,708363721.37,20828911.17,95955941.35,177044062.92999998,342970512.99,25,603664326.25,0.03450412798018144,0.15895579244525548,0.293282301489983,False
VOLUS FUNDO DE  INVESTIMENTO EM DIREITOS CREDITÓRIOS NÃO-PADRONIZADOS  RESPONSABILIDADE LIMITADA,45899460000131,44581102.67,20820771.4,38461174.68,45136988.690000005,52523244.11,25,44241082.04,0.4706207542838841,0.8693542948435535,1.0202505591791355,True
FUNDO DE INVESTIMENTO EM DIREITOS CREDITÓRIOS CLAIMS,37564538000139,141607154.47,20807160.87,138276036.02,138276036.02,138276036.02,2,141007266.28,0.14756091241910146,0.9806305708063544,0.9806305708063544,False
ROYAL CAPITAL FUNDO DE INVESTIMENTO EM DIREITOS CREDITÓRIOS,54020246000154,7628825.79,20800000.02,30565741.22,30565741.22,30565741.22,3,2483860.77,8.374060362489642,12.30573854588476,12.30573854588476,True
ITAÚ CRÉDITO ESTRUTURADO DOLOMITAS I FIDC - RESPONSABILIDADE LIMITADA,56415135000172,343078065.63,20763978.35,26188919.900000002,26188919.900000002,26188919.900000002,25,26188919.9,0.7928535590350941,1.0000000000000002,1.0000000000000002,False
LEVE FUNDO DE INVESTIMENTO EM DIREITOS CREDITÓRIOS - RESPONSABILIDADE LIMITADA,22945783000119,330500809.21,20711405.79,92880306.52999999,149645651.89999998,229405434.52000004,25,322240520.52,0.06427312665886331,0.28823285904615253,0.464391168616897,False
SPREADSUL FUNDO DE INVESTIMENTO EM DIREITOS CREDITÓRIOS,10841829000170,37318581.45,20669649.54,32858870.69,37375145.839999996,41411733.400000006,25,13992443.76,1.4772008302858457,2.3483296594647167,2.6710949481779442,True
FMV FUNDO DE INVESTIMENTO  EM DIREITOS CREDITÓRIOS RESPONSABILIDADE LIMITADA,63269491000190,19297786.09,20658172.36,20812540.05,20812540.05,20812540.05,2,20812540.05,0.9925829480866272,1.0,1.0,False
SOLAR PUGLIA FUNDO DE INVESTIMENTO EM DIREITOS CREDITÓRIOS RESPONSABILIDADE LIMITADA,52498421000198,304498232.36,20563591.7,73264507.17999999,113469030.67,171188152.02999997,25,244246770.71999997,0.08419186726351328,0.2999610065018591,0.46456716842360557,False
LEF I FUNDO DE INVESTIMENTO DIREITOS CREDITÓRIOS RESP LIMITADA,67106913000168,21072606.26,20519734.04,20519734.04,20519734.04,20519734.04,1,20519734.04,1.0,1.0,1.0,False
SARFATY PRIVATE CREDIT FUNDO  DE INVESTIMENTO EM DIREITOS CREDITÓRIOS - RESPONSABILIDADE  LIMITADA,61621980000134,84280818.85,20398676.18,57492085.71,72396743.75999999,83491991.62,17,83150595.8,0.24532206875660176,0.691421211800866,0.8706701745605531,False
MELBOURNE FUNDO DE INVESTIMENTO EM DIREITOS CREDITORIOS,33701697000187,14814111.29,20383492.82,20383492.82,20383492.82,20383492.82,1,20383492.82,1.0,1.0,1.0,False
GS3 I FUNDO DE INVESTIMENTO EM DIREITOS CREDITÓRIOS,53979245000179,144397273.44,20196784.17,53449728.72,69610414.44,84038423.15999998,25,107743953.69,0.18745167109896504,0.4960810039864057,0.6460725827853181,False
VECTIS PRO SOLUTTI CRÉDITOS JUDICIAIS FIDC DE RESPONSABILIDADE LIMITADA,45144657000160,25731273.86,20194629.81,42067654.32,49547435.31,56946764.580000006,24,26473482.54,0.7628248296946579,1.5890487493074645,1.8715873604893694,True
OKNO 1 FUNDO DE INVESTIMENTO EM DIREITOS CREDITÓRIOS,48969748000123,265565589.53,20028581.56,37708317.510000005,49880881.06,73584452.64000002,24,237263151.21,0.08441505331888995,0.15893035778077746,0.2102344203287209,False
REASON X FUNDO DE INVESTIMENTO EM DIREITOS CREDITÓRIOS - RESPONSABILIDADE LIMITADA,55051705000120,57332412.5,19911982.79,46411765.32,52211434.89000001,52990456.280000016,18,52990456.28,0.3757654526465232,0.8758514000098736,0.985298835966166,False
AZQ CDO FUNDO DE INVESTIMENTO EM DIREITOS CREDITÓRIOS DE RESPONSABILIDADE ILIMITADA,59143807000126,306182343.58,19902354.51,87458150.69,146653310.32,219626239.34000003,25,222870060.37,0.0893002607750853,0.3924176739792032,0.6580215847589936,False
DILARY INVEST FUNDO DE INVESTIMENTO EM DIREITOS CREDITÓRIOS,61755814000120,20429983.35,19884442.66,20384220.39,20384220.39,20384220.39,2,20384220.39,0.9754821268393871,1.0,1.0,False
RED WOOD FUNDO DE  INVESTIMENTO EM DIREITOS CREDITÓRIOS NÃO PADRONIZADOS RESPONSABILIDADE  LIMITADA,61909085000110,56997679.08,19876865.64,33598882.51,38639488.01,41653786.53,24,55694154.28,0.35689321252765416,0.6032748489380598,0.693779957870293,False
OPENSEA SP FUNDO DE INVESTIMENTO EM DIREITOS CREDITÓRIOS RESPONSABILIDADE LIMITADA,63381126000173,26820758.02,19725612.08,24503276.65,24738704.909999996,24738704.909999996,7,24738704.91,0.7973583157146765,0.9904834040077484,0.9999999999999999,False
SOLAR VIALOC FUNDO DE INVESTIMENTO EM DIREITOS CREDITÓRIOS,39680495000182,64460423.69,19524404.08,46133253.19,59607966.98,63904854.00999998,25,64598990.67,0.3022400795662462,0.714148204353051,0.9227383642029897,False
GII GESTAO INTELIGENTE FUNDO DE INVESTIMENTO EM DIREITOS CREDITORIOS RESPONSABILIDADE LIMITADA,24546098000145,296537103.08,19496251.37,60550009.22,104313635.12,189311054.42,25,285420943.46,0.06830701045850997,0.21214283887505164,0.3654729532299333,False
FIDC MULTISETORIAL EXICON I,09057948000158,103078927.08,19447294.38,51867682.93,65953783.94,85214965.98,25,85781827.8,0.22670645845109866,0.6046465115074174,0.7688549618430957,False
CLASSE ÚNICA DE COTAS DO INARI FIDC DE RESPONSABILIDADE LIMITADA,60315422000188,22638713.33,19439888.02,22356612.11,22356612.11,22356612.11,2,22356612.11,0.869536400432722,1.0,1.0,False
VERSÁTIL GESTÃO DE CAPITAL FUNDO DE INVESTIMENTO EM DIREITOS CREDITÓRIOS,61746700000114,3596609.34,19420965.9,19420965.9,19420965.9,19420965.9,1,3653335.15,5.31595517591645,5.31595517591645,5.31595517591645,True
MEDCASH FUNDO DE INVESTIMENTO EM DIREITOS CREDITÓRIOS DE RESPONSABILIDADE LIMITADA,59744598000176,20729640.84,19419251.93,19419251.93,19419251.93,19419251.93,1,19419251.93,1.0,1.0,1.0,False
NF FUNDO DE INVESTIMENTO EM DIREITOS CREDITÓRIOS,35844801000118,6038065.82,19411006.83,49632273.150000006,56261024.35999999,64911644.54999999,22,5978354.39,3.2468812592423113,8.301995818953117,9.410787766966086,True
BANMINAS FUNDO DE INVESTIMENTO EM DIREITOS CREDITÓRIOS,35823530000114,421195259.86,19406159.08,59997242.45,89564706.98,142926244.21,24,384108962.57000005,0.05052253649630323,0.15619849651143222,0.23317525938665834,False
CEREALIS FUNDO DE INVESTIMENTO EM DIREITOS CREDITÓRIOS,47425750000179,215299982.37,19401212.92,39032383.760000005,54994750.510000005,82266890.94999999,25,210066595.02,0.09235743987830551,0.18580957032356246,0.26179674357440824,False
YUNUS NEGOCIOS SOCIAIS FUNDO DE INVESTIMENTO EM DIREITOS CREDITORIOS,29330482000120,23512489.01,19390162.28,19390162.28,19390162.28,19390162.28,1,14410608.91,1.3455477420211246,1.3455477420211246,1.3455477420211246,True
SANTIAGO HOME EQUITY FUNDO DE INVESTIMENTO EM DIREITOS CREDITÓRIOS,32969565000178,98947749.51,19389833.52,31495855.86,40666136.71000001,55643681.69000002,25,72485922.48,0.26749792037688364,0.43450996803814146,0.5610211654714118,False
SIFRA LP FUNDO DE INVESTIMENTO EM DIREITOS CREDITÓRIOS,41351629000163,306361844.98,19375331.83,75287753.30000001,116490969.80000001,174292425.97,25,299232008.2,0.06475019817081186,0.25160327517395586,0.38929982958955395,False
LETO FUNDO DE INVESTIMENTO EM DIREITOS CREDITÓRIOS HIGH YIELD - RESPONSABILIDADE LIMITADA,45683318000152,157783000.67,19298438.86,84883116.45,139458769.76,201384770.01999998,23,158521212.9,0.1217404188811881,0.5354685022726066,0.8797483138611538,True
PANGU FUNDO DE INVESTIMENTO EM DIREITOS CREDITÓRIOS MULTISSETORIAL - NÃO PADRONIZADOS,20953316000105,46044954.85,19266574.15,30914117.330000002,35432426.45,40581114.5,25,44227240.67,0.4356268638542672,0.6989836322972215,0.8011448580836821,False
GAVEA SUL FUNDO DE INVESTIMENTO EM DIREITOS CREDITÓRIOS MULTISSETORIAL LP,18185812000114,561951177.27,19195745.57,76459009.56,126642443.22999999,233421120.02000004,25,521107510.08000004,0.036836440079424465,0.1467240599703928,0.2430255576446364,False
FIDC PLURIS FUNDO DE INVESTIMENTOS EM DIREITOS CREDITÓRIOS,65653001000180,109052360.7,19183581.21,57629809.08,76595698.84,87151651.29,24,107891809.88000001,0.17780386881392074,0.5341444280534113,0.7099306140585803,False
INVISTA ATIVOS ALTERNATIVOS I FUNDO DE INVESTIMENTO EM DIREITOS CREDITÓRIOS,31933790000191,95090625.9,19111101.42,48894865.67,65194646.4,69839549.12000002,17,68201565.45,0.2802149964433111,0.7169170582432723,0.9559112898632153,False
CLOUDWALK BIG PICTURE IV FUNDO DE INVESTIMENTO EM DIREITOS CREDITÓRIOS SEGMENTO MEIOS DE PAGAMENTO,54248022000102,310583203.44,19037155.35,77039299.45,140463331.16,236584577.12,24,276878253.57,0.06875641226618417,0.2782425071549472,0.5073108102528834,False
PLETORA FUNDO DE INVESTIMENTO EM DIREITOS CREDITORIOS,42273967000197,75758538.04,18972152.54,39901916.33,39901916.33,39901916.33,3,39901916.32,0.47546970896960666,1.0000000002506144,1.0000000002506144,False
CLOUDWALK BIG PICTURE III FUNDO DE INVESTIMENTO EM DIREITOS CREDITÓRIOS SEGMENTO MEIOS DE PAGAMENTO,54219179000100,151890811.96,18933825.82,69345602.75,105509902.24,131770304.89999999,24,132600947.64,0.14278801288361592,0.5229646091087317,0.7956949336927076,False
SINAI DIRECT FUNDO DE INVESTIMENTO EM DIREITOS  CREDITÓRIOS RESPONSABILIDADE LIMITADA,60232878000184,18948112.62,18798264.6,18798264.6,18798264.6,18798264.6,1,18704273.28,1.0050251254669436,1.0050251254669436,1.0050251254669436,False
FUNDO DE INVESTIMENTO EM DIREITOS CREDITÓRIOS AGRO CITI-SYNGENTA RESPONSABILIDADE LIMITADA,46073195000109,222957471.5,18692626.9,55995952.14000001,81917535.1,128356432.31,24,203249418.55,0.09196890713565092,0.275503627707672,0.40303945607523606,False
LUTÈCE FUNDO DE INVESTIMENTO EM DIREITOS CREDITÓRIOS,51645270000190,93126126.7,18676943.95,46026959.59,57996441.279999994,77487559.77,24,92535800.39,0.2018347911974007,0.4973962444374552,0.6267459841009541,False
VISHNU FUNDO DE INVESTIMENTO EM DIREITOS CREDITÓRIOS,48984429000197,25427209.67,18623925.77,26664624.419999998,27711101.18,27726202.599999998,14,23959497.82,0.7773086860966604,1.112904144332354,1.156581051413706,True
FDCE FUNDO DE INVESTIMENTO EM DIREITOS CREDITÓRIOS,54856185000160,24513422.59,18595325.1,44744383.77,50548996.150000006,54600440.7,21,15492638.95,1.2002684087593742,2.8881060169545876,3.2627750709958945,True
B2CYCLE FUNDO DE INVESTIMENTO EM DIREITOS CREDITÓRIOS RESPONSABILIDADE LIMITADA,44395252000132,133990931.41,18534349.02,66013837.15,78745729.15,89168257.83,25,0.0,,,,False
ITAÚ PIRINEUS FUNDO DE INVESTIMENTOS EM DIREITOS CREDITÓRIOS DE INFRAESTRUTURA - RESP LIMITADA,52258677000128,613928390.52,18532356.72,79702773.41,147703182.27999997,299295977.6700001,25,549481160.11,0.033727010251434326,0.14505096661374958,0.2688048162569058,False
BAÍA FUNDO DE INVESTIMENTO EM DIREITOS CREDITÓRIOS,63866372000115,20145896.55,18491820.36,18491820.36,18491820.36,18491820.36,1,18789082.08,0.9841790184994498,0.9841790184994498,0.9841790184994498,False
PUMA FUNDO DE INVESTIMENTO EM DIREITOS CREDITORIOS,13805152000103,234467583.91,18474371.39,65152659.85,107073785.48,164843695.23,25,222469471.01000002,0.08304227679477683,0.29286112631189465,0.48129653472852024,False
NEOWISE  FEEDER I FUNDO DE INVESTIMENTO EM DIREITOS CREDITÓRIOS - RESPONSABILIDADE LIMITADA,60762129000169,29754968.83,18469413.69,35764919.34,35764919.34,35764919.34,4,39443644.6,0.46824815194689184,0.9067346514931331,0.9067346514931331,False
VRF FUNDO DE INVESTIMENTO DIREITOS CREDITÓRIOS DE RESPONSABILIDADE LIMITADA,57391545000193,22013606.61,18462348.24,18462348.24,18462348.24,18462348.24,1,18462348.24,1.0,1.0,1.0,False
MOOVPAY FUNDO DE INVESTIMENTO EM DIREITOS CREDITÓRIOS DE CLASSE ÚNICA ABERTA,50200709000109,43333776.46,18449807.36,18478133.39,18499388.840000004,18548918.070000008,24,40365414.72,0.45706968423288874,0.45777142432887163,0.45829800011528293,False
AGROCETE FUNDO DE INVESTIMENTO EM DIREITOS CREDITÓRIOS NÃO-PADRONIZADOS,48348391000166,18463411.33,18443049.83,18443049.83,18443049.83,18443049.83,1,18443049.83,1.0,1.0,1.0,False
VETRO FUNDO DE INVESTIMENTO EM DIREITOS  CREDITÓRIOS RESPONSABILIDADE LIMITADA,56056018000160,29922490.57,18402368.02,29356224.24,29863277.41,29863277.41,6,29863277.41,0.616220643412628,0.983020846538759,1.0,False
ITAÚ CRÉDITO ESTRUTURADO ALPES III CHAMADA DE CAPITAL FIDC RESPONSABILIDADE LIMITADA,62014120000103,209397046.92,18389538.92,31295603.76,31295603.76,31295603.76,4,30226353.81,0.6083942190181093,1.0353747579586081,1.0353747579586081,False
MULTI ASSET FUNDO DE INVESTIMENTO EM DIREITOS CREDITÓRIOS,10841847000152,442471992.48,18321450.86,76015904.44999999,127155401.72999999,224142200.46,25,404529447.60999995,0.04529077170585465,0.18791191815357197,0.3143291606612243,False
RAYO FUNDO DE INVESTIMENTO EM DIREITOS CREDITÓRIOS,58533096000133,59560285.51,18296653.81,48044677.349999994,52457826.99999999,52457826.99999999,6,52457826.99,0.3487878713216214,0.9158724275627871,1.000000000190629,False
KINEA SPECIAL OPPORTUNITIES FUNDO DE INVESTIMENTO EM DIREITOS CREDITÓRIOS RESPONSABILIDADE LIMITADA,65084272000162,49014959.96,18273579.73,18273579.73,18273579.73,18273579.73,1,18273579.73,1.0,1.0,1.0,False
CRUCE II FUNDO DE INVESTIMENTO EM DIREITOS CREDITÓRIOS NÃO PADRONIZADOS,49938183000180,41300684.62,18245902.86,30474728.79,33165336.41,33305007.37,11,32487858.26,0.5616222132582032,0.9380344049186331,1.0208532721541121,False
CONCRETO BEM REAL FUNDO DE INVESTIMENTO EM DIREITOS CREDITÓRIOS  RESPONSABILIDADE LIMITADA,59090507000126,68846077.31,18144637.97,55268435.67,65713437.63,65713437.63,8,65649631.940000005,0.2763859816698311,0.8418696957891886,1.0009719123796201,False
AFA CREDIT OPPORTUNITY FUNDO DE INVESTIMENTO EM  DIREITOS CREDITORIOS,42518335000146,11006726.19,18099436.93,18099436.93,18099436.93,18099436.93,1,28329.39,638.8925751666379,638.8925751666379,638.8925751666379,True
BELA VISTA FUNDO DE INVESTIMENTO EM DIREITOS CREDITÓRIOS - RESPONSABILIDADE LIMITADA,50640401000184,66799228.75,18082063.98,39180596.339999996,49011360.69999999,57845691.47999999,25,58276637.56,0.31027980914964787,0.672320812944308,0.841012157737125,False
NTZ FINANCIAMENTOS LONGO PRAZO FUNDO DE INVESTIMENTO EM DIREITOS CREDITÓRIOS  RESP  LIMITADA,63823304000179,51750794.0,18030402.56,29650443.46,33697041.71,35492675.919999994,23,35475065.15,0.5082556574247757,0.8358108247195144,0.9498796286213446,False
ALGARVE BETA FUNDO DE INVESTIMENTO EM DIREITOS CREDITÓRIOS,52511479000124,52686355.03,17999999.58,52082999.58,52082999.58,52082999.58,5,52082999.58,0.34560220657705826,1.0,1.0,False
NINE CAPITAL FUNDO DE INVESTIMENTO EM DIREITOS CREDITÓRIOS,49250454000100,139826739.9,17976824.7,41140375.94,47393808.78,58058484.550000004,25,139726767.72,0.12865698529593095,0.29443446385621436,0.3391891872498831,False
FMC 202201 FUNDO DE INVESTIMENTO EM DIREITOS CREDITÓRIOS - RESPONSABILIDADE LIMITADA,20998706000100,501754369.49,17959712.09,66157420.260000005,106881692.19,194005511.57000002,25,458337283.61,0.03918448865548095,0.14434221833084274,0.2331944094710519,False
CPM FUNDO DE INVESTIMENTO EM DIREITOS CREDITÓRIOS,53319087000120,25207483.89,17922001.96,25472786.71,25472786.71,25472786.71,3,25472786.71,0.7035744523768284,1.0,1.0,False
ITAÚ HIMALAIA PRIVATE MARKETS FUNDO DE INVESTIMENTO EM DIREITOS CREDITÓRIOS RESPONSABILIDADE LIMITAD,53823295000162,316605115.85,17848340.64,52896913.89,55335772.44,55335772.44,6,55239570.06,0.32310788481180297,0.9575909774921227,1.0017415483121157,False
FAMCRED FUNDO DE  INVESTIMENTO EM DIREITOS CREDITÓRIOS NÃO-PADRONIZADOS  RESPONSABILIDADE LIMITADA,08621199000187,161827873.73,17816035.19,39368692.32,49316497.330000006,60568154.379999995,25,98741153.74,0.1804317097297875,0.39870601900868574,0.4994523100252364,False
MLC1 FUNDO DE INVESTIMENTO EM DIREITOS CREDITÓRIOS - RESPONSABILIDADE LIMITADA,41801514000123,175881125.07,17766432.69,62927019.58,81855128.4,81855128.4,8,81855128.4,0.21704727653936465,0.7687608682561177,1.0,False
KIN FUNDO DE INVESTIMENTO EM DIREITOS CREDITÓRIOS RESPONSABILIDADE LIMITADA,55932544000183,77127692.47,17688414.11,68573350.38,75360282.5,80894209.82000001,25,77541151.46000001,0.22811647463250087,0.8843478474184627,0.9718746895172814,False
HOVERLA FUNDO DE INVESTIMENTO EM DIREITOS CREDITÓRIOS DE RECEBÍVEIS DE CARTÕES - RESP LIMITADA,62800819000190,111290466.27,17686283.52,60939246.96999999,84243133.92000002,93724758.03000002,19,93157327.61999999,0.18985391672187601,0.6541540910080478,0.9043103325552441,False
SIFRA ENERGY PODIUM FUNDO DE INVESTIMENTO EM DIREITOS CREDITÓRIOS,42462120000150,15152673.01,17659000.0,22515830.31,22580456.299999997,22580456.299999997,6,6831975.44,2.584757535369594,3.2956544571536104,3.3051137988282924,True
CREDI PLUS FUNDO DE INVESTIMENTO EM DIREITOS CREDITÓRIOS,53145978000108,64760314.58,17634822.61,37972671.87,44317034.05,50933672.599999994,25,52854140.22,0.3336507326880513,0.7184427125659901,0.8384780050443511,False
GARSON  CARD FUNDO DE INVESTIMENTO EM DIREITOS CREDITÓRIOS - RESPONSABILIDADE LIMITADA,54233539000110,129019307.56,17614487.63,35410468.419999994,51486203.169999994,86561508.94,25,72415469.34,0.24324205574499144,0.4889903875889178,0.7109834906719392,True
FUNDO DE INVESTIMENTO EM DIREITOS CREDITORIOS XPCE V,27771731000197,388134717.51,17555008.78,94017430.71000001,280132050.23,327858983.44,11,327859983.44,0.05354422517749152,0.2867609206940793,0.8544258658552197,False
WH1 FUNDO DE INVESTIMENTO EM DIREITOS CREDITÓRIOS RESPONSABILIDADE LIMITADA,61591473000103,17237770.44,17533656.0,17533656.0,17533656.0,17533656.0,1,14756407.65,1.1882062637379092,1.1882062637379092,1.1882062637379092,True
JGP SPECIAL SITUATIONS IV FUNDO DE INVESTIMENTO EM DIREITOS CREDITÓRIOS - RESPONSABILIDADE LIMITADA,54976450000143,18445032.74,17532742.17,17532742.17,17532742.17,17532742.17,1,17532742.17,1.0,1.0,1.0,False
DEL CRED NP FUNDO DE INVESTIMENTO EM DIREITOS CREDITÓRIOS NÃO PADRONIZADOS MULTISSETORIAL,11468192000181,338088492.32,17455662.12,62701495.51,98454779.16000001,138517178.01,24,270040315.46,0.06464094848306323,0.23219309088419327,0.364592890481139,False
ROOT CAPITAL FIGUEIRA FUNDO DE INVESTIMENTO EM DIREITOS CREDITÓRIOS DE RESPONSABILIDADE LIMITADA,57271402000148,177286416.46,17422274.05,61216111.37,83318935.24000001,85084896.39,13,85084896.39,0.20476341617838104,0.7194709515706093,0.9792447164546639,False
SB CRÉDITO FUNDO DE INVESTIMENTO EM DIREITOS CREDITÓRIOS MULTISSETORIAL DE CLASSE UNICA FECHADA,23956882000169,954213469.15,17369913.71,74135312.24000001,123888008.20000002,234145205.43,25,747964402.26,0.02322291496429003,0.09911609699070922,0.1656335620059834,False
PROSPER INVEST FUNDO DE INVESTIMENTO EM DIREITOS CREDITÓRIOS MULTISSETORIAL  RESP LIMITADA,57441816000178,31830651.37,17313838.22,24602235.729999997,27095810.86,29414415.519999996,25,31493435.76,0.5497602215249695,0.7811861467730822,0.8603637617212457,False
SELLOR FUNDO DE INVESTIMENTO EM DIREITOS CREDITÓRIOS MULTISSETORIAL,55257461000136,210746904.77,17312824.12,61047829.34,79194950.47000001,100129941.25000001,25,194299639.44,0.08910373776244822,0.3141942492325193,0.4075918550248032,False
RELOAD FUNDO DE INVESTIMENTO EM DIREITOS CREDITÓRIOS,46405697000181,28154032.64,17297353.54,17297353.54,17297353.54,17297353.54,1,17297353.54,1.0,1.0,1.0,False
FITZ ROY SPECIAL SITUATIONS FIDC DE RESP LIMITADA,45207408000177,93324825.55,17293543.67,66474925.78,93967714.06000002,109202036.18000002,19,109202036.18,0.15836283163708312,0.6087333909271434,0.8604941569506183,False
TAIPATSB FUNDO DE INVESTIMENTO EM DIREITOS CREDITÓRIOS MULTISSETORIAL,21081976000106,306003884.27,17285460.25,51683384.22,80926371.36,131749435.83999999,25,266466932.39,0.06486906309523265,0.19395796602768103,0.3037013659974757,False
YELLOW CAPITAL FUNDO DE INVESTIMENTO EM DIREITOS CREDITÓRIOS DE RESPONSABILIDADE LIMITADA,57810758000102,65764869.15,17186448.59,51537714.81999999,64939211.55999999,65660034.3,11,65660034.3,0.26174900414269203,0.7849175738246605,0.9890218951652298,False
INCOR CRED FUNDO DE INVESTIMENTO EM DIREITOS CREDITÓRIOS  RESPONSABILIDADE LIMITADA,63023974000100,50108143.37,17183063.5,44173963.89,48851759.120000005,48851759.120000005,9,48851759.12,0.35173888943878834,0.9042451016245002,1.0000000000000002,False
MOMENTO PRECATÓRIOS I FUNDO DE INVESTIMENTO EM DIREITOS  CREDITÓRIOS DE RESPONSABILIDADE LIMITADA,50041229000142,55554639.88,17125008.37,45660087.690000005,45671739.52,45671739.52,6,45671739.52,0.37495853124886624,0.9997448787779389,1.0,False
ATF FUNDO DE INVESTIMENTO EM DIREITOS CREDITÓRIOS RESPONSABILIDADE LIMITADA,51306712000174,310409334.13,16994638.96,56732564.449999996,78365789.12,112033047.46,25,264952354.28,0.06414224552252958,0.21412364726544522,0.29577313752488316,False
ANIL FUNDO DE INVESTIMENTO EM DIREITOS CREDITÓRIOS DE RESPONSABILIDADE LIMITADA,55657044000180,40046133.31,16991150.65,19313844.739999995,20676421.84999999,23335809.489999983,25,39962215.39,0.4251803981380823,0.4833026535569152,0.5173992895092093,False
BINVEST FUNDO DE INVESTIMENTO EM DIREITOS CREDITÓRIOS RESPONSABILIDADE LIMITADA,52258255000152,329825623.67,16988546.06,74105818.53,118793304.86999999,189266134.18000004,25,295610043.0,0.05746944822168981,0.25068775667408566,0.4018581495554939,False
PRECATÓRIOS ESTADUAIS E MUNICIPAIS PULVERIZADOS I FI DIREITOS CREDITÓRIOS-RESPONSABILIDADE LIMITADA,54023881000195,25424397.56,16851629.28,25402468.810000002,25453155.560000002,25453155.560000002,6,25453155.56,0.6620644438476846,0.9980086260864389,1.0000000000000002,False
ARKAD MULTIESTRATÉGIA FUNDO DE INVESTIMENTO EM DIREITOS CREDITÓRIOS,51776829000111,91792382.91,16733431.44,53443595.75,65757096.94,76443833.00999999,25,81135330.25,0.20624099745991975,0.6586969645076413,0.8104619373260022,False
SEQUOIA CAPITAL FUNDO DE INVESTIMENTO EM DIREITOS CREDITORIOS,35179032000180,48144101.48,16709936.65,33046940.6,39436394.08,39436394.08,7,39435685.35,0.42372629007701523,0.8379958483465281,1.0000179717936613,False
FUNDO DE INVESTIMENTO EM DIREITOS CREDITÓRIOS SPECIAL 2 DE RESPONSABILIDADE LIMITADA,64024849000188,256845872.9,16708643.27,47629982.809999995,50633405.10999999,50633405.10999999,7,50633405.11,0.32999248685133514,0.9406829879705871,0.9999999999999999,False
NM VOLPI MORTGAGE FUNDO DE INVESTIMENTO EM DIREITOS CREDITORIOS RESPONSABILIDADE LIMITADA,52756013000199,650997738.88,16689155.14,61602259.23,102427803.28,200274042.59000003,25,524410125.5,0.031824624141434506,0.11746962202773104,0.19532003349923877,False
ÁRTICO MIDDLE CORPORATE FUNDO DE INVESTIMENTO EM DIREITOS CREDITÓRIOS,26208328000191,362729545.48,16647356.6,63562533.01,103974658.9,185924530.81999996,25,321983190.67,0.05170256424057194,0.19740947618332388,0.32291952472315066,False
SAM - FUNDO DE INVESTIMENTO EM DIREITOS CREDITÓRIOS,30808102000107,16876386.32,16538972.53,16998891.03,16998891.03,16998891.03,2,16998891.03,0.9729442056432782,1.0,1.0,False
RAIDERS FUNDO DE INVESTIMENTO EM DIREITOS CREDITÓRIOS RESPONSABILIDADE LIMITADA,65815236000121,8026781.6,16538531.13,16538531.13,16538531.13,16538531.13,1,8261208.38,2.0019506068917248,2.0019506068917248,2.0019506068917248,True
OCTOPUS CAPITAL FUNDO DE INVESTIMENTO EM DIREITOS CREDITÓRIOS RESPONSABILIDADE LIMITADA,58265368000161,16614161.0,16518391.67,16518391.67,16518391.67,16518391.67,1,16518391.67,1.0,1.0,1.0,False
ZTIRAH FUNDO DE INVESTIMENTO EM DIREITOS CREDITÓRIOS,57246541000111,16644790.77,16500000.0,16500000.0,16500000.0,16500000.0,1,16500000.0,1.0,1.0,1.0,False
GAZIN FUNDO DE INVESTIMENTO EM DIREITOS CREDITÓRIOS MULTISSEGMENTOS - RESPONSABILIDADE LIMITADA,29492605000129,2494236413.23,16478201.02,54093583.05,86446578.79,129894138.21000002,25,2448539860.63,0.006729807133203141,0.02209217988229194,0.03530535899373009,False
NTZ EMPREENDIMENTOS FUNDO DE INVESTIMENTO EM DIREITOS CREDITÓRIOS MULTICARTEIRA DE RESP LIMITADA,62935248000100,86986428.65,16475099.62,54962335.57,75720173.32999998,84856022.75,24,86842728.31,0.18971190726746065,0.6328950810228178,0.8719230130553228,False
IRLA FUNDO DE INVESTIMENTO EM DIREITOS CREDITORIOS MULTISSETORIAL,31772126000108,55713486.68,16454598.88,39103216.760000005,45193959.2,46846657.470000006,14,46604775.22,0.3530668006084206,0.8390388447409404,0.9697280801518692,False
MFDH2 FUNDO DE INVESTIMENTO EM DIREITOS CREDITÓRIOS,51902751000134,71447537.89,16452127.11,16452127.11,16452127.11,16452127.11,1,16452127.11,1.0,1.0,1.0,False
HALFDOME FUNDO DE INVESTIMENTO EM DIREITOS  CREDITÓRIOS,54782494000132,247452217.13,16369647.49,16369647.49,16369647.49,16369647.49,1,16369647.49,1.0,1.0,1.0,False
AUGME NAMARI VENTURE DEBT FUNDO DE INVESTIMENTO EM DIREITOS CREDITÓRIOS DE RESPONSABILIDADE LIMITADA,46322877000108,30810974.96,16326237.14,27905863.25,29229797.41,29229797.41,6,29229797.41,0.5585477350730635,0.9547060097122992,1.0,False
DEL MONTE FUNDO DE INVESTIMENTO EM DIREITOS CREDITÓRIOS MULTISEGMENTOS,14605855000150,411926192.35,16304751.39,46629390.05,74460401.68,128122045.88,25,398244635.41,0.04094154682890823,0.11708730238636912,0.18697151212932644,False
FATOR FUNDO DE INVESTIMENTO EM DIREITOS CREDITÓRIOS,49260024000179,111882221.66,16284464.36,61637914.43,87123534.41999999,90426355.74999999,14,88575803.83,0.1838477739502553,0.6958775620969716,0.9836042198071688,False
BFC FUNDO DE INVESTIMENTO EM DIREITOS CREDITÓRIOS,11507489000109,336031124.63,16281708.08,37723244.6,56500871.84,85013409.89,25,235133088.70000002,0.06924464850956555,0.16043358596854088,0.24029315547369834,False
K2 FUNDO DE INVESTIMENTO EM DIREITOS CREDITÓRIOS,55993250000161,45863174.66,16241341.87,37677801.26,41434201.78,43949478.830000006,25,44322356.86,0.36643678316343037,0.8500856887870831,0.9348375112559392,False
SG FUNDO DE INVESTIMENTO EM DIREITOS CREDITÓRIOS,29720582000162,191641668.27,16229753.65,49711132.41,66029258.330000006,76506047.02999999,25,173614744.92,0.09348142438868609,0.28633012958033266,0.38032056759018745,False
FUNDO DE INVESTIMENTO EM DIREITOS CREDITÓRIOS DB CRÉDITO GLOBAL,27538324000134,53877274.09,16200746.2,42371993.55,43049235.45999999,43094615.08,13,39953551.29,0.40548951662414284,1.060531346574073,1.0774820778140644,True
FUNDO DE INVESTIMENTO EM DIREITOS CREDITÓRIOS NP EXODUS INSTITUCIONAL - RESPONSABILIDADE LIMITADA,11629795000118,90621806.84,16198659.56,45708813.00000001,55639051.81,68730187.73,25,87371754.61,0.1853992704198939,0.5231531998416394,0.6368082231878621,False
AKIREDE FUNDO DE INVESTIMENTO EM DIREITOS CREDITÓRIOS,52200745000106,31574360.53,16157356.52,30990137.56,32394429.54,34469261.74999999,25,31723085.009999998,0.509324881703868,0.9768954548471892,1.0211626495275719,True
BF3 FUNDO DE INVESTIMENTO EM DIREITOS CREDITÓRIOS,59197255000139,43286670.43,16060900.16,33657345.47,37800060.32,41998031.60000001,25,42701297.28,0.3761220661444036,0.7882042845045854,0.885220420169867,False
AURA INVEST FUNDO DE INVESTIMENTO EM DIREITOS CREDITÓRIOS CRÉDITO CORPORATIVO,63606548000108,17393645.26,16055748.66,16055748.66,16055748.66,16055748.66,1,16055748.66,1.0,1.0,1.0,False
FUNDO DE INVESTIMENTO EM DIREITOS  CREDITÓRIOS PREMIUM SOLIS - RESPONSABILIDADE LIMITADA,13039712000166,64340720.32,16035354.49,42544764.34,50890835.5,55534962.42,25,55985109.32,0.2864217768754372,0.7599300038305258,0.9090066290505548,False
CM ESTADUAL FUNDO DE INVESTIMENTO EM DIREITOS CREDITÓRIOS  NÃO PADRONIZADOS,44395657000170,18067373.92,16001996.58,17199725.040000003,17199725.040000003,17199725.040000003,4,17199725.04,0.930363511206456,1.0000000000000002,1.0000000000000002,False
GDV CAPTA FUNDO DE INVESTIMENTO EM DIREITOS CREDITÓRIOS,53165079000177,31753730.17,15888555.54,36841520.849999994,36841520.849999994,36841520.849999994,3,28641386.8,0.5547411391406508,1.2863036663434186,1.2863036663434186,True
FUNDO DE INVESTIMENTO EM DIREITOS CREDITÓRIOS MOTO HONDA II,63882874000130,636583666.49,15835635.3,47278725.38,70768184.89,116987053.89000002,24,565337541.53,0.02801093884043728,0.08362919832291224,0.12517864053124206,False
Z8 FUNDO DE INVESTIMENTO EM DIREITOS CREDITÓRIOS,60693131000123,16039871.41,15816477.85,15816477.85,15816477.85,15816477.85,1,15816477.85,1.0,1.0,1.0,False
DISAM CASH - FIDC AGRONEGÓCIO DE RESPONSABILIDADE ILIMITADA,24270541000106,273574186.12,15730102.25,48144478.21000001,65278379.56999999,83696188.81,24,267147237.35,0.05888177024039886,0.18021701698125386,0.24435356404032824,False
FS FUNDO DE INVESTIMENTO EM DIREITOS CREDITÓRIOS NÃO PADRONIZADOS,21397569000102,108713638.58,15707220.45,42478771.86,55723795.4,75344719.88000001,25,90560611.28,0.17344428475019452,0.469064544282524,0.6153204424350701,False
RECEBÍVEIS BRASIL INFRA FUNDO DE INVESTIMENTO EM DIREITOS CREDITÓRIOS NÃO-PADRONIZADOS,50555281000117,18406983.19,15699545.79,15699545.79,15699545.79,15699545.79,1,15699545.79,1.0,1.0,1.0,False
KP DRACMA FUNDO DE INVESTIMENTO EM DIREITOS CREDITÓRIOS RESPONSABILIDADE LIMITADA,45145595000101,15794090.96,15684803.36,15684803.36,15684803.36,15684803.36,1,15684803.36,1.0,1.0,1.0,False
FUNDO DE INVESTIMENTO EM DIREITOS CREDITÓRIOS MULTISETORIAL ÁSIA LP,09172117000127,371328923.76,15640054.33,67454605.61,105434023.41,166783386.95999998,25,290419756.59999996,0.05385327263234819,0.23226589815962956,0.3630401204254711,False
FUNDO DE INVESTIMENTO EM DIREITOS CREDITÓRIOS BDR KYIV I,55928021000163,12675594.27,15605419.48,17722040.75,17902528.77,17903222.89,12,15011742.74,1.0395474896074592,1.180545194314994,1.192568316688326,True
ID FINANCIAL FUNDO DE INVESTIMENTO EM DIREITOS CREDITÓRIOS MULTISEGMENTOS,12769511000151,26368603.63,15579001.66,19217485.309999995,20760908.999999996,22771917.359999992,25,24342676.98,0.6399871991400019,0.7894565304296288,0.8528605550267625,False
CREDIT PARTNERS FUNDO DE INVESTIMENTO EM DIREITO CREDITÓRIOS,32274874000123,140936265.13,15568659.1,49519112.20999999,69683963.11,94620813.18,25,134060024.6,0.11613200241050829,0.3693801515981521,0.5197967352155775,False
VGR IMOBILIÁRIO FUNDO DE INVESTIMENTO EM DIREITOS CREDITÓRIOS RESPONSABILIDADE LIMITADA,61621939000168,29551851.58,15505144.31,28436241.87,28436241.87,28436241.87,2,28436241.87,0.5452599672236506,1.0,1.0,False
VOLT FUNDO DE INVESTIMENTO EM DIREITOS CREDITÓRIOS RESPONSABILIDADE LIMITADA,60942645000175,15986583.52,15462371.35,15462371.35,15462371.35,15462371.35,1,15462371.37,0.9999999987065373,0.9999999987065373,0.9999999987065373,False
INTRA SOLIDEZ FUNDO DE INVESTIMENTO EM DIREITOS CREDITÓRIOS,57660236000171,328755715.72,15461671.85,70376623.35,119800323.6,195351287.82999995,25,306626373.89,0.05042512049386451,0.22951914558806708,0.3907045636034476,False
POLÍGONO DELTA FUNDO DE INVESTIMENTO EM DIREITOS CREDITÓRIOS,61536498000104,361288775.99,15433926.36,15636365.5,15636365.5,15636365.5,2,15421728.49,1.0007909534918806,1.0139178309447723,1.0139178309447723,False
EVEREST FUNDO DE INVESTIMENTO EM DIREITOS CREDITÓRIOS,51942865000108,15067867.45,15420000.0,15420000.0,15420000.0,15420000.0,1,15420000.0,1.0,1.0,1.0,False
FUNDO DE INVESTIMENTO EM DIREITOS CREDITORIOS F COBALTO - FINANCEIRO,16502939000194,26581137.41,15403566.28,39763800.24,46503254.66,47345116.339999996,19,26334272.83,0.5849246865268389,1.5099638595185012,1.7658833779159262,True
MTR CRÉDITOS SELECIONADOS II FUNDO DE INVESTIMENTO EM DIREITOS CREDITÓRIOS - RESPONSABILIDADE LIMITA,60327212000100,269572747.06,15356103.38,27085747.87,30754810.46,38830965.84,25,241029310.63,0.06371052275701396,0.11237532812587625,0.12759780285482036,False
ST 1024 FUNDO DE INVESTIMENTO EM DIREITOS CREDITÓRIOS RESPONSABILIDADE LIMITADA,64382297000180,20558344.78,15351906.12,20395620.119999997,20395620.119999997,20395620.119999997,2,20395620.12,0.7527060236303321,0.9999999999999998,0.9999999999999998,False
FIDC SINAI MACRO FUNDO DE INVESTIMENTO EM DIREITOS CREDITÓRIOS NÃO PADRONIZADO RESP LIMITADA,45521649000196,186688047.62,15331268.39,20705948.53,20705948.53,20705948.53,3,120807346.44,0.1269067556054168,0.17139643523487033,0.17139643523487033,False
KREDITON FUNDO DE INVESTIMENTO EM DIREITOS CREDITÓRIOS,61290894000196,49357122.01,15305338.62,27712881.82,34373317.21,38061888.260000005,25,40466752.529999994,0.37822008594965456,0.6848308818320689,0.8494211929785414,False
FIDELIS FUNDO DE INVESTIMENTO EM DIREITOS CREDITÓRIOS,63442029000143,56027465.85,15301170.94,30250196.45,37650887.64999999,46402388.519999996,25,56087749.68,0.27280771696669004,0.5393369607906865,0.6712854030481045,False
BIOENERGY FUNDO DE INVESTIMENTO EM DIREITOS CREDITÓRIOS NÃO PADRONIZADO,47425628000100,27142564.91,15294388.44,27606931.72,27606931.72,27606931.72,2,27606931.72,0.554005370648267,1.0,1.0,False
CHEMICAL XIV - FIDC - INDÚSTRIA PETROQUÍMICA,59534745000183,525889772.19,15235534.57,75458413.64999999,132599748.98,230625350.99999994,24,481333151.93,0.03165278458155256,0.15676961652741897,0.27548434685688117,False
4P FUNDO DE INVESTIMENTO EM DIREITOS CREDITÓRIOS  RESPONSABILIDADE LIMITADA,59473971000100,58692164.95,15199400.22,29013250.000000004,31927270.15,35031971.18000001,25,50909213.75,0.29855892677187534,0.5699017498576081,0.6271412932595133,False
CARAJÁS FUNDO DE INVESTIMENTO EM DIREITOS CREDITÓRIOS NÃO PADRONIZADO CRÉDITO CORPORATIVO,46390267000133,35739417.86,15191262.13,26958262.02,30357280.979999997,32497841.079999994,25,35487116.87,0.4280782286611271,0.759663348216093,0.8554451208647877,False
NEW INTER FUNDO DE INVESTIMENTO EM DIREITOS  CREDITÓRIOS,51781164000134,10293223.8,15158169.79,21172090.709999997,21172090.709999997,21172090.709999997,5,10637223.41,1.4250118856909482,1.9903775537981294,1.9903775537981294,True
FUNDO DE INVESTIMENTO EM DIREITOS CREDITÓRIOS MT CARTÃO CONSIGNADO I,58188881000104,68107152.92,15103396.19,15177678.600000001,15265807.470000003,15504461.150000004,25,58831617.15,0.2567224380640708,0.2579850654334767,0.2594830502632206,False
MASTRENN FUNDO DE INVESTIMENTO EM DIREITOS CREDITÓRIOS,51901421000124,10478235.81,15067998.61,15067998.61,15067998.61,15067998.61,1,10547599.03,1.4285714281651072,1.4285714281651072,1.4285714281651072,True
SB CRÉDITO MULTIESTRATÉGIA II FUNDO DE INVESTIMENTO EM DIREITOS CREDITÓRIOS DE CLASSE ÚNICA FECHADA,63079862000171,75173124.35,15000000.0,25805290.39,34321117.55,48911265.31,24,68196267.19,0.21995338774494588,0.378397402868173,0.5032697384210011,False
ASA SPECIAL SITUATIONS FUNDO DE INVESTIMENTO EM DIREITOS CREDITÓRIOS RESPONSABILIDADE LIMITADA,52351675000189,142447026.28,14994920.43,45308733.75,65440319.31,85172956.33,25,119469837.55,0.12551218564873656,0.37924830801780895,0.5477559914033716,False
HOPE I FUNDO DE INVESTIMENTO EM DIREITOS CREDITÓRIOS MULTISSEGMENTOS,08315045000167,344885023.07,14963290.81,42916166.61000001,63663760.40000001,102110554.22999997,25,304917165.18,0.04907329766484877,0.14074696839276185,0.2087903459367981,False
JEP AGRO FUNDO DE INVESTIMENTO EM DIREITOS CREDITÓRIOS CRÉDITO CORPORATIVO,64721990000130,15975114.17,14936841.26,14936841.26,14936841.26,14936841.26,1,14936841.26,1.0,1.0,1.0,False
RIO BRAVO AGRO RECEBÍVEIS FUNDO DE INVESTIMENTO EM DIREITOS CREDITÓRIOS DE RESPONSABILIDADE LIMITADA,58033643000111,69334603.97,14882894.82,46842646.14,48789139.31,48789139.31,6,48789139.31,0.30504524225024704,0.9601039658102548,1.0,False
FUNDO DE INVESTIMENTO EM DIREITOS CREDITÓRIOS MERCANTIS AUTO PEÇAS,12796029000100,202196864.12,14877098.37,63192466.129999995,102226875.36000001,159504720.01999998,24,201372494.73,0.07387850257279276,0.3138088258514569,0.507650637675546,False
ROCKET II PRECATÓRIOS FUNDO DE INVESTIMENTO EM DIREITOS CREDITÓRIOS,35949828000175,14760052.66,14774732.17,15645832.72,15645832.72,15645832.72,2,15645831.88,0.944323848250375,1.0000000536884204,1.0000000536884204,False
BS INTER FUNDO DE INVESTIMENTO EM DIREITOS CREDITÓRIOS NÃO- PADRONIZADOS MULTISSETORIAL,36875515000182,87598483.86,14758409.68,48011770.07,62773743.86,77911443.86,24,59762558.3,0.24695076817017722,0.8033754149042177,1.0503858209162376,True
FRAM CAPITAL BALTO FUNDO DE INVESTIMENTO E DIREITOS CREDITORIOS NAO - PADRONIZADOS,38448253000103,14668153.48,14724678.81,14724678.81,14724678.81,14724678.81,1,15175326.8,0.9703039021209086,0.9703039021209086,0.9703039021209086,False
MT - FUNDO DE INVESTIMENTO EM DIREITOS CREDITORIOS,26545364000140,34564122.63,14627934.16,27013086.150000002,28813677.740000006,28813677.740000006,8,27864414.020000003,0.524968303639927,0.9694474870568263,1.034067241439876,False
ÁGUAS DO FUTURO FUNDO DE INVESTIMENTO EM DIREITOS CREDITÓRIOS DE  RESPONSABILIDADE LIMITADA,59081408000188,27375290.07,14484255.05,20659592.200000003,20659592.200000003,20659592.200000003,3,20659592.2,0.7010910433169151,1.0000000000000002,1.0000000000000002,False
VALECRED FUNDO DE INVESTIMENTO EM DIREITOS CREDITÓRIOS,24290695000151,103500350.99,14460699.9,36163314.2,44548522.98999999,56040180.25999998,25,86396197.46,0.1673765781959914,0.4185752991819231,0.5156305983330484,False
MERCANTIL DE CRÉDITO FUNDO DE INVESTIMENTO EM DIREITOS CREDITÓRIOS MULTI OPEN I,26199650000100,44750933.9,14437384.37,43693874.73,54995271.16,58279323.2,25,44852254.2,0.32188759801508476,0.9741734392025272,1.2261428581665355,True
CREDIPAY FUNDO DE INVESTIMENTO EM DIREITOS CREDITÓRIOS COMERCIAIS DE RESPONSABILIDADE LIMITADA,58211468000105,77666173.61,14333624.4,39517461.24,54906260.73,74433797.45,25,68875565.08,0.20810899167725566,0.5737515357456578,0.7971805482281786,True
IRLANDA FUNDO DE INVESTIMENTO EM DIREITOS CREDITÓRIOS - RESPONSABILIDADE LIMITADA,57223832000194,43249222.04,14329215.08,32998148.939999998,32998148.939999998,32998148.939999998,5,32998148.58,0.43424300139932276,1.000000010909703,1.000000010909703,False
LEGACY FUNDO DE INVESTIMENTO EM DIREITOS CREDITÓRIOS,45145563000106,27588969.96,14248910.95,14248910.95,14248910.95,14248910.95,1,14248910.95,1.0,1.0,1.0,False
SUN FUNDO DE INVESTIMENTO EM DIREITOS CREDITÓRIOS NÃO-PADRONIZADOS RESPONSABILIDADE LIMITADA,41557609000143,53180978.26,14183956.92,35908192.85,44811685.970000006,49900351.29,24,41179550.93000001,0.34444175809762767,0.8719908799160865,1.088202395557304,True
STARS BANK I FUNDO DE INVESTIMENTO EM DIREITOS CREDITÓRIOS - RESPONSABILIDADE LIMITADA,52304780000167,151637878.52,14182304.63,33725232.14,45422499.53999999,65734392.08999999,25,111386509.64,0.1273251552260418,0.30277663111089115,0.40779174863100587,False
EGM NP FUNDO DE INVESTIMENTO EM DIREITOS CREDITÓRIOS NÃO PADRONIZADOS MULTISSETORIAL,13416131000104,71113467.95,14131600.69,41742244.900000006,48521335.58,52040339.72,25,47364188.9,0.2983604494914089,0.8813039106006945,1.0244308349171372,True
ITAÚ POOL FUNDO DE INVESTIMENTO EM DIREITOS CREDITÓRIOS RESPONSABILIDADE LIMITADA,61289587000195,402584008.82,14077404.91,62103068.34000001,93318585.58,159105522.07999998,25,173433147.57,0.08116905624582617,0.3580807314526444,0.5380666088778406,False
BUCAREST BANCO FUNDO DE INVESTIMENTO EM DIREITOS CREDITÓRIOS  INDUSTRIAL - RESPONSABILIDADE LIMITADA,46929959000107,90450388.59,14054817.99,24760183.42,34067562.69,46187532.54,25,83730482.36999999,0.1678578409221698,0.29571289593897515,0.40687168789327494,False
ALOHA FUNDO DE INVESTIMENTO EM DIREITOS CREDITÓRIOS,59870750000167,56908094.5,14051585.54,33591381.98,42081650.42,47626174.94000001,25,42482635.85,0.330760680425153,0.7907085167362561,0.9905611923088807,True
HUMACRED FUNDO DE INVESTIMENTO EM DIREITOS CREDITÓRIOS - RESPONSABILIDADE LIMITADA,35138000000137,69682252.79,13945707.99,47555879.87,49412673.38999999,50490739.23,25,69638999.64,0.20025715564687283,0.6828914848840583,0.7095546122925322,False
AUDAX CAPITAL FUNDO DE INVESTIMENTO EM DIREITOS CREDITÓRIOS,40895649000132,337398007.8,13917327.75,52201168.059999995,80309227.27,133149703.26,25,285908039.0,0.04867763704258767,0.1825802738621141,0.28089181245442346,False
ANTARES FUNDO DE INVESTIMENTO EM DIREITOS CREDITÓRIOS,60078440000193,33726868.99,13889779.56,18663998.290000003,19573561.48,19691426.340000004,14,19175205.1,0.72436145989385,0.9733402168407577,1.0207745564087864,False
JUGIS I PRECATÓRIOS FUNDO DE INVESTIMENTO EM DIREITOS CREDITÓRIOS,47984241000186,154086454.1,13863019.88,46806919.760000005,64568981.09,82482759.28,24,142644775.02,0.09718561284881475,0.3281362374011756,0.4526557743243444,False
CHIMERA  ALTERNATIVE ASSETS XI FUNDO DE INVESTIMENTO EM DIREITOS CREDITÓRIOS  RESP LIMITADA,58423669000176,0.11,13854324.76,13854324.76,13854324.76,13854324.76,1,13854324.76,1.0,1.0,1.0,False
SPRINGS I FUNDO DE INVESTIMENTO EM DIREITOS CREDITÓRIOS DE PRECATÓRIOS DE RESPONSABILIDADE LIMITADA,63139835000147,18567101.37,13834292.69,16195902.36,16241239.219999999,16241239.219999999,6,16241238.76,0.8518003395204073,0.997208562679858,1.0000000283229626,False
MINASVERDE FUNDO DE INVESTIMENTO EM DIREITOS CREDITÓRIOS,42605189000196,47017811.86,13833794.64,24136994.230000004,26172609.04000001,27779427.44000001,25,28953927.53,0.4777864635347452,0.8336345459520463,0.9039398545458751,False
PRECPAGO-F2 FUNDO DE INVESTIMENTO EM DIREITOS CREDITÓRIOS,57790697000169,25181845.74,13827212.12,18489441.8,18516942.060000002,18516942.060000002,6,18516941.62,0.7467330406801811,0.998514883258567,1.0000000237620235,False
FKP FUNDO DE INVESTIMENTO EM DIREITOS CREDITÓRIOS,61601122000128,12064143.1,13825623.28,13825623.28,13825623.28,13825623.28,1,13788943.08,1.0026601168622706,1.0026601168622706,1.0026601168622706,False
TERTON FUNDO DE INVESTIMENTO DIREITOS CREDITÓRIOS DE RESPONSABILIDADE LIMITADA,57378455000162,31727815.43,13791556.17,14755635.16,15370567.43,16569844.1,25,31610697.54,0.4362939524680922,0.466792456614673,0.4862457530571785,False
RIO CAPITAL FUNDO DE INVESTIMENTO EM DIREITOS CREDITÓRIOS,31894591000111,18268983.37,13747988.3,13953330.88,13953330.88,13953330.88,4,13573388.83,1.012863366119307,1.027991686877801,1.027991686877801,False
RELAUREA FUNDO DE INVESTIMENTO EM DIREITOS CREDITÓRIOS MULTISEGMENTO DE RESPONSABILIDADE LIMITADA,53167385000142,21180337.85,13739503.08,22987591.14,22987591.14,22987591.14,4,20599006.39,0.666998340593262,1.1159563089974847,1.1159563089974847,True
BOAZ FUNDO DE INVESTIMENTO EM DIREITOS CREDITÓRIOS DE RESPONSABILIDADE LIMITADA,52549758000187,110927390.02,13729614.9,53652677.629999995,82286836.02,106804385.99,20,106804385.99,0.1285491674591481,0.5023452654371652,0.7704443526102425,False
BOCAINA 051 FUNDO DE INVESTIMENTO EM DIREITOS CREDITÓRIOS DE RESPONSABILIDADE LIMITADA,47227626000107,13705008.54,13727117.64,13727117.64,13727117.64,13727117.64,1,13727117.64,1.0,1.0,1.0,False
BANCOR FIDC DE RESPONSABILIDADE LIMITADA RECEBÍVEIS COMERCIAIS,52984899000128,114204499.0,13711714.63,32629108.320000004,47694043.33,72241962.71,24,105941157.94,0.12942764546490665,0.30799274762014184,0.45019371373127354,False
FINANÇA NP - FUNDO DE INVESTIMENTO EM DIREITOS CREDITORIOS NÃO PADRONIZADOS MULTISSETORIAL,19425573000195,37726652.78,13662062.8,23243268.86,28317193.370000005,31926928.040000007,25,37467837.12,0.36463441314330136,0.6203525649360996,0.7557733658152511,False
SNOW FUNDO DE INVESTIMENTO EM DIREITOS CREDITÓRIOS RESPONSABILIDADE LIMITADA,60397788000143,13651078.96,13660814.63,13660814.63,13660814.63,13660814.63,1,13660814.63,1.0,1.0,1.0,False
SAM 2 - FUNDO DE INVESTIMENTO EM DIREITOS CREDITÓRIOS,32274238000100,17195310.85,13657200.95,13657200.95,13657200.95,13657200.95,1,13657200.95,1.0,1.0,1.0,False
PSS ABSOLUTO FUNDO DE INVESTIMENTO EM DIREITOS CREDITÓRIOS NÃO PADRONIZADO,32273345000105,19620108.77,13633347.27,19592720.419999998,19592720.419999998,19592720.419999998,3,19592720.42,0.6958373813206282,0.9999999999999998,0.9999999999999998,False
NOVO HORIZONTE FUNDO DE INVESTIMENTO EM DIREITOS CREDITÓRIOS,45207507000159,148370880.53,13630592.79,33852850.51,47195434.57,72191911.11000001,25,103424244.98,0.1317930122925805,0.3273202576102576,0.4563285386238649,False
GOLDEN TREE FUNDO DE INVESTIMENTO EM DIREITOS CREDITÓRIOS RESPONSABILIDADE LIMITADA,29249995000100,21582175.77,13629078.16,43396717.46,67976879.07,108653446.08000001,25,10413989.67,1.3087278355251144,4.16715580053,6.527457893090074,True
CLASSE ÚNICA DE RESP LIMITADA DO PLGN FORNECEDORES FUNDO DE INVESTIMENTO EM DIREITOS CREDITORIOS,55947377000144,2431575.28,13629078.16,43396717.46,67976879.07,108653446.08000001,25,259186.74,52.584010123357395,167.43417298276913,262.26989494138473,True
GRUPO AFFIX FUNDO DE INVESTIMENTO EM DIREITOS CREDITÓRIOS MULTISSETORIAL,43702427000144,17349512.3,13629078.16,43396717.46,67976879.07,108653446.08000001,25,13392484.670000002,1.0176661385717307,3.2403783561695123,5.07574813374791,True
KSK FUNDO DE INVESTIMENTO EM DIREITOS CREDITÓRIOS  NÃO-PADRONIZADOS RESPONSABILIDADE LIMITADA,53279486000105,60726975.57,13602165.88,30007142.51,30042696.210000005,30129229.580000002,24,40003413.59,0.34002512934046836,0.7501145481619884,0.7510033148148646,False
RONEPAR FUNDO DE INVESTIMENTO EM DIREITOS CREDITÓRIOS,32156052000148,108671210.82,13587699.98,39103496.18,47360765.550000004,53879868.59,24,102914532.41,0.1320289726028985,0.37996087884086227,0.46019511959030246,False
ANKER FUNDO DE INVESTIMENTO EM DIREITOS CREDITÓRIOS CONSÓRCIOS I - RESPONSABILIDADE LIMITADA,62359337000147,16204570.45,13553103.76,16791415.99,16791415.99,16791415.99,5,16791415.99,0.8071447796940681,1.0,1.0,False
OMEGA FUNDO DE INVESTIMENTO EM DIREITOS CREDITÓRIOS NP RESPONSABILIDADE LIMITADA,43444545000108,104809770.54,13552161.57,45906673.03,75160201.39,103766972.11,23,102201495.0,0.13260238091429094,0.4491780969544526,0.7354119564493651,False
AURI FUNDO DE INVESTIMENTO EM DIREITOS CREDITÓRIOS RESPONSABILIDADE LIMITADA,26452257000178,61376674.17,13551059.19,33740349.629999995,40154255.36,46210200.89,25,58507961.699999996,0.23161051583856493,0.5766796287145309,0.686304123289942,False
JC SALUS FUNDO DE INVESTIMENTO EM DIREITOS CREDITÓRIOS,64168109000115,23151718.91,13464863.03,18924573.31,21951259.099999994,21951259.099999994,10,21951259.1,0.6133982095815177,0.8621178960071587,0.9999999999999997,False
MÓDENA FUNDO DE INVESTIMENTO EM DIREITOS CREDITÓRIOS NÃO-PADRONIZADOS,55693852000101,35908119.64,13459457.12,41222696.45,41223593.45,41223593.45,6,0.0,,,,False
ITAÚ SONETO IP CRÉDITO PRIVADO FUNDO DE INVESTIMENTO EM DIREITOS CREDITÓRIOS RESPONSABILIDADE LIMITA,61631615000100,278826338.98,13441034.06,35405568.87,47603964.94,61738123.32,25,69262211.95,0.19406013295825733,0.5111816078810633,0.6873006737694868,False
QUATA ARCEL NPL I FUNDO DE INVESTIMENTO EM DIREITOS CREDITORIOS NÃO PADRONIZADOS,30332581000120,56797747.09,13428176.25,45159744.50000001,58736371.07999999,61068189.839999996,16,53804234.71,0.24957470954427036,0.8393343896332134,1.0916681818184715,True
SPECIAL SITUATIONS IV FUNDO DE INVESTIMENTO EM DIREITOS CREDITÓRIOS - RESPONSABILIDADE LIMITADA,57400405000134,119207181.41,13423482.16,37692483.730000004,37692483.730000004,37692483.730000004,4,25054182.18,0.5357781013788413,1.504438798249371,1.504438798249371,True
BMJ FUNDO DE INVESTIMENTO EM DIREITOS CREDITÓRIOS,62431397000123,15919258.07,13406435.15,15906435.15,15906435.15,15906435.15,2,13406435.15,1.0,1.1864776110896267,1.1864776110896267,True
POTENCIAL FUNDO DE INVESTIMENTO EM DIREITOS CREDITÓRIOS,51869653000142,38580806.8,13374008.56,21545151.08,24636320.98,28596578.18,25,35133853.230000004,0.3806587473468534,0.6132305198338758,0.7012131808805874,False
GAMBOA FUNDO DE INVESTIMENTO EM DIREITOS CREDITÓRIOS RESPONSABILIDADE LIMITADA,59472452000119,13589883.85,13364607.59,13364607.59,13364607.59,13364607.59,1,13364607.59,1.0,1.0,1.0,False
KRONOS PERFORMANCE FUNDO DE INVESTIMENTO EM DIREITOS CREDITÓRIOS DE RESPONSABILIDADE LIMITADA,57704202000131,53568407.95,13315618.78,36009591.91,48160954.33,52784270.38,24,52784270.38,0.25226490172430793,0.6822030815385497,0.9124111024607099,False
LGX FUNDO DE INVESTIMENTO EM DIREITOS CREDITÓRIOS - RESPONSABILIDADE LIMITADA,34218918000123,121441290.33,13252670.42,42815425.74,68292930.10000001,97744498.95,25,115375721.27000001,0.11486533106030479,0.37109562799442164,0.5919176872591958,False
FIDUSSIA - FUNDO DE INVESTIMENTO EM DIREITOS CREDITÓRIOS NÃO PADRONIZADOS,18392964000198,51092465.98,13251706.4,38027678.300000004,54588164.41,68708747.66,25,57653328.18,0.2298515422843712,0.6595920738742684,0.9468345737052642,True
FUNDO DE INVESTIMENTO EM DIREITOS CREDITÓRIOS - FORNECEDORES I DE RESPONSABILIDADE LIMITADA,08987105000198,13722894.63,13228304.74,13751705.360000001,13751705.360000001,13751705.360000001,3,13751705.36,0.9619392208967457,1.0000000000000002,1.0000000000000002,False
MULTIPLIX MULTISSETORIAL FUNDO DE INVESTIMENTO EM DIREITOS CREDITÓRIOS - RESPONSABILIDADE LIMITADA,14770038000158,232485585.75,13226995.61,52024733.19,80198512.72,129468934.93,25,197587569.35999998,0.06694244811474308,0.2632996263809093,0.40588845229367726,False
ENCORE FUNDO DE INVESTIMENTO EM DIREITOS CREDITÓRIOS,52356126000105,36610701.32,13225551.75,29635992.83,33812182.53,35922652.400000006,19,34114937.81,0.3876762673189818,0.8687101525746559,0.9911254336242332,True
FUNDO DE INVESTIMENTO EM DIREITOS CREDITÓRIOS ERFOLG PARANAPANEMA CRÉDITOS PÚBLICOS RESP LIMITADA,64191967000180,5932142.24,13182676.91,13182676.91,13182676.91,13182676.91,1,13182676.91,1.0,1.0,1.0,False
RES JUDICATA FIDC NÃO PADRONIZADOS RESPONSABILIDADE LIMITADA,64155784000100,24212431.52,13146994.76,103522265.88000001,103522265.88000001,103522265.88000001,2,22184521.88,0.5926201534166217,4.666418615644288,4.666418615644288,True
HIGH YIELD DISTRESSED FUNDO DE INVESTIMENTO EM DIREITOS CREDITÓRIOS NÃO PADRONIZADOS - RESPON. LIMIT,25295530000135,22213350.3,13129098.11,13129098.11,13129098.11,13129098.11,1,13129098.11,1.0,1.0,1.0,False
MEDTECH CPV FUNDO DE INVESTIMENTO EM DIREITOS CREDITÓRIOS,52519160000145,49121825.54,13103534.65,20071138.97,25070474.99,31639292.770000003,25,47760483.32,0.2743593393350945,0.4202457256456424,0.5249208811817359,False
AMERICA FUNDO DE INVESTIMENTO EM DIREITOS CREDITÓRIOS RESPONSABILIDADE LIMITADA,60137602000117,93991772.03,13099734.75,35878492.96,51854760.4,69897725.73,25,77415650.15,0.16921300440696485,0.46345271131201626,0.6698227076763754,False
GV HOME EQUITY FUNDO DE INVESTIMENTO EM DIREITOS CREDITÓRIOS,54495443000120,196917487.73,13079372.47,46562770.150000006,75751281.54,120800934.39999998,25,191351362.06,0.06835264891346235,0.24333649705299623,0.39587531922687585,False
BAVIERA FUNDO DE INVESTIMENTO EM DIREITOS CREDITÓRIOS - RESPONSABILIDADE LIMITADA,40188893000165,35750868.37,13045149.81,49930860.55,74355099.42,102607848.5,25,42056956.22,0.31017817223293104,1.1872200234560863,1.7679619759225649,True
CANAVIEIRAS - FUNDO DE INVESTIMENTO EM DIREITOS CREDITÓRIOS NÃO-PADRONIZADOS - FIDC NP,29284795000199,1009532.68,13037681.85,20442959.05,20442959.05,20442959.05,3,0.0,,,,False
PRECATO V FUNDO DE INVESTIMENTO EM DIREITOS CREDITÓRIOS RESPONSABILIDADE LIMITADA,59388384000104,28177263.48,13026807.68,25948978.980000004,26337920.430000003,26337920.430000003,8,26337920.42,0.4946027428235353,0.9852326442711609,1.0000000003796807,False
AZZAM FUNDO DE INVESTIMENTO EM DIREITOS CREDITÓRIOS - RESPONSABILIDADE LIMITADA,51889748000128,93101319.13,13008616.21,31025354.970000003,39199297.99000001,52241757.160000004,24,89855667.86,0.14477235014565948,0.3452798883910049,0.43624736116896534,False
FUNDO DE INVESTIMENTO EM DIREITOS CREDITORIOS CATHON,51200316000168,13081382.94,13000000.0,13000000.0,13000000.0,13000000.0,1,13000000.0,1.0,1.0,1.0,False
ATLANTA I FUNDO DE INVESTIMENTO  EM DIREITOS CREDITÓRIOS RESPONSABILIDADE LIMITADA,55965708000179,13467627.6,13000000.0,13000000.0,13000000.0,13000000.0,1,13000000.0,1.0,1.0,1.0,False
PRIME AGRO FUNDO DE INVESTIMENTO EM DIREITOS CREDITÓRIOS DE RESPONSABILIDADE LIMITADA,53783414000109,183629370.23,12996081.46,52114682.300000004,81829718.42999999,132167233.81,24,181342331.15,0.07166601078514921,0.28738288500820347,0.45124443868714426,False
MONTENEGRO FUNDO DE INVESTIMENTO EM DIREITOS CREDITÓRIOS NÃO PADRONIZADO,40617721000160,48001549.2,12967232.47,42289397.75,48859365.05,48859366.05,11,47836973.910000004,0.2710713368783824,0.8840316243574028,1.0213724041559047,False
HERCULES FUNDO DE INVESTIMENTO EM DIREITOS CREDITÓRIOS MULTISSETORIAL,28671081000170,347247870.72,12908377.57,61644852.03999999,101081938.42,151729537.4,25,339938482.08,0.03797268697270404,0.1813411993335097,0.2973536205771835,False
SIMULTI FUNDO DE INVESTIMENTO EM DIREITOS CREDITÓRIOS,48928851000125,17267586.41,12843660.99,18809692.900000002,18809692.900000002,18809692.900000002,5,16680550.49,0.7699782448846507,1.127642214882322,1.127642214882322,True
ALMAM FUNDO DE  INVESTIMENTO EM DIREITOS CREDITÓRIOS NÃO-PADRONIZADOS RESPONSABILIDADE  LIMITADA,62576847000176,27902128.94,12799436.67,26698366.52,27432439.610000003,27432439.610000003,9,27432439.61,0.4665803279608496,0.9732406923906102,1.0000000000000002,False
FUNDO DE INVESTIMENTO EM DIREITOS CREDITÓRIOS MAIS EDUCAÇÃO RESPONSABILIDADE LIMITADA,58242346000186,13352468.51,12777995.6,12823468.940000001,12866817.670000002,12996687.200000003,25,13271274.22,0.962831103342238,0.9662575520197487,0.9695239098148936,False
INFRA CAPITAL FUNDO DE INVESTIMENTO EM DIREITOS CREDITÓRIOS,64310285000140,16404676.62,12746497.87,15269543.3,16444386.11,16542364.69,11,16430675.36,0.7757744335349098,0.9293314465437774,1.0008344605257906,False
UNIQUE II FUNDO DE INVESTIMENTO EM DIREITOS CREDITÓRIOS,32388171000126,353443030.46,12740534.37,46819858.71,74063289.7,131734559.91,25,346917003.59000003,0.03672502136867657,0.13495982677555213,0.2134899383240692,False
AJAXJUD - FUNDO DE INVESTIMENTO EM DIREITOS CREDITÓRIOS MULTISEGMENTOS DE RESPONSABILIDADE LIMITADA,10269029000127,189279045.29,12736813.73,37967541.81,62083275.879999995,101469291.73000002,25,144315959.32,0.08825644641115497,0.26308623099550904,0.4301899538521531,False
CANAL 87 FUNDO DE INVESTIMENTO EM DIREITOS CREDITÓRIOS NÃO-PADRONIZADOS,40669040000145,18083527.26,12717466.22,18038138.950000003,18038138.950000003,18038138.950000003,4,18038138.95,0.7050320576447273,1.0000000000000002,1.0000000000000002,False
PANDION FUNDO DE INVESTIMENTO EM DIREITOS CREDITÓRIOS,47463373000162,40144805.22,12700000.0,26127005.69,27672309.51,27672309.51,8,27672309.51,0.4589425394873736,0.9441570346905245,1.0,False
REDWOOD CC FUNDO DE INVESTIMENTO EM DIREITOS CREDITÓRIOS RESPONSABILIDADE LIMITADA,62433229000177,20917774.45,12645343.02,12645343.02,12645343.02,12645343.02,1,10107049.97,1.2511408430287991,1.2511408430287991,1.2511408430287991,True
COBUCCIO I FIDC - SEGMENTO MEIOS DE PAGAMENTO RESPONSABILIDADE LIMITADA.,60871114000139,53306839.43,12594895.39,31521757.10000001,38616644.14000001,43224317.06000001,24,44152572.57,0.2852584720863526,0.7139279834719721,0.8746182134410567,False
JAZZ CAPITAL FUNDO DE INVESTIMENTO EM DIREITOS CREDITÓRIOS DE RESPONSABILIDADE LIMITADA,55251884000149,182190597.93,12535693.74,40316425.76,48324921.02,48324921.02,10,107369520.98,0.11675281425848082,0.375492275573343,0.45008043790194063,False
BARUC FUNDO DE INVESTIMENTO EM DIREITOS CREDITÓRIOS NÃO PADRONIZADOS,44585152000179,15015543.97,12531046.86,13169184.97,13417796.9,13443842.57,13,13438966.35,0.9324412706785296,0.9799254367505728,0.9984247709646211,False
ANZEN FUNDO DE INVESTIMENTO EM DIREITOS CREDITÓRIOS,60043514000156,42144016.88,12502838.12,20466847.240000002,22071703.450000003,25400015.230000004,25,35058614.83,0.3566267001884284,0.5837893864102789,0.6295657588591616,False
ILLUMINATI FUNDO DE INVESTIMENTO EM DIREITOS CREDITÓRIOS,23033577000103,32258222.63,12500000.0,52547267.49,94210664.89,123410050.86999999,13,0.0,,,,False
AURUM - FUNDO DE INVESTIMENTO EM DIREITOS CREDITÓRIOS MULTISSETORIAL LP,15653649000189,213808096.02,12493289.7,48032058.48,77387861.77000001,119677353.9,25,191995626.87,0.06507069928451646,0.25017266936252897,0.40307096068599124,False
SBK CAPITAL FUNDO DE INVESTIMENTO EM DIREITOS CREDITÓRIOS MULTISSETORIAL RESPONSABILIDADE LIMITADA,19932422000123,161507626.42,12431477.6,37461042.34,54508746.69,80754773.07,25,140548177.22,0.0884499382766168,0.2665352413739401,0.38782962375013574,False
ASSET BANK - II FUNDO DE INVESTIMENTO EM DIREITOS CREDITORIOS,33490076000100,121694729.51,12324704.35,51647007.16,70238836.72,87377298.69999999,25,114678071.18,0.10747219780715533,0.4503651537610383,0.6124870779327315,False
ITAÚ SONETO III CRÉDITO PRIVADO FUNDO DE INVESTIMENTO EM DIREITOS CREDITÓRIOS RESP LIMITADA,61285889000195,297671343.4,12312351.98,31225428.840000004,42252623.74,51588876.32999999,25,56375991.03,0.21839708278384123,0.553878136233271,0.7494790418409786,False
PRIORITY FUNDO DE INVESTIMENTO EM DIREITOS CREDITÓRIOS,56147999000150,55660578.76,12310559.47,35808119.86,45194023.919999994,50538307.07999999,25,50835613.63,0.2421640773258037,0.7043904322789227,0.8890228855884078,False
CONSIG FUNDO DE INVESTIMENTO EM DIREITOS CREDITÓRIOS NÃO  PADRONIZADO RESPONSABILIDADE LIMITADA,66230173000104,13032537.05,12292986.94,12392643.25,12478820.27,12661275.210000003,25,12994575.64,0.9460091103059676,0.9536781802903107,0.9603099489903772,False
ARISTA FUNDO DE INVESTIMENTO EM DIREITOS CREDITÓRIOS,45101831000198,-108121.88,12256000.0,53862567.15,53862567.15,53862567.15,2,0.0,,,,False
VBINVEST FUNDO DE INVESTIMENTO EM DIREITOS CREDITÓRIOS,52364436000163,14918943.35,12217695.48,12217695.48,12217695.48,12217695.48,1,12217695.48,1.0,1.0,1.0,False
E-JUS FUNDO DE INVESTIMENTO EM DIREITOS CREDITORIOS NAO PADRONIZADOS,47542777000141,18461940.91,12204606.26,18352270.1,18352270.1,18352270.1,3,18352270.1,0.665018888317255,1.0,1.0,False
FUNDO DE INVESTIMENTO EM DIREITOS CREDITÓRIOS TETRA DE RESPONSABILIDADE LIMITADA,39774081000112,127673715.15,12093190.91,34331302.45,46599034.660000004,57576391.900000006,24,126803892.85,0.09536924015657301,0.27074328459782776,0.36748899117098366,False
BRD FUNDO DE INVESTIMENTO EM DIREITOS CREDITÓRIOS RESPONSABILIDADE LIMITADA,59175312000189,29612643.33,12085789.15,19136899.369999997,24159450.280000005,28355878.51000001,25,28471083.4,0.4244934757207027,0.6721521306772611,0.848560974676503,False
FORESTER FUNDO DE INVESTIMENTO EM DIREITOS CREDITÓRIOS,66644176000194,15017154.12,12082970.55,12082970.55,12082970.55,12082970.55,1,12082970.55,1.0,1.0,1.0,False
FUNDO DE INVESTIMENTO EM DIREITOS CREDITÓRIOS PREMIER,23293595000116,9334089.39,12005540.42,46670750.7,70620547.08,111392319.94,24,4893613.28,2.453307961433356,9.537073738691506,14.431166305809926,True
TRIPOLI NPL FUNDO DE INVESTIMENTO EM DIREITOS CREDITÓRIOS,41287621000185,119578575.54,12001340.07,14578758.44,14885307.280000001,15320350.090000002,24,12007426.98,0.9994930712458099,1.2141450840619643,1.2396750198684114,True
CEDRO FIDC MULTISSETORIAL NP,21053703000158,22333046.33,12001215.12,22360100.08,22360100.08,22360100.08,5,22132128.16,0.5422531007067871,1.0103004970128457,1.0103004970128457,False
ALGARVE LEGAL CLAIMS I FUNDO DE INVESTIMENTO EM DIREITOS CREDITÓRIOS - RESPONSABILIDADE LIMITADA,48053686000105,125257090.88,12000000.51,106657461.50999999,106657461.50999999,106657461.50999999,5,109079877.29,0.1100111295330556,0.9777922762641199,0.9777922762641199,False
CANOA FUNDO DE INVESTIMENTO EM DIREITOS CREDITÓRIOS,59815957000139,8938486.84,12000000.0,12000000.0,12000000.0,12000000.0,1,12000000.0,1.0,1.0,1.0,False
FERPAR - FUNDO DE INVESTIMENTO EM DIREITOS CREDITÓRIOS NÃO PADRONIZADOS,35940459000150,32762284.49,11995934.91,27619699.97,29968376.07,34057935.559999995,25,25064019.0,0.47861178648164926,1.1019661280180166,1.195673210669047,True
FUNDO DE INVESTIMENTO EM DIREITOS CREDITÓRIOS EMPÍRICA MEZZO SAÚDE,34475955000117,44435051.86,11961320.51,24369941.259999998,30809195.709999997,40183648.330000006,24,43995608.63,0.2718753276172145,0.5539175844787034,0.7002788839473317,False
SPS ALPHA FUNDO DE INVESTIMENTO EM DIREITOS CREDITÓRIOS,29550273000191,10269090.05,11960121.72,11960121.72,11960121.72,11960121.72,1,11960121.72,1.0,1.0,1.0,False
NG OPPORTUNITY FUNDO DE INVESTIMENTO EM DIREITOS CREDITÓRIOS NÃO PADRONIZADOS,46230817000157,15468436.06,11953725.43,15426588.319999998,15529968.850000001,15529968.850000001,10,15505422.64,0.770938381206228,0.9949156935718327,1.0015830726172326,False
AGROJIVE I FUNDO DE INVESTIMENTO EM  DIREITOS CREDITÓRIOS SEGMENTO AGRONEGÓCIO - RESP LIMITADA,60006903000101,115622173.08,11937267.25,20451301.23,26757402.209999997,37989340.300000004,24,115386969.93,0.10345420507395067,0.17724099386964462,0.2318927538025523,False
VLA FUNDO DE INVESTIMENTO EM DIREITOS CREDITORIOS - RESPONSABILIDADE LIMITADA,31771948000174,123279479.66,11928283.62,40866718.61,57193337.20999999,77067908.41000001,25,99516378.16999999,0.11986251750062057,0.41065319459465216,0.5747128087026924,False
HIKARI FUNDO DE INVESTIMENTO EM DIREITOS CREDITORIOS,44465412000172,18907426.54,11911665.76,16952247.759999998,16961445.429999996,16977208.439999994,25,16971199.34,0.7018753077706764,0.9988833093277424,0.9994252669004355,False
WONE ATIVOS JUDICIAIS FUNDO DE INVESTIMENTO EM DIREITOS CREDITORIOS NAO-PADRONIZADOS,40319383000180,74140325.05,11799159.42,29406547.12,34542373.589999996,41472477.3,24,52590119.7,0.22436076371965358,0.5591648638137631,0.6568224941689949,False
DC1 FUNDO DE INVESTIMENTO EM DIREITOS CREDITÓRIOS,58242641000132,30768430.63,11750015.37,19988306.46,26900135.35,29653413.730000004,15,29653413.73,0.3962449476133215,0.6740642626173617,0.9071513855008693,False
AGROMERCANTIL CRÉDITO AGRO FUNDO DE INVESTIMENTO EM DIREITOS CREDITÓRIOS - RESPONSABILIDADE LIMITADA,57752597000148,68736909.66,11713266.63,31007581.94,40130528.3,48348199.279999994,25,48348199.28,0.24226893254420293,0.6413389206167763,0.8300314985381602,False
EMPRESARIAL FUNDO DE INVESTIMENTO EM DIREITOS CREDITÓRIOS MULTISEGMENTOS,07727757000120,515352066.52,11705454.15,43891224.09,70441770.17999999,118423203.90999997,25,469882673.77,0.024911440245463556,0.09340890085997096,0.14991352972184735,False
IATROS FUNDO DE INVESTIMENTO EM DIREITOS CREDITÓRIOS - RESPONSABILIDADE LIMITADA,60058603000176,89164902.28,11696304.03,47082587.879999995,71538413.03999999,91689315.05000001,25,74520242.26,0.1569547236466539,0.6318093775880325,0.959986318756232,True
FUNDO DE INVESTIMENTO EM DIREITOS CREDITÓRIOS OPEA AGRO SUMITOMO CHEMICAL RESP LIMITADA,43866348000179,256043621.64,11682350.88,46031869.23,72083256.36,116186772.18999998,24,218771784.7,0.053399714666221315,0.21041044800691797,0.3294906445949929,False
FUNDO DE INVESTIMENTO EM DIREITOS CREDITÓRIOS NEXA BWM - RESPONSABILIDADE LIMITADA,61149505000107,17831592.17,11677352.28,14970559.2,14970559.2,14970559.2,2,17591976.54,0.6637885318598771,0.8509879015561715,0.8509879015561715,False
FUNDO DE  INVESTIMENTO EM DIREITOS CREDITÓRIOS ECO,50149859000135,42315515.17,11523518.79,23622264.43,31470980.509999998,38984941.050000004,25,37327678.61,0.30871244125298686,0.6328350786772915,0.8431003931106767,False
CUPERTINO FUNDO DE INVESTIMENTO EM DIREITOS CREDITÓRIOS - RESPONSABILIDADE LIMITADA,39769235000188,246272115.34,11517043.23,53762177.830000006,87061451.61000001,153317211.08,25,197905533.47,0.05819464988201475,0.2716557586205627,0.43991418574052876,False
FUNDO DE INVESTIMENTO EM DIREITOS CREDITÓRIOS MULTISSETORIAL ONE7 LP RESPONSABILIDADE LIMITADA,08654210000105,502797099.05,11420057.55,48736269.64,76608398.82,120183706.90999997,25,483462884.03000003,0.02362137389907962,0.10080664152281811,0.15845766314347776,False
FUNDO DE RECUPERAÇÃO DE ATIVOS FIDC - RESPONSABILIDADE LIMITADA,22415372000111,35866953.93,11406146.48,34918040.510000005,34918040.510000005,34918040.510000005,5,34918040.51,0.32665482694349507,1.0000000000000002,1.0000000000000002,False
FIGTREE COBRAFIX EDUCACIONAL INADIMPLENCIA FUNDO DE INVESTIMENTO EM DIREITOS CREDITÓRIOS,62838783000134,16099111.13,11368018.87,13019348.979999999,13019348.979999999,13019348.979999999,2,15072926.16,0.7542011915488611,0.8637572321259217,0.8637572321259217,False
KVS STEEL CREDIT FUNDO DE INVESTIMENTO EM DIREITOS CREDITÓRIOS,64883935000146,23036850.02,11357122.15,20187904.16,20187904.16,20187904.16,3,20187904.09,0.5625706412794831,1.0000000034674228,1.0000000034674228,False
G5 SANEAMENTO FUNDO DE INVESTIMENTO EM DIREITOS CREDITÓRIOS,37310965000190,36039254.21,11329465.33,30635993.270000003,30635993.270000003,30635993.270000003,4,30635993.27,0.3698089769817997,1.0000000000000002,1.0000000000000002,False
BERRINI FUNDO DE INVESTIMENTO EM DIREITOS CREDITÓRIOS RESPONSABILIDADE LIMITADA,57437905000140,215237731.51,11318737.64,11318737.64,11318737.64,11318737.64,1,4504857.58,2.5125628144719285,2.5125628144719285,2.5125628144719285,True
INTRABANK MULTICRED FUNDO DE INVESTIMENTO EM DIREITOS CREDITÓRIOS FINANCEIROS DE RESPONSABILIDADE LI,54422007000120,48169308.84,11254123.44,45857808.74,53444133.83,56223078.019999996,19,38330047.02,0.29361100011507363,1.196393229470137,1.3943143300114844,True
VALOREM FUNDO DE INVESTIMENTO EM DIREITOS CREDITÓRIOS  MULTISETORIAL RESPONSABILIDADE LIMITADA,17468142000180,511752071.28,11228258.99,45462938.879999995,70980116.48,116696651.94,25,461342071.74,0.024338250677315085,0.09854496622979074,0.1538557197098696,False
FUNDO DE INVESTIMENTO EM DIREITOS CREDITÓRIOS PAGBEM,31368761000124,11427278.28,11211604.04,11211604.04,11211604.04,11211604.04,1,11211604.04,1.0,1.0,1.0,False
ORIZ ALOCAÇÃO CRÉDITO ESTRUTURADO FUNDO DE INVESTIMENTO EM DIREITOS CREDITÓRIOS DE RESP LIMITADA,54422165000180,219697477.3,11198312.5,25719984.08,26769944.2,26769944.2,6,21170787.95,0.5289511437386061,1.2148808131631208,1.264475571869303,True
NOX FUNDO DE INVESTIMENTO EM DIREITOS CREDITÓRIOS,64510628000110,12116309.47,11172926.71,11172926.71,11172926.71,11172926.71,1,11294690.84,0.989219348123388,0.989219348123388,0.989219348123388,False
JOB FUNDO DE INVESTIMENTO EM DIREITOS CREDITÓRIOS - RESPONSABILIDADE LIMITADA,45525103000103,8197130.73,11166513.78,17175178.36,17301816.98,17301816.98,6,6050109.93,1.8456712207211083,2.8388208741192247,2.859752497092231,True
OPERA FUNDO DE INVESTIMENTO EM DIREITOS CREDITÓRIOS MULTISETORIAL,29226704000169,767510008.24,11091418.65,40225849.3,63088069.66,108787211.04000002,25,755185184.23,0.014687018338831691,0.05326620561420968,0.08353986674715512,False
ACREDITAR FUNDO DE INVESTIMENTO EM DIREITOS CREDITORIOS - RESPONSABILIDADE LIMITADA,29152636000130,371884905.63,11078288.28,44345520.269999996,74219253.86000001,122906671.1,25,216465576.65,0.05117806004745189,0.2048617658118529,0.3428686214621738,False
SC1 FUNDO DE INVESTIMENTO EM DIREITOS CREDITÓRIOS NÃO PADRONIZADOS,55469182000136,202654477.31,11075133.32,26965441.79,35205354.6,50486919.19,25,179342105.01,0.06175422843053202,0.15035756265098163,0.19630278454709213,False
FUNDO DE INVESTIMENTO EM DIREITOS CREDITÓRIOS ANGÁ MULTIESTRATÉGIA I DE  RESPONSABILIDADE LIMITADA,28796939000123,63281647.42,11053987.56,11946032.54,12819282.56,14713502.74,24,44421534.7,0.24884299100994364,0.2689243543852617,0.28858261306311866,False
VELSO  FUNDO DE INVESTIMENTO EM DIREITOS CREDITÓRIOS DE RESPONSABILIDADE LIMITADA,42479713000120,60894707.95,11040363.27,20184185.299999997,23569064.409999996,28086234.759999998,25,50601689.16,0.21818171395604852,0.3988836269117147,0.4657762379330026,False
VEGA SPECIAL OPPORTUNITIES GLOBAL FI EM DIREITOS CREDITÓRIOS NÃO PADRONIZADOS RESP LIMITADA,66148387000136,97209755.92,11030548.77,11030548.77,11030548.77,11030548.77,1,44435984.42,0.24823459891743294,0.24823459891743294,0.24823459891743294,False
SEJA FUNDO DE INVESTIMENTO EM DIREITOS CREDITÓRIOS,24987402000190,180573682.71,11019434.86,25923263.700000003,33313277.490000002,46495516.779999994,25,161020669.73,0.06843490887522345,0.16099339136688612,0.20688820600398583,False
VKR FUNDO DE INVESTIMENTO EM DIREITOS CREDITÓRIOS RESPONSABILIDADE LIMITADA,36412972000130,11241234.75,11015359.07,11015359.07,11015359.07,11015359.07,1,11015359.07,1.0,1.0,1.0,False
TECOL FUNDO DE INVESTIMENTO EM DIREITOS CREDITÓRIOS,63393491000106,9282501.89,11010546.6,11010546.6,11010546.6,11010546.6,1,9358964.47,1.1764706058340233,1.1764706058340233,1.1764706058340233,True
COFFEE BANK FIDC FINANCEIROS DO AGRONEGÓCIO DE RESPONSABILIDADE LIMITADA,57532782000127,13272046.05,10918669.44,10918669.44,10918669.44,10918669.44,1,9938025.4,1.0986759442172485,1.0986759442172485,1.0986759442172485,True
JGP ESTRUTURADOS FUNDO DE INVESTIMENTO EM DIREITOS CREDITÓRIOS - RESPONSABILIDADE LIMITADA,41075407000165,32286349.86,10900000.0,34512383.589999996,34512383.69,34512383.69,6,32686349.01,0.3334725452715834,1.0558653577198647,1.0558653607792459,True
ORIGINAL FUNDO DE INVESTIMENTO EM DIREITOS CREDITÓRIOS,57660765000175,58763326.53,10806999.75,18969752.4,24962166.839999996,32840258.310000002,25,46207944.63,0.23387752553234478,0.4105301058485967,0.5402137454907177,False
POLO RECUPERAÇÃO DE CRÉDITO FUNDO DE INVESTIMENTO EM DIREITOS CREDITÓRIOS IV RESPONSABILIDADE LIMITA,67229050000116,21861579.64,10789667.36,21640236.9,21640236.9,21640236.9,3,21640236.9,0.4985928485838341,1.0,1.0,False
BMA FUNDO DE INVESTIMENTO EM DIREITOS CREDITÓRIOS MULTISSETORIAL - RESPONSABILIDADE LIMITADA,10434089000158,618767917.99,10723207.43,22556089.71,32377243.080000006,50450264.069999985,25,556724260.79,0.01926125406279872,0.04051572977615988,0.0581566950828696,False
JUDICIAL ASSETS N2 FUNDO DE INVESTIMENTO EM DIREITOS CREDITORIOS,59111770000154,27391741.71,10698674.09,22714062.28,25319052.419999994,28067115.919999994,25,27550592.05,0.3883282824043703,0.8244491529901623,0.9190021170525079,False
MÖBIUS VD TOTAL RETURN 1 - FIDC MULTICARTEIRA OUTROS - RESP LIMITADA,47410122000110,54861108.26,10680536.31,28551750.43,28551750.43,28551750.43,4,28551750.43,0.37407641034777706,1.0,1.0,False
G5 SPECIAL FUNDO DE INVESTIMENTO EM DIREITOS CREDITÓRIOS NÃO PADRONIZADOS,26648770000139,127761153.77,10669678.85,25520059.6,33462367.990000002,35968735.45,14,35968736.45,0.29663757760386933,0.7095067027298925,0.9303181399356607,False
ATACADO FUNDO DE INVESTIMENTO EM DIREITOS CREDITÓRIOS,42265317000108,21238672.22,10642943.07,16156667.26,18364907.009999998,18540437.27,11,18540437.25,0.5740394860428656,0.8714285991286425,0.9905325727957143,False
VITTRA FUNDO DE INVESTIMENTO EM DIREITOS CREDITÓRIOS DE RESPONSABILIDADE LIMITADA,55105668000195,35256769.81,10615485.95,18041623.089999996,21426095.54,24768413.949999996,25,35271157.77,0.30096789051333706,0.5115120747565978,0.6074678829574467,False
VQS FUNDO DE INVESTIMENTO EM DIREITOS CREDITÓRIOS,64087936000184,12605944.24,10519000.0,10519000.0,10519000.0,10519000.0,1,10519000.0,1.0,1.0,1.0,False
ACRE BG FUNDO DE INVESTIMENTO EM DIREITOS CREDITÓRIOS,45930576000196,17084420.08,10509437.5,16181089.549999999,16181089.549999999,16181089.549999999,4,16181089.55,0.6494888658471085,0.9999999999999999,0.9999999999999999,False
CVPAR MIDDLE MARKET FUNDO DE INVESTIMENTO EM DIREITOS CREDITÓRIOS RESPONSABILIDADE LIMITADA,66886906000163,88866017.51,10480447.19,38310395.580000006,56449510.69000001,83334079.15999998,25,87956149.26,0.11915536637489214,0.4355624467682614,0.6417915195802196,False
SARFATY INSURED CREDIT  FUNDO DE INVESTIMENTO EM DIREITOS CREDITÓRIOS RESPONSABILIDADE  LIMITADA,57658801000166,27464761.3,10479695.67,19196723.72,20189697.250000004,20736713.930000003,25,24458928.39,0.4284609490203426,0.7848554692955622,0.8254530586161957,False
IMPAR PGEO FUNDO DE INVESTIMENTO EM DIREITOS CREDITÓRIOS AÇÕES JUDICIAIS,63358336000140,11081930.71,10450324.64,10450324.64,10450324.64,10450324.64,1,10950324.64,0.9543392532698465,0.9543392532698465,0.9543392532698465,False
TX CAPITAL FUNDO DE INVESTIMENTO EM  DIREITOS CREDITÓRIOS NÃO PADRONIZADOS,52356145000123,23088059.7,10442541.2,14987370.540000001,16488976.030000003,18822440.99,25,22884611.29,0.4563128063513636,0.6549104264903597,0.7205268125836716,False
RED NPL FUNDO DE INVESTIMENTO EM DIREITOS CREDITÓRIOS MULTISEGMENTOS - RESPONSABILIDADE LIMITADA,57690544000140,107952219.26,10425672.82,35282974.120000005,49412655.760000005,67885724.69999999,25,97753250.13,0.10665295328938032,0.3609391408784661,0.5054835076510208,False
CONCRETO II  FUNDO DE INVESTIMENTO EM DIREITOS CREDITÓRIOS NÃO-PADRONIZADOS  RESP LIMITADA,59079987000124,26413156.54,10364703.01,15263146.16,15289580.459999999,15352147.639999995,25,15192398.96,0.6822295173585936,1.0046567497461243,1.006396718533779,False
FUNDO DE INVESTIMENTO EM DIREITOS CREDITÓRIOS AZQ ALL CREDIT HY DE RESPONSABILIDADE ILIMITADA,33475421000128,115165764.04,10313589.85,35375847.19,53049819.349999994,83974882.05000001,25,84082957.23,0.12265969454176391,0.4207255352976362,0.6309223782994198,False
SOFISA RECEBÍVEIS FUNDO DE INVESTIMENTO EM DIREITOS CREDITÓRIOS RESPONSABILIDADE LIMITADA,28075236000106,156560274.06,10281533.79,24005103.93,33571082.699999996,46229486.85999999,25,120932351.62,0.08501888578423725,0.19850026571409196,0.27760216559327994,False
RUMO NPL I FUNDO DE INVESTIMENTO EM DIREITOS CREDITÓRIOS NÃO-PADRONIZADOS,64157229000117,11125307.3,10267281.12,10267281.12,10267281.12,10267281.12,1,10267281.12,1.0,1.0,1.0,False
CO-INVEST I BLACK BELT FUNDO DE INVESTIMENTO EM DIREITOS CREDITÓRIOS,38181581000188,11903049.55,10225000.0,10225000.0,10225000.0,10225000.0,1,10225000.0,1.0,1.0,1.0,False
AUDAX LION FUNDO DE INVESTIMENTO EM DIREITOS CREDITÓRIOS,59258058000182,133494864.8,10193097.9,26194881.650000002,37449154.620000005,53000766.48,25,117352815.98,0.08685857100981004,0.22321476848467187,0.3191159437229212,False
LOTUS PERFORMANCE FUNDO DE INVESTIMENTO EM DIREITOS CREDITÓRIOS MULTISEGMENTOS,19424642000146,503850555.81,10187010.39,23314056.97,35914789.8,63692223.53,25,450273184.90999997,0.022624066303295783,0.051777582479534026,0.07976222214338302,False
GRAN CAPITAL FUNDO DE INVESTIMENTO EM DIREITOS CREDITÓRIOS  RESPONSABILIDADE LIMITADA,28880400000158,71514593.54,10150379.8,42009289.269999996,62842482.82,78203169.49,24,67387276.81,0.15062754099144313,0.6234009038300533,0.9325570908167998,True
PLATA I FUNDO DE INVESTIMENTO EM DIREITOS CREDITÓRIOS MULTISSEGMENTOS,17198574000119,239576896.6,10121996.35,41540261.669999994,69641793.14,122090485.18000002,25,210830307.70000002,0.04801015783937026,0.19703173667568474,0.3303215457954767,False
IGUANA FUNDO DE INVESTIMENTO EM DIREITOS CREDITÓRIOS,12712606000139,56986175.36,10105936.82,33258767.2,37964630.89,42360040.69,25,50278911.13,0.2009975274498352,0.6614854310191184,0.755080610076052,False
W&V FUNDO DE  INVESTIMENTO EM DIREITOS CREDITÓRIOS RESPONSABILIDADE LIMITADA,62395029000177,27993948.47,10105528.19,21897702.839999996,26847621.589999996,31228118.479999997,25,31860541.6,0.3171800503855841,0.6872985122136152,0.8426605525751638,False
ICRC FUNDO DE INVESTIMENTO EM DIREITOS CREDITÓRIOS FINANCEIROS,61561993000165,12580092.24,10086415.57,12602807.75,12602807.75,12602807.75,3,12602807.75,0.8003308286599865,1.0,1.0,False
FAKINI FUNDO DE INVESTIMENTO EM DIREITOS CREDITÓRIOS,62881088000155,10479958.75,10069756.46,10106330.69,10135650.41,10197304.690000003,25,10376041.360000001,0.9704815266850478,0.9740063998742579,0.9768321133600415,False
EVEN CREDIT FUNDO DE INVESTIMENTO EM DIREITOS CREDITÓRIOS - RESPONSABILIDADE LIMITADA,51507981000107,2459711.3,10063781.37,10063781.37,10063781.37,10063781.37,1,0.0,,,,False
MOKA FUND I FUNDO DE INVESTIMENTO EM DIREITOS CREDITÓRIOS,12400426000111,30603989.72,10052518.14,30986777.330000002,45618681.26,64856324.88000001,25,27124041.009999998,0.37061284991767535,1.1424100604543366,1.6818541618920817,True
FUNDO DE INVESTIMENTO EM DIREITOS CREDITÓRIOS FEDERAL PADRONIZADO  RESPONSABILIDADE LIMITADA,62838423000132,21616889.32,10034761.21,17086593.17,17086593.17,17086593.17,2,17086593.17,0.5872885899582755,1.0,1.0,False
GERIZIM FUNDO DE INVESTIMENTO EM DIREITOS CREDITÓRIOS RESPONSABILIDADE LIMITADA,51539073000197,13098196.28,10000000.0,10145478.66,10236723.69,10439002.140000002,25,14688456.52,0.6808067264510649,0.6907110114793736,0.6969230344972965,False
NEXT CAPITAL FUNDO DE INVESTIMENTO EM DIREITOS CREDITÓRIOS MULTICARTEIRA FINANCEIRO,62917185000150,10876586.11,9983178.17,9983178.17,9983178.17,9983178.17,1,9983178.14,1.000000003005055,1.000000003005055,1.000000003005055,False
ORIGIN FUNDO DE INVESTIMENTO EM DIREITOS CREDITÓRIOS  RESPONSABILIDADE LIMITADA,61872284000109,10928450.82,9957030.52,11002361.4,11002361.4,11002361.4,2,10997134.74,0.9054204349959615,1.0004752747077827,1.0004752747077827,False
BNVT IMOB PLUS FUNDO DE INVESTIMENTO EM DIREITOS CREDITÓRIOS,65424072000101,10128616.91,9941881.92,9941881.92,9941881.92,9941881.92,1,9941881.92,1.0,1.0,1.0,False
CVPAR II FUNDO DE INVESTIMENTO EM DIREITOS CREDITÓRIOS - RESPONSABILIDADE LIMITADA,47425841000104,232043949.6,9910090.98,37605462.56999999,61918804.779999994,97607128.65,25,149509825.99,0.06628387742664378,0.25152502399752136,0.41414538723455835,False
ACCESS FUNDO DE INVESTIMENTO EM DIREITOS CREDITÓRIOS ABERTO MULTISSETORIAL RESPONSABILIDADE LIMITADA,20905778000157,122797304.2,9906966.43,32703858.86,49189636.88999999,70515913.21000001,25,111010260.7,0.08924370024472882,0.2946021264501003,0.443108921462068,False
D. ANDRADE PRECATÓRIOS - FUNDO DE INVESTIMENTO EM DIREITOS CREDITÓRIOS,54589341000173,4580333.36,9898512.83,9898512.83,9898512.83,9898512.83,1,9898512.83,1.0,1.0,1.0,False
BANNOCKBURN FUNDO DE INVESTIMENTO EM DIREITOS CREDITÓRIOS,61926527000136,5145063.08,9794734.22,9794734.22,9794734.22,9794734.22,1,5273484.84,1.8573551488582645,1.8573551488582645,1.8573551488582645,True
LESTE CREDIT PRECATÓRIOS I  FUNDO DE INVESTIMENTO EM DIREITOS CREDITÓRIOS RESPONSABILIDADE LIMITADA,41755724000122,9486590.13,9773623.73,9773623.73,9773623.73,9773623.73,1,9773623.73,1.0,1.0,1.0,False
SMASH FUNDO DE INVESTIMENTO EM DIREITOS CREDITÓRIOS NÃO PADRONIZADOS,58528148000183,9755252.75,9772834.03,9772834.03,9772834.03,9772834.03,1,9772834.03,1.0,1.0,1.0,False
RAMAN FUNDO DE INVESTIMENTO EM DIREITOS CREDITÓRIOS CONSIGNADO PUBLICO,54323848000180,5357828.7,9743403.04,9743403.04,9743403.04,9743403.04,1,8069516.18,1.2074333606454208,1.2074333606454208,1.2074333606454208,True
FRAGATA FUNDO DE INVESTIMENTO EM DIREITOS CREDITÓRIOS,55445774000118,21984057.44,9728905.78,17057405.66,18176465.819999997,19674719.799999997,25,20124070.03,0.4834462295895717,0.8476121199425184,0.9032201633617549,False
OG CRED FUNDO DE INVESTIMENTO EM DIREITOS CREDITORIOS,37608798000169,110085265.28,9718162.35,19812380.919999998,24959882.4,34779358.13,25,83877837.65,0.11586090703185883,0.23620519406654014,0.2975742234098949,False
ALGARVE SMALL  CLAIMS I FUNDO DE INVESTIMENTO EM DIREITOS CREDITÓRIOS NÃO PADRONIZADOS,40800541000119,27062293.87,9677894.42,26685635.310000002,26847250.610000003,26847250.610000003,6,26847250.61,0.3604799076295433,0.9939801917765166,1.0000000000000002,False
FUNDO DE INVESTIMENTO EM DIREITOS CREDITÓRIOS INSOLVÊNCIA,36669346000124,34120004.63,9659525.32,15619863.129999999,16002161.4,16268994.100000001,24,16270619.7,0.593679005354664,0.9600041927106193,0.9835004256168559,False
ALGARVE FUNDO DE INVESTIMENTO EM DIREITOS CREDITÓRIOS,26689692000110,9621345.99,9641333.74,9641333.74,9641333.74,9641333.74,1,9641333.74,1.0,1.0,1.0,False
OTIMA FUNDO DE INVESTIMENTO EM DIREITOS CREDITÓRIOS,61896279000128,10060684.52,9607401.94,9607401.94,9607401.94,9607401.94,1,9607401.94,1.0,1.0,1.0,False
HAOC FUNDO DE INVESTIMENTO EM DIREITOS CREDITÓRIOS,52998251000100,20152731.47,9603338.61,18033420.439999998,18033420.439999998,18033420.439999998,3,18033420.44,0.5325300678233396,0.9999999999999998,0.9999999999999998,False
CONTINENTALBANCO FUNDO DE INVESTIMENTO EM DIREITOS CREDITORIOS,26690689000117,139251677.92,9579039.78,23030203.580000002,30753886.429999996,44555334.099999994,25,100925668.72,0.09491182869023451,0.22818975461924493,0.30471818339218626,False
STARK INFRA FUNDO DE INVESTIMENTO EM DIREITOS CREDITÓRIOS,65190945000169,17279123.88,9565106.84,14413909.729999999,16221160.62,17238323.79,16,17238323.79,0.5548745316843825,0.8361549478703695,0.940994079100077,False
TULIPA FUNDO DE INVESTIMENTO EM DIREITOS CREDITÓRIOS,43806680000148,11784018.73,9558645.08,9876268.400000002,10126959.790000003,10659488.9,25,9558645.08,1.0,1.0332289061202387,1.0594555719187768,True
ITAÚ CRÉDITO ESTRUTURADO ALPES III UPFRONT FIDC RESPONSABILIDADE LIMITADA,62014262000162,225442580.95,9503117.51,34843233.519999996,40181034.99999999,40181034.99999999,8,39457525.78,0.24084423242819963,0.8830567257124148,1.0183364061911535,False
F18 FUNDO DE INVESTIMENTO EM DIREITOS CREDITÓRIOS,52259591000110,58386946.58,9454804.07,31721452.18,45163816.41,55598660.91,25,56522280.86,0.16727569953198806,0.5612203134295101,0.7990444780858406,False
ITAÚNA PRECATÓRIOS FUNDO DE INVESTIMENTO EM DIREITOS CREDITÓRIOS - RESPONSABILIDADE LIMITADA,57377642000121,39685878.41,9396769.09,28649504.47,33186690.450000003,36447427.75,20,36447427.75,0.2578170716039076,0.7860501066498444,0.9105358731385372,False
TRADIÇÃO FUNDO DE INVESTIMENTO EM DIREITOS CREDITORIOS,33701253000141,16660977.96,9385562.52,14532171.179999998,16449880.479999997,17421038.17,25,17234295.08,0.5445863887343863,0.8432123920672709,0.9544852518563236,False
MINKE FUNDO DE INVESTIMENTO EM  DIREITOS CREDITÓRIOS,39273409000117,31458445.26,9372688.75,23356577.14,26770868.0,26770868.0,9,25568702.1,0.366568811875672,0.9134830954129658,1.0470170873475817,False
IUGU I UR - FIDC - UNIDADE DE RECEBÍVEIS  RESPONSABILIDADE LIMITADA,45019334000145,147341700.76,9371181.54,24127676.2,34123605.83,50208227.89999999,24,125395372.71,0.07473307297927645,0.1924128114025365,0.27212811041215335,False
BNVT ITA RENT FUNDO DE  INVESTIMENTOS EM DIREITOS CREDITÓRIOS,62958931000154,14519644.4,9369350.74,9369350.74,9369350.74,9369350.74,1,9369350.74,1.0,1.0,1.0,False
AGROFUTURO FUNDO DE INVESTIMENTO EM DIREITOS CREDITÓRIOS MULTISSEGMENTOS,47328080000172,19206835.87,9333414.66,14078039.080000002,14732471.270000003,15823168.450000003,25,17340244.98,0.5382516031789073,0.8118708297511031,0.849611483978008,False
GUATAMBU FUNDO DE INVESTIMENTO EM DIREITOS CREDITÓRIOS NÃO-PADRONIZADO,40669872000161,14986714.0,9331043.72,11479332.42,11631643.290000001,11911161.940000005,25,14675656.87,0.6358177901443399,0.7822022906154251,0.7925807609864076,False
DANIELE II - FUNDO DE INVESTIMENTO EM DIREITOS CREDITÓRIOS MULTISSEGMENTOS,11491061000115,36955554.83,9322710.21,22248702.0,32034167.66,43324436.79000001,25,39910176.8,0.23359230545929333,0.5574693921175514,0.8026566211553341,True
AUGE CAPITAL FUNDO DE INVESTIMENTO EM DIREITOS CREDITÓRIOS PADRONIZADO,49878868000188,7706379.26,9304461.05,10166837.86,10258219.19,10473219.719999999,24,5731091.05,1.6235060599848612,1.7739794694066149,1.789924309438427,True
JUS GLOBAL INVESTMENT FUNDO DE INVESTIMENTO EM DIREITOS CREDITÓRIOS,40597272000135,458317.16,9300000.0,9300000.0,9300000.0,9300000.0,1,9300000.0,1.0,1.0,1.0,False
FLEETER AUTO FUNDO DE INVESTIMENTO EM DIREITOS CREDITÓRIOS MERCANTIS - RESPONSABILIDADE LIMITADA,65281804000151,24121059.53,9298627.13,17564618.69,19703169.819999993,19856540.869999994,11,19856540.87,0.46829038304696424,0.8845759593775611,0.9922760438988784,False
CS FUNDO DE INVESTIMENTO EM DIREITOS CREDITORIOS,37351013000115,227416423.7,9279075.79,31844987.96,44680847.97,59007467.660000004,25,198498540.04,0.04674631757054811,0.16042933088365702,0.22509408865675404,False
ROZAN FUNDO DE INVESTIMENTO EM DIREITOS CREDITÓRIOS,63398882000105,9433863.0,9214890.86,9214890.86,9214890.86,9214890.86,1,9214890.86,1.0,1.0,1.0,False
PATAGONIA FUNDO DE INVESTIMENTO EM DIREITOS CREDITÓRIOS NÃO PADRONIZADOS,42866957000165,23045346.57,9205174.81,22813807.160000004,23013843.35,23013843.35,7,23013843.310000002,0.39998424800259924,0.9913080076497662,1.0000000017380843,False
FORSETI VCM FUNDO DE INVESTIMENTO EM DIREITOS CREDITÓRIOS - RESPONSABILIDADE LIMITADA,23956975000193,33684724.14,9146420.95,22759646.7,26463069.520000003,27327981.78,14,27124093.72,0.3372065088853409,0.8390933512819319,0.975629629995247,False
LC I FUNDO DE INVESTIMENTO EM DIREITOS CREDITÓRIOS,51596429000124,2954430.14,9136960.0,9136960.0,9136960.0,9136960.0,1,4568480.0,2.0,2.0,2.0,True
SOLAR FUNDO DE INVESTIMENTO EM DIREITOS CREDITÓRIOS MULTISSETORIAL,29970251000180,105681429.08,9084717.54,22734123.399999995,34444390.059999995,51101678.55,25,64665786.92,0.14048723401818303,0.3515633920627157,0.5326524534930996,False
TREVYS FUNDO DE INVESTIMENTO EM DIREITOS CREDITORIOS,29236389000150,75864101.82,9075000.0,33311666.960000005,46344624.19,59686922.51,25,74482949.10000001,0.12183996618898645,0.4472388293228846,0.6222179002039541,False
LD FUNDO DE INVESTIMENTO EM DIREITOS CREDITÓRIOS DE RESPONSABILIDADE LIMITADA,28152199000192,159964492.3,9030003.63,18504877.34,19656246.67,19693681.09,16,0.0,,,,False
BANCRED FUNDO DE INVESTIMENTO EM DIREITOS CREDITÓRIOS NÃO PADRONIZADOS,36553528000135,114172215.02,8980037.24,28515221.05,41973818.57,64895189.660000004,25,98497330.78,0.09117036135788775,0.2895024750842289,0.42614168564375793,False
BELLAGIO FUNDO DE INVESTIMENTO EM DIREITOS CREDITÓRIOS NP,58954368000179,17841418.21,8957169.37,15216053.739999998,15216053.739999998,15216053.739999998,2,15216053.74,0.5886657291734827,0.9999999999999999,0.9999999999999999,False
WAY ENGELUZ FUNDO DE INVESTIMENTO EM DIREITOS CREDITÓRIOS RESPONSABILIDADE LIMITADA,45019002000160,56142194.26,8950357.18,33322493.300000004,45057519.68,49504992.88,15,49172900.849999994,0.18201808364535405,0.677659701257995,0.9163079440329582,False
LCBANK II FUNDO DE INVESTIMENTO EM DIREITOS CREDITÓRIOS NÃO  PADRONIZADOS - RESP LIMITADA,63509598000169,16766686.45,8922752.02,19570338.720000003,19825254.54,19825254.54,10,19825254.32,0.4500699903253498,0.9871418749093758,1.0000000110969571,False
SCAN FUNDO DE INVESTIMENTO EM DIREITOS CREDITÓRIOS - RESPONSABILIDADE LIMITADA,59175559000103,87085409.7,8915166.0,20591408.0,28646428.900000002,40110813.309999995,24,85775060.63,0.10393657474002302,0.24006287898557443,0.33397153775932,False
PACKERS FUNDO DE INVESTIMENTO EM DIREITOS CREDITÓRIOS,55064095000107,58532151.27,8910000.0,8910000.0,8910000.0,8910000.0,1,5203404.65,1.7123404000494176,1.7123404000494176,1.7123404000494176,True
SONAR PRECATÓRIOS FUNDO DE INVESTIMENTO EM DIREITOS CREDITÓRIOS,37780694000137,68609137.68,8883778.52,29854687.98,44013780.17,55560900.16,25,60576885.38,0.14665294302062382,0.49283960033139623,0.7265771406684363,False
CALÊNDULA FUNDO DE INVESTIMENTO EM DIREITOS CREDITÓRIOS,43946448000105,241140869.7,8871731.47,244239972.7,244239972.7,244239972.7,2,244239972.7,0.036323830910745925,1.0,1.0,False
ITAÚNA LBZ PRECATÓRIOS FUNDO DE INVESTIMENTO EM DIREITOS CREDITÓRIOS - RESPONSABILIDADE LIMITADA,59482333000147,39280325.76,8844250.83,24490033.9,29303665.860000003,33348361.710000005,25,33348361.71,0.2652079555484706,0.7343699253644684,0.8787138065379945,False
FORESTAY FUNDO DE INVESTIMENTO EM DIREITOS CREDITÓRIOS,51503629000195,42959968.76,8836995.0,42836995.0,42836995.0,42836995.0,2,42836995.0,0.20629353202763173,1.0,1.0,False
LARCA MULTIPLICA CAPITAL FUNDO DE INVESTIMENTO EM DIREITOS CREDITÓRIOS,41114564000132,186148756.93,8822996.66,39167510.019999996,67870681.51,120502530.07000002,25,160826987.44,0.05486017490249645,0.24353816883259277,0.422010525660817,False
FUNDO DE INVESTIMENTO EM DIREITOS CREDITÓRIOS TRINDADE - RESPONSABILIDADE LIMITADA,36643621000130,114092066.15,8822645.76,12912031.39,15161916.06,19192196.5,24,86343819.18,0.10218039743652672,0.14954204612008684,0.17559932145683899,False
FUNDO DE  INVESTIMENTO EM DIREITOS CREDITÓRIOS AMOVERI  RESPONSABILIDADE LIMITADA,48213067000130,111127663.58,8816721.44,33063129.88,49714887.84,71772261.44,25,111435341.67,0.07911961598421327,0.2967023691452554,0.44613214349199565,False
LATACHE II DISTRESSED FUNDO DE INVESTIMENTO EM DIREITOS CREDITORIOS NAO PADRONIZADOS,19476304000158,8495589.36,8808715.0,26865625.72,26865625.72,26865625.72,4,26865625.72,0.3278805076720171,1.0,1.0,False
UPB FUNDO DE INVESTIMENTO EM DIREITOS CREDITÓRIOS DE CLASSE ÚNICA FECHADA,57550093000145,14110428.59,8784521.55,10605785.89,10636156.47,10636156.47,7,10636156.549999999,0.8259112686715768,0.9971445832094302,0.9999999924784863,False
WINTERFELL FUNDO DE INVESTIMENTO EM DIREITOS CREDITÓRIOS NÃO PADRONIZADOS RESPONSABILIDADE LIMITADA,59090844000113,13488801.02,8772933.74,12454288.76,12711800.23,12711800.23,10,12711800.23,0.6901409384404714,0.9797423287543278,1.0,False
SIRIUS FUNDO DE INVESTIMENTO EM DIREITOS CREDITÓRIOS,50555970000121,9297263.66,8740980.23,8740980.23,8740980.23,8740980.23,1,8818655.56,0.991191930621225,0.991191930621225,0.991191930621225,False
WCAPITAL FUNDO DE INVESTIMENTO EM DIREITOS CREDITÓRIOS,49460350000120,59491519.16,8737148.52,15583224.449999997,20243815.669999998,29346740.060000002,25,45927856.45,0.19023636623476686,0.3392978826905386,0.44077423234499763,False
OPHIR FUNDO DE INVESTIMENTO EM  DIREITOS CREDITÓRIOS,42605322000104,313077894.98,8715692.48,37479154.28,62232354.62,112940074.68999998,25,302204432.06,0.028840386028056587,0.12401920787369143,0.2059280011076883,False
FUJI FUNDO DE INVESTIMENTO EM DIREITOS CREDITÓRIOS,54794448000153,55599211.4,8687209.31,8687209.31,8687209.31,8687209.31,1,8687209.31,1.0,1.0,1.0,False
ENGENHO FUNDO DE  INVESTIMENTO EM DIREITOS CREDITÓRIOS,46082838000172,17379597.67,8674438.14,15963223.84,15963223.84,15963223.84,2,15940942.43,0.544160935157458,1.001397747347614,1.001397747347614,False
ATVOS ENERGIA FUNDO DE INVESTIMENTO EM DIREITOS CREDITÓRIOS RESPONSABILIDADE LIMITADA,52680835000133,51962049.66,8658466.81,30086438.090000004,38442679.93,41143948.59,13,41143948.59,0.2104432633892711,0.7312481937456164,0.9343459062007349,False
FUNDO DE INVESTIMENTO EM DIREITOS CREDITÓRIOS MP - RESPONSABILIDADE LIMITADA,56977387000195,41521730.62,8627794.09,15861623.009999998,16450932.03,16450932.03,8,19077481.26,0.45225016722149824,0.8314317175222321,0.8623220123136947,False
FUNDO DE RECUPERAÇÃO DE CRÉDITOS E ATIVOS FIDC RESP LIMITADA,43164614000111,10329436.86,8625251.43,9921786.46,9921786.46,9921786.46,5,9921786.46,0.8693244371639096,1.0,1.0,False
WAAS FUNDO DE INVESTIMENTO EM DIREITOS CREDITÓRIOS DE RESPONSABILIDADE LIMITADA,48181381000189,106557648.88,8615068.16,37458497.83,64864404.25,89965346.88,24,105775632.02,0.08144662428839063,0.35413163802148084,0.6132263453432779,False
FUNDO DE INVESTIMENTO EM DIREITOS CREDITORIOS SABIA CREDIT,29957532000101,217786533.51,8603184.15,31059272.33,53947833.86,104807437.07,25,211990010.94,0.04058296950810092,0.14651290498206906,0.25448290521230726,False
LINK BANK FUNDO DE INVESTIMENTO EM DIREITOS CREDITORIOS NÃO PADRONIZADOS,29970181000160,130565440.27,8585559.08,25740075.88,39985148.64,57301104.67000001,25,116581650.42,0.07364417169485461,0.2207901139439024,0.3429797785153023,False
PC FUNDO DE INVESTIMENTO EM DIREITOS CREDITÓRIOS - RESPONSABILIDADE LIMITADA,10759034000118,3335054.78,8580228.42,21022141.25,22052729.1,22052729.1,6,1663077.76,5.159246684893435,12.64050410366861,13.260191213187772,True
FUNDO DE INVESTIMENTO EM DIREITOS CREDITÓRIOS QW1 - RESPONSABILIDADE ILIMITADA,15586793000140,197994246.37,8569021.72,18383062.880000003,23904714.39,28567305.319999997,24,151595464.21,0.05652558118842941,0.12126393738624379,0.15768753052456516,False
ITAÚ CRÉDITO ESTRUTURADO ADVISORY ALPES III FIDC RESPONSABILIDADE LIMITADA,61885788000155,201609967.33,8521771.99,31739698.590000004,36561683.260000005,36561683.260000005,8,35912971.8,0.2372895241713191,0.8837948239638582,1.0180634302171565,False
LEXEDGE I FUNDO DE INVESTIMENTO EM DIREITOS CREDITÓRIOS - RESPONSABILIDADE LIMITADA,61575850000102,8405967.09,8508215.71,8508215.71,8508215.71,8508215.71,1,8508215.71,1.0,1.0,1.0,False
SATOSHINOMIKS FUNDO DE INVESTIMENTO EM DIREITOS CREDITÓRIOS,51250816000104,11569273.13,8500000.0,11254238.61,11254238.61,11254238.61,5,11253778.3,0.7553018882556092,1.0000409027073156,1.0000409027073156,False
WALL FUNDO DE INVESTIMENTO  EM DIREITOS CREDITÓRIOS,41649863000171,33082405.81,8483586.74,19428097.58,23911276.09,32649414.350000005,25,41050921.83,0.2066600787951173,0.47326824134316886,0.5824784200710847,False
SX CORPORATE FUNDO DE INVESTIMENTO EM DIREITOS CREDITÓRIOS,54969186000110,17450689.05,8482082.14,17179441.230000004,17807441.230000004,17807441.230000004,8,17503330.66,0.4845981776133572,0.981495554400959,1.017374440094135,False
FIDC AGRO CAPITAL FINANCE RESPONSABILIDADE LIMITADA,47280025000150,522132133.94,8361758.51,37770666.19,69702174.25,132591830.22000001,25,484845747.21000004,0.017246224305600213,0.07790243888359916,0.14376154612285394,False
MULTIMAX FUNDO DE INVESTIMENTO EM DIREITOS CREDITÓRIOS - RESPONSABILIDADE LIMITADA,57204749000178,58358965.26,8341303.23,25692815.76,36760991.72,42961142.269999996,25,47663184.9,0.17500515854113644,0.5390494952006449,0.7712659528969077,False
F2 BANK FUNDO DE INVESTIMENTO EM DIREITOS CREDITÓRIOS,43722793000165,29648832.84,8322434.62,21803773.63,24230264.020000003,25313244.540000003,25,13386146.52,0.6217199705356281,1.628831239626981,1.8101000152506925,True
RAIZES FUNDO DE INVESTIMENTO EM DIREITOS CREDITORIOS MULTISSETORIAL,17498285000135,264450503.64,8321499.34,33630252.16,58003175.52,105854074.61,25,243303208.25,0.03420217678120157,0.138223628047864,0.23839872863657566,False
CARMEL FUNDO DE INVESTIMENTO EM DIREITOS CREDITÓRIOS,51943508000164,8274713.3,8300000.0,8300000.0,8300000.0,8300000.0,1,8300000.0,1.0,1.0,1.0,False
3R - FUNDO DE INVESTIMENTO EM DIREITOS CREDITÓRIOS NÃO PADRONIZADOS RESPONSABILIDADE LIMITADA,47388724000118,-28327.24,8277671.59,11414510.450000001,11471678.190000001,11471678.190000001,7,3811542.46,2.171737997639937,2.994722102610396,3.0097206866744446,True
KÉRDOS - FUNDO DE INVESTIMENTO EM DIREITOS CREDITÓRIOS,42462558000139,92622987.78,8263550.91,28609761.48,39497396.61,56334642.36000001,25,79192872.05,0.10434715519324318,0.3612668759119717,0.4987493897817285,False
PHD FUNDO DE INVESTIMENTO EM DIREITOS CREDITÓRIOS,39769038000169,220380755.93,8252939.39,27507597.8,42948343.690000005,73299933.86999999,25,185084689.67,0.044590070657463475,0.14862168150723412,0.2320469822035281,False
NEO MORIÁ PRECATÓRIOS I - FUNDO DE INVESTIMENTO EM DIREITOS CREDITÓRIOS - RESPONSABILIDADE LIMITADA,61698214000178,21064098.14,8231625.18,20175054.95,20238951.06,20238951.06,7,20238951.06,0.40672192721829725,0.9968429139528736,1.0,False
LIFT EVENT CAPITAL I FUNDO DE INVESTIMENTO EM DIREITOS CREDITÓRIOS RESPONSABILIDADE LIMITADA,62800922000130,35483943.78,8207345.77,27403430.900000002,32503693.910000004,33724873.52,13,33724873.52,0.24336179541586014,0.8125584484030409,0.9637899424804129,False
TRÍVIA FUNDO DE INVESTIMENTO EM DIREITOS CREDITÓRIOS,61385760000159,8813482.14,8158261.46,8158261.46,8158261.46,8158261.46,1,6325758.390000001,1.2896890707834954,1.2896890707834954,1.2896890707834954,True
BEFIC FUNDO DE INVESTIMENTO EM DIREITOS CREDITÓRIOS DE RESPONSABILIDADE LIMITADA,54842370000103,14329825.27,8132813.28,10612330.37,10612330.37,10612330.37,3,10612330.37,0.7663550790871205,1.0,1.0,False
AVANTE FUNDO DE INVESTIMENTO EM DIREITOS CREDITÓRIOS NÃO-PADRONIZADOS,46098560000121,109390014.88,8128133.17,24044755.980000004,37936050.980000004,62391804.18,25,92601087.88999999,0.08777578487690488,0.2596595410257227,0.4096717635225183,False
DUX FUNDO DE INVESTIMENTO EM DIREITOS CREDITÓRIOS RESPONSABILIDADE LIMITADA,65794289000103,25285112.49,8123793.14,19984557.92,20444986.02,21368268.52,25,22093868.65,0.36769446169401393,0.9045295885743397,0.9253692209308939,False
WORKCAP AGRO FUNDO DE INVESTIMENTO EM DIREITOS CREDITORIOS RESPONSABILIDADE LIMITADA,33076242000118,443208155.43,8118011.17,32041866.9,58652907.18,118358154.81,25,366518826.61,0.022148960928105595,0.08742215835503217,0.16002699703720957,False
CREDITISE FUNDO DE INVESTIMENTO EM DIREITOS CREDITÓRIOS - RESPONSABILIDADE LIMITADA,28702814000197,179682476.82,8110256.42,18667423.099999998,24908766.15,29310730.78999999,25,170388070.31,0.04759873390927189,0.10955827521279472,0.14618843974628964,False
PRANA CAPITAL PRIVATE CREDIT FIDC MULTICARTEIRA FINANCEIRO DE RESPLIMITADA,61386705000183,12385785.06,8109436.28,8109436.28,8109436.28,8109436.28,1,8109436.28,1.0,1.0,1.0,False
NETZER FUNDO DE INVESTIMENTO EM DIREITOS CREDITÓRIOS,63964785000132,20570945.68,8060235.82,18407141.87,19083927.79,19083927.79,10,19083927.79,0.422357279313516,0.9645363403463183,1.0,False
CREDIRECOVER FUNDO DE INVESTIMENTO EM DIREITOS CREDITÓRIOS - RESPONSABILIDADE LIMITADA,61621790000117,19746268.83,8029043.27,12591433.68,15645586.34,20112846.98,25,19161360.63,0.41902260622501525,0.6571262825817397,0.8165175032249263,False
OC SAFIRA CAPITAL FUNDO DE INVESTIMENTO EM DIREITOS  CREDITÓRIOS RESPONSABILIDADE LIMITADA,63993226000150,30321408.53,8000000.0,20289059.21,23163479.540000003,26930206.250000007,24,32467398.1,0.24640101973554818,0.6249056098523644,0.7134381224099384,False
FUNDO DE INVEST. EM DIR. CREDITÓRIOS BB VOTORANTIM HIGHLAND INFRAESTRUTURA RESPONSABILIDADE LIMITADA,18289873000121,8372486.84,7995396.69,7995396.69,7995396.69,7995396.69,1,7995396.69,1.0,1.0,1.0,False
CASHME I FUNDO DE INVESTIMENTO EM DIREITOS CREDITÓRIOS DE RESPONSABILIDADE LIMITADA,51928470000150,265462187.78,7977381.4,32470836.150000002,54018864.27,91592908.02,25,271236739.87,0.029411138785340983,0.11971400395670152,0.1991576225842063,False
SERCARD MULTIESTRATÉGIA FUNDO DE INVESTIMENTO EM DIREITOS CREDITÓRIOS NÃO PADRONIZADO,54389836000159,7960617.24,7892906.1,7999941.029999999,8109105.759999999,8291117.279999999,25,7892906.1,1.0,1.0135609024919223,1.0273916422241485,True
ALPHA AETERNUM FUNDO DE INVESTIMENTO EM DIREITOS CREDITÓRIOS,60531763000190,12555404.68,7872758.16,8712968.92,8712968.92,8712968.92,2,5445605.55,1.4457084869101473,1.6000000073453724,1.6000000073453724,True
KAPA CAPITAL FUNDO DE INVESTIMENTO EM DIREITOS CREDITÓRIOS,35265609000177,36546445.97,7855570.84,20916686.400000002,25281467.630000003,27716966.95,25,30286046.68,0.2593792092775048,0.6906377257158742,0.8347562789267946,False
MABC FUNDO DE INVESTIMENTO EM DIREITOS CREDITORIOS,57017012000146,1192769.62,7843883.56,8746339.65,8746339.65,8746339.65,2,980894.93,7.996660315085938,8.91669370744938,8.91669370744938,True
EUCATEX FUNDO DE INVESTIMENTO EM DIREITOS CREDITÓRIOS INDUSTRIAIS DE RESPONSABILIDADE ILIMITADA,55984759000148,61819545.89,7788283.93,25008614.36,36726089.96,46372474.230000004,24,46372474.23,0.16795057972044725,0.539298684731837,0.791980384265125,False
G5 MIX FUNDO DE INVESTIMENTO EM DIREITOS CREDITÓRIOS NÃO PADRONIZADOS,14038410000136,9798564.87,7746130.17,7746130.17,7746130.17,7746130.17,1,7746130.53,0.9999999535251828,0.9999999535251828,0.9999999535251828,False
JP CAPITAL FUNDO DE INVESTIMENTO EM DIREITOS CREDITÓRIOS - RESPONSABILIDADE LIMITADA,40753151000135,191042749.24,7705344.46,24595910.52,37344318.22,61235264.17999999,25,141375144.91,0.05450282271968849,0.1739762002412649,0.2641505212516213,False
SP CAPITAL FUNDO DE INVESTIMENTO EM DIREITOS CREDITÓRIOS,49007595000104,186388901.69,7703764.39,26020927.919999998,40552986.239999995,60990094.349999994,25,159166795.01000002,0.04840057494099817,0.16348213783135593,0.25478295417993535,False
FUNDO DE INVESTIMENTO EM DIREITOS CREDITÓRIOS COMERCIAIS SKYFALL DE RESPONSABILIDADE LIMITADA,53030845000196,150394351.63,7688117.88,21275754.810000002,36034261.25,60198261.47,24,126950141.4,0.06056013640643333,0.16759142270636337,0.28384577482636814,False
CREDERE FUNDO DE INVESTIMENTO EM DIREITOS CREDITÓRIOS,19153705000177,104531085.09,7658305.15,16967574.1,23417394.960000005,32529840.31,25,92583320.91,0.08271797851628825,0.18326815168462293,0.2529331928238348,False
P2 INVEST FUNDO DE INVESTIMENTOS EM DIREITOS CREDITÓRIOS,49000456000140,27063863.04,7643853.85,13718687.870000001,15926629.32,18829083.43,25,23367753.37,0.327111200164126,0.5870777413977817,0.681564422040115,False
MB FUNDO DE INVESTIMENTO EM DIREITOS CREDITORIOS MULTISEGMENTOS,19424674000141,69700965.6,7622314.39,30518980.159999996,39788400.989999995,52431681.519999996,25,64177563.800000004,0.11876914514477097,0.47553971127835165,0.6199736891539656,False
M7 CORAL FUNDO DE INVESTIMENTO EM DIREITOS CREDITÓRIOS,55569572000188,39740232.18,7586622.98,18436222.88,22826230.089999996,27946952.2,25,37834882.36,0.20051926969966666,0.48728109432398403,0.6033117764925964,False
QUATA FUNDO DE INVESTIMENTO EM DIREITOS CREDITORIOS MULTISETORIAL,10145630000108,234024477.0,7569290.38,18212772.63,26020042.419999998,34357095.06,24,171870607.61,0.04404063315570424,0.10596793066169574,0.15139320667931394,False
SRM EXODUS PME FUNDO DE INVESTIMENTO EM DIREITOS CREDITÓRIOS RESPONSABILIDADE LIMITADA,34521809000180,506192257.53,7567017.81,27264187.37,50080411.32,114277718.38,25,447409562.04,0.0169129550461496,0.06093787366923214,0.11193415512099097,False
SQUALO FLAGSHIP FUNDO DE INVESTIMENTO EM DIREITOS CREDITÓRIOS NÃO PADRONIZADOS,50477529000179,7234928.23,7554745.6,7554745.6,7554745.6,7554745.6,1,7554745.6,1.0,1.0,1.0,False
SL FUNDO DE INVESTIMENTO EM DIREITOS CREDITÓRIOS - RESPONSABILIDADE LIMITADA,41820379000163,7419185.17,7507000.0,7507000.0,7507000.0,7507000.0,1,7507000.0,1.0,1.0,1.0,False
AIRA FUNDO DE INVESTIMENTO EM DIREITOS CREDITÓRIOS RESPONSABILIDADE LIMITADA - CRÉDITO CORPORATIVO,58545400000162,63122841.36,7490929.33,24208741.23,37942456.31,55032639.64000001,25,62544560.95,0.11976947661345762,0.38706389272367253,0.6066467768529439,False
ECO MULTI HY FUNDO DE INVESTIMENTO EM DIREITOS CREDITÓRIOS  RESPONSABILIDADE LIMITADA,53601640000113,196723584.04,7473538.91,13712067.629999999,13712067.629999999,13712067.629999999,2,100705087.44,0.07421212870156861,0.13616062483605545,0.13616062483605545,False
VHY I FUNDO DE INVESTIMENTO EM DIREITOS CREDITÓRIOS MULTISEGMENTOS DE  RESPONSABILIDADE LIMITADA,17043211000104,8741201.21,7442221.36,7462849.96,7462849.96,7462849.96,2,7442221.36,1.0,1.0027718337042315,1.0027718337042315,False
VOLTZ SUPPLY I FUNDO DE INVESTIMENTO EM DIREITOS CREDITÓRIOS RESPONSABILIDADE LIMITADA,52165424000100,53400755.65,7379037.56,21769233.53,33723829.9,44519710.9,25,42454034.99,0.17381239643624272,0.5127718374738165,0.7943610049773504,False
7S FUNDO DE INVESTIMENTO EM DIREITOS CREDITÓRIOS,41096982000144,221623863.24,7369822.41,26048382.970000003,42635279.57,72234952.67999999,25,201241699.07,0.03662174610956986,0.12943829778012023,0.21186105944757366,False
DIRETA CAPITAL FUNDO DE INVESTIMENTO EM DIREITOS CREDITÓRIOS MULTISETORIAL DE CLASSE  ÚNICA FECHADA,51030944000142,145818010.18,7349119.48,31985747.56,53689575.42999999,92566780.81,25,130398021.87,0.05635913317248545,0.24529319617967912,0.4117361188463862,False
GREENCAP FUNDO DE INVESTIMENTO EM DIREITOS CREDITÓRIOS,66247874000156,30033789.47,7344672.83,10036285.46,10036285.46,10036285.46,2,10036285.46,0.7318118699664805,1.0,1.0,False
SDA FUNDO DE INVESTIMENTO EM DIREITOS CREDITÓRIOS - RESPONSABILIDADE LIMITADA,58312065000152,11089655.42,7327869.4,11004668.82,11004668.82,11004668.82,5,11004668.82,0.6658873174522303,1.0,1.0,False
FEGIK FOZ FUNDO DE  INVESTIMENTO EM DIREITOS CREDITÓRIOS - RESPONSABILIDADE LIMITADA,39809526000152,78171859.09,7299709.55,27328471.729999997,32460853.499999996,32460853.499999996,8,77769867.38999999,0.09386295483048016,0.35140180441549806,0.4173962819971835,False
NOVA CAPITAL FUNDO DE INVESTIMENTO EM DIREITOS CREDITÓRIOS,33289359000180,206058388.08,7293091.92,17213735.27,24736040.389999997,39026258.699999996,25,157595178.20999998,0.046277379821111984,0.10922755039536944,0.15695937319248773,False
RIDOLFINVEST 3 FUNDO DE INVESTIMENTO EM DIREITOS CREDITÓRIOS  RESPONSABILIDADE LIMITADA,66572273000119,10872098.17,7292127.14,7292127.14,7292127.14,7292127.14,1,7292126.94,1.0000000274268401,1.0000000274268401,1.0000000274268401,False
3G BANK - FUNDO DE INVESTIMENTO EM DIREITOS CREDITORIOS NAO-PADRONIZADOS,41387466000179,27763941.86,7285549.21,13793986.3,17625942.67,24585079.840000004,25,27263680.6,0.267225446075685,0.5059473261288133,0.6464990156171357,False
MAIS TODOS FUNDO DE INVESTIMENTO EM DIREITOS CREDITÓRIOS RESPONSABILIDADE LIMITADA,45121220000101,142202146.92,7240086.73,23329925.270000003,38225484.21,67453936.08000001,24,133944972.8,0.05405269476451751,0.17417544520192701,0.2853819998685311,False
VÊNETO FUNDO DE INVESTIMENTO EM DIREITOS CREDITÓRIOS,42031145000108,36712626.38,7226564.19,15333980.819999998,15821135.649999999,16784007.169999994,25,35587881.8,0.20306249836988052,0.43087646818024444,0.4445652522651685,False
TECNOMYL II FUNDO DE INVESTIMENTO EM DIREITOS CREDITÓRIOS AGRONEGÓCIO,45963700000110,83990025.47,7209675.71,19139435.86,29619554.35,47781403.07,24,84267753.64,0.08555675686811864,0.2271264514984643,0.3514933420028924,False
FICTOR INVEST FUNDO DE INVESTIMENTO EM DIREITOS CREDITÓRIOS,61832072000190,68713211.46,7203012.51,7203012.51,7203012.51,7203012.51,1,7203012.51,1.0,1.0,1.0,False
BANFITA FUNDO DE INVESTIMENTO EM DIREITOS CREDITÓRIOS MULTISSETORIAL,35580989000134,281569395.14,7177389.84,27662816.3,48802515.27,99526304.31000002,25,277636607.51,0.02585174161423033,0.09963677538093975,0.17577838782748498,False
RIVO FUNDO DE INVESTIMENTO EM DIREITOS  CREDITÓRIOS,07383363000100,116288616.65,7174334.38,26055677.040000003,37112410.54,52093758.01000001,25,116047097.64,0.0618226093189865,0.224526744484637,0.31980472837959034,False
VISÃO MULTIMERCADO FUNDO DE INVESTIMENTO EM DIREITOS CREDITÓRIOS,10545253000102,39969902.71,7171845.81,17499802.88,21720077.060000002,28359813.759999998,25,37937473.059999995,0.18904384587390335,0.4612801398849943,0.5725230308736858,False
NOVA PROSPER FUNDO DE INVESTIMENTO EM DIREITOS CREDITÓRIOS  RESPONSABILIDADE LIMITADA,56769153000152,31270435.75,7171815.97,14718591.61,16409651.469999999,19186865.000000007,25,26720100.88,0.26840527295194855,0.5508434147049522,0.6141313441777694,False
AVGA CAPITAL WM XYZ NEXT ERA SPECIAL OPPORTUNITIES FIDC RESPONSABILIDADE LIMITADA,61528551000117,32100079.8,7163616.69,7163616.69,7163616.69,7163616.69,1,7163616.69,1.0,1.0,1.0,False
ÁGATA FUNDO DE INVESTIMENTO EM DIREITOS CREDITÓRIOS,53314518000166,7120520.84,7148581.72,7148581.72,7148581.72,7148581.72,1,7148581.72,1.0,1.0,1.0,False
B4 TRUST FUNDO DE INVESTIMENTO EM DIREITOS CREDITÓRIOS,32287737000123,124114828.62,7131367.9,23550491.69,33407131.259999998,53470188.78999999,24,121177311.38,0.058850685980618433,0.19434736933672345,0.2756880052837495,False
SOUTO FUNDO DE INVESTIMENTO EM DIREITOS CREDITÓRIOS,45207458000154,46565462.43,7130502.71,17267383.66,22029230.22,28795396.959999997,25,34036089.82,0.20949829277421975,0.507325716653077,0.6472315220844014,False
APOLO - FUNDO DE INVESTIMENTO EM DIREITOS CREDITÓRIOS MULTISEGMENTOS,13004286000125,79506941.28,7110124.35,7110124.35,7110124.35,7110124.35,1,7039023.11,1.0101010095987595,1.0101010095987595,1.0101010095987595,False
PONTAL FUNDO DE INVESTIMENTO EM DIREITOS CREDITÓRIOS,55174856000175,1463537.92,7059436.59,7059436.59,7059436.59,7059436.59,1,1165703.64,6.055944536640548,6.055944536640548,6.055944536640548,True
RIO CLARO FUNDO DE INVESTIMENTO EM DIREITOS CREDITORIOS,24069420000192,-31496.6,7014780.72,7014780.72,7014780.72,7014780.72,1,0.01,701478072.0,701478072.0,701478072.0,True
ASA DISTRESSED FUNDO DE INVESTIMENTO EM DIREITOS CREDITÓRIOS NÃO-PADRONIZADOS,40063188000131,54648251.31,7000000.0,24697596.93,32917496.61,42635012.470000006,24,60042156.58,0.11658475309215817,0.4113376057219562,0.5482397449555434,False
PARAGUAÇU PRECATÓRIOS I FUNDO DE INVESTIMENTO EM DIREITOS CREDITÓRIOS,51982989000117,7189778.28,7000000.0,7000000.0,7000000.0,7000000.0,1,7000000.0,1.0,1.0,1.0,False
MARANATA FUNDO DE INVESTIMENTO EM DIREITOS CREDITÓRIOS,54776077000187,15823045.24,6992444.33,13773907.36,13773907.36,13773907.36,4,13773907.36,0.5076587309064057,1.0,1.0,False
SL FUNDO DE INVESTIMENTO EM DIREITOS CREDITORIOS MULTISSETORIAL,11122821000117,83273953.59,6985666.85,23275197.41,33613887.19,51586407.31999999,25,81920644.85,0.08527358229163158,0.284118825634464,0.4103225414246724,False
FP GENIAL 2 RECUPERAÇÃO DE CRÉDITO FUNDO DE INVESTIMENTO EM DIREITOS CREDITÓRIOS NÃO PADRONIZADOS,23884799000121,13412702.85,6980778.2,6980778.2,6980778.2,6980778.2,1,6980780.2,0.9999997134990728,0.9999997134990728,0.9999997134990728,False
L3R1 FUNDO DE INVESTIMENTO EM DIREITOS CREDITÓRIOS MULTISSEGMENTOS,60490269000125,12152926.55,6924739.24,11497086.940000001,12294629.96,12563667.89,25,12147051.01,0.5700757520734244,0.9464920276151867,1.0121493644736081,False
BACCO CLAIMS FUNDO DE INVESTIMENTO EM DIREITOS CREDITÓRIOS NÃO PADRONIZADOS,53314685000107,8852771.16,6920050.35,8958602.07,9077642.82,9077642.82,6,9077642.82,0.7623179813545472,0.9868863809294492,1.0,False
SÃO CARLOS FUNDO DE INVESTIMENTO EM DIREITOS CREDITÓRIOS,42518113000123,8381408.21,6907992.51,6907992.51,6907992.51,6907992.51,1,6907992.51,1.0,1.0,1.0,False
CONFIANÇA FUNDO DE INVESTIMENTO EM DIREITOS CREDITÓRIOS,22175369000178,202437121.53,6901369.69,24350280.43,39216965.199999996,70640617.17,25,180609038.51,0.038211651791822614,0.13482315520245555,0.2171373344519999,False
SAGEL BANK FUNDO DE INVESTIMENTO DIREITOS CREDITÓRIOS DE RESPONSABILIDADE LIMITADA,58739374000103,83047786.58,6899718.97,25048006.19,39469760.74,58022304.72,25,82756045.89,0.08337419817243517,0.3026728249352804,0.4769411142777837,False
ATIVOS ESPECIAIS IV B FUNDO DE INVESTIMENTO EM DIREITOS CREDITÓRIOS,59061264000106,75076876.37,6884387.0,23278518.39,33549071.93,34166926.9,13,34166926.9,0.20149271897204193,0.6813173001520368,0.9819165776363692,False
QUATTRINI FUNDO DE INVESTIMENTO EM DIREITOS CREDITÓRIOS,55331747000114,7927538.83,6881087.86,6881087.86,6881087.86,6881087.86,1,6986768.16,0.9848742225904917,0.9848742225904917,0.9848742225904917,False
FUNDO DE INVESTIMENTO EM DIREITOS CREDITORIOS MULTISETORIAL PROSPECTA LP,08930397000122,56323566.24,6848825.23,18535021.54,29493374.28,39821077.190000005,25,51699648.64,0.13247334189232896,0.3585134914371441,0.5704753331182407,False
MONTESEGURO II FUNDO DE INVESTIMENTO EM DIREITOS CREDITÓRIOS RESPONSABILIDADE LIMITADA,66592945000158,15201187.89,6848788.36,7155189.45,7155189.45,7155189.45,2,6798861.01,1.0073434873762774,1.0524100197777098,1.0524100197777098,True
CONLIFE FUNDO DE INVESTIMENTO EM DIREITOS CREDITÓRIOS DE RESPONSABILIDADE LIMITADA,46323053000144,18298126.3,6845722.94,7397281.92,7855800.9399999995,8552502.440000001,24,11874431.86,0.5765095139465477,0.6229588082372474,0.6615727836598997,False
FOUR EVEN FUNDO DE INVESTIMENTO EM DIREITOS CREDITÓRIOS NÃO PADRONIZADOS,41391208000166,37234320.23,6827034.88,8447034.879999999,8447034.879999999,8447034.879999999,2,59793284.88,0.11417728418335393,0.14127062757887401,0.14127062757887401,False
TIVIO ALT CREDITO HIGH YIELD 180 FI EM DIREITOS CREDITÓRIOS - RESPONSABILIDADE LIMITADA,58038938000180,145438042.93,6824036.48,15875270.59,15875270.59,15875270.59,3,15875270.59,0.42985323880391263,1.0,1.0,False
MS OPEN FUNDO DE INVESTIMENTO EM DIREITOS CREDITÓRIOS,35654917000194,93179677.67,6812903.75,22804580.07,31204160.650000002,39858220.470000006,25,70151611.64,0.09711685292366577,0.32507564027220404,0.44481031754668326,False
ENGENIUM FUNDO DE INVESTIMENTO EM DIREITOS CREDITÓRIOS DE RESPONSABILIDADE LIMITADA,62194613000164,9254177.64,6812213.69,6812213.69,6812213.69,6812213.69,1,6812213.69,1.0,1.0,1.0,False
VINCI ENERGIA SUSTENTÁVEL FIDC - IS RESPONSABILIDADE LIMITADA,28492719000106,479422659.48,6808984.61,99015871.62,212059509.77999997,451994453.5100001,21,451994453.51,0.015064310097445383,0.21906435101378818,0.46916396458680953,False
LBA FUNDO DE INVESTIMENTO EM DIREITOS CREDITÓRIOS,51144449000164,210511168.36,6807683.37,26018358.669999998,45029574.93000001,85337068.47,25,194992932.13,0.03491246218843143,0.13343231667829786,0.23092926722071755,False
KREDITARE FUNDO DE INVESTIMENTO EM DIREITOS CREDITÓRIOS,23274015000143,89269292.35,6802917.81,17143257.419999998,23006474.500000004,33326892.7,25,79631422.11999999,0.08543006804209012,0.21528257267798245,0.28891201346788165,False
FUNDO DE INVESTIMENTO EM DIREITOS CREDITÓRIOS MAIS LOTES - RESPONSABILIDADE LIMITADA,24814759000176,1597331.54,6794306.87,6794306.87,6794306.87,6794306.87,1,0.0,,,,False
ERETEZ FUNDO DE INVESTIMENTO EM DIREITOS CREDITÓRIOS - RESPONSABILIDADE LIMITADA,62792509000171,33364253.9,6793796.0,30163149.89,33786684.62,33786684.62,7,33350699.5,0.20370775131718002,0.9044233057240674,1.0130727428970416,False
VB II FUNDO DE INVESTIMENTO EM DIREITOS CREDITÓRIOS FINANCEIROS,61263184000177,6811058.49,6793758.55,6816654.8,6829170.399999999,6834823.489999999,13,6834823.49,0.9939918068023144,0.9973417470068419,0.9991728989039333,False
NTZ IMPULSE FUNDO DE INVESTIMENTO EM DIREITOS CREDITÓRIOS - RESPONSABILIDADE LIMITADA,62122004000108,20987076.22,6775002.24,14321928.05,17911672.740000002,20478357.540000003,21,20463466.39,0.33107793718227424,0.6998779081240498,0.875300029752193,False
AGRO30 FUNDO DE INVESTIMENTO EM DIREITOS CREDITÓRIOS - RESPONSABILIDADE LIMITADA,59813000000153,21642138.55,6772987.67,21304468.080000002,21304468.080000002,21304468.080000002,4,21304468.08,0.3179139532874928,1.0000000000000002,1.0000000000000002,False
WELLINGTON FUNDO DE INVESTIMENTO EM DIREITOS CREDITÓRIOS - RESPONSABILIDADE LIMITADA,26861630000144,9514464.38,6714477.39,6714477.39,6714477.39,6714477.39,1,6714477.39,1.0,1.0,1.0,False
BEX FUNDO DE INVESTIMENTO EM DIREITOS  CREDITÓRIOS - RESPONSABILIDADE LIMITADA,44002535000177,246712950.77,6699143.57,26546704.230000004,42293041.95,74999374.10999998,25,238395305.23999998,0.028100987824637585,0.11135581803204811,0.17740719309645078,False
PACIFIC FUNDO DE INVESTIMENTO EM DIREITOS CREDITÓRIOS - RESPONSABILIDADE LIMITADA,34475959000103,163518121.08,6672469.18,25348266.18,38950948.989999995,65307578.17999999,24,157527029.76,0.0423576143736464,0.16091375695091378,0.24726517759741704,False
LINK CAPITAL FUNDO DE INVESTIMENTO EM DIREITOS CREDITÓRIOS DE RESPONSABILIDADE LIMITADA,59699204000105,70713081.2,6628285.54,22953795.77,34785150.66,56198782.56999999,25,71776832.82,0.09234575112309895,0.3197939344518434,0.4846292221785999,False
FIDC TRENDBANK BANCO DE FOMENTO - MULTISETORIAL,08927488000109,0.0,6618574.25,6618574.25,6618574.25,6618574.25,1,0.0,,,,False
FUNDO DE INVESTIMENTO EM DIREITOS CREDI VAREJO BR,13767420000140,159397497.94,6578967.4,12885641.330000002,13357725.290000001,14039759.429999998,25,157808727.38,0.04168950291423357,0.08165354061167769,0.08464503523835465,False
FUNDO DE INVESTIMENTO EM DIREITOS CREDITÓRIOS IS SOLAR KOMPASS ENERGIA,38051251000178,45802597.08,6549562.03,15957543.2,23572251.55,36044009.38,24,44884819.35,0.14591931358636515,0.355522054696651,0.525172026786825,False
FINANZA PRIME FUNDO DE INVESTIMENTO EM DIREITOS CREDITORIOS,39863075000131,2490337.59,6528423.06,13710358.599999998,16796192.07,21168945.759999998,25,2485861.97,2.6262210608580165,5.515333822014259,6.7566873272533305,True
CARBON CORP FUNDO DE INVESTIMENTO EM DIREITOS CREDITÓRIOS DE RESPONSABILIDADE LIMITADA,46405748000175,859207.15,6522655.03,6522655.03,6522655.03,6522655.03,1,0.0,,,,False
MASSAU FUNDO DE INVESTIMENTO EM DIREITOS CREDITORIOS,26560778000149,6491660.08,6519563.95,8721393.700000001,10108692.0,10984162.659999998,25,6194693.54,1.0524433384641656,1.4078813816510447,1.6318308459856434,True
PRECATO I FUNDO DE INVESTIMENTO EM DIREITOS CREDITORIOS DE RESPONSABILIDADE LIMITADA,35705695000191,110353430.17,6496478.41,12701824.31,12701825.31,12701825.31,6,16945775.29,0.3833686154113991,0.7495569894341495,0.749557048445908,False
AUGME VINTAGE II FUNDO DE INVESTIMENTO EM DIREITOS  CREDITÓRIOS DE RESPONSABILIDADE LIMITADA,58731626000158,43314721.06,6488130.36,22979230.86,32523912.379999995,32568035.39,11,30086553.1,0.2156488428047944,0.7637708043065923,1.0810115825464897,True
DCASH FUNDO DE INVESTIMENTO EM DIREITOS CREDITÓRIOS,32202903000141,176190282.59,6430703.88,15200012.59,22651402.0,32375144.299999997,25,145268029.32999998,0.04426785377112544,0.10463425889443778,0.15592833539817388,False
SPECIAL SITUATIONS FUNDO DE INVESTIMENTO EM DIREITOS CREDITÓRIOS,20997814000150,17512502.97,6400000.0,9095862.52,9095862.52,9095862.52,3,7900000.0,0.810126582278481,1.1513750025316456,1.1513750025316456,True
INVESTMAX FUNDO DE INVESTIMENTO EM DIREITOS CREDITÓRIOS,48213253000170,13526069.24,6332073.38,13735982.5,13956718.68,13959437.95,13,13684459.07,0.462720035012681,1.003765105345885,1.0198955332181792,False
SÉCULO FUNDO DE INVESTIMENTO EM DIREITOS CREDITÓRIOS - RESPONSABILIDADE LIMITADA,62114622000106,16263885.63,6314808.3,14828162.09,14828162.09,14828162.09,5,14828162.09,0.42586588018609933,1.0,1.0,False
MDR I FUNDO DE INVESTIMENTO EM DIREITOS CREDITÓRIOS  RESPONSABILIDADE LIMITADA,58159938000139,39256752.13,6301052.8,26497654.44,36981158.800000004,39959580.660000004,18,38879119.61,0.16206778505291364,0.6815394665774429,0.9511830301447509,False
RDF FUNDO DE INVESTIMENTO EM DIREITOS CREDITÓRIOS DE RESPONSABILIDADE LIMITADA,19425700000156,232999620.24,6296767.79,24275236.810000002,37198990.4,62397139.89,25,225666701.22000003,0.027902954915184183,0.10757119539020663,0.16484040489312202,False
KMRBANK  FUNDO  DE  INVESTIMENTO  EM  DIREITOS  CREDITÓRIOS  RESPONSABILIDADE  LIMITADA,52910525000168,65795088.41,6263742.63,18901590.659999996,25719829.419999994,36827583.970000006,25,65377385.01,0.09580901146538531,0.28911512225686065,0.3934056006685789,False
KIJANI DESENVOLVE SP FUNDO DE INVESTIMENTO EM DIREITOS CREDITÓRIOS DE RESPONSABILIDADE LIMITADA,63637082000108,64290094.55,6254002.02,6254002.02,6254002.02,6254002.02,1,6254002.02,1.0,1.0,1.0,False
SPORTSWISE FUNDO DE  INVESTIMENTO EM DIREITOS CREDITÓRIOS MULTICARTEIRA DE  RESPONSABILIDADE LIMITAD,63866828000147,6414715.85,6200138.77,6200138.77,6200138.77,6200138.77,1,0.0,,,,False
FIDC RECUPERADOS QUESTÕES GLOBAIS RESPONSABILIDADE LIMITADA,50041351000119,6473024.97,6179883.48,6179883.48,6179883.48,6179883.48,1,6179883.48,1.0,1.0,1.0,False
UKF FUNDO DE INVESTIMENTO EM DIREITOS CREDITÓRIOS,52997521000169,12593432.56,6153806.13,11095952.43,11095952.43,11095952.43,2,11095952.43,0.5545991809916222,1.0,1.0,False
GRAND - FUNDO DE INVESTIMENTO EM DIREITOS CREDITÓRIOS NÃO PADRONIZADOS RESPONSABILIDADE LIMITADA,42700668000191,67257035.5,6129237.63,6129237.63,6129237.63,6129237.63,1,67620350.87,0.09064190811111654,0.09064190811111654,0.09064190811111654,False
ALGARVE MORPHEUS FUNDO DE INVESTIMENTO EM DE RESPONSABILIDADE LIMITADA,51269820000114,6013509.7,6112900.0,6112900.0,6112900.0,6112900.0,1,6112900.0,1.0,1.0,1.0,False
AUDIMAIS FUNDO DE INVESTIMENTO EM DIREITOS CREDITÓRIOS  RESPONSABILIDADE LIMITADA,60675473000110,7779727.48,6111148.8,7938708.0,7938708.0,7938708.0,3,7824278.42,0.7810495066713129,1.0146249371325413,1.0146249371325413,False
RHB CRED FUNDO DE INVESTIMENTO EM DIREITOS CREDITÓRIOS DE RESPONSABILIDADE LIMITADA,56823795000192,23583006.85,6061085.09,8077377.069999999,9776506.010000002,12616839.879999999,25,23493705.43,0.2579876174943596,0.34381026416061605,0.41613299524544184,False
ITAÚ APALACHES SPECIALE PRIVATE MARKETS FIDC RESPONSABILIDADE LIMITADA,64989111000155,166420145.28,6056199.9,19776563.65,21350684.57,21350684.57,6,21350684.57,0.2836536636633005,0.9262730468974372,1.0,False
CREDINOV FUNDO DE INVESTIMENTO EM DIREITOS CREDITÓRIOS NÃO-PADRONIZADOS RESPONSABILIDADE LIMITADA,40211684000195,9445782.23,6012924.94,11186391.07,11598306.370000001,11598306.370000001,8,8773956.32,0.6853151213317187,1.2749540414853582,1.3219015398517509,True
URBANO FUNDO DE INVESTIMENTO EM DIREITOS CREDITÓRIOS MULTISETORIAL,23773276000108,160242652.43,5984831.57,19425053.46,28558619.28,41645776.449999996,25,53639177.349999994,0.11157575238241421,0.36214301597598986,0.5324209037296133,False
R&G FUNDO DE INVESTIMENTO EM DIREITOS CREDITÓRIOS MULTISEGMENTOS,11693671000100,286591423.05,5969856.31,23495424.48,38653226.04,72123457.58999999,25,257256315.2,0.023205868844692213,0.09133079769775075,0.15025180629657095,False
GUARAPARI FUNDO DE INVESTIMENTO EM DIREITOS CREDITÓRIOS RESPONSABILIDADE ILIMITADA,66619014000104,15357591.64,5960558.55,8448848.57,8448848.57,8448848.57,2,8448848.57,0.7054876768847095,1.0,1.0,False
FUNDO DE INVESTIMENTO EM DIREITOS CREDITÓRIOS ATIVOS SELECIONADOS 2 - RESPONSABILIDADE LIMITADA,62667208000116,5991509.86,5956932.21,5956932.21,5956932.21,5956932.21,1,5956932.21,1.0,1.0,1.0,False
LATACHE III FUNDO DE INVESTIMENTO EM DIREITOS CREDITÓRIOS NÃO PADRONIZADOS,26459235000130,5116459.21,5952719.94,5952719.94,5952719.94,5952719.94,1,5952719.94,1.0,1.0,1.0,False
VALE M CAPITAL FUNDO DE INVESTIMENTO EM DIREITOS CREDITÓRIOS,49141366000170,27913352.09,5941375.1,14335743.120000001,18874657.15,24965593.11,25,28178763.01,0.21084584507458828,0.5087428115603432,0.669818513442262,False
KATETO INVESTIMENTO PRECATÓRIOS FUNDO DE INVESTIMENTO EM DIREITOS CREDITÓRIOS,52049112000130,144620111.37,5920443.95,24157635.619999997,39241970.089999996,69012327.16000001,25,136966058.33,0.04322562846727722,0.17637680396551714,0.28650872025134955,False
PRASS FUNDO DE INVESTIMENTO EM DIREITOS CREDITÓRIOS II,11198684000102,233824430.93,5915698.39,17744035.049999997,24996838.060000002,31767973.810000002,24,194997954.84,0.030337232997412495,0.09099600590457145,0.12819025758762673,False
G5 CRÉDITOS CONDOMINIAIS FUNDO DE INVESTIMENTO EM DIREITOS CREDITÓRIOS - NÃO PADRONIZADOS,32948668000151,75867433.99,5874624.77,12845955.969999999,15446209.709999999,19725073.85,25,70585041.60000001,0.08322761645861237,0.18199261031532774,0.21883120502404008,False
MTR 1 FUNDO DE INVESTIMENTO EM DIREITOS CREDITÓRIOS NÃO PADRONIZADOS,26704185000109,10281201.19,5849688.31,10126161.549999999,10126161.549999999,10126161.549999999,4,10126161.55,0.5776807214773301,0.9999999999999998,0.9999999999999998,False
CHIMERA NPL & SPECIAL OPPORTUNITIES II FUNDO DE INVESTIMENTO EM DIREITOS CREDITÓRIOS DE RESPONSABILI,52155823000190,189586594.69,5830901.74,13630227.62,14847043.449999997,15533558.829999994,24,124083732.88,0.046991669291888576,0.1098470146218251,0.11965342358259329,False
FUNDO DE INVESTIMENTO EM DIREITOS CREDITÓRIOS CAPITAL 5,21254441000190,50013719.1,5823794.58,24107845.17,30411762.04,32726036.410000004,25,35243551.26,0.16524426091560673,0.6840356407942757,0.8629028844353752,False
VECTOR FUNDO DE INVESTIMENTO EM DIREITOS CREDITÓRIOS  MULTISSETORIAL,19187295000185,132379912.24,5800262.12,22406918.95,34539430.32,53181154.57,25,141865592.04999998,0.04088561599880907,0.15794470404143357,0.24346587372522796,False
GARSON BR FUNDO DE INVESTIMENTO EM DIREITOS CREDITÓRIOS - RESPONSABILIDADE LIMITADA,46082697000198,8593039.08,5794397.18,8270501.43,8270501.43,8270501.43,3,8259074.699999999,0.7015794614377323,1.0013835363421524,1.0013835363421524,False
CREDITCORP BIOLAB FUNDO DE INVESTIMENTO EM DIREITOS CREDITÓRIOS,49617028000161,12197382.83,5782896.8,5782896.8,5782896.8,5782896.8,1,5782896.81,0.9999999982707629,0.9999999982707629,0.9999999982707629,False
CREDITMIX FUNDO DE INVESTIMENTO EM DIREITOS CREDITÓRIOS - RESPONSABILIDADE LIMITADA,09072384000122,42851145.51,5761653.07,42100964.99,42100964.99,42100964.99,4,42100964.18,0.13685323322683107,1.0000000192394645,1.0000000192394645,False
CHEMICAL XII - FUNDO DE INVESTIMENTO EM DIREITOS CREDITÓRIOS - INDÚSTRIA PETROQUÍMICA,46711630000175,116020959.44,5754374.15,19474414.19,29883030.950000003,47583973.39,24,65723699.27,0.08755402105959396,0.296307335197263,0.45467664300570343,False
MONTANTE FUNDO DE INVESTIMENTO EM DIREITOS CREDITÓRIOS DE RESPONSABILIDADE LIMITADA,61220318000172,22141673.17,5748458.36,18405919.64,23481721.680000003,23834321.59,18,23035213.26,0.2495509069144168,0.7990340454959608,1.019383732851102,False
MTR CRÉDITOS SELECIONADOS I FUNDO DE INVESTIMENTO EM DIREITOS CREDITÓRIOS  RESPONSABILIDADE LIMITADA,55125894000138,166774766.47,5739362.04,15966908.489999998,20406829.710000005,28420876.790000003,25,138154756.0,0.0415429928449224,0.11557262994261304,0.14770993269316046,False
ADVANCED II FUNDO DE INVESTIMENTOS EM DIREITOS CREDITORIOS,58615962000135,5902996.52,5734678.41,5734678.41,5734678.41,5734678.41,1,5734678.41,1.0,1.0,1.0,False
ÁPICE CREDIT FUNDO DE INVESTIMENTO EM DIREITOS CREDITÓRIOS DE RESPONSABILIDADE LIMITADA,59695914000167,8810854.93,5713588.76,6557132.65,6999210.920000001,7565108.61,25,8667616.99,0.6591879598039322,0.7565092755673322,0.807512714056831,False
FMD FUNDO DE INVESTIMENTO EM DIREITOS CREDITÓRIOS,47846883000119,117094401.42,5700253.2,18975033.15,29316083.21,45835100.910000004,25,92870375.98,0.061378595056270385,0.20431739346125125,0.3156666795051345,False
TSALEACH FUNDO DE INVESTIMENTO EM DIREITOS CREDITÓRIOS  RESPONSABILIDADE LIMITADA,53078148000105,43777440.26,5695033.99,13988141.75,15018032.370000001,15073661.61,12,31510163.23,0.18073641664216794,0.4439247631913965,0.47660915814303767,False
RDG FUNDO DE INVESTIMENTO EM DIREITOS CREDITÓRIOS MULTISSETORIAL LP,13348521000186,35622070.77,5685689.06,10458499.86,13382487.040000001,16770598.420000002,25,15921011.84,0.35711857494605065,0.6568991949195108,0.8405550585910501,True
NOVAX FUNDO DE INVESTIMENTO EM DIREITOS CREDITORIOS NÃO PADRONIZADOS,28879551000196,85813087.16,5663449.46,15477287.469999999,24379289.18,40062086.69000001,25,78926486.42,0.07175600634066588,0.19609751012656315,0.3088860316202075,False
JIF CRÉDITOS PFN FIDC CRÉDITO PRIVADO RESPONSABILIDADE ILIMITADA,65344702000138,56672203.37,5640185.81,19951874.889999997,27250706.95,27935335.54,12,25464668.78,0.22149064096328683,0.7835120520267767,1.070137891265358,True
RAC19 FUNDO DE INVESTIMENTO EM DIREITOS CREDITÓRIOS,51531327000120,5976030.21,5629285.34,5898729.75,5914389.53,5914389.53,6,5957324.21,0.9449351993552152,0.9901642989478996,0.9927929589717597,False
YAALEH FUNDO DE INVESTIMENTO EM  DIREITOS CREDITÓRIOS - RESPONSABILIDADE LIMITADA,36703167000166,201036011.56,5629219.06,25946825.090000004,43605366.199999996,82942664.04,25,154008109.32,0.03655144579629594,0.1684770055587616,0.28313681917486705,False
OLAM FUNDO DE INVESTIMENTO EM DIREITOS CREDITORIOS,41649912000176,226582065.69,5599165.91,18810281.45,25898380.979999997,42011192.81999999,25,212558801.8,0.0263417269131407,0.08849448383557833,0.12184101886483252,False
SOLDI FUNDO DE INVESTIMENTO  EM DIREITOS CREDITÓRIOS NÃO PADRONIZADO,47463387000186,19815754.72,5582869.17,19683453.39,22136356.02,22337380.959999997,25,19654071.07,0.2840566287827105,1.001494973733195,1.126298767372881,True
VHE FUNDO DE INVESTIMENTO EM DIREITOS CREDITÓRIOS SEGMENTO FINANCEIRO,13963456000107,6501572.12,5576160.44,5576160.44,5576160.44,5576160.44,1,5576160.44,1.0,1.0,1.0,False
JUSINVEST I - FUNDO DE INVESTIMENTO EM DIREITOS CREDITORIOS,38328747000146,30932288.28,5571802.58,15528276.52,23002907.030000005,27731473.440000005,21,27731473.45,0.20091981733484127,0.5599513689021093,0.8294873718655582,False
EXA AGCN USD FUNDO DE INVESTIMENTO EM DIREITOS CREDITÓRIOS RESPONSABILIDADE LIMITADA,58594205000122,113491084.08,5566086.14,18740805.52,31804257.58,55315411.68,24,106206193.97,0.05240830060789344,0.1764568036897519,0.29945765299699684,False
GUARDIAN FUNDO DE INVESTIMENTO EM DIREITOS CREDITÓRIOSRESPONSABILIDADE LIMITADA,40802124000105,43510303.95,5554710.91,13809127.839999998,20226170.549999997,30442844.9,25,38938747.63,0.14265253116976018,0.3546371848220635,0.5194355694793052,False
NEXA FUNDO DE INVESTIMENTO EM DIREITOS CREDITÓRIOS,63219990000173,5742740.37,5543385.63,5543385.63,5543385.63,5543385.63,1,5543385.63,1.0,1.0,1.0,False
ISAAC CRÉDITO FLEX FIDC FINANCEIROS DE RESPONSABILIDADE LIMITADA,60019532000100,106700592.42,5542157.94,21747373.4,33005011.19,55742258.64999999,24,101620808.85,0.05453762868765043,0.2140051200743813,0.32478595243930697,False
DIAMANTE FUNDO DE INVESTIMENTO EM DIREITOS CREDITÓRIOS RESPONSABILIDADE LIMITADA,53018439000108,71357862.94,5530078.19,15896926.200000001,22133400.06,32367149.859999996,25,69829705.32,0.07919377813006645,0.22765277509265025,0.3169625298942906,False
PREMIUM RECEBÍVEIS MULTISSETORIAL FUNDO DE INVESTIMENTO EM  DIREITOS CREDITÓRIOS - RESP LIMITADA,27456204000198,164860734.48,5523658.84,22893579.68,37515010.82,67716186.52000001,25,145634339.41,0.037928272015911084,0.1571990491579626,0.257597287645087,False
GRATIAM FLOW FUNDO DE INVESTIMENTO EM DIREITOS CREDITÓRIOS MULTISSETORIAL RESPONSABILIDADE LIMITADA,46929994000126,59617032.03,5472291.77,16985386.1,25602228.090000004,38007809.699999996,25,58085166.08,0.09421151972713787,0.2924220975215296,0.4407705067889169,False
FUNDO DE INVESTIMENTO EM DIREITOS CREDITÓRIOS LEJÚ,65659857000163,25609895.73,5452787.9,12920336.399999999,13649878.850000001,15044304.700000003,25,24773833.0,0.22010271482818183,0.5215315853626686,0.5509796909505283,False
TRUST FUNDO DE INVESTIMENTO EM DIREITOS CREDITÓRIOS,20906292000133,22168098.25,5444782.74,23608317.47,34698998.660000004,49389810.58,25,20343618.4,0.26764082145779927,1.160477797302765,1.7056453762424095,True
PW2 CLASSE DE INVESTIMENTO EM DIREITOS CREDITÓRIOS - RESPONSABILIDADE LIMITADA,65526160000114,57237844.18,5401244.41,14159733.97,16056562.19,16056562.19,7,16056562.19,0.336388595895321,0.8818658566164718,1.0,False
SATURNO FUNDO DE INVESTIMENTO EM DIREITOS CREDITÓRIOS,23104455000152,94165881.09,5372802.64,19205406.62,26997646.669999998,38157440.99,25,89407533.38999999,0.0600933996978037,0.21480747641504758,0.3019616540838338,False
NEW TRADE CAPITAL FUNDO DE INVESTIMENTO EM DIREITOS CREDITÓRIOS - RESPONSABILIDADE LIMITADA,60647052000186,144706304.81,5355413.0,25732662.099999998,41236341.49,68906040.73,25,118522344.8,0.04518483842887995,0.21711232716010187,0.34792039897273447,False
BLUECAPITAL FUNDO DE INVESTIMENTO EM DIREITOS CREDITÓRIOS DE RESPONSABILIDADE LIMITADA,59056669000148,48417018.55,5330968.61,14647827.120000001,19623888.65,25273968.429999996,24,39362594.04,0.13543234992548273,0.3721255541521217,0.49854155013407747,False
MALCOM FUNDO DE INVESTIMENTO EM DIREITOS CREDITÓRIOS NP,59715778000120,14588945.76,5307116.87,13914852.400000002,17075454.700000003,20712431.509999998,22,14615414.22,0.36311778716046544,0.9520669199343432,1.1683182182160556,True
GFM FUNDO DE INVESTIMENTO EM DIREITOS CREDITÓRIOS MULTICRÉDITO,13098860000151,305031610.3,5299354.85,23896195.689999998,39096396.43,69500449.82000001,25,292593149.66,0.01811168462473565,0.08167038673929286,0.13362034099373452,False
VIXTRA FUNDO DE INVESTIMENTO EM DIREITOS CREDITÓRIOS RESPONSABILIDADE LIMITADA,45523699000102,233574412.44,5270025.64,26179152.0,51273707.32,117388093.22,25,208206093.57,0.02531158214266284,0.1257367234124607,0.24626420120966108,False
CONTATO FUNDO DE INVESTIMENTO EM DIREITOS CREDITORIOS MULTISSETORIAL,29187006000100,163097214.97,5268545.7,23095465.64,37837027.14999999,60711474.28,25,157598446.0,0.033430188137768824,0.14654627774692652,0.24008502691708009,False
NR11 FUNDO DE INVESTIMENTO EM DIREITOS CREDITÓRIOS DE  RESPONSABILIDADE LIMITADA,55948310000124,46213809.75,5243153.94,18100649.84,24947744.259999998,30391569.299999997,25,46206667.04,0.11347180560461391,0.3917324273644473,0.5399165501031126,False
FIPAN FUNDO DE INVESTIMENTO EM DIREITOS CREDITÓRIOS  MULTISSEGMENTOS,49466341000146,19573556.82,5234506.69,14689751.309999999,18291122.94,20021698.710000005,21,19522220.68,0.26813069966792324,0.7524631316686867,0.9369386423717039,False
FUNDO DE  INVESTIMENTO EM DIREITOS CREDITÓRIOS GOFLUX FRETES RESPONSABILIDADE  LIMITADA,53077542000129,32855142.18,5223413.17,10219816.790000001,13610031.6,20061389.990000002,24,24738077.98,0.2111487066304413,0.41312088991967844,0.5501652800594817,False
EVERBLUE I FUNDO DE  INVESTIMENTO EM DIREITOS CREDITÓRIOS MULTISETORIAL,51862553000194,105604804.43,5211783.96,22465758.529999997,38452317.64,56711811.099999994,25,88458458.75,0.05891786985266686,0.2539695903304442,0.43469350679818397,False
ALIANÇA CRED FUNDO DE INVESTIMENTO EM  DIREITOS CREDITÓRIOS NÃO PADRONIZADOS,32907712000185,30424382.78,5191971.09,10926725.48,13045097.77,17381587.049999997,25,22966433.15,0.2260678032191516,0.47576937213691806,0.5680071295703139,False
AVALON FUNDO DE INVESTIMENTO EM DIREITOS CREDITÓRIOS -  RESPONSABILIDADE LIMITADA,66931093000186,9481938.72,5183137.45,8432571.450000001,8432571.450000001,8432571.450000001,4,8432571.45,0.6146568079183012,1.0000000000000002,1.0000000000000002,False
GHIA CRÉDITO CORPORATIVO FUNDO DE INVESTIMENTO EM DIREITOS CREDITÓRIOS RESPONSABILIDADE LIMITADA,51498070000152,36780057.98,5177292.1,15647911.76,21572260.219999995,22078496.14,13,22066680.48,0.23462034104732726,0.70911942438204,0.9775942620618393,False
MOMENTO PRECATÓRIOS X FIDC DE RESPONSABILIDADE LIMITADA,65343982000160,10230926.52,5174059.92,8814366.84,8814366.84,8814366.84,3,8814366.84,0.5870030160895823,1.0,1.0,False
AUGME K 2 FUNDO DE INVESTIMENTO EM DIREITOS CREDITÓRIOS DE RESPONSABILIDADE LIMITADA,58032774000184,97178255.98,5172275.51,14785794.36,21595118.169999998,32863276.91,25,35243535.88,0.1467581325441061,0.4195320926465452,0.6127398296109895,False
SPECIALE PLGN FUNDO DE INVESTIMENTO EM DIREITOS CREDITÓRIOS,57183411000187,283938832.57,5154225.16,5356664.3,5356664.3,5356664.3,2,5150151.11,1.0007910544589826,1.0400984719844462,1.0400984719844462,False
FUNDO DE INVESTIMENTO EM DIREITOS CREDITÓRIOS MULTISETORIAL MASTER III,12138813000121,0.0,5150415.45,5150415.45,5150415.45,5150415.45,1,0.0,,,,False
NOBEL FUNDO DE INVESTIMENTO EM DIREITOS CREDITORIOS,34082112000150,70669631.97,5141532.76,22473142.86,34304142.17,49317128.690000005,25,63195944.36,0.08135858735982975,0.35561052354847666,0.5428218933573351,False
VERTIS CAPITAL FUNDO DE INVESTIMENTO EM DIREITOS CREDITÓRIOS - RESPONSABILIDADE LIMITADA,57691429000190,74827471.9,5124856.33,12608533.1,16969690.79,33501004.579999994,25,65313076.53,0.0784660071501305,0.19304760654183195,0.25982072337696993,False
BANKAP FUNDO DE INVESTIMENTO EM DIREITOS CREDITO´RIOS  MULTISSETORIAL - RESPONSABILIDADE LIMITADA,45018852000144,84238055.78,5110257.45,13659410.85,20924980.130000003,31349309.250000004,25,69631662.24,0.07338985291470475,0.19616666341986783,0.3005095592559274,False
KUARÁ ARTEMIS HIGH YIELD I FUNDO DE INVESTIMENTO EM DIREITOS  CREDITÓRIOS RESPONSABILIDADE LIMITADA,64054550000176,13610084.64,5110035.26,7974165.89,10143880.28,12164468.740000002,21,12164468.74,0.4200787859478687,0.6555293174274703,0.8338942289065391,False
KRENAK FUNDO DE INVESTIMENTOS EM DIREITOS CREDITORIOS,54965252000184,1672736.39,5104485.81,5356238.6,5391571.219999998,5438756.829999999,23,161380.7,31.63008841825571,33.19008158968203,33.40902115308706,True
TCG IRON I FUNDO DE INVESTIMENTO EM DIREITOS CREDITÓRIOS - RESPONSABILIDADE LIMITADA,58304663000180,21587477.25,5088676.58,13617003.640000002,17505441.990000002,20861485.02,25,22312546.5,0.22806346106662456,0.6102846055693375,0.7845559891606277,False
ACERTO GRUPO INTER - FUNDO DE INVESTIMENTO EM DIREITOS CREDITÓRIOS - NÃO PADRONIZADOS,41609997000169,3510223.2,5074789.47,5074789.47,5074789.47,5074789.47,1,3519980.08,1.4417097127436016,1.4417097127436016,1.4417097127436016,True
CMF FUNDO DE INVESTIMENTOS EM DIREITOS CREDITÓRIOS NÃO PADRONIZADOS MULTISSETORIAL LP,21081879000113,49711985.37,5072531.91,9883915.820000002,14317411.620000001,22448570.57,25,48054730.95,0.10555738862169199,0.20568039035082772,0.2979396895364368,False
VANGUARD I FUNDO DE INVESTIMENTO EM DIREITOS CREDITÓRIOS,45217948000131,72640523.69,5059751.0,10504766.36,15775640.499999998,29005789.309999995,25,66266216.11,0.07635491049618646,0.1585237090127855,0.23806460404820598,False
EKKO FUNDO DE INVESTIMENTO EM DIREITOS CREDITÓRIOS,60075857000100,3490704.26,5058427.04,5299864.569999999,5307060.399999999,5307060.399999999,6,3589645.18,1.4091718780963192,1.4764313195991141,1.4784359271965701,True
FUNDO DE INVESTIMENTO EM DIREITOS CREDITÓRIOS ABERTO EAN,22235997000100,308493277.57,5052882.7,14106609.74,14106609.74,14106609.74,3,237161851.01,0.02130563022038036,0.05948093961960683,0.05948093961960683,False
DAVOS ADONAI FUNDO DE INVESTIMENTO EM DIREITOS CREDITORIOS,29613776000169,25730664.99,5045846.82,11550497.519999998,15577908.889999999,21369866.15,25,22335988.849999998,0.22590657856636603,0.5171249680311333,0.6974353808383102,False
AGROVITA FUNDO DE INVESTIMENTO EM DIREITOS CREDITÓRIOS RESPONSABILIDADE LIMITADA,53125630000159,22518960.57,5015707.37,10987919.230000002,14750118.990000004,18562835.570000004,25,21332547.52,0.23511994361187297,0.5150776867928432,0.691437296749076,False
DIVIX FUNDO DE INVESTIMENTO EM DIREITOS CREDITÓRIOS NÃO-PADRONIZADOS,61766813000181,17015687.75,5009063.49,13807923.000000002,15850770.110000001,16887855.19,25,16083071.73,0.3114494279507886,0.8585376743824298,0.9855561410220733,True
SOLUCRED FUNDO DE INVESTIMENTO EM DIREITOS CREDITÓRIOS,49793609000154,27519510.87,5000437.14,6999804.1899999995,8723422.379999999,12040137.759999998,25,24445599.91,0.20455366848880083,0.2863420908372381,0.35685041120351046,False
JGP ESTRUTURADOS II FUNDO DE INVESTIMENTO EM DIREITOS CREDITÓRIOS - RESPONSABILIDADE LIMITADA,42288547000184,7984608.63,5000000.0,7367197.27,7367197.27,7367197.27,2,7367197.27,0.6786841476826642,1.0,1.0,False
D&C JUDICIAIS II - FUNDO DE INVESTIMENTO EM DIREITOS CREDITÓRIOS RECUPERAÇÃO DE  CRÉDITO,57993612000140,775518.43,5000000.0,8500000.0,8500000.0,8500000.0,2,0.0,,,,False
CONSORTI PRECATÓRIOS FIDC DE ATIVOS JUDICIAIS DE RESP LIMITADA,60373765000107,24589076.64,4996757.08,12213484.02,18230521.0,23666209.79,24,24864011.08,0.2009634352206056,0.4912113327452716,0.7332091729425018,False
SFT CI FUNDO DE INVESTIMENTO EM DIREITOS CREDITÓRIOS,52259540000198,74377943.89,4994751.1,12541039.33,17722865.07,27155304.459999997,25,61744328.730000004,0.0808940869993324,0.20311240866898642,0.28703632276090985,False
ORIZ JUS I FUNDO DE INVESTIMENTO EM DIREITOS CREDITÓRIOS,52997572000190,35583151.3,4986289.98,14468911.05,19185065.25,27294913.73,24,39435705.56,0.12644099830833608,0.3668987493576367,0.48648971731494994,False
AXEN BANK FUNDO DE INVESTIMENTO EM DIREITOS CREDITÓRIOS,64023072000137,2433120.17,4979102.0,4979102.0,4979102.0,4979102.0,1,3859792.94,1.2899919963064133,1.2899919963064133,1.2899919963064133,True
GELMAR FUNDO DE INVESTIMENTO EM DIREITOS CREDITÓRIOS,63699134000162,15725837.22,4955221.3,10089838.89,11904880.370000001,13496253.629999999,25,15349067.3,0.3228353360598008,0.6573584370172121,0.7756093668310386,False
FBRAS 3 FUNDO DE INVESTIMENTO EM DIREITOS CREDITÓRIOS - RESPONSABILIDADE LIMITADA,52351153000187,125850899.92,4955127.67,24738292.29,44398128.730000004,74245575.19000001,25,0.0,,,,False
CITRINO TEMPO CAPTOR (CTC) FUNDO DE INVESTIMENTO EM DIREITOS CREDITÓRIOS RESPONSABILIDADE LIMITADA,52649689000183,46180681.57,4954413.51,18603824.31,25460571.81,31468298.06,21,45907658.73,0.10792128474986597,0.4052444586515728,0.5546040141089112,False
SANTA CLARA FUNDO DE INVESTIMENTO EM DIREITOS CREDITÓRIOS DE RESPONSABILIDADE LIMITADA,61134294000139,60924845.12,4954233.77,16073724.799999999,25008367.410000004,25008367.410000004,10,60154851.51,0.08235800846713784,0.26720579299124264,0.4157331750015653,False
SQUID FUNDO DE INVESTIMENTO EM DIRETOS CREDITÓRIOS,28849641000134,40793048.81,4951082.51,14106545.39,21224370.64,28571318.569999993,25,38813254.05,0.12756164437080997,0.3634466043951809,0.5468330641037814,False
QUANTHAS FUNDO DE INVESTIMENTO EM DIREITOS  CREDITÓRIOS MULTISSETORIAL - RESPONSABILIDADE LIMITADA,27531301000106,46156848.84,4927083.28,11940740.180000002,16285852.540000001,25924378.509999998,25,46673807.94,0.10556420179673046,0.25583385429682604,0.34892915874650193,False
DANIELE I - FUNDO DE INVESTIMENTO EM DIREITOS CREDITÓRIOS MULTISSEGMENTOS,09414255000175,13420660.42,4923949.43,11156851.86,14364278.370000001,19798923.659999996,25,15367575.49,0.3204115986418362,0.7259994829542236,0.9347133761826734,True
MARINO INVEST FUNDO DE INVESTIMENTO EM DIREITOS CREDITÓRIOS  NÃO-PADRONIZADOS RESP LIMITADA,28240255000140,87391303.9,4916092.21,10342641.91,13742246.969999999,20366339.1,25,51437037.41,0.09557494866615804,0.20107382599739818,0.2671663778079166,False
FUEL II FUNDO DE INVESTIMENTO EM DIREITOS CREDITÓRIOS - RESPONSABILIDADE LIMITADA,47968593000148,9266146.58,4888760.23,9434686.53,9687870.569999998,9687870.569999998,8,9687870.04,0.504626941713186,0.9738659262609184,1.0000000547075876,False
AGROCRED FUNDO DE INVESTIMENTO NAS CADEIAS PRODUTIVAS DO AGRONEGÓCIO - RESPONSABILIDADE LIMITADA,34850033000142,36326602.96,4888229.66,8926853.879999999,12722479.65,19235894.469999995,25,35465336.56,0.13783119333240015,0.2517064476435353,0.35872998493828473,False
ORBITA CAPITAL FUNDO DE INVESTIMENTO EM DIREITOS CREDITÓRIOS -  RESPONSABILIDADE LIMITADA,66146849000186,4982534.87,4878804.33,4878804.33,4878804.33,4878804.33,1,4878804.33,1.0,1.0,1.0,False
EQUIPMED FUNDO DE INVESTIMENTO EM DIREITOS CREDITÓRIOS DE RESPONSABILIDADE LIMITADA,39338006000109,28562017.37,4851819.6,15045494.87,20814885.199999996,28705667.98,24,27126757.85,0.17885733440128007,0.5546366784116075,0.7673193130966071,True
VASTA FUNDO DE INVESTIMENTO EM DIREITOS CREDITÓRIOS,33003417000167,41256141.36,4849435.03,14485342.69,15444024.93,17449685.060000002,25,36218836.69,0.13389262254629306,0.39993947939248403,0.42640864095627035,False
K-FINANCE FUNDO DE INVESTIMENTO EM DIREITOS CREDITORIOS NAO PADRONIZADOS,45425498000172,4630731.7,4842714.87,6689545.329999999,7478081.129999998,8572250.939999998,25,3963723.31,1.2217590611792728,1.6876923051422574,1.8866304595817003,True
SERRANA FUNDO DE INVESTIMENTO EM DIREITOS CREDITÓRIOS,28065416000107,109523034.36,4829553.45,14400368.39,18322902.349999998,26448977.16,25,79137454.58,0.06102740447783556,0.18196653489079154,0.23153262190758725,False
YAALEH MEIOS DE PAGAMENTO FUNDO DE INVESTIMENTOS EM DIREITOS CREDITÓRIOS - RESPONSABILIDADE LIMITADA,64633435000156,10366775.35,4829084.79,8534047.75,8534047.75,8534047.75,3,8492538.22,0.5686267950643382,1.004887764873668,1.004887764873668,False
PLATA II FUNDO DE INVESTIMENTO EM DIREITOS CREDITÓRIOS MULTISSEGMENTOS,17030517000126,74308052.45,4827963.01,16793124.83,26498551.229999997,38247962.599999994,25,70024074.4,0.06894718782602001,0.23981930463046572,0.378420585449395,False
Z 5 II FUNDO DE INVESTIMENTO EM  DIREITOS CREDITÓRIOS RESPONSABILIDADE LIMITADA,58475489000138,33184993.84,4813419.36,14740842.95,21877190.9,29637003.499999996,25,32727150.22,0.14707725321768028,0.45041633172788975,0.6684722242216664,False
LATACHE 1962 FUNDO DE INVESTIMENTO EM DIREITOS CREDITÓRIOS,53328690000179,67748953.91,4804005.2,4804005.2,4804005.2,4804005.2,1,4804005.2,1.0,1.0,1.0,False
CITRINO FUNDO DE  INVESTIMENTO EM DIREITOS CREDITÓRIOS NÃO PADRONIZADOS,45525150000157,14016776.04,4803763.66,8620721.33,8620721.33,8620721.33,2,5880166.47,0.8169434801732748,1.466067563559982,1.466067563559982,True
BOCOM BBM AGRO FUNDO DE INVESTIMENTO EM DIREITOS CREDITÓRIOS SEGMENTO AGRONEGÓCIO - RL,66332324000135,26059039.43,4789911.17,20079340.29,25937357.709999997,25937357.709999997,10,25937357.71,0.18467228711401382,0.7741474869762283,0.9999999999999999,False
TABARE FUNDO DE INVESTIMENTO EM DIREITOS CREDITÓRIOS NÃO PADRONIZADOS DE RESPONSABILIDADE ILIMITADA,53250913000122,41804816.0,4776374.5,16502539.29,21209254.09,22828124.170000006,24,23428124.17,0.20387353530062838,0.7043901240344159,0.9052903226950926,False
REAL TIME FUNDO DE INVESTIMENTO EM DIREITOS CREDITÓRIOS MULTISEGMENTOS,29492579000139,17580053.57,4765945.24,14294459.3,16497490.43,19182400.889999997,25,14953959.620000001,0.3187079115571398,0.9558979469813494,1.1032188697323766,True
LIBRA II NP FUNDO DE INVESTIMENTO EM DIREITOS CREDITÓRIOS NÃO PADRONIZADOS MULTISSETORIAL,18563847000140,186648500.21,4747745.29,18721063.63,32116817.159999996,55442253.87,25,178853944.34,0.026545376494323054,0.10467235541873987,0.17957008037209493,False
REC FUNDO DE INVESTIMENTO EM DIREITOS CREDITÓRIOS NÃO PADRONIZADO,37036353000151,21910039.85,4730055.93,8971787.86,10051866.629999999,11767424.709999999,25,19231261.54,0.24595661185106008,0.4665210257444192,0.5226836840158745,False
TRADX FUNDO DE INVESTIMENTO EM DIREITOS CREDITÓRIOS DE RESPONSABILIDADE LIMITADA,54851851000177,49996949.11,4724745.0,12139101.68,15914088.569999997,21281452.310000002,24,43589856.35,0.10839092843213739,0.27848455343670797,0.3650869698266394,False
UNAVANTI FUNDO DE INVESTIMENTO EM DIREITOS CREDITÓRIOS,13327334000116,191404975.74,4690556.91,17235496.58,26559349.269999996,41156312.37,24,188353701.32,0.0249029186956675,0.09150601479669399,0.14100784366789526,False
UNIQUE EON FUNDO DE INVESTIMENTO EM DIREITOS CREDITÓRIOS,64787056000110,72987533.69,4685286.78,15729581.4,23063130.72,33500232.75,25,46276404.71,0.10124569549776505,0.3399050012327546,0.49837775567331877,False
METALFRIO SOLUTIONS FUNDO DE INVESTIMENTO EM DIREITOS CREDITÓRIOS,42813981000136,14299368.56,4647151.43,10432836.26,13168266.46,14264374.880000003,15,14264374.879999999,0.3257872475376222,0.7313910597391703,0.9231576266593466,False
SOLUTION FUNDO DE INVESTIMENTO EM DIREITOS CREDITÓRIOS - RESPONSABILIDADE LIMITADA,61199031000108,12749359.68,4640734.49,11541474.860000001,12155730.89,12308234.64,15,12311492.63,0.37694328620168294,0.9374553684803693,0.9873482651794432,False
1618 LEGAL CLAIMS FUNDO DE INVESTIMENTO EM DIREITOS CREDITÓRIOS,50714026000170,19195972.39,4636332.81,12936273.9,17293273.919999998,18272339.45,14,18256528.77,0.2539547834317027,0.7085834368063169,0.9472377875260237,False
PLGN LGCY FUNDO DE INVESTIMENTO EM DIREITOS CREDITÓRIOS,57185833000191,89331002.88,4616299.42,8658564.79,8658564.79,8658564.79,3,8530546.71,0.5411493046030106,1.0150070194035663,1.0150070194035663,False
Z INVEST FUNDO DE INVESTIMENTO EM DIREITOS CREDITÓRIOS  RESPONSABILIDADE ILIMITADA,53160371000105,52249369.86,4615924.28,19848933.64,26622514.13,36584817.67999999,24,52263581.79,0.08832009062347122,0.3797851766026081,0.5093893915838331,False
KUARÁ COMETA FUNDO DE INVESTIMENTO EM DIREITOS CREDITÓRIOS,64276414000120,22368871.28,4591913.88,9513289.959999999,9687272.85,9712424.83,12,22412011.0,0.20488629422857235,0.42447284003207025,0.43223577081057113,False
ISIDORO FUNDO DE INVESTIMENTO EM DIREITOS CREDITÓRIOS,52259737000127,10811809.94,4584475.53,8830010.99,8830010.99,8830010.99,4,8187014.67,0.559969135855964,1.0785385572052482,1.0785385572052482,True
EVORA FUNDO DE INVESTIMENTO EM DIREITOS CREDITÓRIOS,65668467000150,30777009.19,4568222.67,10760692.19,13705007.639999999,17760700.119999997,25,30787505.3,0.1483791111194709,0.34951491149235786,0.445148364781605,False
FUNDO DE INVESTIMENTO EM DIREITOS CREDITÓRIOS TRAMONTINA I,39375599000183,220758757.13,4547318.54,14706697.549999999,23689686.270000003,42331862.650000006,24,172205132.54,0.026406405389477833,0.08540220220546511,0.1375666678488653,False
VIA PRIME FLEX FUNDO DE INVESTIMENTO EM DIREITOS CREDITÓRIOS  NÃO-PADRONIZADOS  RESP LIMITADA,57740019000191,37898276.03,4542497.81,10917349.069999998,13610229.839999996,18854376.809999995,25,35515171.59,0.12790302303590811,0.30739958674658335,0.3832229785377758,False
PRECATO III FUNDO DE INVESTIMENTO EM DIREITOS CREDITÓRIOS DE RESPONSABILIDADE LIMITADA,44272660000105,7335727.71,4539149.04,7790371.25,8239432.5,8239432.5,9,8239432.5,0.5509055435553358,0.9454985218945601,1.0,False
ARION PRECATÓRIOS FUNDO DE INVESTIMENTO EM DIREITOS CREDITÓRIOS NÃO-PADRONIZADOS,63829575000131,5503162.05,4519869.52,5490638.4799999995,5490638.4799999995,5490638.4799999995,4,5490638.48,0.8231956149478629,0.9999999999999998,0.9999999999999998,False
G5 STAR II FUNDO DE INVESTIMENTO EM DIREITOS CREDITÓRIOS - NÃO PADRONIZADOS,63114707000149,10397612.63,4499994.04,8622175.86,8627704.149999999,8627704.149999999,6,8627704.04,0.5215749194846049,0.9993592524761663,1.000000012749626,False
IZI CASH I FUNDO DE INVESTIMENTO EM DIREITOS CREDITÓRIOS,52354707000108,30802241.89,4496818.26,12882533.65,16756513.97,21180500.289999995,25,26539232.09,0.169440405990285,0.48541471005312725,0.6313865417497844,False
ZKR NP FUNDO DE INVESTIMENTO EM DIREITOS CREDITORIOS NAO PADRONIZADOS MULTISSETORIAL,18593058000151,9937104.63,4460281.54,12626745.059999999,17449431.240000002,22072504.930000003,25,8369970.04,0.5328909803361733,1.5085770916331738,2.084766272353348,True
CENTRUM FUNDO DE INVESTIMENTO EM DIREITOS CREDITORIOS,17213074000109,24972355.23,4443750.03,9102527.99,10727781.04,14473733.969999997,25,14512166.35,0.30620859235120335,0.6272342647174797,0.7392267137290636,False
UPL 1 FUNDO DE INVESTIMENTO EM DIREITOS CREDITÓRIOS AGRONEGÓCIO RESPONSABILIDADE LIMITADA,28472392000100,965789869.25,4424593.5,9521299.5,11592791.42,13398425.87,25,688004185.99,0.006431056075092413,0.013839013909921748,0.01684988500952013,False
ÁTRIA II FUNDO DE INVESTIMENTO EM DIREITOS CREDITÓRIOS DE RESPONSABILIDADE LIMITADA,61535375000140,20961555.22,4393039.18,8370537.95,8451684.53,8499897.459999999,19,8495500.48,0.5171018694357132,0.9852907394574122,0.9948424521776966,False
JES FUNDO DE INVESTIMENTO EM DIREITOS CREDITÓRIOS MULTISEGMENTOS,33133194000152,178212575.51,4386816.34,12371057.079999998,16233831.529999997,22213852.269999996,25,158986705.42999998,0.027592346970995413,0.07781189657676649,0.10210810700236547,False
USIQUÍMICA DO BRASIL FUNDO DE INVESTIMENTOS EM DIREITOS CREDITÓRIOS DE RESPONSABILIDADE LIMITADA,60788422000103,42823433.56,4382758.44,10251230.850000001,14439721.449999997,19865912.01,24,21708059.48,0.20189545012247223,0.47223156263435856,0.6651779014749594,False
FORTUNA BANK - FUNDO DE INVESTIMENTO EM DIREITOS CREDITÓRIOS NÃO-PADRONIZADOS,61328619000114,8720625.14,4367243.92,6938522.909999999,7930906.049999999,9123940.179999998,25,8409865.75,0.5193000756284367,0.8250456209720113,0.9430478780234987,True
IOX PME FUNDO DE INVESTIMENTO EM DIREITOS CREDITÓRIOS,24506071000129,305413658.75,4352511.93,16911352.15,28056069.04,46934030.7,25,145127921.85,0.029990865124483967,0.11652721223059392,0.19331958097627785,False
STAR BLUE FUNDO DE INVESTIMENTO EM DIREITOS CREDITÓRIOS DE  RESPONSABILIDADE LIMITADA,63905021000176,18454651.94,4349430.43,7797958.14,8653906.06,9232524.319999998,23,9232524.33,0.4710987238741454,0.8446182063838655,0.937328270219679,False
BE FUND FUNDO DE INVESTIMENTO EM DIREITOS CREDITÓRIOS RESPONSABILIDADE LIMITADA,62791919000106,15390793.99,4347191.23,4347191.23,4347191.23,4347191.23,1,8447191.23,0.5146315635143968,0.5146315635143968,0.5146315635143968,False
ROVENSA FUNDO DE INVESTIMENTO EM DIREITOS CREDITÓRIOS AGRONEGÓCIO  RESPONSABILIDADE LIMITADA,17198822000121,163904940.18,4330112.69,18721289.92,32977191.970000003,60951361.16000001,25,151614987.47,0.02855992512519119,0.12347915092302056,0.21750614843750316,False
LOGÍSTICA BR I FUNDO DE INVESTIMENTO EM DIREITOS CREDITÓRIOS DE RESPONSABILIDADE ILIMITADA - LONGO P,54246795000141,4325684.54,4321551.92,4321551.92,4321551.92,4321551.92,1,4321551.92,1.0,1.0,1.0,False
SIGMA CREDIT FUNDO DE INVESTIMENTO EM DIREITOS CREDITORIOS,29236426000120,137273357.35,4296335.48,16044209.89,24362185.930000003,37553403.52,25,134383591.20999998,0.031970685120969546,0.11939113805142969,0.181288397717616,False
FUNDO DE INVESTIMENTO EM DIREITOS CREDITÓRIOS TM4,55565510000106,267416885.76,4294824.99,12951777.36,22887123.37,44076212.870000005,24,258399853.04,0.016620849197368413,0.050123005905870543,0.08857250923612987,False
ALUGUEL INVEST FUNDO DE INVESTIMENTO EM DIREITOS CREDITÓRIOS - RESPONSABILIDADE LIMITADA,48982247000187,10258596.15,4294667.77,7020283.85,7300527.2299999995,7488748.900000001,21,7239695.58,0.5932110988014775,0.9696932381236947,1.008402514902429,False
PREMIUM RECEBÍVEIS MULTISSETORIAL II FUNDO DE INVESTIMENTO  EM DIREITOS CREDITÓRIOS - RESP LIMITADA,59929292000194,23017086.61,4246000.0,8295539.78,9477056.85,11233158.6,25,16115136.25,0.26347900099200217,0.5147669651257215,0.5880841901041948,False
LC JUD FUNDO DE INVESTIMENTO EM DIREITOS CREDITÓRIOS,56944509000147,9184152.03,4237808.37,4237808.37,4237808.37,4237808.37,1,4237808.37,1.0,1.0,1.0,False
BLP W FUNDO DE INVESTIMENTO EM DIREITOS CREDITÓRIOS DE RESPONSABILIDADE LIMITADA,35609597000150,35371821.25,4190274.58,11967461.14,19157196.62,25988263.48,12,33233635.0,0.12608535238471508,0.3601008779208173,0.5764400018234539,False
DEVLET FIDC MULTISSETORIAL DE RESPONSABILIDADE ILIMITADA,53073545000194,41118463.54,4175431.54,15381878.950000001,22717379.8,30054423.09,24,41128623.29,0.10152130574755254,0.37399450114198074,0.5523496286228354,False
CAPITAL FINANÇAS FUNDO DE INVESTIMENTO EM DIREITOS CREDITORIOS MULTISSETORIAL,29109383000112,46123600.71,4147517.32,12048470.46,15195552.55,19612275.7,25,41976415.269999996,0.09880589596139662,0.28702952318586594,0.3620021493559996,False
GENEVE FUNDO DE INVESTIMENTO EM DIREITOS CREDITÓRIOS NÃO PADRONIZADOS,57720055000193,800705.49,4144598.0,9658223.5,9665043.18,9665043.18,10,0.0,,,,False
4 ILHAS CAPITAL FUNDO DE INVESTIMENTO EM DIREITOS CREDITÓRIOS,57074997000141,130663330.3,4132980.28,16862729.560000002,23742930.009999994,34075304.88999999,25,124871636.25,0.03309783073335839,0.13504051093108024,0.19013869540770106,False
APG FUNDO DE INVESTIMENTO EM DIREITOS CREDITÓRIOS DE  RESPONSABILIDADE LIMITADA,51660048000167,110683975.77,4124972.11,18176690.61,30452554.290000003,48572582.79999999,25,100467761.71000001,0.04105766904518808,0.18092062867357372,0.303107721040917,False
HOUSI FIDC DE CLASSE ÚNICA FECHADA DE RESPOSABILIDADE LIMITADA,58821092000150,8290810.53,4118152.3,9550739.65,9550739.65,9550739.65,3,8196667.47,0.5024178808122369,1.1651978910887795,1.1651978910887795,True
FÊNIX FUNDO DE INVESTIMENTO EM DIREITOS CREDITÓRIOS,52273542000131,147732108.15,4090879.15,5095069.100000001,5570860.49,6410148.870000001,24,144445132.26,0.02832133617792293,0.03527338734287647,0.03856731205017348,False
CREDSHOW FUNDO DE INVESTIMENTO EM DIREITOS CREDITÓRIOS NÃO-PADRONIZADOS VAREJO,23273905000130,4067324.32,4065489.65,4070958.67,4077567.3799999994,4094749.3699999996,25,4065489.65,1.0,1.0013452303340633,1.002970793444278,False
CACTUS FUNDO DE INVESTIMENTO EM DIREITOS CREDITÓRIOS,58570039000124,4777980.69,4060640.28,17895309.93,26964665.050000004,27640207.21,13,4060318.73,1.0000791932903257,4.4073658054918265,6.641021762840772,True
4L FUNDO DE INVESTIMENTO EM DIREITOS CREDITÓRIOS DE CLASSE ÚNICA FECHADA,64111898000158,4084749.87,4048834.24,4048834.24,4048834.24,4048834.24,1,4048834.22,1.0000000049396935,1.0000000049396935,1.0000000049396935,False
GOLDEN TREE FUNDO DE INVESTIMENTO EM DIREITOS CREDITÓRIOS CONSIGNADO PRIVADO,55157099000121,3161916.17,4041530.59,4272166.41,4511546.350000001,5037948.32,25,2888812.18,1.399028506588476,1.4788661026761525,1.5617305899063332,True
WK CAPITAL FUNDO DE INVESTIMENTO EM DIREITOS CREDITÓRIOS,58157509000122,22425267.73,4027894.19,8800255.13,10998346.03,14616028.240000002,25,20625821.75,0.19528405892482806,0.42666203735616015,0.5332318955970808,False
AMALFI FUNDO DE INVESTIMENTO EM DIREITOS CREDITÓRIOS RESPONSABILIDADE LIMITADA,50184026000105,33581919.34,4023900.46,14023205.34,19506226.82,24196786.320000004,24,28160585.38,0.14289122210001445,0.4979727924959776,0.692678314629552,False
BELLENZIER PRIME CASH FUNDO DE INVESTIMENTO EM DIREITOS CREDITÓRIOS,50382278000149,40962331.09,4010698.56,4840658.26,5358634.18,6355808.389999999,25,38622443.59,0.1038437288581719,0.12533278089254113,0.13874404832809284,False
VERIDIUM STRUCTURED FUNDO DE INVESTIMENTO EM DIREITOS CREDITÓRIOS,65953190000107,5574217.9,4000632.43,4873268.41,4873268.41,4873268.41,3,4873268.41,0.8209341438675241,1.0,1.0,False
MAKALU FUNDO DE INVESTIMENTO EM DIREITOS CREDITÓRIOS,15078010000117,19867811.11,4000003.0,4000003.0,4000003.0,4000003.0,1,4000003.0,1.0,1.0,1.0,False
SCROLL FUNDO DE INVESTIMENTO EM DIREITOS CREDITÓRIOS,61176663000156,7772707.13,4000000.0,7500000.0,7500000.0,7500000.0,2,7500000.0,0.5333333333333333,1.0,1.0,False
FIDC CANAAN - FUNDO DE INVESTIMENTO EM DIREITOS CREDITÓRIOS RESPONSABILIDADE LIMITADA,45722284000168,36009339.18,3972213.65,12381042.24,17091012.810000002,24392754.779999997,25,32104032.86,0.12372942886403462,0.3856537991345677,0.532363422518625,False
SIGHT FUNDO DE INVESTIMENTO EM DIREITOS CREDITÓRIOS RESPONSABILIDADE LIMITADA,55609516000120,9480719.24,3951359.89,5824450.129999999,7044859.129999999,9393147.159999998,25,10353832.61,0.38163258368535674,0.5625404958135594,0.6804107614407338,False
MAXINVESTOR FUNDO DE INVESTIMENTO EM DIREITOS CREDITÓRIOS NÃO-PADRONIZADOS MULTISSETORIAL LP,20861236000120,35894288.34,3948231.22,13590133.620000001,16596000.950000003,21709996.5,25,27377216.85,0.14421594574906543,0.49640303813424336,0.6061975196722745,False
BOMBAIM FUNDO DE INVESTIMENTO EM DIREITOS CREDITÓRIOS  RESPONSABILIDADE LIMITADA,58114784000169,10109647.41,3941754.95,4185283.68,4185283.68,4185283.68,2,4185283.68,0.9418130887605688,1.0,1.0,False
FIRMA FUNDO DE INVESTIMENTO EM DIREITOS CREDITÓRIOS  PADRONIZADOS I,39722215000151,81498895.67,3935198.69,14162773.98,21883762.069999997,34643974.97,25,72779556.8,0.054070110660525486,0.1945982443795261,0.300685563806566,False
CSE BANK FUNDO DE INVESTIMENTO EM DIREITOS CREDITÓRIOS,56284148000150,21451259.27,3928412.09,9547560.729999999,13391828.01,18619596.999999996,25,19447426.6,0.2020016411837235,0.49094211416126377,0.6886169715637337,False
"PROBANK FIDC FINANCEIROS, IMOBILIÁRIOS, VAREJISTAS E INDUSTRIAIS DE RESPONSABILIDADE LIMITADA",54851950000159,28907586.24,3905272.49,9314448.35,13505574.579999998,18502566.900000002,24,27599339.2,0.14149876784006482,0.33748809283086023,0.489344128210142,False
MARAJÓ FIDC - SEGMENTO FINANCEIRO E COMERCIAL - RESPONSABILIDADE LIMITADA,54008688000185,106321229.69,3904463.66,14458791.41,23020211.11,36027171.70999999,24,105009496.34,0.03718200540033178,0.13769032243698504,0.21922027923517606,False
CREDVALE FUNDO DE INVESTIMENTO EM DIREITOS CREDITORIOS MULTISSETORIAL,28194817000167,323246669.37,3900600.0,11060054.48,16651455.05,26735053.580000002,25,272238000.28000003,0.014327904245506456,0.04062641684344068,0.061165065247591376,False
BARU FUNDO DE INVESTIMENTO EM DIREITOS CREDITÓRIOS RESPONSABILIDADE LIMITADA,40226200000181,127782170.86,3877141.5,17581273.32,29795024.42,56621332.18999999,25,107103023.14,0.036200112623637,0.1641529137512635,0.27819032130450094,False
APPALOOSA FUNDO DE  INVESTIMENTO EM DIREITOS CREDITÓRIOS,30659203000155,132683262.73,3870163.07,16423852.88,27869204.0,49353009.879999995,25,121499429.08000001,0.03185334366840302,0.13517637905266114,0.2293772424366687,False
BARCELONA FUNDO DE INVESTIMENTO EM DIREITOS CREDITÓRIOS RESPONSABILIDADE LIMITADA,37651102000187,152281950.83,3866731.14,12201779.82,21128991.310000002,39923131.36,25,142179512.0,0.027196120493084827,0.08581953650255883,0.14860784801399518,False
POSITANO FUNDO DE INVESTIMENTO EM DIREITOS CREDITÓRIOS,36334968000100,23230508.33,3853589.22,9000321.94,9001095.09,9001095.09,6,9001095.09,0.4281244872394743,0.9999141048958744,1.0,False
MM FUNDO DE INVESTIMENTO EM DIREITOS CREDITÓRIOS,64536059000181,22722277.34,3832210.25,10993580.43,14890750.409999998,20080462.71,25,22466891.73,0.17057144780213884,0.489323603910918,0.6627864053894205,False
W INVEST FUNDO DE INVESTIMENTO EM DIREITOS CREDITÓRIOS,56912548000162,12306179.86,3828613.5,3858391.86,3891590.3699999996,3981703.75,25,11292432.17,0.3390424172899858,0.3416794364504029,0.34461932659100486,False
AMETISTA I FUNDO DE INVESTIMENTO  EM DIREITOS CREDITÓRIOS RESPONSABILIDADE LIMITADA,55708679000160,14914171.5,3811381.58,3811381.58,3811381.58,3811381.58,1,539859.84,7.05994648536924,7.05994648536924,7.05994648536924,True
QUARTZO ALPHA FUNDO DE INVESTIMENTO EM DIREITOS CREDITÓRIOS  NÃO - PADRONIZADOS,44415022000198,25760541.32,3801393.91,6616071.72,6634596.419999999,6654217.719999999,24,16234424.32,0.23415637259874209,0.40753349731344213,0.40867457257640527,False
GCRED FUNDO DE INVESTIMENTO EM DIREITOS CREDITÓRIOS,61750443000194,15270303.29,3795568.3,10623898.709999999,13336754.23,16527561.03,25,18435875.0,0.2058794768352465,0.5762622446724117,0.7234131404123754,False
STZ FORNECEDORES FUNDO DE INVESTIMENTO EM DIREITOS CREDITÓRIOS CORPORATIVOS,43143438000131,34037264.34,3789755.46,10381800.879999999,15532884.319999998,24276931.599999998,25,26489978.54,0.14306374217243892,0.3919142805013386,0.5863683240265849,False
QC INVEST FUNDO DE INVESTIMENTO EM DIREITOS CREDITÓRIOS  MULTISSETORIAL RESPONSABILIDADE LIMITADA,60021572000189,11381399.71,3770546.33,5588048.749999999,6552438.81,8026631.84,25,9235769.67,0.40825469503073913,0.6050441868587655,0.7094632114185238,False
FM1 FUNDO DE INVESTIMENTO EM DIREITOS CREDITÓRIOS-  RESPONSABILIDADE LIMITADA,11902354000148,-4891059.02,3756840.28,3756840.28,3756840.28,3756840.28,1,3756840.28,1.0,1.0,1.0,False
M SUL FUNDO DE INVESTIMENTO EM DIREITOS CREDITORIOS,28960803000107,38203524.68,3735400.87,15404263.09,26481601.64,37398788.74,25,36490285.09,0.10236699605900502,0.4221469646511879,0.7257164906956883,False
MISSÕES FUNDO DE INVESTIMENTO EM DIREITOS CREDITÓRIOS,57213448000100,235139723.23,3728350.43,4197326.99,4366295.130000001,4716971.15,25,233746883.48000002,0.01595037492903732,0.017956718513250827,0.01867958650397832,False
VERUM II FUNDO DE  INVESTIMENTO EM DIREITOS CREDITÓRIOS NÃO PADRONIZADOS RESPONSABILIDADE  LIMITADA,20998989000181,3029669.61,3710068.75,10895386.399999999,14053812.98,15577164.160000004,25,2796741.95,1.3265681340389661,3.895742472772648,5.025066034426237,True
INVESTMACH FUNDO DE INVESTIMENTO EM DIREITOS CREDITORIOS - FIDC,50153414000129,40438481.07,3701570.52,11384485.15,16863672.190000005,26692304.71,25,39850514.26,0.09288639277901253,0.2856797549894404,0.4231732639627925,False
MAUÁ SANEAMENTO III FUNDO DE INVESTIMENTO EM DIREITOS CREDITÓRIOS - RESPONSABILIDADE LIMITADA,48946018000107,140422725.77,3685418.36,35839388.980000004,96527236.28,104149446.64000002,13,134146231.99,0.0274731411037675,0.2671665722423845,0.7195672576714318,False
MARAÚ FUNDO DE INVESTIMENTO EM DIREITOS CREDITÓRIOS - RESPONSABILIDADE LIMITADA,61909905000173,16019151.02,3668864.55,3668864.55,3668864.55,3668864.55,1,3668864.55,1.0,1.0,1.0,False
CANAL 56 FUNDO DE INVESTIMENTO EM DIREITOS CREDITORIOS NAO PADRONIZADOS,32510527000152,62669299.22,3667515.39,3667515.39,3667515.39,3667515.39,1,62649350.4,0.05854035782628003,0.05854035782628003,0.05854035782628003,False
VENTURO FUNDO DE INVESTIMENTO EM DIREITOS CREDITÓRIOS,56661282000122,18405824.85,3662922.24,14968312.57,26875607.16,44104339.69,25,13598125.13,0.26936965243237176,1.1007629674606472,1.9764200507838685,True
URUK CORE FUNDO DE INVESTIMENTO EM DIREITOS CREDITÓRIOS - RESPONSABILIDADE LIMITADA,60602947000102,22114780.82,3662601.5,6504867.25,6504867.25,6504867.25,3,8129716.63,0.45052019236247354,0.8001345613936854,0.8001345613936854,False
COINVEST FUNDO DE INVESTIMENTO EM DIREITOS CREDITÓRIOS,39851553000193,24146886.95,3659044.47,6700645.74,8633143.56,12407667.080000002,25,21157319.85,0.1729446118857063,0.3167057920145779,0.4080452354649259,False
IFOOD PAGO CRÉDITO IV FUNDO DE INVESTIMENTO EM DIREITOS CREDITÓRIOS DE RESPONSABILIDADE  LIMITADA,63882747000130,79962817.56,3653851.02,11678800.110000001,15761474.290000003,26565799.330000002,24,73614783.96,0.04963474486300728,0.1586474819561503,0.21410745834103517,False
BLP CRÉDITO JUDICIAL IV FIC DE FUNDO DE INVESTIMENTO EM DIREITOS CREDITÓRIOS DE RESPONSAB. LIMITADA,34867743000185,3650284.26,3640240.45,3640240.45,3640240.45,3640240.45,1,0.0,,,,False
IORQ FREDERIC FUNDO DE INVESTIMENTO EM DIREITOS CREDITÓRIOS - RESPONSABILIDADE LIMITADA,63032712000102,102800944.55,3636097.27,7458114.4,8101541.800000001,8101541.800000001,9,77164501.22,0.04712137333245112,0.09665214291655341,0.10499052895971017,False
ALPHA BLEST FUNDO DE  INVESTIMENTO EM DIREITOS CREDITÓRIOS RESPONSABILIDADE LIMITADA,62144317000159,10511096.03,3635682.58,5326265.5200000005,5557079.42,5584799.39,11,8884340.440000001,0.40922369021689575,0.5995116414066636,0.6254914990628161,False
PARATII FUNDO DE INVESTIMENTO EM DIREITOS CREDITÓRIOS RESPONSABILIDADE LIMITADA,55328569000172,7327136.26,3633028.9,3633028.9,3633028.9,3633028.9,1,3435282.54,1.0575633467400325,1.0575633467400325,1.0575633467400325,True
AJ86 FUNDO DE INVESTIMENTO EM DIREITOS CREDITÓRIOS NÃO PADRONIZADO,51587009000181,14156794.77,3630899.77,11676535.04,13543552.130000003,13704823.180000003,25,13140505.59,0.27631355164622706,0.8885910028367485,1.0306720724891076,False
CLM II FUNDO DE INVESTIMENTO EM DIREITOS CREDITÓRIOS MULTISSETORIAL,60493763000143,5073390.01,3630800.89,7122215.53,8912819.58,11381020.729999999,25,4914988.789999999,0.738720075493804,1.4490807272014148,1.813395708680752,True
NANBAN II FUNDO DE INVESTIMENTO EM DIREITOS CREDITÓRIOS RESPONSABILIDADE LIMITADA,46073588000104,55073782.32,3616494.85,16166491.66,20547988.33,21640526.23,18,53835533.17,0.0671767257989246,0.3002940754566321,0.3816807807050831,False
OLIVER FUNDO DE INVESTIMENTO EM DIREITOS CREDITORIOS,35477786000117,18470561.66,3613020.92,16841413.36,18601871.28,18601871.28,6,18601871.28,0.19422889587912467,0.9053612460004077,1.0,False
FUNDO DE INVESTIMENTO EM DIREITOS CREDITÓRIOS  PICPAY I,32527650000186,4762640671.11,3607299.45,9178208.139999999,12223518.64,18003819.180000003,24,3800289166.59,0.0009492170968760334,0.0024151341483931357,0.0032164706695117532,False
VIRTUS FUNDO DE INVESTIMENTO EM DIREITOS CREDITÓRIOS,60101506000119,34990389.99,3602436.99,7245385.86,9984408.4,13989924.04,24,28465054.75,0.12655647500555045,0.25453616455805345,0.35076020361422283,False
BACKSTAGE FUNDO DE INVESTIMENTO EM DIREITOS CREDITÓRIOS RESPONSABILIDADE LIMITADA,52315385000180,9725700.45,3600000.0,12163259.4,15683259.4,15683259.4,7,15683259.4,0.22954412142159683,0.7755568590544386,1.0,False
TECNOMYL III FUNDO DE INVESTIMENTO EM DIREITOS CREDITÓRIOS - AGRONEGÓCIO,58396668000180,161719439.49,3580863.54,15697877.010000002,26762894.180000003,48254735.60999999,25,125186263.53,0.02860428483946141,0.12539616222540356,0.21378459125898,False
MULTI RECEBÍVEIS II FUNDO DE INVESTIMENTO EM DIREITOS CREDITÓRIOS MULTISEGMENTOS,09137729000189,133281248.13,3563486.01,14626838.21,22986737.490000002,38978749.779999994,25,107602680.55000001,0.03311707470283833,0.13593377167963125,0.21362606742235102,False
KITE FINANCE FUNDO DE INVESTIMENTO EM DIREITOS CRÉDITÓRIOS RESPONSABILIDADE LIMITADA,36977085000100,6892019.32,3558765.38,5703889.989999999,6450688.5,6788643.870000001,25,5680912.220000001,0.6264425927003673,1.0040447324496766,1.1355022310131733,True
APOGE FUNDO DE INVESTIMENTO EM DIREITOS CREDITÓRIOS MULTISSETORIAL,55657825000175,90975949.43,3558147.88,14035704.809999999,22915489.390000004,39338151.089999996,25,89641102.0,0.03969326347639055,0.15657666513292082,0.2556359625074668,False
CREDITO AGRO FUNDO DE INVESTIMENTO EM DIREITOS CREDITÓRIOS  NÃO-PADRONIZADOS RESP LIMITADA,45693226000153,5335300.42,3551167.98,4241751.6,4504521.4799999995,4675605.83,24,3858984.44,0.9202338167499841,1.0991885730433264,1.1672815866549593,True
AVANTI FUNDO DE INVESTIMENTO EM DIREITOS CREDITÓRIOS,38168015000136,77903338.52,3532540.1,12062553.84,19789300.76,32619521.9,25,64426994.21,0.05483012428743259,0.18722825716006655,0.3071585288535534,False
MARCA I FUNDO DE INVESTIMENTO EM DIREITOS CREDITÓRIOS,49466992000136,7206102.7,3502883.92,8746837.95,11835062.779999997,17192281.18,25,6756540.83,0.5184433881383057,1.2945733874888756,1.751645269048126,True
FORCE CAPITAL FUNDO DE INVESTIMENTO EM DIREITOS CREDITÓRIOS PADRONIZADO,33304615000160,24489272.41,3479173.72,11723689.530000001,15331530.36,19717441.91,25,23553985.54,0.14771061628154503,0.4977369757695793,0.6509102391170102,False
CO FUNDO DE INVESTIMENTOS EM DIREITOS CREDITORIOS,62741028000137,4727172.4,3425528.18,4584360.79,4584360.79,4584360.79,2,4584360.79,0.7472204603686963,1.0,1.0,False
3MI FUNDO DE INVESTIMENTO EM DIREITOS CREDITÓRIOS,54444075000190,23519832.17,3422005.8,11111059.26,17207803.04,26826375.439999998,25,23278632.96,0.1470020084890758,0.4773072061015047,0.7392102048934062,True
RHODONITE FUNDO DE INVESTIMENTO EM DIREITOS CREDITÓRIOS NÃO-PADRONIZADOS,41776416000183,1881917745.61,3421710.0,3421710.0,3421710.0,3421710.0,1,3421710.0,1.0,1.0,1.0,False
VENNTURE FUNDO DE INVESTIMENTO EM DIREITOS CREDITÓRIOS,27538303000119,3386676.91,3400846.56,8698195.0,8698195.0,8698195.0,5,3379061.04,1.0064472111459697,2.574145567965236,2.574145567965236,True
AGGA PROSPERITAS FUNDO DE INVESTIMENTO EM DIREITOS CREDITÓRIOS,57922500000106,3675492.27,3392033.62,3392033.62,3392033.62,3392033.62,1,3392033.62,1.0,1.0,1.0,False
PBG FUNDO DE INVESTIMENTO EM DIREITOS CREDITÓRIOS DE RESPONSABILIDADE LIMITADA,55198653000119,153205043.24,3391152.31,10788263.99,15519304.52,25462785.189999998,24,138546628.49,0.02447661373618172,0.07786738737405417,0.11201502836368298,False
ATRIUM FINANCE FUNDO DE INVESTIMENTO EM DIREITOS CREDITÓRIOS RESPONSABILIDADE LIMITADA,64039601000190,4256991.9,3382662.74,3924474.7700000005,3924474.7700000005,3924474.7700000005,3,3924474.77,0.8619402437896168,1.0000000000000002,1.0000000000000002,False
GHIA RECEBÍVEIS I FUNDO DE INVESTIMENTO EM DIREITOS CREDITÓRIOS,40676621000104,41216727.76,3382085.14,8368766.87,8816764.010000002,8816764.010000002,8,31681472.28,0.1067527768314939,0.2641533447699988,0.2782940114675757,False
JPI FUNDO DE INVESTIMENTO EM DIREITOS CREDITÓRIOS,27217664000163,108159398.23,3375817.29,12589200.459999999,18500665.13,28491981.349999998,25,98404329.16,0.03430557698849923,0.1279334005674756,0.18800661808200472,False
"NEGOCIAL FIDC SEGMENTO ECONÔMICO FINANCEIRO, INDUSTRIAL, COMERCIAL E PRESTAÇÃO DE SERVIÇOS",12764483000180,172692886.08,3361428.12,13941711.11,21418739.95,35900290.550000004,25,159246732.89,0.021108301934972276,0.08754786272212106,0.13450034145940715,False
GUARDIAN WAREHOUSE II FUNDO DE INVESTIMENTO EM DIREITOS CREDITÓRIOS - RESPONSABILIDADE LIMITADA,60305004000100,20058146.2,3358396.83,7605351.94,8130473.4,8987125.080000002,24,15984017.99,0.21010967530824207,0.4758097710324211,0.5086626782506518,False
MUNDI FUNDO DE INVESTIMENTO EM DIREITOS CREDITÓRIOS MULTISEGMENT0S,32990687000146,17318893.24,3351963.46,7812645.609999999,9833067.9,12577395.24,25,7464503.27,0.4490537868034185,1.0466397196715274,1.3173104149500896,True
FP GENIAL RECUPERAÇÃO DE CRÉDITO FUNDO DE INVESTIMENTO EM DIREITOS CREDITÓRIOS NÃO PADRONIZADOS,21397715000108,25780566.75,3348277.13,6086745.37,6086745.37,6086745.37,2,6086746.25,0.5500931026983423,0.999999855423577,0.999999855423577,False
COMPROCRED FUNDO DE INVESTIMENTO EM DIREITOS CREDITÓRIOS MULTISEGMENTOS,17047287000108,50613201.39,3334340.67,13078107.65,20957296.290000003,36890374.71,25,45914556.28,0.07262055740376197,0.28483576254654375,0.4564412244821982,False
HBF FUNDO DE INVESTIMENTO DIREITOS CREDITÓRIOS DE RESPONSABILIDADE LIMITADA,59744260000114,8893864.74,3329298.33,8836128.92,8836128.92,8836128.92,3,8836128.92,0.37678245305637753,1.0,1.0,False
CRESCER FUNDO DE INVESTIMENTO EM DIREITOS CREDITÓRIOS MULTISEGMENTOS,11203571000140,99221102.1,3325781.35,8928208.280000001,13506623.34,22518581.88,25,93052100.22999999,0.03574106701277623,0.09594848754549172,0.14515119279000932,False
FYTO MULTI FUNDO DE INVESTIMENTO EM DIREITOS CREDITÓRIOS  - RESPONSABILIDADE LIMITADA,62252049000199,13098456.72,3320439.3,6847865.02,8491056.489999998,11205662.19,24,12769453.66,0.26002986411244783,0.5362692251627623,0.6649506483271108,False
MB JIVE INCOME FUND FUNDO DE INVESTIMENTO EM DIREITOS CREDITÓRIOS - RESPONSABILIDADE LIMITADA,54012401000190,4933303.96,3304782.27,3304782.27,3304782.27,3304782.27,1,3304782.27,1.0,1.0,1.0,False
LIBER CRÉDITO FUNDO DE INVESTIMENTO EM DIREITOS CREDITÓRIOS,41649927000134,25500509.07,3300209.44,4284954.94,4567081.000000001,5094506.940000001,25,6340594.010000001,0.5204890006827609,0.67579708356063,0.7202922932452508,False
LEPTA SPECIAL FUNDO DE INVESTIMENTO EM DIREITOS CREDITÓRIOS,55586406000190,57596211.31,3293620.86,6427493.4799999995,8367207.24,14449509.459999999,25,53049877.26,0.06208536249495556,0.12115944111422813,0.15772340431612905,False
PORTO NP - FUNDO DE INVESTIMENTO EM DIREITOS CREDITÓRIOS NÃO PADRONIZADOS MULTISSETORIAL,15558603000180,80162367.58,3276892.47,11252466.6,14258517.570000002,19241964.11,25,41161893.33,0.07960985768387152,0.2733709674088017,0.34640091639341514,False
BMA KRONOS FUNDO DE INVESTIMENTO EM DIREITOS CREDITÓRIOS MULTISSETORIAL RESPONSABILIDADE LIMITADA,36500339000102,102249214.08,3271580.94,3337830.07,3337830.07,3337830.07,2,2825991.62,1.1576753861711733,1.1811181768472476,1.1811181768472476,True
RNX FUNDO DE INVESTIMENTO EM DIREITOS CREDITÓRIOS MULTISSETORIAL DE RESPONSABILIDADE LIMITADA,12813212000177,715409074.26,3242803.3,11335997.61,19609760.950000003,35791153.49000001,25,640625097.33,0.005061936089477869,0.017695213093034002,0.03061035390547396,False
ORIZ JUS II FUNDO DE INVESTIMENTO EM DIREITOS CREDITÓRIOS,56265097000119,2055454.74,3233170.63,3510130.87,3510130.87,3510130.87,2,3510130.87,0.9210968906125143,1.0,1.0,False
PLATINUM FIDC MULTISSETORIAL,10774307000101,20573589.94,3214591.28,7658485.619999999,9817664.399999999,12665260.409999998,25,15872445.59,0.20252652697863177,0.4825019293072908,0.6185350798231969,False
CAPIA FUNDO DE INVESTIMENTO EM DIREITOS CREDITÓRIOS,56661864000109,47940192.63,3200529.94,8662451.69,13851918.72,24553238.15,25,39768800.599999994,0.08047841251717308,0.21782029026040078,0.34831120152011835,False
ATIBANK FUNDO DE INVESTIMENTO EM DIREITOS CREDITÓRIOS,51477774000149,8916832.04,3197217.11,6129946.19,6765823.739999999,7505226.169999999,25,8037125.04,0.397806067976765,0.7627038473946649,0.8418213859218494,False
OLIVER CRED FUNDO DE INVESTIMENTO EM DIREITOS CREDITÓRIOS  RESPONSABILIDADE LIMITADA,66175403000180,14219186.52,3195129.54,7859164.41,9448468.16,11401891.83,25,13072733.05,0.24441174831455767,0.6011875542735113,0.7227615008936482,False
SETTORE CRÉDITO PRIVADO FUNDO DE INVESTIMENTO EM DIREITOS CREDITÓRIOS,20256882000168,30423875.63,3190683.47,11744067.560000002,17717580.08,25263369.56,25,29916329.03,0.10665357593842456,0.39256379177482265,0.5922377729644859,False
FUNDO DE INVESTIMENTO EM DIREITOS CREDITÓRIOS EMPÍRICA IMOBILIÁRIO MULTI,26812976000152,2648711.69,3186338.84,8017347.37,8820728.14,8820728.14,7,1983749.93,1.6062200138300697,4.0415111041743055,4.44649197290709,True
WONEBANK 2 FUNDO DE INVESTIMENTO EM DIREITOS CREDITÓRIOS,48885265000140,6868846.31,3177314.3,6602549.84,6928319.55,7319908.2700000005,20,4638095.39,0.685047208569809,1.4235476601528025,1.4937854803370054,True
DELPAR FUNDO DE INVESTIMENTO EM DIREITOS CREDITÓRIOS,25970315000192,45252745.38,3172503.79,9556524.170000002,12403439.08,17710532.689999998,25,26680490.46,0.11890725152733943,0.3581839765774681,0.46488797117862274,False
ENE2 LEGAL CLAIMS FUNDO DE INVESTIMENTO EM DIREITOS CREDITÓRIOS DE CLASSE ÚNICA FECHADA,58051964000149,3510026.22,3138115.53,3236155.1599999997,3236155.1599999997,3236155.1599999997,2,3236144.02,0.9697082424656737,1.000003442368427,1.000003442368427,False
MERCANTIL NP FUNDO DE INVESTIMENTO EM DIREITOS CREDITORIOS NAO PADRONIZADOS MULTISETORIAL,09363400000136,211002624.21,3136436.95,13159834.860000001,22845718.220000003,41958660.03000001,25,131867331.75999999,0.02378479118473672,0.09979601986601994,0.1732477476800658,False
ACELERA VAREJO FUNDO DE INVESTIMENTO EM DIREITOS CREDITÓRIOS  RESPONSABILIDADE LIMITADA,44680388000194,42030269.48,3131248.9,11777321.2,20070856.89,27841481.450000003,25,40542315.93,0.07723409055877287,0.2904945346569401,0.4950594565109246,False
MINASFAC FUNDO DE INVESTIMENTO EM DIREITOS CREDITÓRIOS,31238162000196,47840903.56,3129777.69,7362644.460000001,11368440.01,20410805.03,24,30080506.34,0.1040467090089548,0.24476464514194082,0.3779337981050754,False
AKRON FUNDO DE INVESTIMENTO EM DIREITOS CREDITÓRIOS NÃO- PADRONIZADOS RESPONSABILIDADE LIMITADA,43809937000115,38371271.13,3099057.25,3099057.25,3099057.25,3099057.25,1,14783517.26,0.20962922391853048,0.20962922391853048,0.20962922391853048,False
MAIS TODOS NOVOS NEGÓCIOS FUNDO DE INVESTIMENTO EM DIREITOS CREDITÓRIOS RESPONSABILIDADE LIMITADA,59998554000172,17494639.59,3098610.06,8729170.5,12595858.740000002,15048261.79,24,15399517.74,0.20121474661192865,0.56684700439197,0.8179385194175569,False
VALORIZA FUNDO DE INVESTIMENTO EM DIREITOS CREDITÓRIOS RESPONSABILIDADE LIMITADA,52093999000164,33044722.87,3071308.62,9066626.91,12788569.91,18898808.49,25,28759942.74,0.10679119384088177,0.3152519110335336,0.4446660421271757,False
BRAFIC CONSTRUÇÃO  CIVIL FI EM DIREITOS CREDITÓRIOS NÃO-PADRONIZADOS RESPONSABILIDADE LIMITADA,32321319000105,1408472.93,3064540.83,8280546.46,11812619.59,12181701.24,14,1869005.63,1.6396637767217428,4.430455600072216,6.320269666603412,True
ONNI FUNDO DE  INVESTIMENTO EM DIREITOS CREDITÓRIOS,42794237000131,17011587.55,3057091.52,10753591.65,11801941.43,12065955.530000001,25,17673855.53,0.1729725307989999,0.6084462799725058,0.6677626967113722,False
FUNDO DE INVESTIMENTO EM DIREITOS CREDITÓRIOS EMPÍRICA PREMIER CAPITAL MULTISETORIAL LONGO PRAZO,23669183000138,149973.18,3048500.0,9254743.299999999,13115256.479999999,14611535.319999998,24,1067196.35,2.856550249633069,8.6720155105478,12.289450277823756,True
LITUS FUNDO DE INVESTIMENTO EM DIREITOS CREDITÓRIOS MULTISEGMENTOS,22101473000118,14029239.06,3047185.25,6787957.26,7604340.369999999,8793208.09,25,12243756.87,0.24887665463745853,0.5544015069943152,0.6210790079172815,False
BERETTA FUNDO DE  INVESTIMENTO EM DIREITOS CREDITÓRIOS - RESPONSABILIDADE LIMITADA,16802124000120,348509717.19,3043732.57,3260711.34,3386887.71,3674759.41,25,37359205.7,0.08147209002358419,0.08727999642669061,0.09065738006308843,False
WCS CONSIG FUNDO DE INVESTIMENTO EM DIREITOS CREDITÓRIOS RESPONSABILIDADE LIMITADA,60796225000128,15034270.29,3022054.41,3022054.41,3022054.41,3022054.41,1,2948016.18,1.0251145941810944,1.0251145941810944,1.0251145941810944,False
MILLE - FUNDO DE INVESTIMENTO EM DIREITOS CREDITÓRIOS MULTISSEGMENTOS,14606072000191,147835225.3,3017008.25,11091704.13,17124626.12,27853660.150000002,25,103781736.91,0.029070704921968723,0.10687529868206752,0.16500616225811057,False
TEC BRASIL CAPITAL FUNDO DE INVESTIMENTO EM DIREITOS CREDITORIOS,64432874000109,3132883.86,3009569.29,3009569.29,3009569.29,3009569.29,1,3009569.29,1.0,1.0,1.0,False
ITAÚNA MULTI TESES FUNDO DE INVESTIMENTO EM DIREITOS CREDITÓRIOS RESPONSABILIDADE LIMITADA,60811152000104,7003962.69,3008606.33,5505601.710000001,6487748.25,6552700.93,18,6552700.93,0.4591398817281289,0.840203416700112,0.9900876477205561,False
CHAMONIX HIGH YIELD FUNDO DE  INVESTIMENTO EM COTAS DE FIDC RESPONSABILIDADE LIMITADA,56267236000143,198373371.6,3002100.54,5085651.66,5085651.66,5085651.66,4,5085651.66,0.5903079370559957,1.0,1.0,False
FATTOR FUNDO DE INVESTIMENTO EM DIREITOS CREDITÓRIOS,48965359000120,122621531.87,3000000.0,9135621.51,15086122.950000001,25853061.499999996,25,79646449.94999999,0.0376664622451261,0.11470218089739229,0.1894136268405018,False
TRIO FUNDO DE INVESTIMENTO EM DIREITOS CREDITÓRIOS - RESPONSABILIDADE LIMITADA,58599510000107,7543745.13,2992648.47,6133841.7700000005,6133841.7700000005,6133841.7700000005,4,6133841.77,0.48789137089201445,1.0000000000000002,1.0000000000000002,False
PROA FUNDO DE INVESTIMENTO EM DIREITOS CREDITÓRIOS MULTISSETORIAL,26913809000106,51398548.42,2992492.22,11451210.92,15016441.759999998,20808295.660000004,25,50794614.14,0.05891357323341605,0.22544143929193355,0.2956305902553313,False
FUNDO DE INVESTIMENTO EM DIREITOS CREDITÓRIOS TELCO EQUITY RESPONSABILIDADE  LIMITADA,62125959000100,124497491.66,2989998.02,4446986.19,5433648.069999999,6717975.299999998,24,122538679.52,0.024400442633397166,0.03629046932298786,0.04434230963875495,False
BIGTRADE SUNO FUNDO DE INVESTIMENTO - RESP LIMITADA - DIREITOS CREDITÓRIOS,51764889000114,4001631.09,2984485.0,8622192.0,10488214.0,10701420.0,13,5370217.1,0.5557475506902692,1.6055574364023384,1.953033518886974,True
CALLIS FUNDO DE INVESTIMENTO EM DIREITOS CREDITÓRIOS,63735087000165,63068244.18,2983361.59,5225586.539999999,7417308.919999998,11898748.480000002,25,45267006.2,0.06590587362501564,0.11543919023299576,0.163856847241645,False
BLP PRECATÓRIO III-FUNDO DE INVESTIMENTO EM DIREITOS CREDITÓRIOS NÃO-PADRONIZADOS DE RESP. LIMITADA,28254193000126,2337976.1,2981620.67,2981620.67,2981620.67,2981620.67,1,2981620.67,1.0,1.0,1.0,False
FUEL FUNDO DE INVESTIMENTO EM DIREITOS CREDITÓRIOS - RESPONSABILIDADE LIMITADA,37511729000132,7237961.01,2978273.6,6544404.19,7185175.750000001,7185175.750000001,8,7185174.46,0.41450261459622234,0.9108204994092796,1.0000001795363507,False
CEDAR OCTANTE FUNDO DE INVESTIMENTO EM DIREITOS CREDITÓRIOS,46268360000170,80552533.27,2956411.38,10095078.889999999,17178796.02,34318731.41000001,24,76408178.14,0.03869234225926801,0.1321203977865189,0.22482928448475634,False
TPC FUNDO DE INVESTIMENTO EM DIREITOS CREDITÓRIOS,54095003000185,4209780.05,2955227.0,4382445.79,4550762.66,4757014.53,24,3808186.86,0.7760194309372729,1.15079589082979,1.1949945807018514,True
BLUMENAU FUNDO DE INVESTIMENTO EM DIREITOS CREDITÓRIOS,22397315000157,22462755.39,2954967.64,7944066.789999999,12829272.49,19923385.03,25,22515487.94,0.13124155460785453,0.3528267657876038,0.5697976665745756,False
Z5 FUNDO DE  INVESTIMENTO EM DIREITOS CREDITÓRIOS MULTISSETORIAL - RESPONSABILIDADE  LIMITADA,52349539000154,32056000.92,2952040.71,9913006.01,12823856.299999999,17622615.089999996,25,30473520.98,0.09687232111896248,0.3252990035679165,0.42081964563321683,False
BRASFOR FUNDO DE INVESTIMENTO EM DIREITOS CREDITÓRIOS MULTISEGMENTOS,18862277000199,168125075.96,2932499.7,9597534.92,16986133.25,31703434.499999996,25,134866343.89000002,0.021743747293926884,0.07116330615314939,0.12594790338391815,False
IC NAXOS FUNDO DE INVESTIMENTO EM DIREITOS CREDITÓRIOS,62874327000140,24652643.85,2923998.54,2923998.54,2923998.54,2923998.54,1,2923998.54,1.0,1.0,1.0,False
MOBI FUNDO DE INVESTIMENTO EM DIREITOS CREDITÓRIOS,47847106000199,88314097.65,2910584.85,11373359.57,16909718.54,27453295.130000003,25,74624571.25999999,0.039003036142870574,0.15240770403053974,0.2265971951930515,False
METROPOLITANA ATIVOS FUNDO DE INVESTIMENTO EM DIREITOS CREDITÓRIOS MULTISSETORIAL,18114024000137,69280726.56,2887296.23,10408484.15,14803639.31,20500111.709999997,24,56675355.5,0.050944474975547355,0.18365097242310197,0.26120064319667124,False
MACRO FUND - FUNDO DE INVESTIMENTO EM DIREITOS CREDITÓRIOS MULTISEGMENTOS,09609468000152,31472558.59,2879768.1,7347342.659999999,10406848.61,15203567.370000003,25,27275079.54,0.10558239053993242,0.26937933028663863,0.38155154028929367,False
FD BNK FUNDO DE INVESTIMENTO EM DIREITOS CREDITÓRIOS,64120858000172,34811731.75,2879216.27,7215613.2299999995,10791704.53,18045807.840000004,25,34806248.2,0.08272124744545147,0.20730798644365234,0.3100507836406223,False
PRECAVIDA II FUNDO DE INVESTIMENTO EM DIREITOS CREDITORIOS,49983868000148,23759145.52,2867151.08,8935363.01,10386882.06,10975553.280000001,25,11018409.53,0.2602146046753447,0.810948529882788,0.9426843349504728,False
FEX AGRO FIDC RESPONSABILIDADE LIMITADA,64096545000126,16070339.24,2858670.52,8410512.450000001,8410512.450000001,8410512.450000001,5,6462637.77,0.4423380393173421,1.3014055172706982,1.3014055172706982,True
FUNDO DE INVESTIMENTO EM DIREITOS CREDITÓRIOS CLIENTES BRF II,52720932000102,973969605.99,2851376.49,14015340.010000002,27299717.200000003,58565907.11999999,24,902848434.05,0.0031582006264432314,0.015523469368086459,0.03023732020837524,False
NETMONEY FUNDO DE INVESTIMENTO EM DIREITOS CREDITÓRIOS,50824501000160,32230236.4,2842106.49,10497173.18,14367947.38,20431914.33,25,31356672.68,0.0906380124895318,0.3347668066419348,0.458210203825746,False
CAPITEL INVEST FIDC  CREDITÓRIOS NÃO PADRONIZADOS - RESPONSABILIDADE LIMITADA,59070167000171,21744002.41,2839733.2,9069176.829999998,13007249.61,19409715.11,25,21606476.94,0.13142971933303996,0.41974343411860265,0.6020069651392227,False
GARRA FUNDO DE INVESTIMENTO EM DIREITOS CREDITÓRIOS,61084525000147,2969643.41,2828655.55,2828655.55,2828655.55,2828655.55,1,2828655.55,1.0,1.0,1.0,False
LEOA JVS FUNDO DE INVESTIMENTO EM DIREITOS CREDITÓRIOS RESPONSABILIDADE LIMITADA,52324200000101,12796131.23,2822748.16,9119211.41,11606958.07,12023425.71,12,12023425.71,0.23477070745755038,0.758453674514366,0.9653619816810096,False
HAMPTON FUNDO DE INVESTIMENTO EM DIREITOS CREDITÓRIOS DE RESPONSABILIDADE LIMITADA,13026491000191,38850262.87,2822735.31,9750209.12,14893817.12,22666708.22,24,36815141.78,0.07667321578898453,0.2648423623699542,0.40455683177868773,False
IB SIGMA FUNDO DE INVESTIMENTO EM DIREITOS CREDITÓRIOS,20093858000155,262367534.28,2817595.26,10987074.55,19234646.06,36450470.57,25,197329269.36,0.01427864841915411,0.055678889328656056,0.09747487598967917,False
CLM FUNDO DE INVESTIMENTO EM DIREITOS CREDITÓRIOS MULTISSETORIAL,18676987000124,67137289.95,2809807.53,10518963.01,15263467.209999999,24608563.76,25,60911206.04,0.046129566506281576,0.17269339574547685,0.25058553593531835,False
GLOBALCASH FUNDO DE INVESTIMENTO EM DIREITOS CREDITORIOS MULTISSETORIAL - RESPONSABILIDADE  LIMITA,21053720000195,54965357.22,2794313.64,8225830.240000002,11507925.290000001,15867820.669999998,25,50578500.15,0.05524706410259182,0.16263491830728005,0.22752602896232782,False
MR FUNDO DE INVESTIMENTO EM DIREITOS CREDITÓRIOS,22175405000101,145164202.12,2794284.96,12917333.159999998,21734826.330000002,37658333.129999995,25,116174120.41,0.024052559641841494,0.11118942079709608,0.18708836575042506,False
SUPERE FUNDO DE INVESTIMENTO EM DIREITOS CREDITÓRIOS,41687522000190,26390008.07,2783751.98,9668917.75,15128148.17,23797865.990000002,25,25548850.67,0.1089580120826625,0.3784482470420263,0.5921263686340219,False
SMT AGRO FUNDO DE INVESTIMENTO EM DIREITOS CREDITÓRIOS DE  RESPONSABILIDADE LIMITADA,56197290000160,62062683.96,2780809.7,7355175.569999999,11179348.040000001,18883488.35,25,51997828.14,0.05347934326243189,0.14145159198181848,0.21499644196485473,False
VENTURA FUNDO DE INVESTIMENTO EM DIREITOS CREDITÓRIOS,22753713000169,67674648.5,2751033.61,9289272.459999999,14723004.409999998,25129281.549999993,25,51112894.410000004,0.05382269272275398,0.18174029405352157,0.28804873173293644,False
PRECAVIDA FUNDO DE INVESTIMENTO EM DIREITOS CREDITÓRIOS,42866998000151,14929332.83,2744757.9,5864652.29,7125721.810000001,8693282.35,25,9323746.01,0.2943835982936648,0.62900172138001,0.7642552470173951,False
GO.BANK FUNDO DE INVESTIMENTO EM DIREITOS CREDITÓRIOS,55596335000106,33010226.65,2735457.74,11353049.63,18041193.000000004,24925379.330000006,25,27585213.44,0.09916391424521093,0.41156287061884705,0.6540167992261873,False
TERA PERFORMANCE FUNDO DE INVESTIMENTO EM DIREITOS CREDITÓRIOS MULTISSETORIAL LP,40155056000130,69553455.11,2723706.13,8469575.67,13095728.389999999,22535648.65,25,59490290.84,0.04578404461537172,0.14236904124034366,0.22013219644901635,False
STAL FUNDO DE INVESTIMENTO EM DIREITOS CREDITÓRIOS MULTISSETORIAL RESPONSABILIDADE LIMITADA,47465008000197,3682406.43,2719446.34,3298251.55,3298251.55,3298251.55,5,3298251.55,0.8245115021624109,1.0,1.0,False
CAPITAL FORTE FUNDO DE INVESTIMENTO EM DIREITOS CREDITORIOS MULTISSETORIAL,14364744000108,19023760.02,2701520.77,6973633.800000001,8504251.930000002,10526010.819999998,25,16093558.46,0.16786348256754646,0.4333183252996988,0.5284258264657276,False
CREDIHOME FUNDO DE INVESTIMENTO EM DIREITOS CREDITÓRIOS - RESPONSABILIDADE LIMITADA,31962973000135,25898147.95,2701214.76,26874862.73,26874862.73,26874862.73,3,25011620.78,0.10799838937906685,1.0744950503763395,1.0744950503763395,True
FUNDO DE INVESTIMENTO EM DIREITOS CREDITÓRIOS - RECEBÍVEIS COMERCIAIS TOP PARTNERS - RESP LIMITADA,64897169000179,50990467.39,2698289.04,10376816.719999999,12807077.519999998,12807077.519999998,8,12807077.52,0.21068733563814643,0.8102407987923227,0.9999999999999999,False
MACCRED FUNDO DE INVESTIMENTO EM DIREITOS CREDITÓRIOS,08270249000129,57508221.11,2696854.35,10079858.840000002,15660916.010000002,23954392.61,25,43454616.5,0.062061400311748234,0.23196289949998758,0.3603970595391171,False
SANTOFORTE FUNDO DE INVESTIMENTOS EM DIREITOS CREDITÓRIOS,37910672000144,7437647.54,2681374.24,5104390.3,6141377.04,6972413.82,25,5178096.87,0.5178300652378487,0.9857657027571212,1.1860297700456113,True
NOVA ERA FUNDO DE INVESTIMENTO EM DIREITOS CREDITÓRIOS MULTISSETORIAL - RESPONSABILIDADE LIMITADA,45018961000161,25413544.69,2669751.85,4965116.74,7164476.040000001,10789781.700000001,25,23710472.6,0.11259800236963644,0.20940606388419267,0.3021650458371716,False
FACTIA FUNDO DE INVESTIMENTO EM DIREITOS CREDITÓRIOS,50791925000176,15223067.48,2668062.68,11120884.53,16116494.450000001,21321981.750000004,25,12838979.26,0.20780956382664958,0.8661813610562682,1.2552784862119952,True
AVCALA FUNDO DE INVESTIMENTO EM DIREITOS CREDITÓRIOS,32302142000108,25802955.7,2655765.74,9077667.23,14096780.120000001,22208085.009999994,25,23788213.27,0.1116420855091821,0.38160357513895793,0.5925951629909867,False
V1 FUNDO DE INVESTIMENTO EM DIREITOS CREDITÓRIOS - MULTICARTEIRA,08093745000154,835765.02,2652243.56,2652243.56,2652243.56,2652243.56,1,2652243.56,1.0,1.0,1.0,False
MOVE BRASIL FUNDO DE INVESTIMENTO EM DIREITOS CREDITÓRIOS DO AGRONEGÓCIO,57074057000152,8982384.83,2648928.0,5935618.72,8279658.090000001,11854865.02,25,9112552.11,0.2906900249265077,0.6513673280931175,0.9085992584793022,True
BELLUNO PAGAMENTOS FUNDO DE INVESTIMENTO EM DIREITOS CREDITÓRIOS MULTISSETORIAL,10338491000139,98631056.6,2643104.62,7074333.120000001,9174298.390000002,14050002.840000002,25,90419431.16,0.02923159973571327,0.07823908013181093,0.10146379237628465,False
AUGME PRO 051 MASTER FUNDO DE INVESTIMENTO EM DIREITOS CREDITÓRIOS DE RESPONSABILIDADE LIMITADA,58594141000160,36654160.84,2633636.99,6900261.260000001,10417217.66,14185240.790000001,25,13133515.84,0.20052794865323742,0.5253933024532752,0.7931781395711934,True
FAST CAPITAL FUNDO DE INVESTIMENTO EM DIREITOS CREDITÓRIOS,37511950000190,14124591.71,2632410.0,7235956.9799999995,8633574.67,11056512.720000003,25,14255238.95,0.18466263590762189,0.5075998378827595,0.6056422274142238,False
TBN FUNDO DE INVESTIMENTO EM DIREITOS  CREDITÓRIOS NÃO - PADRONIZADO,57821748000172,11954687.87,2593600.12,6600160.52,6600160.52,6600160.52,4,6600160.52,0.3929601578841601,1.0,1.0,False
CISS FUNDO DE INVESTIMENTO EM DIREITOS CREDITÓRIOS PRESTAÇÃO DE SERVIÇOS,52892178000198,163832261.94,2584436.34,8763393.989999998,13528625.610000003,22849139.98,24,161712283.17000002,0.015981694707031695,0.05419126994074706,0.08365861482382286,False
ALVORADA I FUNDO DE INVESTIMENTO EM DIREITOS CREDITÓRIOS,50434429000165,58578630.41,2581223.75,8154232.16,12036249.2,20040146.179999996,25,52181749.11,0.04946602584284281,0.15626597994656605,0.23066013319383727,False
EJM FUNDO DE INVESTIMENTO EM DIREITOS CREDITÓRIOS DE RESPONSABILIDADE LIMITADA,57941435000158,4228543.66,2579010.0,4229010.1899999995,4229010.1899999995,4229010.1899999995,2,4229010.19,0.6098377360495316,0.9999999999999998,0.9999999999999998,False
NACIONAL FUNDO DE INVESTIMENTO EM DIREITOS  CREDITÓRIOS,41240074000182,-15614.27,2575684.63,12081345.03,21801470.57,41536072.69,24,0.02,128784231.49999999,604067251.5,1090073528.5,True
PRIME FUNDO DE INVESTIMENTO EM DIREITOS CREDITÓRIOS MULTISSETORIAL,20905862000170,51133740.4,2570116.65,10960970.86,17471797.96,22143657.889999997,25,41036968.529999994,0.06262930089782634,0.2670999163105092,0.4257575202521911,False
VSG LEGAL I FIDC DE RESP LIMITADA,59400011000101,6292871.9,2565000.0,5321599.380000001,5546599.380000001,5546599.380000001,7,5546599.38,0.46244551377712806,0.9594346040546381,1.0000000000000002,False
FUNDO DE INVESTIMENTO EM DIREITOS CREDITÓRIOS 800,49829816000111,2397269.64,2563559.04,2563559.04,2563559.04,2563559.04,1,2563559.04,1.0,1.0,1.0,False
FUNDO DE INVESTIMENTO EM DIREITOS CREDITÓRIOS MULTISSETORIAL MILÊNIO RECEBÍVEIS LP,15578550000160,52948247.49,2557172.22,10036303.92,13876817.649999999,22846427.790000003,25,49011632.559999995,0.05217480190788406,0.20477391581913879,0.2831331446266764,False
DB 18 FUNDO DE INVESTIMENTO EM DIREITOS CREDITÓRIOS MULTISSETORIAL,18269128000110,31197725.16,2553908.37,7198475.64,9994377.479999999,14684890.799999999,25,28921204.37,0.08830574056760832,0.24889958066431656,0.345572658459797,False
TESOURARIA 2 FUNDO DE INVESTIMENTO EM DIREITOS CREDITÓRIOS,45207689000168,206001807.09,2546002.76,2546002.76,2546002.76,2546002.76,1,2535219.16,1.0042535178694372,1.0042535178694372,1.0042535178694372,False
911 MULTIESTRATÉGIA FUNDO DE INVESTIMENTO EM DIREITOS CREDITÓRIOS,50790524000100,115031960.07,2533906.37,10604916.83,17988099.000000004,29326562.519999996,24,96457771.9,0.02626959259049607,0.10994362217898172,0.18648677701832755,False
HOPE II FUNDO DE INVESTIMENTO EM DIREITOS CREDITÓRIOS MULTISSEGMENTOS,13963676000122,27862806.16,2520141.36,6661719.12,9202259.709999999,13296252.03,25,23385127.849999998,0.10776684122340602,0.28486990375808446,0.39350906135841374,False
LIBRA FUNDO DE INVESTIMENTO EM DIREITOS CREDITÓRIOS MULTISSETORIAL,12400421000199,194318406.42,2520102.09,10849850.51,17854860.8,32232673.95,25,185351725.98000002,0.01359632383607761,0.05853654964707871,0.09632961714058487,False
D365 FUNDO DE INVESTIMENTO EM DIREITOS CREDITÓRIOS,46450551000158,1054510.09,2515232.72,3247528.4999999995,3426657.4999999995,3649390.3299999996,24,3478130.94,0.7231564203272923,0.9336993218547429,0.9852008331808232,False
FUNDESTAP FUNDO DE INVESTIMENTO EM DIREITOS CREDITÓRIOS,64191286000112,3140352.36,2500000.0,2500000.0,2500000.0,2500000.0,1,2500000.0,1.0,1.0,1.0,False
GRYPHON FUNDO DE INVESTIMENTO EM DIREITOS CREDITÓRIOS NÃO PADRONIZADOS,44273371000112,2224997.67,2500000.0,2500000.0,2500000.0,2500000.0,1,2500000.0,1.0,1.0,1.0,False
THP CAPITAL FUNDO DE INVESTIMENTO EM DIREITOS CREDITÓRIOS NÃO PADRONIZADOS,50941133000130,7044991.16,2495488.44,6106285.93,6818119.269999999,7357266.039999998,25,6539748.07,0.38158785526427774,0.9337188320772729,1.0425660433735942,True
VEGA FUNDO DE INVESTIMENTO EM DIREITOS CREDITÓRIOS MULTISSETORIAL RESPONSABILIDADE LIMITADA,28254169000197,1657451.54,2487473.63,10100993.629999999,14051750.18,16023326.23,25,0.0,,,,False
ZAB LEGACY FUNDO DE INVESTIMENTO EM DIREITOS CREDITÓRIOS DE RESPONSABILIDADE LIMITADA,58495913000106,67329914.84,2473972.25,9886068.639999999,15170298.590000002,21704203.049999997,25,69402714.16,0.03564662102834395,0.14244498590082227,0.2185836501296854,False
AVANCE PROSPERITY CAPITAL FUNDO DE INVESTIMENTO EM DIREITOS  CREDITÓRIOS,63190032000117,10327356.78,2473737.29,4438148.359999999,5116066.159999999,6065873.299999998,25,8859516.59,0.27921808880545257,0.5009470116021307,0.5774656109086872,False
POLÍGONO MASTER QUALI FUNDO DE INVESTIMENTO EM DIREITOS CREDITÓRIOS,55327697000100,58864399.25,2470086.46,2823545.2199999997,2823545.2199999997,2823545.2199999997,2,2468133.94,1.0007910915888139,1.14399999701799,1.14399999701799,True
YUMA CRED FUNDO DE  INVESTIMENTO EM DIREITOS CREDITÓRIOS RESPONSABILIDADE LIMITADA,62550985000186,3100588.42,2464999.09,2552729.65,2552729.65,2552729.65,2,2552729.6399999997,0.96563265117257,1.0000000039173753,1.0000000039173753,False
SKIEN FUNDO DE INVESTIMENTO EM DIREITOS CREDITÓRIOS,60115023000173,31139965.33,2463591.36,7423827.38,8687963.780000001,8687963.780000001,10,30973702.87,0.07953816081790287,0.23968162318721176,0.28049483836221745,False
MULTIBANK FUNDO DE INVESTIMENTO EM DIREITOS CREDITÓRIOS MULTISSETORIAL LP,29494000000177,29092457.55,2462434.66,6524492.25,7965670.94,10562540.82,25,16641927.66,0.1479657110827749,0.39205147284001596,0.47865073702645816,False
LU INVEST FUNDO DE INVESTIMENTO EM DIREITOS CREDITÓRIOS,61138429000134,17375762.05,2443610.04,5579558.409999999,7512624.839999999,11092930.160000002,25,17323340.72,0.1410588222847123,0.32208328059716185,0.4336706736551447,False
FUNDO DE INVESTIMENTO EM DIREITOS CREDITÓRIOS KREDITKARTE,59388724000105,10342072.19,2434338.07,8337552.22,10358857.870000001,11299140.3,24,229563.63,10.604197494176232,36.31913391507182,45.1241247143548,True
FUNDO DE INVESTIMENTO EM DIREITOS CREDITÓRIOS CREDIBLUE-GENIAL,32311976000171,59727662.8,2433858.93,11122068.28,21291313.450000003,41405348.12000001,24,52024998.14,0.046782489514953014,0.21378315574505852,0.40925159464119115,False
FIDEM BANK FUNDO DE INVESTIMENTO EM DIREITOS CREDITÓRIOS,41755934000110,112489131.37,2433001.72,7310247.209999999,11579271.280000001,20697230.18,25,88142371.61,0.027603088906720197,0.08293681093975273,0.13137008987271567,False
GRUMARI - FUNDO DE INVESTIMENTO EM DIREITOS CREDITÓRIOS,52768886000111,4100336.67,2422861.81,3926285.82,4123048.5999999996,4469656.19,24,4087683.73,0.5927224242468485,0.9605160475563504,1.0086515670819767,True
ECOFINANCE FUNDO DE INVESTIMENTO EM DIREITOS CREDITÓRIOS,44585499000111,22715909.42,2420704.99,9200596.06,14867689.27,19197056.99,25,19224558.77,0.12591732371915448,0.47858555143317866,0.7733695970802247,False
SPT CAPITAL FUNDO DE INVESTIMENTO EM DIREITOS CREDITORIOS,62628909000146,2558519.43,2411591.25,2411591.25,2411591.25,2411591.25,1,2411591.25,1.0,1.0,1.0,False
UP VENDAS I FUNDO DE INVESTIMENTO EM DIREITOS CREDITÓRIOS DE RESPONSABILIDADE LIMITADA,65706613000194,3654167.59,2407865.31,2407865.31,2407865.31,2407865.31,1,2407865.31,1.0,1.0,1.0,False
PHX FUNDO DE  INVESTIMENTO EM DIREITOS CREDITÓRIOS NÃO-PADRONIZADOS  RESPONSABILIDADE LIMITADA,47372688000102,3934342.41,2400000.0,2722065.21,2722065.21,2722065.21,3,228047.9,10.524104804297695,11.936374814238588,11.936374814238588,True
INSOL FUNDO DE INVESTIMENTO EM DIREITOS CREDITÓRIOS DE RESPONSABILIDADE LIMITADA,55626024000142,3267142.24,2395679.73,3157015.4299999997,3257031.2299999995,3257031.2299999995,8,3257031.23,0.7355409146629521,0.9692923423396219,0.9999999999999999,False
FUNDO DE INVESTIMENTO EM DIREITOS CREDITÓRIOS SALES FINANCE - RESPONSABILIDADE LIMITADA,45829624000154,91577343.55,2381155.36,10628004.61,17940126.93,30065712.41,24,32283590.66,0.07375745111742783,0.32920763746296366,0.5557042002836496,False
FUNDO DE INVESTIMENTO EM DIREITOS CREDITÓRIOS ATLÉTICO MINEIRO - RESPONSABILIDADE LIMITADA,63570081000185,18245172.1,2371222.72,15395818.920000002,15395818.920000002,15395818.920000002,5,15378325.51,0.1541925171539694,1.0011375367226183,1.0011375367226183,False
IMOB RS FUNDO DE INVESTIMENTO EM DIREITOS CREDITÓRIOS - RESPONSABILIDADE LIMITADA,56125191000172,29108392.54,2368487.28,8471003.85,12736867.18,19129133.54,25,26348687.16,0.0898901438852561,0.321496239966743,0.48339665284484706,False
FUNDO DE INVESTIMENTOS EM DIREITOS CREDITÓRIOS MULTISEGMENTOS NPL IPANEMA II,14109346000137,1634284.98,2354954.2,2354954.2,2354954.2,2354954.2,1,2354954.2,1.0,1.0,1.0,False
SCORE I FUNDO DE INVESTIMENTO EM DIREITOS CREDITÓRIOS,49573227000115,129302893.22,2353448.3,2353448.3,2353448.3,2353448.3,1,115343722.08,0.020403783210391782,0.020403783210391782,0.020403783210391782,False
FXN CAPITAL FUNDO DE INVESTIMENTOS EM DIREITOS CREDITORIOS,33701265000176,7982821.74,2339468.82,6963365.300000001,9213096.5,10156982.57,25,6088950.38,0.38421545159643755,1.1436068395091767,1.5130845096491,True
ALEVI FUNDO DE INVESTIMENTO EM DIREITOS CREDITÓRIOS,45512077000189,4397410.12,2335733.65,2335733.65,2335733.65,2335733.65,1,0.0,,,,False
FUNDO DE INVESTIMENTO EM DIREITOS CREDITÓRIOS NEXUS,29720600000106,21059501.0,2318899.02,3823440.91,5257891.84,6014489.479999999,25,17342651.880000003,0.1337107517376979,0.22046460578553684,0.30317692336680857,False
FUNDO DE INVESTIMENTO EM DIREITOS CREDITÓRIOS BREOF REAL ESTATE CREDIT RESPONSABILIDADE LIMITADA,22061694000100,1935803.45,2316702.59,2316702.59,2316702.59,2316702.59,1,309671.97,7.48115042507722,7.48115042507722,7.48115042507722,True
24 CASH FUNDO DE INVESTIMENTO EM DIREITOS CREDITÓRIOS,60203969000191,12772459.83,2307486.41,2307486.41,2307486.41,2307486.41,1,2307486.41,1.0,1.0,1.0,False
GROW FUNDO DE INVESTIMENTO EM DIREITOS CREDITÓRIOS,62390047000166,48664128.26,2307278.28,9043551.04,12951789.61,20410469.6,25,47121500.72,0.048964448176428955,0.19191984342216847,0.2748594465817344,False
KINEA AROEIRA FUNDO DE INVESTIMENTO EM DIREITOS CREDITÓRIOS ABERTO RESPONSABILIDADE LIMITADA,63309002000187,72836355.72,2306047.24,8429911.83,8429911.83,8429911.83,5,8753900.16,0.26343083629594427,0.9629892591783912,0.9629892591783912,False
AGRO DEFENDER FUNDO DE INVESTIMENTO EM DIREITOS CREDITÓRIOS - RESPONSABILIDADE LIMITADA,56963951000110,81179490.8,2295304.37,8186709.87,13094316.95,24472602.549999997,25,86326461.23,0.02658865355183053,0.09483430402861193,0.15168369887319658,False
SEVEN MP FUNDO DE INVESTIMENTO EM DIREITOS  CREDITÓRIOS,58238421000135,9234188.59,2294177.48,5803644.79,6807064.7,8272207.660000001,25,9108495.01,0.25187228817508023,0.6371683558730962,0.7473314408721403,False
M CREDIT FUNDO DE INVESTIMENTO EM DIREITOS CREDITÓRIOS,41265819000168,98749057.85,2292285.36,6232553.27,9403515.99,14155168.969999997,24,98360212.07,0.02330500628006627,0.06336457739196902,0.09560284379325862,False
LEGATUS FUNDO DE INVESTIMENTO EM DIREITOS CREDITÓRIOS,55330962000109,4318921.2,2276878.94,2276878.94,2276878.94,2276878.94,1,2276878.94,1.0,1.0,1.0,False
NANBAN FUNDO DE INVESTIMENTO EM DIREITOS CREDITÓRIOS NÃO PADRONIZADOS RESPONSABILIDADE LIMITADA,36741161000183,47285152.16,2275288.68,8501897.780000001,12773160.74,14730306.049999999,22,30705295.13,0.07410085688370324,0.27688702368776097,0.4159921175133157,False
OTMOW I FUNDO DE  INVESTIMENTO EM DIREITOS CREDITÓRIOS RESPONSABILIDADE LIMITADA,62453870000173,16333037.91,2256814.12,6151994.74,8775717.02,11009472.96,24,10630576.57,0.2122946112225783,0.5787075328878423,0.8255165617983032,False
ITABIRA I  FUNDO DE INVESTIMENTO EM DIREITOS CREDITÓRIOS DE RESPONSABILIDADE LIMITADA,65812452000113,5119145.77,2242134.45,2945015.3400000003,2945015.3400000003,2945015.3400000003,2,2945015.34,0.7613320105830078,1.0000000000000002,1.0000000000000002,False
SWP FUNDO DE INVESTIMENTO EM DIREITOS CREDITÓRIOS MULTISSEGMENTOS,54075641000134,23368545.69,2237128.49,5353849.649999999,6871377.91,9661302.43,25,20467990.4,0.10929888309894852,0.2615718272957564,0.33571336392653384,False
SUPERNOVA FUNDO DE INVESTIMENTO EM DIREITOS CREDITÓRIOS MULTISSETORIAL LP,18675887000183,27318484.95,2234349.34,7097082.98,9140433.98,12047066.83,25,26194879.79,0.08529717860560565,0.27093397781918205,0.3489397184975591,False
B8 FUNDO DE INVESTIMENTO EM DIREITOS CREDITÓRIOS,13807406000122,39808170.44,2228370.86,8738243.870000001,13567838.319999998,18787354.28,25,38876090.35,0.05731982923020447,0.22477167305996862,0.3490021295312685,False
TALÓ II FUNDO DE INVESTIMENTO EM DIREITOS CREDITÓRIOS RESPONSABILIDADE LIMITADA,54773936000184,39918281.91,2224967.67,9201091.73,16323088.489999998,27246689.38,24,34395754.06,0.06468727698537334,0.2675066147394124,0.47456696141988863,False
MILENIO MAGENTA FUNDO DE INVESTIMENTO EM DIREITOS CREDITÓRIOS DE RESPONSABILIDADE LIMITADA,41957418000179,62949552.33,2214740.42,2829009.0100000002,2829009.0100000002,2829009.0100000002,3,2829009.01,0.7828679273099947,1.0000000000000002,1.0000000000000002,False
FC MONEY FUNDO  DE INVESTIMENTO EM DIREITOS CREDITÓRIOS RESPONSABILIDADE  LIMITADA,43648593000100,5502003.03,2209483.38,5210111.5,5400117.839999999,5400117.839999999,8,4812207.32,0.4591413530371338,1.0826864167606145,1.1221706549417738,True
IPIRANGA FUNDO DE INVESTIMENTO EM DIREITOS CREDITORIOS,58363382000106,17041410.59,2207131.58,2207131.58,2207131.58,2207131.58,1,2096775.0,1.0526315794493926,1.0526315794493926,1.0526315794493926,True
ACELERA CASH FUNDO DE INVESTIMENTO EM DIREITOS CREDITÓRIOS,46557432000107,4300306.27,2205000.63,2563543.8499999996,2755075.57,2937049.5800000005,25,1931896.58,1.141365771246409,1.326957082764751,1.426098890862988,True
CREDIT BRASIL FUNDO DE INVESTIMENTO EM DIREITOS CREDITÓRIOS MULTISSETORIAL MASTER - EM LIQUIDAÇÃO,12144737000167,806691.96,2200000.0,9220393.57,14866320.67,22317405.18,25,15481.82,142.1021559480733,595.5626386303419,960.2437355556389,True
APG SAFIRA FUNDO DE INVESTIMENTO EM DIREITOS CREDITÓRIOS DE RESPONSABILIDADE LIMITADA,65216273000113,20622543.81,2199474.1,9713010.2,14373824.83,18703640.04,25,21180121.400000002,0.10384615170336087,0.45859086530070586,0.6786469519480657,False
FUNDO DE INVESTIMENTO EM DIREITOS CREDITÓRIOS MULTISSETORIAL PREVIA,11823118000136,74676749.3,2172100.24,5272050.180000001,8721726.37,13430847.909999996,25,63685025.67,0.03410692257949749,0.08278319941831312,0.1369509751820439,False
FUNDO DE INVESTIMENTO EM DIREITOS CREDITÓRIOS CONSORCIEI I - RESPONSABILIDADE LIMITADA,27984909000188,1928059.58,2170953.73,5154335.26,6296313.48,6347472.640000001,12,6347472.64,0.34201860380133914,0.8120295355853633,0.991940231506063,False
MONTE SIÃO FUNDO DE INVESTIMENTO EM DIREITOS CREDITÓRIOS,57088975000130,302613420.54,2157950.81,4985693.22,7441689.97,12775558.650000002,25,278251492.89,0.007755397060360405,0.01791793879780179,0.02674447454965459,False
NX BOATS FUNDO DE INVESTIMENTO EM DIREITOS CREDITÓRIOS - RESPONSABILIDADE LIMITADA,61430639000100,51179775.4,2148343.14,8607789.25,14288934.620000001,25389165.770000003,25,42631534.61,0.05039328655778831,0.20191131585445876,0.3351728890530784,False
CREDISA FUNDO DE INVESTIMENTO EM DIREITOS CREDITÓRIOS,28879529000146,37394750.96,2135772.62,6771506.56,9476103.650000002,15087231.199999997,25,32756554.33,0.06520138224806993,0.20672218731499284,0.28928878033185984,False
IFOOD PAGO CRÉDITO I FUNDO DE INVESTIMENTO EM DIREITOS CREDITÓRIOS FINANCEIRO DE RESP LIMITADA,41197066000109,657095062.27,2131061.54,6837496.02,11267991.38,20621607.790000003,24,569616725.63,0.003741220094341562,0.01200367846017457,0.019781707370930032,False
HELFEN FUNDO DE INVESTIMENTO EM DIREITOS CREDITÓRIOS RESPONSABILIDADE LIMITADA,61817344000182,6784783.24,2115864.28,4958846.369999999,6103876.3,6773571.49,22,6773571.49,0.3123705541638861,0.7320874043067048,0.901131154961797,False
NEXUS TRADE FUNDO DE INVESTIMENTO EM DIREITOS CREDITORIOS,60864701000109,2728468.47,2109277.91,2820052.5900000003,2820052.5900000003,2820052.5900000003,2,2535742.72,0.8318185805537874,1.112120944982936,1.112120944982936,True
KAISEN FUNDO DE INVESTIMENTO EM DIREITOS CREDITÓRIOS RESPONSABILIDADE LIMITADA,52680896000109,38720544.65,2104327.37,8625499.7,10216803.64,10216803.64,8,34594213.85,0.060828882515565535,0.24933359484334688,0.29533273062078846,False
ISAAC CREDITO FUNDO DE INVESTIMENTO EM DIREITOS CREDITORIOS FINANCEIROS DE RESPONSABILIDADE LIMITADA,55728426000158,114276812.82,2100255.79,7068821.75,11772240.329999998,20940117.090000004,24,92913507.24,0.022604418371323987,0.07607959230019053,0.1267010651055475,False
MTRIOS FUNDO DE INVESTIMENTO EM DIREITOS CREDITÓRIOS,64041032000118,5130400.16,2096800.64,5029218.04,5029218.04,5029218.04,3,5029218.03,0.4169237896413093,1.0000000019883806,1.0000000019883806,False
WECAR I FUNDO DE INVESTIMENTO EM DIREITOS CREDITÓRIOS RESPONSABILIDADE LIMITADA,61515560000173,1883088.35,2094972.31,2094972.31,2094972.31,2094972.31,1,1872838.3,1.118608216203182,1.118608216203182,1.118608216203182,True
ARGENTA FUNDO DE INVESTIMENTO EM DIREITOS CREDITÓRIOS MERCANTIS DE RESPONSABILIDADE LIMITADA,45931917000148,40072348.5,2089292.22,5532686.659999999,7706582.1899999995,12050816.959999997,24,35251762.86,0.05926773728444399,0.15694780093616004,0.218615512098109,False
IFOOD PAGO CRÉDITO III FUNDO DE INVESTIMENTO EM DIREITOS CREDITÓRIOS FINANCEIRO RESP. LIMITADA,61288838000117,722466359.01,2084450.82,6465064.43,11601447.609999998,25013660.17,25,681952295.66,0.0030565933031762122,0.009480229733288086,0.01701211020746254,False
GRAN FIDC NÃO-PADRONIZADOS MULTISSETORIAL NP - GRANFIDC,09520712000106,21159905.23,2075813.14,4945321.609999999,6306726.669999999,8934867.139999999,25,14415696.83,0.14399672554712015,0.3430511662612427,0.43749024028275146,False
NEXUM FUNDO DE INVESTIMENTO EM DIREITOS CREDITÓRIOS,36517586000103,9402563.58,2058737.72,6535615.609999999,8195493.14,8749439.35,25,6628567.55,0.31058561362929765,0.9859770698120138,1.2363897747409995,True
GRBIGO FUNDO DE INVESTIMENTO EM DIREITOS CREDITÓRIOS DE RESPONSABILIDADE LIMITADA,63054582000109,32953406.33,2055166.2,6074092.779999999,8650124.069999998,12878880.489999998,25,28127829.35,0.07306522570324112,0.21594601931129814,0.30752902978629587,False
CAPITAL RS NP FUNDO DE INVESTIMENTO EM DIREITOS CREDITÓRIOS NÃO PADRONIZADOS MULTISSETORIAL,12910463000170,101490853.44,2053338.67,6958506.73,11975189.6,20951349.659999996,25,100944548.23,0.02034125374776567,0.06893395286831332,0.11863136553659921,False
HAVANTI FUNDO DE INVESTIMENTO EM DIREITOS CREDITÓRIOS,59710430000140,12621710.62,2052383.37,4435492.790000001,4813958.010000001,5459834.250000002,25,12526759.53,0.16383992724413704,0.3540814190116413,0.3842939587425768,False
REAL TIME PADRONIZADO FUNDO DE INVESTIMENTO EM DIREITOS CREDITÓRIOS MULTISEGMENTOS,17198452000122,105328549.34,2043242.28,7659700.860000001,13352461.68,24174864.87000001,25,95622232.39999999,0.021367857962705336,0.08010376528293646,0.13963762761932758,False
P051 FUNDO DE INVESTIMENTO EM DIREITOS CREDITÓRIOS DE RESPONSABILIDADE LIMITADA,58355344000101,5873116.78,2040235.67,4995124.27,5676902.94,5676902.94,10,4660621.93,0.43776038920196214,1.0717720392308243,1.2180569514678485,True
PLGN VIC FUNDO DE INVESTIMENTO EM DIREITOS CREDITÓRIOS,57619773000178,164220579.43,2038586.18,2038586.18,2038586.18,2038586.18,1,2036975.21,1.000790863822049,1.000790863822049,1.000790863822049,False
SALUS - FUNDO DE INVESTIMENTO EM DIREITOS CREDITORIOS MULTISSETORIAL LP,10509884000168,620015331.67,2036404.77,6564377.8100000005,9451889.41,15800365.520000003,24,606989288.9,0.0033549270262913863,0.010814651806947233,0.01557175650846975,False
ALLUGG FUNDO DE INVESTIMENTO EM DIREITOS CREDITÓRIOS,32511204000183,25446821.56,2036350.31,6131543.84,9261905.920000002,14386900.520000003,24,24112873.75,0.08445075154096886,0.2542850720976383,0.3841062668857544,False
ATLAS FUNDO DE  INVESTIMENTO EM DIREITOS CREDITÓRIOS DE RESPONSABILIDADE LIMITADA,19390746000187,106350408.53,2029738.21,9255688.92,15842343.82,29638955.49,25,93013170.51,0.021822051639254457,0.0995094444071757,0.17032366204844895,False
F6 FUNDO DE INVESTIMENTO EM DIREITOS CREDITÓRIOS MULTISSEGMENTOS,60595957000150,38969239.43,2028547.16,5651395.0,8310879.4399999995,13214699.309999999,25,43046864.59,0.04712415594773054,0.13128470688461819,0.19306584856195677,False
FUNDO DE INVESTIMENTO EM DIREITOS CREDITORIOS ONIX PRIME,18387112000102,74535278.1,2025838.23,9004229.29,16070945.540000001,26295889.899999995,25,72014552.44999999,0.028130956328674656,0.12503346870414384,0.22316247193451805,False
ORIZ JUS IV FUNDO DE INVESTIMENTO EM DIREITOS CREDITÓRIOS RESPONSABILIDADE LIMITADA,59550943000130,81439358.53,2025635.91,7186577.899999999,11306730.259999998,19929615.020000003,24,77133269.96,0.026261507013127544,0.09317092227163243,0.1465869431681488,False
FIDERE DA AMAZÔNIA FUNDO DE INVESTIMENTO EM DIREITOS CREDITÓRIOS,54462447000101,36810446.8,2021549.05,5548334.52,8008710.009999999,10903868.44,25,17830241.78,0.11337754557358559,0.31117550667335925,0.4491644089191929,False
BELAT BRASIL FUNDO DE INVESTIMENTO EM DIREITOS CREDITÓRIOS,51290276000192,9660950.56,2018469.08,6227014.249999999,8284627.970000001,9112616.99,24,8780718.52,0.22987516060359947,0.7091690999793032,0.9435022829999568,False
CELETI IAAS FUNDO DE INVESTIMENTO EM DIREITOS CREDITÓRIOS,50835592000130,94019241.18,2010039.33,5619519.16,8644562.99,14211277.450000001,25,83025748.38,0.02420983091655211,0.06768405307568033,0.10411906135955266,False
AGA FUNDO DE INVESTIMENTO EM DIREITOS CREDITÓRIOS NÃO-PADRONIZADOS MULTISSETORIAL,24080647000139,16651574.94,2000000.0,5207749.13,7237433.59,10483612.509999996,25,12077148.370000001,0.16560200626234417,0.4312068520194887,0.5992667613472401,False
RENAISSANCE SJL FUNDO DE  INVESTIMENTO EM DIREITOS CREDITÓRIOS RESPONSABILIDADE LIMITADA,65346076000119,3955897.71,1989917.83,3069397.01,3069397.01,3069397.01,2,3069397.02,0.6483090382357901,0.999999996742031,0.999999996742031,False
RESIDENCE CLUB FUNDO DE INVESTIMENTO EM DIREITOS CREDITÓRIOS,43193260000133,403404357.91,1988672.53,7918709.9,11940445.860000001,18830648.540000003,24,399389648.21,0.00497927910478629,0.019827028405694492,0.029896733461959153,False
ATLAS PARTNERS FUNDO DE INVESTIMENTO EM DIREITOS CREDITÓRIOS CRÉDITO CORPORATIVO,66107567000170,2002399.53,1982150.95,1982150.95,1982150.95,1982150.95,1,1982150.95,1.0,1.0,1.0,False
EVOLUT FUNDO DE INVESTIMENTO EM DIREITOS CREDITÓRIOS MULTISSETORIAL,27326119000105,69991285.7,1968513.76,7873614.79,12651460.32,23749085.24,25,56204639.63,0.03502404379707612,0.14008834220506858,0.22509636932619187,False
BR8 FUNDO DE INVESTIMENTO EM DIREITOS CREDITÓRIOS,55749847000165,34137447.24,1950750.09,6707360.9,10508426.25,14649063.71,25,33860917.31,0.05761066872880887,0.1980856229792435,0.31034086152464013,False
EXT LOOMY FUNDO DE INVESTIMENTO EM DIREITOS CREDITÓRIOS RESPONSABILIDADE LIMITADA,61062538000115,30066365.33,1948306.11,8289970.99,13098778.340000002,23346003.650000002,25,28913190.49,0.0673846807281212,0.2867193432999791,0.45303815033938866,False
M12 FUNDO DE INVESTIMENTO EM DIREITOS CREDITORIOS LONGO  PRAZO,52998078000140,490442185.88,1947632.59,3088917.41,3088917.41,3088917.41,3,389029870.54,0.005006383153295024,0.00794005202148712,0.00794005202148712,False
NERA TRUST FUNDO DE INVESTIMENTO EM DIREITOS CREDITÓRIOS - RESPONSABILIDADE LIMITAD,63697245000130,6870649.41,1943547.47,4533730.82,5385494.45,6561393.490000001,23,6561393.49,0.29620955868019433,0.6909707254883749,0.8207851667801743,False
H2A FUNDO DE INVESTIMENTO EM DIREITOS CREDITÓRIOS MULTISSEGMENTOS,63680237000180,4726315.93,1941531.01,3470351.9400000004,3612391.57,3874898.8399999994,25,4865859.5,0.3990109065006912,0.7132043043988426,0.7423953712596921,False
HB CAPITAL FUNDO DE INVESTIMENTO EM DIREITOS CREDITÓRIOS,27326160000181,430621219.08,1934158.84,6230368.460000001,10024436.690000001,16884538.490000002,24,418053620.13,0.004626580770664166,0.014903275943556176,0.0239788300048275,False
SILVER STONE FUNDO DE INVESTIMENTO EM DIREITOS CREDITÓRIOS MULTISSETORIAL,26000055000195,2284971.8,1933008.09,5934612.55,8146452.199999999,11615095.5,25,2178198.4699999997,0.8874343254864192,2.7245508762110187,3.739995373332532,True
STRATEGI KOSMOS EVERGREEN FUNDO DE INVESTIMENTO EM DIREITOS CREDITÓRIOS DE RESP LIMITADA,61386784000122,27983761.8,1931180.74,4777608.7299999995,5231369.74,5314067.84,13,10775025.95,0.1792274792618945,0.44339649409382625,0.4855087833918396,False
BRAEVO FUNDO DE INVESTIMENTO EM DIREITOS CREDITÓRIOS,60331197000173,3129450.54,1928561.06,3262174.41,3764086.73,3764086.73,8,3167991.45,0.6087646038312382,1.0297295499329708,1.1881618967121896,True
MILAGRE FUNDO DE INVESTIMENTO EM DIREITOS CREDITÓRIOS RESPONSABILIDADE LIMITADA,49684321000141,25106338.27,1914635.16,5897817.25,9850403.35,17094885.75,25,20325324.950000003,0.09419948584881048,0.2901708712903013,0.484636943036918,False
BANCOR FUNDO DE INVESTIMENTO EM DIREITOS CREDITÓRIOS,51555510000166,146432082.35,1913509.65,4772380.86,5441343.07,5638281.24,24,145824658.71,0.013121989565601361,0.03272684402087842,0.03731428633631259,False
FOCO CAPITAL FIAGRO EM DIREITOS CREDITÓRIOS RESPONSABILIDADE LIMITADA,54427293000117,14272011.06,1901679.49,8201034.239999999,12291917.209999999,14309320.59,17,11582604.28,0.16418410264466016,0.7080475203802784,1.0612395030386033,True
ATLAS 7 - FUNDO DE INVESTIMENTO EM DIREITOS CREDITÓRIOS DE RESPONSABILIDADE LIMITADA,42043592000179,26861943.45,1895570.57,10301601.8,15889098.37,27484894.770000003,20,27484894.77,0.06896772157443483,0.3748095776318667,0.5781029362842272,False
FUNDO DE INVESTIMENTO EM DIREITOS CREDITÓRIOS ATIVOS JUDICIAIS II,37484372000140,11051363.86,1875725.51,5898077.0600000005,7389739.279999999,7527027.800000001,19,9313060.8,0.20140806017287033,0.6333124186196658,0.7934812666529567,False
HCAM PETRO FUNDO DE INVESTIMENTO EM DIREITOS CREDITÓRIOS,61281837000140,2563140.53,1863282.43,2466853.47,2466853.47,2466853.47,4,2122853.3,0.8777254791934987,1.1620461338520192,1.1620461338520192,True
BRASPOR FUNDO DE INVESTIMENTO EM DIREITOS CREDITÓRIOS MULTISSETORIAL,18677046000105,18571703.93,1850000.0,6463562.630000001,8933802.190000001,12637351.239999998,25,16864080.0,0.10970061811850987,0.38327395446416296,0.5297533094008093,False
LUMI FUNDO DE INVESTIMENTO EM DIREITOS CREDITÓRIOS,59060623000100,6967783.68,1839727.54,5583857.96,6734668.41,6734668.41,9,6733483.58,0.2732207657659425,0.8292673314872775,1.0001759609251175,False
GENESIS  QUATRUM FUNDO DE INVESTIMENTO EM DIREITOS CREDITÓRIOS RESPONSABILIDADE  LIMITADA,63007593000138,4066796.15,1830069.56,3592257.14,4024749.2600000002,4106649.0600000005,17,4106649.06,0.445635732019429,0.8747416902480584,0.9800567813798047,False
MEINBERG FUNDO DE INVESTIMENTO EM DIREITOS CREDITORIOS MULTISSETORIAL,12910431000174,43194173.88,1825440.73,5440557.38,9034062.33,15258054.160000002,25,35289047.5,0.05172825166221899,0.15417127311242956,0.2560018750860306,False
JIVE BOSSANOVA HIGH  YIELD PFN II - FIC DE FIDC RESPONSABILIDADE LIMITADA,56425776000108,97401096.83,1819174.27,3480414.77,3480414.77,3480414.77,2,3480414.77,0.5226889294002163,1.0,1.0,False
TITAN FUNDO DE INVESTIMENTO EM DIREITOS CREDITÓRIOS,45523682000155,34621185.82,1812715.35,7146707.57,11011287.08,19000989.07,25,33426738.200000003,0.054229501519235876,0.21380212233809878,0.329415541956768,False
FAETA FUNDO DE INVESTIMENTO EM DIREITOS CREDITORIOS RESPONSABILIDADE LIMITADA,66598676000137,11780272.66,1796617.76,6559468.88,9490832.409999998,10874995.679999998,23,10874995.68,0.16520629643137477,0.6031697917879081,0.8727205682899176,False
LANCE REAL FUNDO DE  INVESTIMENTO EM DIREITOS CREDITORIOS,45810162000123,11875673.31,1792423.25,2828259.7500000005,3545354.2500000005,4844279.409999999,25,11916805.0,0.15041139382577798,0.23733372745463238,0.2975087911566901,False
MIXTEL MULTI FUNDO DE  INVESTIMENTO EM DIREITOS CREDITÓRIOS,43104380000117,-485299.08,1787219.69,7428026.369999999,12588197.37,19244531.189999998,24,0.0,,,,False
THE STANDARD FUND - FUNDO DE INVESTIMENTO EM DIREITOS CREDITÓRIOS - RESPONSABILIDADE LIMITADA,64439483000108,3752282.89,1786910.2,2760247.67,2760247.67,2760247.67,3,2759320.8,0.6475905954827724,1.0003359051256382,1.0003359051256382,False
CERES  CAPITAL FUNDO DE INVESTIMENTO EM DIREITOS CREDITÓRIOS NÃO-PADRONIZADOS  RESP LIMITADA,62941946000100,23759426.01,1785000.15,5438423.749999999,7813232.799999998,10224699.550000003,25,10865514.2,0.1642812403668848,0.5005215261694655,0.7190854161324458,False
GG CAPITAL FUNDO DE INVESTIMENTO EM DIREITOS CREDITÓRIOS RESPONSABILIDADE LIMITADA,60026166000109,4613375.08,1775352.12,2927267.69,3637037.83,4351922.47,24,4344196.16,0.40867218113833975,0.6738341415043283,0.8372176798756712,False
7INVEST CAPITAL FUNDO DE INVESTIMENTO EM DIREITOS CREDITÓRIOS RESPONSABILIDADE LIMITADA,57836076000179,13758006.84,1771052.12,4633769.77,6052552.78,7887858.650000002,25,12169982.44,0.14552626749722739,0.3807540226820574,0.49733455326168907,False
WFR FUNDO DE INVESTIMENTO EM DIREITOS CREDITÓRIOS  NÃO-PADRONIZADOS MULTISSETORIAL,28671036000116,5620117.89,1763737.51,4124560.83,5189035.98,5550884.1000000015,25,5589763.66,0.31552988950520316,0.7378774990998457,0.9283104430930449,False
META FUNDO DE INVESTIMENTO EM DIREITOS CREDITORIOS,29953928000172,44496555.09,1746878.99,7891974.5200000005,11437352.799999999,17597074.790000003,25,42128883.44,0.04146511484188531,0.18732930653715898,0.27148483097799375,False
CENTRAL CAPITAL FUNDO DE INVESTIMENTO EM DIREITOS CREDITÓRIOS RESPONSABILIDADE LIMITADA,35476474000199,37615669.68,1743705.72,5417211.39,8215341.54,13116622.059999999,25,31965817.14,0.05454907385483467,0.1694688850366113,0.2570039584478459,False
MITTU FUNDO DE INVESTIMENTO EM DIREITOS CREDITÓRIOS,31570850000159,30138244.71,1725961.65,5623727.53,8368465.23,9073455.22,25,24006882.01,0.07189445298565034,0.23425480775293733,0.3485860940422892,False
SOLFARMA FUNDO DE INVESTIMENTO EM DIREITOS CREDITÓRIOS COMERCIAIS - RESPONSABILIDADE LIMITADA,57378463000109,105088003.99,1724836.7,6835871.2700000005,10095081.13,17222600.759999998,25,103527951.05,0.016660589555828942,0.06602923365786056,0.09751068216470803,False
FUNDO DE INVESTIMENTO EM DIREITOS CREDITÓRIOS TMX FINANCE,49920810000155,5770490.27,1724291.93,4743730.96,6875662.729999999,7295466.129999999,24,5659371.78,0.30467903453411216,0.8382080457700554,1.2149162481776374,True
ZONDA - VX FUNDO DE INVESTIMENTO EM DIREITOS CREDITÓRIOS LP,26405908000179,119287550.34,1721100.63,6363851.9,10945391.0,18397216.37,24,112706027.56,0.015270706165948023,0.05646416644941328,0.09711451318939557,False
FUNDO DE INVESTIMENTOS EM DIREITOS CREDITÓRIOS INTEGRA,61140138000180,1563805.64,1717085.51,1717085.51,1717085.51,1717085.51,1,1717436.22,0.999795794454597,0.999795794454597,0.999795794454597,False
ATICCA FUNDO DE INVESTIMENTO EM DIREITOS CREDITORIOS MULTISSETORIAL,28194790000102,72185229.97,1711547.86,7301423.29,11728936.03,19959347.360000003,25,68585582.08,0.024954922129312926,0.10645711632925169,0.17101168604677094,False
D7 - FUNDO DE INVESTIMENTO EM DIREITOS CREDITÓRIOS,36114991000180,6107213.76,1705506.73,6103162.91,6103162.91,6103162.91,5,6099466.4,0.2796157267134056,1.0006060382593467,1.0006060382593467,False
PLGN ARTON FUNDO DE INVESTIMENTO EM DIREITOS CREDITÓRIOS,58236968000100,108384064.2,1699445.45,1699445.45,1699445.45,1699445.45,1,1698101.92,1.000791195148051,1.000791195148051,1.000791195148051,False
VIA CAPITAL ADAMANTUS FUNDO DE INVESTIMENTO EM DIREITOS CREDITORIOS MULTISSETORIAL,42196346000157,9654195.96,1675484.83,6835531.4,8482794.150000002,9996642.42,25,8540871.41,0.19617258586029923,0.8003318481058832,0.9932000779297533,True
MARIN FUNDO DE INVESTIMENTO EM DIREITOS CREDITÓRIOS MULTISSETORIAL,13554539000134,3170463.45,1674298.05,1674298.05,1674298.05,1674298.05,1,1499123.79,1.1168510974000352,1.1168510974000352,1.1168510974000352,True
PROSPER FUNDO DE INVESTIMENTO EM DIREITOS CREDITÓRIOS,24774059000103,47914027.23,1665009.13,6009461.07,9020567.07,14515860.72,25,40206594.38,0.041411344474085246,0.14946456328042773,0.2243554125660319,False
CPV PS DUPLICATA FUNDO DE INVESTIMENTO EM DIREITOS CREDITÓRIOS,30177946000199,6610735.7,1660569.04,5481352.53,7643332.36,9781536.590000002,25,6531144.21,0.2542539234484305,0.8392637421184733,1.1702899391345702,True
ALLIANCE FUNDO DE INVESTIMENTO EM DIREITOS CREDITÓRIOS,32670379000133,16227756.97,1642887.43,3418380.5599999996,4829798.66,7578026.839999999,25,13571322.2,0.12105581208587031,0.25188264707177904,0.3558826906342258,False
VERITAS FUNDO DE INVESTIMENTO EM DIREITOS CREDITÓRIOS,61079347000166,2010806.02,1642454.0,1642454.0,1642454.0,1642454.0,1,1357140.83,1.2102310708609363,1.2102310708609363,1.2102310708609363,True
FIDC MULTISETORIAL MASTER II,11989256000190,742418.46,1636023.67,1636023.67,1636023.67,1636023.67,1,0.0,,,,False
MAX FINANCEIRA FUNDO DE INVESTIMENTO EM DIREITOS CREDITORIOS,43076377000137,2160106.48,1633875.88,4518916.18,6123295.850000001,8111893.630000002,25,3145678.03,0.5194034050585908,1.4365475858951782,1.9465742493677909,True
INTER BASE FUNDO DE INVESTIMENTO EM DIREITOS CREDITÓRIOS MULTISSETORIAL - RESPONSABILIDADE LIMITADA,46799305000106,85054363.2,1626126.99,6804540.86,11810155.24,21031943.720000003,25,80300677.92,0.020250476485641107,0.08473827414980309,0.1470741660707514,False
ISIMAX FUNDO DE INVESTIMENTO EM DIREITOS CREDITÓRIOS,65953609000120,9724797.08,1620041.58,3931184.95,5564721.440000001,8170610.56,25,9413344.43,0.17210053154296406,0.4176183055058998,0.5911524306138665,False
FAZ CRED CONDOLIVRE FUNDO DE INVESTIMENTO EM DIREITOS CREDITÓRIOS - RESPONSABILIDADE LIMITADA,42317295000174,89804390.72,1617334.82,2317495.04,2775690.8000000003,3599533.0599999996,24,84872372.99,0.019056081066456818,0.027305646800673957,0.032704291187039665,False
DFC FUNDO DE INVESTIMENTO EM DIREITOS CREDITÓRIOS,29109316000106,24332650.65,1614365.71,6228918.4799999995,8630800.44,13312042.679999998,25,20804338.28,0.07759755144685139,0.2994047874134067,0.41485580189287324,False
FAMA GAIA SOCIOBIOECONOMIA FUNDO DE INVESTIMENTO EM DIREITOS CREDITÓRIOS INVESTIMENTO SUSTENTÁVEL,52363837000107,8994320.41,1613671.08,5680898.41,7935178.859999999,8037952.959999999,11,7393718.83,0.21824891060943957,0.7683411474818012,1.0732324345095496,True
JGM LP FUNDO DE INVESTIMENTO EM DIREITOS CREDITÓRIOS MULTISSETORIAL,14718674000130,35879179.89,1611414.15,4678634.42,7127135.89,13145625.01,25,34735194.63,0.04639139544674547,0.13469434876749387,0.20518485547348722,False
ALBATROZ FUNDO DE INVESTIMENTO EM DIREITOS CREDITÓRIOS MULTISSETORIAL,25354081000159,19936133.01,1602318.52,6246901.7299999995,9524244.549999999,14881956.970000003,25,19274474.34,0.0831316326315958,0.32410231375472104,0.49413770679257857,False
IPIRANGA CAPITAL FUNDO DE INVESTIMENTO EM DIREITOS CREDITÓRIOS,49507576000139,15604010.35,1595251.4,4901957.84,6882249.600000001,9336861.87,25,12054956.87,0.1323315725807321,0.40663420805751915,0.5709061985221355,False
MULTI INFRA FUNDO DE INVESTIMENTO EM DIREITOS CREDITÓRIOS NÃO-PADRONIZADOS,07084253000130,65993813.34,1588348.83,5453113.5,5453113.5,5453113.5,5,5502156.72,0.28867749699430595,0.9910865461498524,0.9910865461498524,False
SIGNAL SPECIAL OPPORTUNITIES FUNDO DE INVESTIMENTO EM DIREITOS CREDITÓRIOS,50355218000137,20721732.67,1585566.18,1585566.18,1585566.18,1585566.18,1,1418916.53,1.1174485225004742,1.1174485225004742,1.1174485225004742,True
FUNDO DE INVESTIMENTO EM DIREITOS CREDITORIOS MULTISETORIAL MASTER,11675457000112,953731.42,1567904.91,1567904.91,1567904.91,1567904.91,1,0.0,,,,False
BEB (BEM ESTAR BRASIL) FUNDO DE INVESTIMENTO EM DIREITOS CREDITÓRIOS DE RESPONSABILIDADE LIMITADA,63673464000189,58502639.09,1567162.97,4838380.350000001,6578402.79,8936864.65,24,48214451.92,0.032504008810477006,0.10035124651065411,0.13644047641390258,False
LESTE HIGH YIELD FIDC DE RESPONSABILIDADE LIMITADA,42085799000106,53873327.94,1565672.2,44127072.89,44127072.89,44127072.89,5,44127072.89,0.035480989276195786,1.0,1.0,False
IDEAL FUNDO DE INVESTIMENTO EM DIREITOS CREDITÓRIOS,58113703000106,5439699.81,1551546.15,2832625.2499999995,3372224.2499999995,3848043.0799999996,25,5037673.6,0.30798862197026816,0.5622883646133803,0.6694011001427325,False
DIANTE FUNDO DE INVESTIMENTO EM DIREITOS CREDITÓRIOS,35265104000102,9281337.15,1550826.97,3545257.03,5161728.239999999,6600068.359999999,25,5347803.319999999,0.2899932696103716,0.6629370636614961,0.9652053247163921,True
FUNDO DE INVESTIMENTO EM DIREITOS CREDITÓRIOS MÁQUINAS & SERVIÇOS,61184629000123,70293219.63,1541349.13,5485406.899999999,9331268.84,16667191.389999999,24,49371893.82,0.03121916156628403,0.11110383814724001,0.1889996133026602,False
SET FUNDO DE INVESTIMENTO EM DIREITOS CREDITÓRIOS,58325399000160,15271509.29,1532811.78,3951223.7,4524283.62,5625538.080000001,24,3718633.24,0.4121976223716001,1.0625472976194876,1.2166522827080413,True
LEGAL ONE FUNDO DE INVESTIMENTO EM DIREITOS CREDITÓRIOS - RESPONSABILIDADE LIMITADA,59843866000107,153081421.95,1532500.36,1532500.36,1532500.36,1532500.36,1,153250036.16,0.009999999989559546,0.009999999989559546,0.009999999989559546,False
CONDOCASH II - FUNDO DE INVESTIMENTO EM DIREITOS CREDITÓRIOS,41124590000141,11481896.42,1527952.27,4505489.2700000005,7091213.82,12055248.219999999,24,18301154.32,0.08348939325265468,0.2461860706281395,0.3874735820488945,False
MULTI RECEBÍVEIS III FUNDO DE INVESTIMENTO EM DIREITOS CREDITÓRIOS MULTISEGMENTOS,29492868000138,50082085.51,1527208.27,6333941.46,10790446.16,17958256.779999997,25,46419317.62,0.032900274030353144,0.13645055086443125,0.23245594104448622,False
C&J FUNDO DE INVESTIMENTO EM DIREITOS CREDITORIOS,26208267000162,40544278.77,1521905.06,4215488.86,5746616.9,8381468.64,25,26589920.970000003,0.05723616334614476,0.1585370962462097,0.21612011959281877,False
NEW MERIDIAN FUNDO DE INVESTIMENTO EM DIREITOS CREDITÓRIOS MULTICARTEIRA OUTROS DE RESP LIMITADA,61969359000166,10713278.0,1520385.58,2836025.99,3232690.62,3232690.62,7,3232690.62,0.470315832450431,0.8772958267191062,1.0,False
BRAVA FUNDO DE INVESTIMENTO EM DIREITOS CREDITÓRIOS,52258922000105,39937201.22,1517240.4,5330818.69,8979515.79,16588978.209999999,25,38509253.78,0.03939937160735084,0.1384295504777761,0.23317813015279878,False
IGNIS CAPITAL FUNDO DE INVESTIMENTO EM DIREITOS CREDITÓRIOS,47847076000110,48333808.37,1516932.2,6215328.2299999995,9601167.989999998,15261778.620000001,25,44453754.690000005,0.0341238262229678,0.1398155965304356,0.2159810359541982,False
OS FUNDO DE INVESTIMENTO EM DIREITOS CREDITÓRIOS MULTISETORIAL - RESPONSABILIDADE LIMITADA,21888857000160,111576205.41,1511363.45,6232498.13,10961658.47,20675611.429999996,25,94142851.78,0.01605393740920305,0.06620256357396698,0.11643643954631858,False
AURI OPEN FUNDO DE  INVESTIMENTO EM DIREITOS CREDITÓRIOS RESPONSABILIDADE LIMITADA,63385567000143,11222075.07,1506077.54,5530995.140000001,7269840.21,9533764.790000001,25,10991377.950000001,0.13702354216652152,0.503212169134808,0.6614129950831141,False
SIGSUG FUNDO DE INVESTIMENTO EM DIREITOS CREDITÓRIOS - RESPONSABILIDADE LIMITADA,48411822000191,16599781.2,1496158.12,3727210.05,3727210.05,3727210.05,5,3727210.05,0.4014150262338985,1.0,1.0,False
INTERSECTOR CRÉDITO ESTUDANTIL FUNDO DE INVESTIMENTO EM DIREITOS CREDITÓRIOS,20867468000195,1357858.19,1487744.34,6026061.57,11142785.37,21895067.93,25,961229.86,1.5477508574275878,6.26911607802113,11.592217255922531,True
ORYX FUNDO DE INVESTIMENTO EM DIREITOS CREDITORIOS,35715919000146,1515519.95,1487714.62,1487714.62,1487714.62,1487714.62,1,1190171.7,1.2499999957989256,1.2499999957989256,1.2499999957989256,True
ZILI CONSIG CLT - FUNDO DE  INVESTIMENTO EM DIREITOS CREDITÓRIOS,64009180000155,132570766.98,1478118.93,2246504.6199999996,2397798.11,2659906.34,24,127362369.84,0.011605617356656434,0.017638684195513864,0.018826582082386287,False
ROYAL CAPITAL GREEN FUNDO DE INVESTIMENTO EM DIREITOS CREDITÓRIOS CRÉDITO CORPORATIVO,53095984000106,5940021.14,1477572.26,2228806.05,2686334.66,3402697.250000001,25,5838728.15,0.2530640615627908,0.3817280052677225,0.460089010994629,False
TIVIO ALT CREDITO PADRONIZADO FI EM DIREITOS CREDITÓRIOS RESPONSABILIDADE LIMITADA,58182199000104,25175281.93,1474950.13,1474950.13,1474950.13,1474950.13,1,1474950.13,1.0,1.0,1.0,False
LAVORO MULTICRÉDITO II FUNDO DE INVESTIMENTO EM DIREITOS CREDITÓRIOS MULTISEGMENTOS,49508860000120,48557581.37,1472736.61,5268067.44,8885268.700000001,15414014.620000001,25,44487604.83,0.03310442572999271,0.1184165220881369,0.19972459146661597,False
BPI CAPITAIS FUNDO DE INVESTIMENTO EM DIREITOS CREDITÓRIOS,60666932000108,13430900.11,1466472.25,4133292.7499999995,5644614.790000001,7822983.960000001,25,11705197.04,0.1252838585278527,0.3531160334913935,0.48223150543393173,False
HEIVI FUNDO DE INVESTIMENTO EM DIREITOS CREDITORIOS,58593281000113,25227773.77,1460568.54,5198458.600000001,7663868.780000001,12209451.939999998,25,23538066.53,0.062051338759641105,0.2208532545939745,0.32559466047188546,False
MA MÁQUINAS FUNDO DE INVESTIMENTO EM DIREITOS CREDITÓRIOS SEGMENTO ECONÔMICO DO AGRONEGÓCIO,11813230000196,19216579.0,1439922.07,4548638.99,7016046.760000001,11656123.05,25,16369603.82,0.0879631593918441,0.2778710492945821,0.42860211139795323,False
VW1 CRÉDITO PRIVADO FUNDO DE INVESTIMENTO EM DIREITOS CREDITÓRIOS RESPONSABILIDADE LIMITADA,66172389000160,38456202.85,1438243.66,4082114.4599999995,4082114.4599999995,4082114.4599999995,3,4082114.46,0.35232810693897104,0.9999999999999999,0.9999999999999999,False
FUNDO DE INVESTIMENTO EM DIREITOS CREDITÓRIOS ARM,12764295000151,113929320.34,1433813.83,3735850.16,7192824.38,11314989.37,25,103022462.25999999,0.013917487492984331,0.036262481773846125,0.06981802048030375,False
PINARELLO FUNDO DE INVESTIMENTO EM DIREITOS CREDITÓRIOS RESPONSABILIDADE LIMITADA,29109292000187,40004799.95,1433074.89,5371635.64,8269129.24,14044810.91,25,30337816.439999998,0.047237245727102174,0.17706072059021266,0.27256837209606377,False
FRAM CAPITAL VIGGO FUNDO DE INVESTIMENTO EM DIREITOS CREDITÓRIOS,55825226000113,5995940.39,1423587.19,3222374.25,4238813.000000001,4654335.2700000005,24,5563338.98,0.25588719204739163,0.5792158740612997,0.7619188791548346,False
UTILITY CREDIT FUNDO DE INVESTIMENTO EM DIREITOS CREDITÓRIOS,30144093000199,60619025.64,1411716.74,5203099.09,7432707.23,10215055.709999999,25,26589518.73,0.05309297826467279,0.19568233418717465,0.27953522985784407,False
MARFIM FUNDO DE INVESTIMENTO EM DIREITOS CREDITORIOS,30178001000191,6825995.54,1408652.12,2796640.5700000003,3738814.2,5583115.6899999995,24,6667298.38,0.2112777979496997,0.41945633907567825,0.5607689932125102,False
PRIMATO FUNDO DE INVESTIMENTO EM DIREITOS CREDITÓRIOS DO AGRONEGÓCIO DE RESPONSABILIDADE LIMITADA,55074368000196,53578061.88,1406905.5,5743738.54,10083118.12,16109240.159999998,25,47180622.14,0.02981956227336853,0.12173935568201051,0.21371312336832188,False
WBR FUNDO DE INVESTIMENTO EM DIREITOS CREDITÓRIOS,40733257000177,17120953.04,1406761.67,3687610.86,4952123.08,7191974.059999998,25,16612889.01,0.08467893026632578,0.22197288248782443,0.2980892171746352,False
CARMEL II - FUNDO DE INVESTIMENTO EM DIREITOS CREDITÓRIOS - RESPONSABILIDADE LIMITADA,43873012000133,38474318.36,1405456.3,1405456.3,1405456.3,1405456.3,1,8300464.58,0.16932260675943997,0.16932260675943997,0.16932260675943997,False
GCDC FUNDO DE INVESTIMENTO EM DIREITOS CREDITORIOS,48937046000168,1354150.47,1405000.0,1405000.0,1405000.0,1405000.0,1,1405000.0,1.0,1.0,1.0,False
DELTA FUNDO DE INVESTIMENTO EM DIREITOS CREDITÓRIOS MULTISEGMENTOS,09220444000107,22931209.52,1403707.27,4653090.76,6824434.07,11218704.11,25,20555464.63,0.06828876385267094,0.22636757882908531,0.3320009638721555,False
ACTUM LOG FUNDO DE INVESTIMENTO EM DIREITOS CREDITÓRIOS RESPONSABILIDADE LIMITADA,64530753000191,3461793.75,1402614.57,3751515.15,3754385.6599999997,3754385.6599999997,6,3744147.07,0.3746152444807677,1.0019678927836562,1.0027345587148637,False
MEDSYSTEMS B24 FIDC SEGMENTO RECEBIVEIS COMECIAIS DE RESPONSABILIDADE LIMITADA,52327272000102,32688422.29,1395549.24,6571153.600000001,11178139.16,21667370.369999997,24,31588842.97,0.04417854877829354,0.20802134494893154,0.3538635198071644,False
EXES CRÉDITO DIRETO - FUNDO DE INVESTIMENTO EM DIREITOS CREDITÓRIOS RESPONSABILIDADE LIMITADA,35448908000147,156572049.24,1373147.01,4010410.4400000004,6261156.440000001,9822342.349999998,24,74269688.09,0.01848865998112205,0.05399794375250621,0.08430298552503321,False
QCX FUNDO DE INVESTIMENTO EM DIREITOS CREDITÓRIOS,60809123000108,7384405.43,1368265.96,4640185.78,6775616.75,9327774.17,25,7320613.1,0.1869059245871087,0.6338520717615852,0.9255531821508229,True
CONDOCASH III FUNDO DE INVESTIMENTO EM DIREITOS CREDITÓRIOS,63241235000195,20770876.11,1364795.8,3473596.77,5423433.050000001,9658898.939999998,25,15262975.12,0.0894187266420703,0.22758320331979945,0.3553326273128329,False
VECTOR EDGE FUNDO DE INVESTIMENTO EM DIREITOS CREDITORIOS,41970123000132,5019201.08,1363294.08,4535960.31,7003087.09,11710369.999999998,25,3984071.96,0.34218610850593173,1.1385236902196916,1.757771235136024,True
FUNDO DE INVESTIMENTO EM DIREITOS CREDITÓRIOS VALYSSPI,41218800000160,2154565.89,1360776.98,2367033.8699999996,2367033.8699999996,2367033.8699999996,4,2367033.87,0.574886991372033,0.9999999999999998,0.9999999999999998,False
DIVICASH FUNDO DE INVESTIMENTO EM DIREITOS CREDITORIOS RESPONSABILIDADE LIMITADA,35178750000132,11170610.54,1360735.81,4510387.1,6324751.56,9000128.06,25,11816053.22,0.11515992562531806,0.38171689108218143,0.5352676940634158,False
CHIMERA ALTERNATIVE ASSETS VI FUNDO DE INVESTIMENTO EM DIREITOS CREDITÓRIOS,53908944000128,116530256.23,1359878.47,3290847.8200000003,3924787.9199999995,4912281.39,24,114996720.59,0.01182536739328768,0.02861688405648473,0.03412956386811343,False
D'ORO CAPITAL FUNDO DE INVESTIMENTO EM DIREITOS CREDITÓRIOS CRÉDITO CORPORATIVO - RESP LIMITADA,51731270000103,15468167.28,1353137.74,4460961.32,6982985.83,11508023.62,25,15293542.09,0.08847772033692425,0.29168921717074897,0.45659702565346,False
EXODO FUNDO DE INVESTIMENTO EM DIREITOS CREDITORIOS,61941406000163,14726685.44,1347731.52,3200287.29,4486054.17,6674311.710000002,25,14027054.27,0.09608086587947592,0.22815105926014215,0.31981441603134253,False
FIRMA PLUS FUNDO DE INVESTIMENTO EM DIREITOS CREDITÓRIOS,38315192000106,37420347.31,1346744.78,5914540.22,10178643.57,17743209.22,25,34182613.64,0.03939853149274866,0.17302773516062828,0.29777253656487807,False
ATENA FUNDO DE INVESTIMENTO EM DIREITOS CREDITÓRIOS RECUPERAÇÃO DE CRÉDITO,55135135000156,1310319.32,1339610.56,1339610.56,1339610.56,1339610.56,1,0.0,,,,False
COPOBRAS FUNDO DE INVESTIMENTO  EM DIREITOS CREDITÓRIOS DE RESPONSABILIDADE LIMITADA RECEBÍVEIS COME,57182898000183,30607830.61,1321427.78,3716818.58,5758753.680000001,9676850.290000001,24,28581038.62,0.04623442127380604,0.1300449094736222,0.20148860776424787,False
GUINNESS FUNDO DE INVESTIMENTO EM COTAS DE FUNDOS DE INVESTIMENTO EM DIREITOS CREDITÓRIOS,55132551000109,1313980.12,1310319.32,1310319.32,1310319.32,1310319.32,1,0.0,,,,False
APUAMA LIBRA FUNDO DE INVESTIMENTO EM DIREITOS CREDITÓRIOS - RESPONSABILIDADE LIMITADA,51646633000102,39873690.97,1308463.03,5136988.640000001,8815984.46,14815450.080000002,25,38568860.71,0.033925374146733515,0.13319005398228162,0.2285777774533595,False
MAX LABEL FIDC RESPONSABILIDADE LIMITADA,66733422000184,9971736.03,1307600.78,4655765.18,6354621.9399999995,8639562.54,24,8793382.38,0.14870282258781972,0.5294623819145232,0.7226595711853939,False
CANADA INVEST FUNDO DE INVESTIMENTO EM DIREITOS CREDITÓRIOS MULTISSETORIAL,17498332000140,7430586.25,1292739.37,3874355.2999999993,5372830.539999999,7692731.659999997,25,7118343.71,0.18160676453202623,0.5442776378664075,0.7547866131347567,True
OPENSEA FUNDO DE INVESTIMENTO EM DIREITOS CREDITÓRIOS,55411764000161,7602162.98,1287241.17,3560352.51,3841650.74,3841650.74,8,4392851.3,0.2930308999988231,0.8104878282586073,0.8745232828618625,False
LESTE CREDIT FUNDO DE INVESTIMENTO EM DIREITOS CREDITÓRIOS RESPONSABILIDADE LIMITADA,23381539000133,38369007.93,1268719.58,5108448.35,36061613.15,36061613.15,9,36194553.28,0.03505277631651433,0.14113859371273885,0.9963270680819961,False
TOP SETORIAL FUNDO DE INVESTIMENTO EM DIREITOS CREDITÓRIOS,55747288000154,5329761.68,1261924.16,2035096.8599999996,2225302.92,2225302.92,10,1931885.6099999999,0.6532085302918116,1.053425135249079,1.1518813062642979,True
BENFICA FUNDO DE INVESTIMENTO EM DIREITOS CREDITÓRIOS,11026623000150,33098605.04,1260226.42,4838511.21,7413638.58,11778194.92,25,27663246.14,0.04555598477568981,0.17490757178362004,0.2679959735195415,False
FLUXASSET FUNDO DE INVESTIMENTO EM DIREITOS CREDITÓRIOS MULTISSETORIAL,11261368000120,63484445.64,1242785.13,5054230.11,8948631.01,16804383.57,25,57838297.230000004,0.02148723578527797,0.08738552744561841,0.1547180923119994,False
PODIUM FUNDO DE INVESTIMENTO EM DIREITOS CREDITÓRIOS  RESPONSABILIDADE LIMITADA,56938161000185,55160027.48,1232160.0,2268221.5199999996,2720966.2899999996,3438973.5499999993,24,40916679.28,0.030113880737195543,0.055435132076045626,0.0665001739603537,False
LEPAPIE FUNDO DE INVESTIMENTO EM DIREITOS CREDITÓRIOS MULTISEGMENTOS,28267746000185,42424474.0,1228979.0,4343116.38,7156519.500000001,13411643.849999998,25,41370095.32,0.029706941463242438,0.10498202497252548,0.17298774500382275,False
TC FUNDO DE INVESTIMENTO EM DIREITOS CREDITÓRIOS - RESPONSABILIDADE LIMITADA,62772042000106,35375493.88,1228089.66,5206832.77,7959321.229999999,13442578.760000002,25,33722946.35,0.036417033294008125,0.15440029219155102,0.2360209320796787,False
KOB 1 FUNDO DE INVESTIMENTO EM DIREITOS CREDITÓRIOS - RESPONSABILIDADE LIMITADA,54214825000138,1074240.01,1217625.5,4955667.5,8008661.319999999,12847763.57,24,0.0,,,,False
DORA FUNDO DE INVESTIMENTO EM DIREITOS CREDITÓRIOS,62698155000109,1207724.66,1211000.0,1211000.0,1211000.0,1211000.0,1,1211000.0,1.0,1.0,1.0,False
TOKAY FUNDO DE INVESTIMENTO EM DIREITOS CREDITÓRIOS,41520310000114,2224438.56,1210601.5,1210601.5,1210601.5,1210601.5,1,1210601.5,1.0,1.0,1.0,False
INVESTHOR FUNDO DE INVESTIMENTO EM DIREITOS CREDITÓRIOS,22397286000123,29619368.94,1208960.02,2499654.5300000003,4021169.78,6085578.690000001,25,24399159.97,0.04954924765797173,0.1024483848244551,0.1648077140747563,False
MOBILE FUNDO DE INVESTIMENTO EM DIREITOS CREDITÓRIOS  RESPONSABILIDADE LIMITADA,58954874000168,41958488.54,1208177.26,4629788.39,7697096.070000001,13619183.03,24,41639935.18,0.029014868893943366,0.11118625353249169,0.1848488965395167,False
LAW FUNDO DE INVESTIMENTO EM DIREITOS CREDITÓRIOS MULTISSETORIAL,46610394000109,37095502.43,1205403.17,3523859.0999999996,5174410.42,8604040.879999999,25,36485679.2,0.033037706750433736,0.09658197893709485,0.1418203123377788,False
QANTIC IONIQ FUNDO DE INVESTIMENTO EM DIREITOS CREDITÓRIOS,39703077000163,994923.01,1200000.0,2828791.79,4041894.24,5166330.509999999,25,1267429.33,0.946798351273755,2.231912835723945,3.1890490020457394,True
BBA FINANCE FUNDO DE INVESTIMENTO EM DIREITOS CREDITÓRIOS,40698790000145,120466205.26,1196978.87,2777269.8200000003,3123102.9400000004,3127024.68,11,2234878.51,0.5355901292370475,1.2426938679543706,1.3974374562311223,True
ANDRADE CAPITAL FUNDO DE INVESTIMENTO EM DIREITOS CREDITÓRIOS DE RESPONSABILIDADE LIMITADA,63951472000140,10118164.95,1192135.39,3299346.36,5014974.97,7678662.490000001,21,7662596.39,0.15557851794931873,0.43057812157583836,0.654474634282545,False
CAPITAL HILL FUNDO DE INVESTIMENTO EM DIREITOS CREDITÓRIOS RESPONSABILIDADE LIMITADA,49950299000134,23231310.71,1187950.45,3694304.45,5210695.540000001,7347700.029999999,25,20614890.4,0.057625843598955055,0.17920563138186757,0.2527636790152424,False
BRAFIC FUNDO DE  INVESTIMENTO EM DIREITOS CREDITÓRIOS NÃO-PADRONIZADOS RESPONSABILIDADE LIMITADA,33498764000108,18211331.96,1186614.88,2712917.66,3093017.8200000003,3301490.16,22,18075327.27,0.06564832062374049,0.15008954579221848,0.1711182195374989,False
FUNDO DE INVESTIMENTO EM DIREITOS CREDITÓRIOS CREDITAS TEMPUS II - RESPONSABILIDADE LIMITADA,34218953000142,141183036.28,1183232.44,3071194.33,4543198.779999999,7811257.969999999,24,72156106.72,0.016398230084551324,0.04256319346493699,0.06296346888046178,False
AMB FUNDO DE INVESTIMENTOS EM DIREITOS CREDITÓRIOS NÃO PADRONIZADOS,32517659000106,23531649.23,1175235.18,3402795.0500000003,4845229.5200000005,7439929.3100000005,25,21043196.92,0.05584869943801295,0.16170523247662505,0.23025158859749909,False
USECORP CATÁLISE FUNDO DE INVESTIMENTO EM DIREITOS CREDITÓRIOS SEGMENTO COMERCIAL DE RESP LIMITADA,52997828000160,75701835.1,1165496.61,5173857.67,8321096.180000001,13649217.240000002,24,72757231.4,0.016018979661174958,0.0711112499808507,0.11436796068081283,False
LOYALTY FUNDO DE INVESTIMENTO EM DIREITOS CREDITÓRIOS,57998329000100,18990665.74,1161135.07,3234068.82,5177848.299999999,8789393.260000002,25,16848853.29,0.06891478310213241,0.19194593034526922,0.3073116140831445,False
SATYA FUNDO DE INVESTIMENTO EM DIREITOS CREDITÓRIOS DE RESPONSABILIDADE LIMITADA,59665305000165,3676342.22,1158742.8,2781514.7699999996,3351584.77,3395498.34,11,3395498.34,0.34125853820915136,0.8191771844600577,0.9870671207573025,False
ROBBIN PAGAMENTOS I FUNDO DE INVESTIMENTO EM DIREITOS CREDITÓRIOS - RESPONSABILIDADE LIMITADA,63615161000100,16826579.21,1157982.19,2262142.12,2993931.7900000005,4433393.829999999,24,11695914.76,0.09900740675370653,0.1934130135538026,0.2559809857916578,False
SGX FUNDO DE INVESTIMENTO EM DIREITOS CREDITÓRIOS RESPONSABILIDADE LIMITADA,62948578000121,4225718.68,1149318.06,1913682.58,1913682.58,1913682.58,4,1912341.64,0.6010003840108822,1.0007012031594942,1.0007012031594942,False
FUNDO DE INVESTIMENTO EM DIREITOS CREDITÓRIOS GYMCRED - RESPONSABILIDADE LIMITADA,53808205000164,4405179.79,1143173.42,3587530.5,5010405.35,5010405.35,10,4187749.87,0.2729803487523002,0.8566725834558977,1.1964433181392469,True
DINAMO CAPITAL FUNDO DE INVESTIMENTO EM DIREITOS CREDITÓRIOS,62730534000120,8598544.65,1137199.24,3121436.0,4221937.109999999,6493535.6099999985,25,8909453.86,0.1276396126933868,0.3503509922212,0.47387159486339153,False
LIFT SO II FUNDO DE INVESTIMENTO EM DIREITOS CREDITÓRIOS,57056989000172,82867581.11,1136463.18,2206502.58,2206502.58,2206502.58,2,10491178.99,0.10832559248900965,0.21031979171294266,0.21031979171294266,False
ABC FUNDO DE  INVESTIMENTO EM DIREITOS CREDITÓRIOS,42582289000144,17851031.66,1130148.79,2825571.84,4161933.4699999997,6637519.5600000005,25,13417054.95,0.08423225470951806,0.21059553311287588,0.3101972441426127,False
MEZZO FUNDO DE INVESTIMENTO EM DIREITOS CREDITÓRIOS,40770670000101,969334455.98,1123546.66,1123546.66,1123546.66,1123546.66,1,19718056.0,0.05698059991309488,0.05698059991309488,0.05698059991309488,False
SOLAR BELMONTE FUNDO DE INVESTIMENTO EM DIREITOS CREDITÓRIOS,58347004000120,25913093.79,1120990.94,3801321.4399999995,5710661.960000001,8521520.08,25,8740698.56,0.1282495823766287,0.43489904312636535,0.6533415974477903,False
LUPUS FUNDO DE INVESTIMENTO EM DIREITOS CREDITÓRIOS DE RESPONSABILIDADE LIMITADA,59682659000118,12667329.34,1120127.83,2674063.5599999996,3916313.4199999995,6547576.160000002,25,11537021.67,0.09708986097449188,0.23178109883883052,0.3394561899960442,False
BETTA FUNDO DE INVESTIMENTO EM DIREITOS CREDITÓRIOS,41579569000130,32036606.17,1101413.98,1831667.58,3132745.12,6086615.0,25,30730648.58,0.03584089600753881,0.05960393498470055,0.10194204368465042,False
CAPITALIZE EBF FUNDO DE INVESTIMENTO EM DIREITOS CREDITÓRIOS MULTISSETORIAL,43181523000194,10407196.06,1100563.77,4000394.8500000006,5561171.340000001,7952671.670000002,25,10389666.02,0.10592869567524367,0.38503594266642277,0.5352598754661414,False
2MONEY FUNDO DE INVESTIMENTO EM DIREITOS CREDITÓRIOS NÃO-PADRONIZADOS RESPONSABILIDADE LIMITADA,51199121000145,4236054.38,1091802.63,3016878.9800000004,3564246.9,3989640.35,23,3920207.28,0.2785063523477769,0.7695712916486397,0.9091985819688596,False
CASE FUNDO DE INVESTIMENTO EM DIREITOS CREDITÓRIOS,32316919000185,14434881.31,1090515.64,2294545.2899999996,3237160.5499999993,4917209.300000001,25,12696637.86,0.08589011138418025,0.18072070065326726,0.2549620289792214,False
ACTIVA FUNDO DE INVESTIMENTO EM DIREITOS CREDITORIOS MULTISSETORIAL NÃO PADRONIZADOS LP,13425492000109,22848025.05,1084406.86,3313509.9499999997,4645525.41,7611281.909999999,25,20209021.2,0.0536595438872616,0.16396192161943993,0.22987384515188694,False
CRESTONE I FUNDO DE INVESTIMENTO EM DIREITOS CREDITÓRIOS,30791451000155,17466184.45,1076664.26,1076664.26,1076664.26,1076664.26,1,1138649.06,0.9455628584982979,0.9455628584982979,0.9455628584982979,False
VIRTUS CAPITAL FUNDO DE INVESTIMENTO EM DIREITOS CREDITÓRIOS DE CLASSE ÚNICA ABERTA,60456726000165,18154533.9,1076644.7,5139305.54,9841113.54,15421391.650000002,25,16624180.43,0.06476377614724914,0.3091464004279939,0.5919758619944189,False
PROSPERITÀ FUNDO DE INVESTIMENTO EM DIREITOS CREDITÓRIOS,53033766000139,8907561.54,1067550.16,2550172.4699999997,3837919.119999999,6140465.05,25,8196490.82,0.13024478199805997,0.3111297902972579,0.4682392995103725,False
SC FUNDO DE INVESTIMENTO EM DIREITOS CREDITÓRIOS,45523882000108,44874512.97,1066516.35,3133496.9800000004,5309625.86,10144789.05,25,40558092.19,0.02629601868361452,0.0772594767357572,0.1309140931759394,False
REALINVEST FUNDO DE INVESTIMENTO EM DIREITOS CREDITÓRIOS,42449234000160,29697024.75,1065032.66,5037222.279999999,9190711.12,15131258.119999997,25,29155906.89,0.036528881232135116,0.17276849933032556,0.3152263846456535,False
MATURITY FUNDO DE INVESTIMENTO EM DIREITOS CREDITÓRIOS  MULTISSEGMENTOS,12377935000170,44074932.87,1062598.46,4102701.86,6784775.430000002,11520527.06,25,41369902.43,0.025685302540850104,0.09917117563769898,0.16400269353983105,False
FUNDO DE INVESTIMENTO EM DIREITOS CREDITÓRIOS SEMEAR EMPRESAS - RESPONSABILIDADE LIMITADA,60761188000112,2421741.53,1061794.3,1822326.09,1822326.09,1822326.09,2,1822326.09,0.5826587819965855,1.0,1.0,False
CASACRED FUNDO DE INVESTIMENTO EM DIREITOS CREDITÓRIOS,48327323000110,9497506.86,1059701.35,3516355.91,4662176.490000001,6513710.44,25,8944433.59,0.11847607110468804,0.393133435965284,0.5212377556486505,False
HARVEST FUNDO DE INVESTIMENTO EM DIREITOS CREDITÓRIOS NÃO PADRONIZADOS,32156057000170,24120332.31,1054009.55,2525753.44,2965671.4000000004,3444497.8800000004,25,3457347.19,0.304860776796906,0.7305466593882924,0.8577881355328969,False
IMPPAR FUNDO DE INVESTIMENTO EM DIREITOS CREDITÓRIOS,65536925000105,2990071.06,1046527.79,1046527.79,1046527.79,1046527.79,1,1046527.79,1.0,1.0,1.0,False
TRAPP FUNDO DE INVESTIMENTO EM DIREITOS CREDITÓRIOS INDUSTRIAIS DE RESPONSABILIDADE ILIMITADA,53358983000107,57464431.78,1044820.48,2508572.1500000004,3537868.9300000006,4906707.209999999,24,46659802.59,0.02239230391051682,0.0537630253613124,0.07582262962163125,False
M CASTRO CAPITAL FUNDO DE INVESTIMENTO EM DIREITOS CREDITÓRIOS - RESPONSABILIDADE LIMITADA,58601042000168,1888309.99,1030306.32,1543884.2899999998,1694934.2499999998,1713520.14,11,1713520.14,0.6012805428712381,0.9010015429407208,0.9891533868986214,False
XAMA! FUNDO DE INVESTIMENTO EM DIREITOS CREDITÓRIOS NÃO-PADRONIZADOS,47669160000191,2706569.05,1029899.71,2026431.8399999999,2561765.1799999997,3230307.789999999,25,2823920.27,0.3647056614668515,0.7175952740337105,0.9071662565034103,True
GRIFO FUNDO DE INVESTIMENTO EM DIREITOS CREDITÓRIOS PADRONIZADOS MULTISSETORIAL - RESP LIMITADA,26677268000156,11848634.95,1027956.31,4113331.0,5890373.99,7499969.15,25,6103971.29,0.16840778915262558,0.6738778419123266,0.965006830823413,True
AK INVESTIMENTOS FUNDO DE INVESTIMENTO EM DIREITOS CREDITÓRIOS,63491326000189,5860955.05,1025771.76,1025771.76,1025771.76,1025771.76,1,5870655.37,0.17472866236397727,0.17472866236397727,0.17472866236397727,False
VALENTE FUNDO DE INVESTIMENTO EM DIREITOS CREDITÓRIOS,52531368000180,11053707.58,1024951.38,2471907.4099999997,4036639.4699999997,7683849.71,25,11039123.48,0.09284717050741785,0.22392243500839973,0.3656666652305623,False
BELSINOS FUNDO DE INVESTIMENTO EM DIREITOS CREDITÓRIOS,31894563000102,13882516.72,1021575.12,3045908.24,4212517.7700000005,5702224.34,25,13086972.01,0.07806046495854009,0.2327435435540448,0.3218863589515693,False
CASAS BAHIA CDC FUNDO DE INVESTIMENTO EM DIREITOS CREDITÓRIOS LP RESPONSABILIDADE LIMITADA,59172572000109,1003572.06,1015646.77,1015646.77,1015646.77,1015646.77,1,1015646.76,1.000000009845943,1.000000009845943,1.000000009845943,False
SP RECEBÍVEIS PREMIUM I FUNDO DE INVESTIMENTO EM DIREITOS CREDITÓRIOS  MULTISSEGMENTOS,07738319000168,22537671.77,1000188.73,4963194.569999999,9346942.15,17321639.11,25,22769881.86,0.04392595166499472,0.21797190694778595,0.41049585621345863,False
BJ FUNDO DE INVESTIMENTO EM DIREITOS CREDITÓRIOS,56746022000150,-72305.93,1000000.0,1242500.0,1242500.0,1242500.0,3,23234.75,43.03898255845232,53.475935828877006,53.475935828877006,True
APTA INVEST FUNDO DE INVESTIMENTO EM DIREITOS CREDITÓRIOS,39794865000102,84259461.07,996222.03,3600296.7099999995,5090833.2299999995,7902618.83,25,80083552.58,0.012439783175263328,0.04495675571339645,0.0635690234260584,False
INOVA CREDTECH III FIDC SEGMENTO MULTICARTEIRA DE RESPONSABILIDADE LIMITADA,52340225000190,86060327.05,995342.65,4756377.99,8738977.84,17516979.01,25,73902324.35,0.013468353786628907,0.06436033009562575,0.11825037868379305,False
LA VIE PFO FUNDO DE INVESTIMENTO EM DIREITOS CREDITÓRIOS,61043596000100,5042091.79,992507.49,992507.49,992507.49,992507.49,1,1306283.86,0.7597946513707977,0.7597946513707977,0.7597946513707977,False
SAÚDE CAPITAL FUNDO DE INVESTIMENTO EM DIREITOS CREDITÓRIOS  RESPONSABILIDADE LIMITADA,60358670000106,10431841.67,988755.59,4458887.4,5763916.7700000005,7164511.840000001,25,9164211.67,0.10789314188767532,0.4865543879346035,0.6289593668890017,False
AS4 FUNDO DE INVESTIMENTO EM DIREITOS CREDITÓRIOS CRÉDITO PRIVADO,27500753000112,3279179.66,987968.94,987968.94,987968.94,987968.94,1,0.0,,,,False
IS SOL AGORA GREEN II ESG FIDC SEGMENTO FINANCEIRO DE RESPONSABILIDADE LIMITADA,53164652000128,705498309.71,983548.69,2531989.6399999997,4081027.829999999,7359788.68,24,665509321.63,0.0014778886756853253,0.0038045892938036075,0.006132187329855176,False
FUNDO DE INVESTIMENTO EM DIREITOS CREDITÓRIOS MULTISETORIAL SM LP,09239216000189,15484146.61,980931.43,3420895.21,5383616.91,8487256.99,25,12720442.98,0.07711456523505442,0.26892893709586835,0.42322558408260713,False
CASH FUNDO DE INVESTIMENTO EM DIREITOS CREDITORIOS,60306067000180,2920413.18,975345.54,2351654.24,2758221.91,2971967.8299999996,25,2885702.62,0.33799239507222684,0.8149329815558057,0.955823337749196,False
OPINVEST FUNDO DE INVESTIMENTO EM DIREITOS CREDITÓRIOS,55790118000152,17157073.12,974423.77,3398642.9,4767827.079999999,7384832.69,25,15747423.18,0.06187829963428976,0.21582216094354048,0.3027687149511149,False
XP C1 FUNDO DE INVESTIMENTO EM DIREITOS CREDITÓRIOS NÃO-PADRONIZADOS,48053945000106,2976770.37,970998.67,970998.67,970998.67,970998.67,1,970998.67,1.0,1.0,1.0,False
SIMPLEX FUNDO DE INVESTIMENTO EM DIREITOS CREDITÓRIOS,49261110000104,7095852.85,970759.5,3040916.82,4739309.300000001,6134902.25,25,5864675.5,0.16552654959340887,0.5185140797645155,0.8081110881582452,False
CHEHOHA FUNDO DE INVESTIMENTO EM DIREITOS CREDITÓRIOS MULTISEGMENTOS,23077070000143,3269681.96,955085.92,2406114.89,3116202.4300000006,4053033.9200000004,25,1862428.5,0.5128174960810576,1.2919233624270678,1.673193054122615,True
LB FUNDO DE INVESTIMENTO EM DIREITOS CREDITORIOS,42627753000171,11613731.97,952719.53,2989476.25,4242860.91,4242860.91,9,8488783.06,0.11223275742424262,0.352167822981213,0.49981968911336505,False
ITAÚ MULTIEMPRESAS II FUNDO DE INVESTIMENTO EM DIREITOS CREDITÓRIOS RESPONSABILIDADE LIMITADA,63694302000127,43732241.39,952681.24,3345338.52,6005434.880000001,11825699.64,25,35609806.43,0.026753339473291823,0.09394430510528333,0.1686455356561735,False
HEALTH MERCANTIL FUNDO DE INVESTIMENTO EM DIREITOS CREDITÓRIOS,51294885000110,14375707.56,946363.55,3734150.0100000002,5827152.2700000005,9264082.819999998,24,13954368.36,0.06781844405890401,0.2675972078180112,0.41758624393945704,False
SOLUS FUNDO DE INVESTIMENTO EM DIREITOS CREDITÓRIOS - RESPONSABILIDADE LIMITADA,54974598000149,29258126.75,944505.73,4276128.84,7220194.260000001,12233251.000000002,25,28555489.49,0.0330761526721775,0.1497480490221497,0.25284785478912836,False
FATURE FUNDO DE INVESTIMENTO EM DIREITOS CREDITÓRIOS MULTISSETORIAL,43122353000177,11759416.63,943023.28,4150265.7600000002,7169129.829999999,13051438.120000001,24,13211188.030000001,0.07138065689918123,0.314147807946989,0.5426559529483889,False
BLACK RIVER FUNDO DE INVESTIMENTO EM DIREITOS CREDITÓRIOS,65324403000131,6232361.86,938167.45,3185762.29,4413603.68,5722177.1899999995,25,6235108.109999999,0.15046530604583214,0.5109393828938759,0.7078632161840736,False
TAMBASA FUNDO DE INVESTIMENTO EM DIREITOS CREDITÓRIOS,50327909000127,907215866.55,926117.25,2119417.88,3361870.7199999997,6375487.569999999,25,847869012.22,0.0010922881207500678,0.0024996996581472725,0.003965082661999306,False
MS SAÚDE I FUNDO DE INVESTIMENTO EM DIREITOS CREDITÓRIOS,63983416000197,2326423.68,921257.45,921257.45,921257.45,921257.45,1,0.0,,,,False
SIMOCRED FUNDO DE INVESTIMENTO EM DIREITOS CREDITÓRIOS MULTISSEGMENTOS,30659303000181,24892907.6,920194.97,2911870.8099999996,4565543.84,7654881.01,25,19684393.78,0.046747437603841716,0.14792788858748382,0.23193723367994926,False
FAMA FUNDO DE INVESTIMENTO EM DIREITOS CREDITÓRIOS,47425776000117,17965994.2,917694.49,3184150.37,4726577.130000001,7153472.640000001,25,12654198.3,0.07252095061604968,0.25162798104720707,0.37351849701928574,False
ACTUAL FUNDO DE INVESTIMENTO EM DIREITOS CREDITÓRIOS MULTISSETORIAL,51388032000147,6136929.29,915447.78,3283626.12,4776928.54,6123549.71,25,4181581.12,0.21892383615889294,0.7852594570735004,1.1423737583739617,True
FUNDO DE INVESTIMENTO EM DIREITOS CREDITÓRIOS BIZCAPITAL FINPASS PME RESPONSABILIDADE LIMITADA,42432319000136,1500027.16,910828.79,4291083.73,8201303.430000002,18251206.16,24,115692.09,7.8728700466903145,37.09055415975285,70.88905931252519,True
BIOMA INVESTIMENTOS FIAGRO EM DIREITOS CREDITÓRIOS,44613189000163,5137409.39,904992.34,1645192.4,1645192.4,1645192.4,5,1535888.94,0.5892303254687152,1.0711662524244754,1.0711662524244754,True
AV SP FUNDO DE INVESTIMENTO EM DIREITOS CREDITÓRIOS MULTISSETORIAL  RESPONSABILIDADE LIMITADA,65889435000184,6405430.42,902476.53,2610624.97,3668510.34,4843164.84,25,6137884.949999999,0.1470337970411127,0.42532973349394576,0.5976831383911815,False
GERAR  CAPITAL FUNDO DE INVESTIMENTO EM DIREITOS CREDITÓRIOS DE  CLASSE ÚNICA ABERTA,50013376000109,10313907.05,900392.16,2928860.47,4215228.74,6244699.300000001,24,9617350.75,0.09362164107407646,0.30453921730992295,0.43829416744522914,False
ASTREIA FUNDO DE INVESTIMENTO EM DIREITOS CREDITÓRIOS,59503278000124,1141428.69,900000.0,900000.0,900000.0,900000.0,1,900000.0,1.0,1.0,1.0,False
GPR FUNDO DE INVESTIMENTO EM DIREITOS CREDITORIOS,35982683000104,33082431.38,882223.24,3844845.91,5983442.56,10156217.34,25,28783701.16,0.030650097258027535,0.13357718969592025,0.20787606592841654,False
PETRUS MULTICREDITO FUNDO DE INVESTIMENTO EM DIREITOS CREDITORIOS,61384065000172,29037882.4,879776.35,4190957.1699999995,6379313.880000001,10007167.64,25,25743932.92,0.034174123772538166,0.16279397491531372,0.2477987298919671,False
HR DIGITAL FUNDO DE INVESTIMENTO EM DIREITOS CREDITÓRIOS,59905357000161,23221532.09,873217.51,3442851.1100000003,5636756.410000001,9715027.139999997,25,17632822.97,0.04952227510510758,0.1952524060303658,0.3196740771225472,False
SOL AGORA GREEN ESG FIDC IS SEGMENTO FINANCEIRO DE RESPONSABILIDADE LIMITADA,47640584000123,285125290.74,861075.41,2806772.4499999997,4918971.78,9527899.81,24,251645634.5,0.0034217776585351413,0.011153670341139971,0.01954721682247184,False
VETORIAL I FUNDO DE INVESTIMENTO EM DIREITOS CREDITÓRIOS  RESPONSABILIDADE LIMITADA,61690192000108,25961803.64,855446.61,1396653.9800000002,1396653.9800000002,1396653.9800000002,4,1328926.32,0.6437125949917223,1.0509641949148845,1.0509641949148845,True
FLIP FUNDO DE INVESTIMENTO EM DIREITOS CREDITÓRIOS MULTISEGMENTOS - RESPONSABILIDADE LIMITADA,60354694000197,106249850.38,854882.66,3153616.7600000002,4789221.02,8107657.63,25,87691237.18,0.009748780921464473,0.03596273540452745,0.05461459062516558,False
LIWE FUNDO DE INVESTIMENTO EM DIREITOS CREDITÓRIOS MULTISEGMENTO RESPONSABILIDADE LIMITADA,57363296000122,48872799.83,854630.3,3577401.4799999995,6252114.790000001,12041161.280000003,25,46220610.1,0.018490242732646232,0.07739840457017245,0.13526681661002135,False
SF3 QUATÁ FUNDO DE INVESTIMENTO EM DIREITOS  CREDITÓRIOS,55768218000182,23469366.86,853474.53,1641492.6100000003,2091970.62,2930351.17,24,22832706.82,0.03737947220749187,0.0718921599151861,0.0916216652056149,False
ASHER FUNDO DE INVESTIMENTO EM DIREITOS CREDITÓRIOS,60866189000121,16814391.64,852648.34,3166583.42,5090485.96,8422717.63,25,14504774.4,0.05878397805346079,0.2183131796934394,0.35095243949468113,False
TECNOMYL FUNDO DE INVESTIMENTO EM DIREITOS CREDITÓRIOS RESPONSABILIDADE LIMITADA,39616091000120,221888273.29,850768.63,19004004.869999997,34663697.01,66594789.95,24,151327457.27,0.005622037436881331,0.1255820008664578,0.2290641608294037,False
U.NIC FUNDO DE INVESTIMENTO EM DIREITOS CREDITÓRIOS,36359698000183,7010781.48,848976.07,3408712.0100000002,6145682.630000001,12665259.030000001,25,4559982.98,0.18617965762670452,0.7475273537095526,1.3477424492492296,True
MEDSYSTEMS B24 II FIDC SEGMENTO RECEBÍVEIS COMERCIAIS DE RESPONSABILIDADE LIMITADA,58376702000154,68648249.14,845146.65,3903218.61,6408728.720000001,12689381.229999999,24,29457071.75,0.028690789674299517,0.13250531631678564,0.21756163594230987,False
BBG I FUNDO DE INVESTIMENTO EM DIREITOS CREDITÓRIOS,49325599000122,18342370.25,844819.7,2947117.71,4514693.8,7352498.099999999,25,17241379.67,0.04899954157786955,0.17093282361434128,0.26185223493776233,False
MBM FUNDO DE INVESTIMENTO EM  DIREITOS CREDITÓRIOS NÃO-PADRONIZADOS,20209230000172,3449326.68,835000.0,922252.25,999173.8900000001,1133302.15,24,2370413.27,0.3522592497130258,0.3890681265043711,0.4215188560769406,False
MEDAL FUNDO DE INVESTIMENTO EM DIREITOS CREDITÓRIOS INDUSTRIAIS DE RESPONSABILIDADE ILIMITADA,52258509000132,23593228.94,826761.19,2265613.55,3704432.79,5793008.67,24,19020127.64,0.04346769935766845,0.11911663227934047,0.19476382388777702,False
TITANO FUNDO DE INVESTIMENTO EM DIREITOS CREDITÓRIOS,62527939000166,12117937.4,826620.63,2784555.3,4753832.84,9102995.79,25,12067609.26,0.06849912125842232,0.23074622653136848,0.3939332752310212,False
FUNDO DE INVESTIMENTO EM DIREITOS CREDITÓRIOS EMPÍRICA A55 SAAS,28849649000109,1106525.84,824785.88,3354654.8,6365624.9399999995,14081197.92,24,728536.32,1.1321136055371956,4.604650046822648,8.737553317863412,True
SIMONETTI FUNDO DE INVESTIMENTO EM DIREITOS CREDITÓRIOS,42556229000157,62139208.34,823490.2,880389.9500000001,944130.4700000001,1111625.1,25,60910985.43,0.013519567844561793,0.014453713788816634,0.01550016738909949,False
ALPHA PRO FUNDO DE INVESTIMENTO EM DIREITOS CREDITÓRIOS,64126192000160,2877948.06,820578.23,1333821.29,1651461.0999999999,1844995.17,21,1811406.6400000001,0.4530060848181499,0.7363455894144232,0.9117009198994654,False
XC CAPITAL FUNDO DE INVESTIMENTO EM DIREITOS CREDITÓRIOS,61690116000194,3301726.87,816230.81,1025868.36,1156598.09,1385821.2700000003,25,2518643.07,0.3240756182256504,0.4073099409040123,0.45921476678313145,False
AXEL CAPITAL FUNDO DE INVESTIMENTO EM DIREITOS CREDITÓRIOS,63995636000130,3130122.04,815532.18,1627892.6,1741367.4100000001,1741367.4100000001,7,1741367.41,0.46832861078983906,0.9348358023996787,1.0000000000000002,False
ORIZ JUS CPS FUNDO DE INVESTIMENTO EM DIREITOS CREDITÓRIOS - RESPONSABILIDADE LIMITADA,61543748000125,7606357.3,815308.7,1763332.92,2500435.6499999994,4163790.840000001,25,8812099.36,0.09252150556777199,0.20010361299421392,0.2837502787757944,False
FAMA FUNDO DE INVESTIMENTO EM DIREITOS CREDITÓRIOS MULTISEGMENTOS,19503125000162,17301592.61,810125.13,2890609.6999999997,4609790.93,6851794.0,25,11655407.83,0.06950637350627996,0.24800588209018506,0.3955066178066117,False
GHIA PRECATÓRIOS I FUNDO DE INVESTIMENTO EM DIREITOS CREDITÓRIOS,60707702000131,10450722.15,792942.12,3065847.6900000004,5280823.8,8941564.479999997,25,7537661.23,0.10519736769862764,0.40673726192388193,0.7005918200438944,True
LIBER FUNDO DE INVESTIMENTO EM DIREITOS CREDITÓRIOS NÃO PADRONIZADO,32969493000169,10286538.34,791820.0,1216834.78,1409601.37,1542449.2900000003,25,305438.47,2.5924042901341147,3.9838949559955568,4.615009268478853,True
DD FUNDO DE INVESTIMENTO EM DIREITOS CREDITÓRIOS DE RESPONSABILIDADE LIMITADA,28152179000111,200583516.01,786398.55,2333164.73,2333164.73,2333164.73,4,2333164.73,0.3370523049180501,1.0,1.0,False
RAMAPI FUNDO DE  INVESTIMENTO EM DIREITOS CREDITÓRIOS,51919474000172,5941391.16,785004.52,2269021.64,3039764.48,4098443.4499999993,25,5394123.3100000005,0.14552958374991246,0.42064697256614997,0.5635326271397381,False
NACIONAL CRED FUNDO DE INVESTIMENTO EM DIREITOS CREDITÓRIOS,47859927000145,42282420.61,781862.36,2880398.14,4835369.45,8685587.539999997,25,38783778.83,0.0201595198711069,0.07426811483805072,0.1246750470395048,False
VIA MOBIL FUNDO DE INVESTIMENTO EM DIREITOS CREDITÓRIOS,65014891000180,1989062.71,778836.65,2118700.37,2230249.1900000004,2260431.9800000004,15,2053953.51,0.37918903529612996,1.0315230406553848,1.0858323614150354,True
SOLFÁCIL IV FUNDO DE INVESTIMENTO EM DIREITOS CREDITÓRIOS,44909456000144,19990406.16,776100.4,2954407.63,5274032.08,10976187.61,24,17147745.58,0.04525961715370867,0.172291314693042,0.30756416669438363,False
BTG PACTUAL APOLO FUNDO DE INVESTIMENTO EM DIREITOS CREDITÓRIOS RESPONSABILIDADE LIMITADA,60570464000165,455169983.74,771798.57,892856.48,1018329.6,1323054.12,25,163362364.31,0.004724457639064394,0.005465496803815204,0.0062335630627112825,False
DIVALLORE FUNDO DE INVESTIMENTO EM DIREITOS CREDITÓRIOS,23520837000167,13735378.02,762995.01,2267910.21,3323147.21,5470919.059999999,25,10463078.89,0.07292260892051823,0.21675361849441238,0.31760701079832915,False
SAV NEXOOS FUNDO DE INVESTIMENTO EM DIREITOS CREDITÓRIOS,38284301000167,706512.32,757728.65,1409191.21,1568794.8699999999,2212181.9,25,103411.35,7.327325772267744,13.627045870690209,15.170432162427042,True
CONQUEST BRAZIL FUNDO DE INVESTIMENTO EM DIREITOS CREDITORIOS MULTISSETORIAL,27771613000189,19667306.53,754043.79,2824072.63,4255137.569999999,6547215.720000002,25,9909422.63,0.07609361495161096,0.2849886149219573,0.42940317805377515,False
INVESTCON FUNDO DE INVESTIMENTO EM DIREITOS CREDITORIOS,22406927000169,13155541.92,752286.22,2210308.18,3425997.75,5352966.329999999,25,12326520.08,0.061029894497198596,0.17931323403969177,0.27793714103940353,False
USECORP F3 PILOTAGE FUNDO DE INVESTIMENTO EM DIREITOS CREDITÓRIOS RESPONSABILIDADE LIMITADA,63429748000124,11094060.48,750252.69,2545368.13,3550859.0199999996,5605760.649999999,24,10572461.45,0.07096291564156046,0.24075454349374809,0.33585925442177894,False
DEFFENDER FUNDO DE INVESTIMENTO EM DIREITOS CREDITÓRIOS  RESPONSABILIDADE LIMITADA,55610024000154,4915024.8,749637.07,2767241.37,3776323.99,4515153.79,25,4756847.5,0.15759115044154767,0.5817385085395317,0.7938711489069179,False
EXPOENTE MERCANTIL FUNDO DE INVESTIMENTO EM DIREITOS CREDITÓRIOS,60686437000152,6593115.16,746781.71,1799098.43,2523629.8899999997,3902923.0,25,9090691.82,0.08214795141960933,0.19790555720323602,0.2776059226260295,False
ÍMPAR SEGURALTA FUNDO DE INVESTIMENTO EM DIREITOS CREDITÓRIOS COMISSÕES DE SERVIÇOS,63884884000104,1029065.32,745689.3,745689.3,745689.3,745689.3,1,738232.37,1.0101010607269905,1.0101010607269905,1.0101010607269905,False
CF PRIME FUNDO DE INVESTIMENTO EM DIREITOS CREDITÓRIOS,50908218000117,826537.97,742777.96,742777.96,742777.96,742777.96,1,742777.96,1.0,1.0,1.0,False
NEO 8 FUNDO DE INVESTIMENTO EM DIREITOS CREDITÓRIOS MULTISSETORIAL,55694842000182,14262058.3,740777.09,3108630.52,4526265.53,6710782.0200000005,25,11033050.440000001,0.06714163902616943,0.2817562139233725,0.4102460651852145,False
CAPITAL ANNEX FUNDO DE INVESTIMENTO EM DIREITOS CREDITÓRIOS MULTISSETORIAL,12093804000161,160343792.94,737594.73,3267906.3900000006,5758667.400000001,10789269.419999998,25,108425206.87,0.006802797534750048,0.030139729352033105,0.05311188759736051,False
AGRO REAL FUNDO DE INVESTIMENTO EM DIREITOS CREDITÓRIOS FIAGRO,55726318000146,7802220.57,726405.07,2259772.2,3186993.6799999997,4653146.86,24,5811043.31,0.12500424299883595,0.3888754702810846,0.5484374336903711,False
FARMERS FIRST I FUNDO DE INVESTIMENTO EM DIREITOS CREDITÓRIOS,45829761000199,9199901.9,712881.86,3869106.2600000002,10170896.72,16161651.03,15,7187452.51,0.09918421847075272,0.5383139929782994,1.415090632717099,True
DSX FUNDO DE INVESTIMENTO EM DIREITOS CREDITÓRIOS,31368600000130,19586785.23,711881.62,2859498.2300000004,4137734.4600000004,7094118.16,25,14808226.52,0.048073388061597534,0.19310200489828816,0.2794213374850509,False
FIDC RECUPERADOS QUESTÕES GLOBAIS DE INVERNO RESPONSABILIDADE LIMITADA,50918500000185,1946903.75,709300.23,2527296.14,4184066.85,4637788.7299999995,17,1731696.64,0.4095984328987322,1.4594335298820007,2.416166176773318,True
AXXIS FUNDO DE INVESTIMENTO EM DIREITOS CREDITÓRIOS,60079965000143,1485386.35,706811.5,2332183.7500000005,2339146.6500000004,2339146.6500000004,6,1479319.93,0.4777948878171337,1.576524254628274,1.5812310796083173,True
MARILIA FUNDO DE INVESTIMENTO EM DIREITOS CREDITORIOS,35581308000152,12761683.25,704474.53,2412207.6799999997,3263937.19,5038839.53,25,12065123.68,0.058389333477599295,0.19993227951725395,0.2705266250532129,False
FRONTEIRA HIGH YIELD FUNDO DE INVESTIMENTO EM DIREITOS CREDITÓRIOS DE RESPONSABILIDADE LIMITADA,41282794000100,1005697.18,703577.4,778437.8300000001,778437.8300000001,778437.8300000001,2,778437.8300000001,0.9038324871749873,1.0,1.0,False
TIVIO ALT 90 FUNDO DE INVESTIMENTO EM DIREITOS CREDITÓRIOS RESPONSABILIDADE LIMITADA,61020441000140,20567962.87,702918.27,1255050.01,1255050.01,1255050.01,2,1255050.01,0.5600719209587512,1.0,1.0,False
VISION FIDC - CRÉDITOS EM RECUPERAÇÃO JUDICIAL - RESP LIMITADA,61220673000141,3286219.51,695072.71,2011320.5999999999,2618002.02,2735773.0,15,2735773.0,0.25406812261104994,0.735192795601097,0.9569514795269929,False
PROJEÇÃO FUNDO DE INVESTIMENTO EM DIREITOS CREDITÓRIOS MULTISSETORIAL LP,26648789000185,19597628.38,694966.46,2640378.18,3605621.29,5237310.9799999995,25,14895602.69,0.046655813427848615,0.17725890217067813,0.24205944298048407,False
FUNDO DE INVESTIMENTO EM DIREITOS CREDITÓRIOS BIZCAPITAL EMPÍRICA PME RESPONSABILIDADE LIMITADA,31368812000118,762311.37,694505.88,3203924.14,6070573.1000000015,13081442.470000003,24,516009.02,1.3459181004239034,6.209046772089372,11.764470900140468,True
CONSIGNADO DELTA RECEIVABLES I FUNDO DE INVESTIMENTO EM DIREITOS CREDITÓRIOS,54871427000194,2008347381.44,682117.31,2860127.9,5338264.43,11597012.5,25,1979009727.34,0.000344676077422236,0.0014452318553503608,0.002697442239041036,False
VÉRTICE FUNDO DE INVESTIMENTO EM DIREITOS CREDITORIOS,65570364000152,2104281.34,676031.86,1407142.9199999997,1464023.8099999996,1464023.8099999996,6,1416611.7799999998,0.4772174490882746,0.9933158398555741,1.0334686119862704,False
FUNDO DE INVESTIMENTO EM DIREITOS CREDITÓRIOS OPEN PME I SEGMENTO FINANCEIRO DE RESP LIMITADA,52306146000163,24337486.66,675569.41,2615187.9699999997,4705345.5600000005,9552572.870000001,24,20584579.05,0.03281919967170764,0.12704597765383985,0.22858595012172475,False
QUATÁ NX FUNDO DE INVESTIMENTO EM DIREITOS CREDITÓRIOS - RESPONSABILIDADE LIMITADA,37654045000190,10320525.96,673993.98,673993.98,673993.98,673993.98,1,8361951.11,0.08060247795445434,0.08060247795445434,0.08060247795445434,False
ALZ FUNDO DE INVESTIMENTO EM DIREITOS CREDITÓRIOS,59986514000100,1010647.15,673337.0,1311073.1,1311073.1,1311073.1,3,646272.13,1.0418784421355134,2.028670337370111,2.028670337370111,True
HCAM PRECATÓRIOS FUNDO DE INVESTIMENTO EM DIREITOS CREDITÓRIOS,59987689000132,5382662.55,667764.77,2909346.22,4883972.010000001,6819104.61,19,5016559.25,0.13311210666952653,0.5799485414230879,0.9735700839175777,True
TARISUL FUNDO DE INVESTIMENTO EM DIREITOS CREDITÓRIOS MULTISSETORIAL,26199799000180,1130585.18,660176.19,982814.2199999999,1167008.8599999999,1481946.4599999995,25,990968.96,0.6661926020366975,0.9917709430575907,1.1776442119841977,True
DIAMOND CAPITAL FUNDO DE INVESTIMENTO EM DIREITOS  CREDITÓRIOS - RESPONSABILIDADE LIMITADA,64987557000140,2373031.64,647625.5,1490052.4400000002,1981406.85,2531399.1599999997,25,2845690.81,0.22758111939785897,0.5236171247993032,0.6962832515174058,False
CHIMERA ALTERNATIVE ASSETS VI.2 FUNDO DE INVESTIMENTO EM DIREITOS CREDITÓRIOS RESPONSABILIDADE LTDA,61085925000177,174907296.76,645129.15,2614981.2700000005,4042695.9700000007,7058076.699999998,24,168634462.13,0.003825606829419429,0.015506802328364627,0.023973130515181965,False
LUPI DUPLICATAS E RECEBÍVEIS FUNDO DE INVESTIMENTO EM DIREITOS CREDITÓRIOS,62435419000123,7344142.21,641741.73,2472893.2299999995,3897885.76,5907968.94,25,7130436.64,0.09000034112917943,0.34680810655096145,0.546654567847054,False
ESMERALDA FUNDO DE INVESTIMENTO EM DIREITOS CREDITÓRIOS NÃO-PADRONIZADOS,61279682000108,5186703.79,637553.57,2003204.9499999997,3169728.25,4746839.78,25,4880688.93,0.13062778209059106,0.41043487481592067,0.6494427929050582,False
FUNDO DE INVESTIMENTO EM DIREITOS CREDITÓRIOS FINANCIAMENTO DE VEÍCULOS PESADOS - RESPONSABILIDADE L,53560257000164,43316737.77,623410.99,2466439.01,4331163.15,9317545.36,25,41448212.73,0.015040720671383219,0.05950652265917378,0.1044957759267899,False
AG ANTECIPA I FUNDO DE INVESTIMENTO EM DIREITOS CREDITÓRIOS RESPONSABILIDADE LIMITADA,61009520000150,14754441.5,620244.89,2237246.62,3725247.83,5857832.01,25,12732613.69,0.04871308476806541,0.1757099268437791,0.29257526543240314,False
GRUPO JC FUNDO DE INVESTIMENTO EM DIREITOS CREDITÓRIOS,54072485000158,5670534.81,605735.94,1684590.2899999998,2403302.78,3399978.5099999993,25,3578845.04,0.1692545872285099,0.4707078041020742,0.6715302711178576,False
MS CAPITAL FUNDO DE INVESTIMENTO EM DIREITOS CREDITÓRIOS,60617627000118,1438048.88,604192.68,1075699.7200000002,1075699.7200000002,1075699.7200000002,5,1075699.22,0.5616743684168517,1.000000464813947,1.000000464813947,False
FUNDO DE INVESTIMENTO  EM DIREITOS CREDITÓRIOS GARANTIDO TÊXTIL,50115649000126,47060025.29,603151.95,2157456.7399999998,3462651.8600000003,6083125.28,24,33256270.74,0.018136487843615625,0.06487368222574194,0.10412026913875191,False
NICE 2TM FUNDO DE INVESTIMENTO EM DIREITOS CREDITÓRIOS,45383797000191,4516734.69,601717.67,1249999.99,1715524.18,2268362.32,24,4896962.59,0.12287569262398634,0.25526026940712243,0.3503241342915793,False
G3 FUNDO DE INVESTIMENTO EM DIREITOS CREDITÓRIOS,48069210000162,6272838.5,601054.4,1177135.87,1369100.14,1693551.6900000002,25,6033355.08,0.09962191716387427,0.19510468957845592,0.22692185721646602,False
PRIMER CAPITAL FUNDO DE INVESTIMENTO EM DIREITOS CREDITÓRIOS RESPONSABILIDADE LIMITADA,55512068000141,22734005.34,588269.16,2572288.2600000002,4630552.67,7942300.55,25,19952596.86,0.029483338140276545,0.1289199735778153,0.2320776940711466,False
BANSULCRED FUNDO DE INVESTIMENTO EM DIREITOS CREDITÓRIOS,34027522000107,35455940.05,586572.28,2650021.8899999997,4570220.76,9153317.47,25,23850754.46,0.024593447598638355,0.11110851417485934,0.1916174504108328,False
PRIMO CAPITAL I FUNDO DE INVESTIMENTO EM DIREITOS CREDITÓRIOS DE RESPONSABILIDADE LIMITADA,46420562000195,1696466.62,584239.08,836516.2999999999,836516.2999999999,836516.2999999999,4,836516.3,0.6984192418007873,0.9999999999999999,0.9999999999999999,False
ESQUADRO FUNDO DE INVESTIMENTO EM DIREITOS CREDITÓRIOS,56975898000178,5943946.91,583558.34,2114055.57,3217897.1000000006,4957747.659999998,25,5416603.75,0.10773509876922416,0.39029171554223435,0.5940802112393768,False
PNEUCASH II FUNDO DE INVESTIMENTO EM DIREITOS CREDITÓRIOS DE  CLASSE ÚNICA FECHADA RESP LIMITADA,65836995000170,154321628.99,574448.79,2513088.15,4358448.91,7359628.049999998,24,146439499.18,0.003922772156533402,0.017161272498692245,0.029762795792156436,False
FS TATUÍ FUNDO DE INVESTIMENTO EM DIREITOS CREDITÓRIOS,47846982000109,23236990.94,573737.54,2405447.68,4167362.58,7859332.389999999,25,18749228.22,0.03060059503611931,0.12829582379471405,0.22226848652653503,False
PRIMEIRA LINHA FUNDO DE INVESTIMENTO EM DIREITOS CREDITORIOS MULTISSETORIAL,27944815000185,8538562.0,567778.77,2141239.51,3030317.0600000005,4539413.88,25,7456983.350000001,0.07614054415181173,0.2871455398918116,0.40637304896221876,False
FINTRUST FUNDO DE INVESTIMENTO EM DIREITOS CREDITÓRIOS,54776530000155,16999152.59,565700.5,2457326.21,4092032.6399999997,6807623.690000001,25,13213408.6,0.04281260930657968,0.18597216542595982,0.30968789082932013,False
BRASFOR CONSOLIDADOR FUNDO DE INVESTIMENTO EM DIREITOS CREDITÓRIOS MULTISEGMENTOS,17031327000123,99474402.73,564978.81,1392953.1800000002,2007798.7,2834851.88,25,185.13,3051.795008912656,7524.189380435371,10845.344892778048,True
BOS FUNDO DE INVESTIMENTO EM DIREITOS CREDITÓRIOS,59677032000179,10744563.49,555979.13,1954692.9000000001,3347907.8699999996,6186947.17,25,10213335.76,0.05443658595632031,0.19138633507530944,0.3277976900663451,False
SMARTCRED FUNDO DE INVESTIMENTO EM DIREITOS CREDITÓRIOS,34027549000191,10397082.63,554903.41,1752083.96,2807402.5,4569989.02,25,9325648.17,0.05950293211629922,0.18787798210491571,0.30104100528167366,False
FIGURATI FUNDO DE INVESTIMENTO EM DIREITOS CREDITÓRIOS NÃO-PADRONIZADOS,47669241000191,2244400.32,554807.86,1328698.59,1960817.4200000002,2615339.710000001,24,2691344.7,0.20614522547037545,0.4936932047388802,0.7285642080704118,False
FUNDO DE INVESTIMENTO EM DIREITOS CREDITÓRIOS F ACB - FINANCEIRO,14330038000137,2479930.87,554728.55,2522794.07,4815926.49,10459785.170000002,24,0.0,,,,False
CONTATO II FUNDO DE INVESTIMENTO EM DIREITOS CREDITÓRIOS MULTISSETORIAL - RESP LIMITADA,54229058000130,10109054.42,544862.57,1404085.5099999998,2049803.4999999998,3002849.73,25,9041180.07,0.060264541329946096,0.15529892106219267,0.22671857922635089,False
CERUS  FUNDO DE INVESTIMENTO EM DIREITOS CREDITÓRIOS,47117653000119,96216186.1,541936.98,1722146.3699999999,2465840.35,3882880.7800000003,25,98807506.11,0.005484775411664319,0.01742930712250521,0.02495600230264733,False
FUNDO DE INVESTIMENTO EM DIREITOS CREDITÓRIOS DE RESPONSABILIDADE LIMITADA ABERTO UR,56973069000156,758577.21,535293.2,728708.5799999998,731227.1999999998,731227.1999999998,8,731227.2,0.7320477137611948,0.9965556259395163,0.9999999999999999,False
FUNDO DE INVESTIMENTO EM DIREITOS CREDITÓRIOS TATUHY,59283314000191,12175366.91,534106.89,1860726.88,2968385.11,5067740.7,25,9877322.1,0.054074058190326714,0.18838374016374337,0.30052529217408025,False
ALIANZA FUNDO DE INVESTIMENTO EM DIREITOS CREDITÓRIOS,63119756000174,371383.02,533405.88,533405.88,533405.88,533405.88,1,533405.88,1.0,1.0,1.0,False
COOPERA FUNDO DE INVESTIMENTO EM DIREITOS CREDITÓRIOS - RESPONSABILIDADE LIMITADA,42627599000138,87750554.43,532958.38,1620532.1600000001,2458138.1100000003,4536189.410000001,25,81444514.21,0.00654382170695742,0.019897376461986763,0.030181751758772024,False
BOREAL II CONSIGNADO FUNDO DE INVESTIMENTO EM DIREITOS CREDITÓRIOS - RESPONSABILIDADE LIMITADA,57341862000103,11998812.01,523814.21,732286.5400000002,919246.2200000001,1288129.2500000002,25,11694324.31,0.04479217405934931,0.06261896973165097,0.07860618498615933,False
FEDERAL FUNDO DE INVESTIMENTO EM DIREITOS CREDITÓRIOS RESPONSABILIDADE LIMITADA,63803585000106,941157.44,521416.53,1099292.75,1133459.75,1133459.75,6,1127841.94,0.4623134780747735,0.9746868874197036,1.0049810259760334,False
PLENO INVEST FUNDO DE INVESTIMENTO EM DIREITOS CREDITÓRIOS,20636504000100,33049147.43,514468.91,2147137.19,3592259.3299999996,6624896.160000002,25,29570223.4,0.017398208428821,0.07261146326003069,0.12148231960939462,False
MAPLE CAPITAL FUNDO DE INVESTIMENTO EM DIREITOS CREDITORIOS,64685957000100,468846.0,509972.84,509972.84,509972.84,509972.84,1,509972.83,1.0000000196088878,1.0000000196088878,1.0000000196088878,False
WH INVEST FUNDO DE INVESTIMENTO EM DIREITOS CREDITÓRIOS RESPONSABILIDADE LIMITADA,55665127000111,999811.11,507277.95,1487234.5999999999,1606426.88,1669602.9199999997,24,802479.01,0.6321385901420649,1.8533003124904162,2.0018304030157745,True
BARAC FUNDO DE INVESTIMENTO EM DIREITOS CREDITÓRIOS,62540865000106,3888411.96,502108.63,1319058.49,1959907.8900000001,2845900.690000001,25,3613206.53,0.138964829668898,0.3650658989592826,0.5424289682106824,False
BOLSA DE CRÉDITOS FUNDO DE INVESTIMENTO EM DIREITOS CREDITÓRIOS,50692376000182,4287699.89,496046.35,1731584.4799999997,2645688.8499999996,3818029.87,25,4117982.85,0.12045857597488537,0.420493368494723,0.6424720418638945,False
VALORTEC FUNDO DE INVESTIMENTOS EM DIREITOS CREDITÓRIOS,21605486000161,11408433.14,494282.01,1117216.38,1761957.3499999999,3126076.74,25,9467944.32,0.05220584250330699,0.11799988912482323,0.18609713898275226,False
GRANCRED SP FUNDO DE INVESTIMENTO EM DIREITOS CREDITÓRIOS MULTISSETORIAL,10772734000142,12163636.59,493674.18,2198381.96,3568231.57,5877891.520000001,25,9946134.89,0.04963477626835201,0.22102876990038486,0.35875559797480283,False
FUNDO DE INVESTIMENTO EM DIREITOS CREDITÓRIOS STELLANTIS MOBILITY II - RESPONSABILIDADE LIMITADA,63322011000108,731257888.0,490553.07,2123029.95,3853839.0100000002,8400453.16,25,720315606.45,0.000681025186192535,0.002947360755465414,0.005350208957700142,False
AUGME VD  FUNDO DE INVESTIMENTO EM DIREITOS CREDITÓRIOS,39611075000144,8202690.61,489392.48,1755764.67,2572087.7199999997,2947277.55,16,6253285.11,0.078261661093524,0.28077476704080745,0.4113178393044675,False
FIDC SANTANDER AUTO LOANS I SEGMENTO FINANCEIRO - RESPONSABILIDADE LIMITADA,63662224000189,2430490971.94,485147.64,2166619.17,4197384.01,9463150.579999998,24,2367073934.46,0.00020495669059474335,0.0009153153767012648,0.001773237391910003,False
AURIN INVEST FUNDO DE INVESTIMENTO EM DIREITOS CREDITÓRIOS NÃO-PADRONIZADOS - RESP. LIMITADA,57585602000175,2255222.63,483960.07,1484920.84,1964493.8300000003,2105868.0700000003,18,2105868.07,0.22981499975922046,0.7051347903290068,0.9328665256793606,False
"INTI ENERGIAS DO BRASIL FUNDO DE INVESTIMENTO EM DIREITOS CREDITÓRIOS,",59201781000125,-120041.95,482833.57,482833.57,482833.57,482833.57,1,271968.5,1.7753290178825858,1.7753290178825858,1.7753290178825858,True
CAMBUI FINANÇAS FUNDO DE INVESTIMENTO EM DIREITOS CREDITÓRIOS MULTISSETORIAL LP,12956543000166,5348811.08,479561.66,1583427.8599999999,2198032.19,3351771.2500000005,25,4347050.42,0.11031886306025408,0.3642533918435664,0.5056376111690004,False
FUNDO DE INVESTIMENTO EM DIREITOS CREDITÓRIOS GENIAL MULTI CONSIGNADOS II  RESPONSABILIDADE LIMITADA,61289833000109,45852308.1,474532.6,1009841.5899999999,1508126.77,2582187.2099999995,24,44761259.59,0.010601413015330205,0.02256061601594442,0.03369267942443976,False
HOMMA CASH FUNDO DE INVESTIMENTO  EM DIREITOS CREDITÓRIOS - RESPONSABILIDADE LIMITADA,62135468000140,992926.02,469360.99,566746.64,566746.64,566746.64,3,566713.91,0.8282150512239941,1.0000577540085438,1.0000577540085438,False
ONZE I FUNDO DE INVESTIMENTO EM DIREITOS CREDITÓRIOS - RESPONSABILIDADE LIMITADA,57533260000140,23813746.82,459368.01,1860726.9499999997,3183626.11,5728556.93,25,23336354.19,0.0196846519494826,0.07973511778448027,0.13642345689817453,False
FIDÚCIA FUNDO DE INVESTIMENTO EM DIREITOS CREDITÓRIOS - NÃO PADRONIZADOS,45899588000103,853901.15,458388.28,934096.84,988161.8,990402.24,12,529078.17,0.8663904617346053,1.7655176360801277,1.8677047287738218,True
GUARDIAN GDF FUNDO DE INVESTIMENTO EM DIREITOS CREDITÓRIOS RESPONSABILIDADE LIMITADA,51767969000123,546311018.04,455610.27,1783577.43,2905800.83,5553041.82,24,549188275.11,0.0008296066952790339,0.0032476611589035784,0.005291083152527211,False
PREMIER RP FUNDO DE INVESTIMENTO EM DIREITOS CREDITÓRIOS,32511268000184,12735618.64,450923.32,1651764.1300000001,2573246.5199999996,4060899.4799999995,25,11224462.39,0.04017326659686905,0.14715752724794867,0.22925343153116481,False
JUGIS I PRIVATE CLAIMS FUNDO DE INVESTIMENTO EM DIREITOS CREDITÓRIOS,47984230000104,5067094.88,450000.0,2959431.3,4461780.87,4461780.87,7,4461780.87,0.10085658913141558,0.6632847704150024,1.0,False
UNION CAPITAL FUNDO DE INVESTIMENTO EM DIREITOS CREDITÓRIOS,59871316000100,2390485.59,448706.68,1638910.99,2336835.12,2469762.12,15,2469538.13,0.1816965992746182,0.663650813927704,0.9462640368302393,False
IS GREEN SOLFÁCIL VI FUNDO DE INVESTIMENTO EM DIREITOS CREDITÓRIOS RESPONSABILIDADE LIMITADA,57028406000108,437421807.29,446560.28,1746535.6199999996,3013530.13,6069206.850000001,25,399266497.48,0.0011184516677920592,0.00437436056123764,0.007547665904903411,False
BLACK I FUNDO DE INVESTIMENTO EM DIREITOS CREDITORIOS,44302089000116,6508511.68,444713.01,1038943.19,1120200.11,1157132.5,21,5525994.97,0.08047654990898409,0.1880101584674443,0.2027146452505729,False
INNOV FUNDO DE  INVESTIMENTO EM DIREITOS CREDITÓRIOS,46285178000127,5884756.71,440892.77,1225609.8399999999,2016573.29,3134014.28,25,5699920.82,0.07735068326791249,0.21502225709865208,0.35378970229274165,False
UNIQUE CAPITAL FUNDO DE INVESTIMENTO EM DIREITOS CREDITÓRIOS,60696087000105,17209146.59,440613.71,1796467.3399999999,2765500.01,4803136.380000001,25,17134377.23,0.025715186731651057,0.10484579135182258,0.16140067262894034,False
LIVEN FUNDO DE INVESTIMENTO EM DIREITOS CREDITÓRIOS,60974918000163,5863651.3,431994.26,826290.8700000001,1129273.6,1662965.2700000003,23,5269930.630000001,0.08197342438262796,0.15679350033493705,0.21428623624975496,False
FARTURA  FUNDO DE INVESTIMENTO EM DIREITOS CREDITÓRIOS NÃO PADRONIZADO  RESPONSABILIDADE LIMITADA,66228782000129,5705455.73,431860.99,1076804.4100000001,1274410.31,1389388.7099999997,19,1387229.4,0.3113118781940464,0.7762266356234955,0.918673083197343,False
LORD FUNDO DE INVESTIMENTO EM DIREITOS CREDITÓRIOS,51869304000120,7900397.08,430675.16,1726799.86,2580507.27,4030955.6399999997,25,7088010.55,0.06076107773287668,0.2436226424634766,0.36406651087730113,False
G VALUE FUNDO DE INVESTIMENTO EM DIREITOS CREDITÓRIOS NÃO PADRONIZADO,40211675000102,514234913.95,430321.68,430321.68,430321.68,430321.68,1,2986.27,144.10005793180122,144.10005793180122,144.10005793180122,True
FINZA FUNDO DE INVESTIMENTO EM DIREITOS CREDITÓRIOS,61664240000185,15342166.84,428070.55,1039691.8999999999,1578412.2099999997,2800359.8499999996,25,14966792.99,0.028601354364025316,0.06946657849110799,0.10546095018850125,False
TVP FUNDO DE INVESTIMENTO EM DIREITOS CREDITÓRIOS,58284749000198,14442968.03,426036.45,810584.41,810584.41,810584.41,2,810584.41,0.5255917147481285,1.0,1.0,False
PACUÍBA II FUNDO DE INVESTIMENTO EM DIREITOS CREDITÓRIOS,61529519000156,-64596.22,420058.81,420058.81,420058.81,420058.81,1,420058.81,1.0,1.0,1.0,False
NOVA FUNDO DE INVESTIMENTO EM DIREITOS CREDITÓRIOS  SERVIÇOS RESPONSABILIDADE LIMITADA,57506211000118,147092432.49,414240.05,1549295.49,2578857.4999999995,4905819.4,24,137669660.45,0.003008942192825754,0.011253717666883373,0.018732213703226284,False
BYX CONSIGNADO MULTICONVENIOS  FUNDO DE INVESTIMENTO EM DIREITOS CREDITÓRIOS RESP LIMITADA,52174102000127,202162483.94,413991.71,1894079.81,3562176.8899999997,7328524.389999999,24,201703119.43,0.0020524804533014356,0.009390433897862102,0.017660494790891094,False
SOL AGORA GREEN III ESG FIDC IS SEGMENTO FINANCEIRO RESPONSABILIDADE LIMITADA,58510255000184,700445756.69,406484.96,1518676.3399999999,2672596.96,5152911.420000001,24,673738839.47,0.0006033271887958298,0.0022541024073878153,0.003966814444158231,False
ALPS BANK FUNDO DE INVESTIMENTO EM DIREITOS CREDITÓRIOS MULTISSETORIAL,51410150000104,14018237.57,404328.46,1746297.27,3086285.56,5821312.16,25,13621233.72,0.029683688593223845,0.12820404567582735,0.22657900330044406,False
AGRICORE FUNDO DE INVESTIMENTO EM DIREITOS CREDITÓRIOS RESPONSABILIDADE LIMITADA,61805739000165,1146273.64,389645.02,1130121.4400000002,1130121.4400000002,1130121.4400000002,5,1130121.44,0.34478154843252956,1.0000000000000002,1.0000000000000002,False
OPTACRED FUNDO DE INVESTIMENTO EM DIREITOS CREDITÓRIOS,31881619000186,22692180.6,387228.84,1572621.6400000001,2449690.86,4053635.5899999994,25,17971803.27,0.021546465548417947,0.08750494407120228,0.13630746025854978,False
CONDOCONTA FUNDO DE INVESTIMENTO EM DIREITOS CREDITÓRIOS,44395545000110,42888201.2,384426.42,1176742.52,1634771.56,2384064.3,25,55921429.02,0.006874402652738218,0.02104278343064417,0.02923336525279661,False
ANTALLI FUNDO DE INVESTIMENTO EM DIREITOS CREDITÓRIOS,61443209000114,24659119.42,383407.58,1564622.02,2648765.5700000003,5304458.82,25,24766038.060000002,0.01548118350909132,0.063176113038728,0.10695152626281638,False
BAY FUNDO DE INVESTIMENTO EM DIREITOS CREDITÓRIOS,60252007000122,10781743.25,380030.0,1612913.15,2552382.3599999994,3950904.9499999993,25,9481118.37,0.04008282411097036,0.17011844880067667,0.2692068868242597,False
INVESTOR FUNDO DE INVESTIMENTO EM DIREITOS CREDITÓRIOS,22003571000112,8643789.7,379403.75,1552328.61,2058444.12,3004549.81,25,6557598.09,0.05785712158519919,0.23672213342370302,0.3139021470588479,False
VERSATIL FUNDO DE INVESTIMENTO EM DIREITOS CREDITÓRIOS,24506265000124,12730729.49,379123.92,1649596.37,2597588.8899999997,4329427.29,25,10526312.58,0.03601678338151725,0.15671170293139824,0.2467710197904839,False
CM FEDERAL II FUNDO DE INVESTIMENTO EM DIREITOS CREDITÓRIOS - RESPONSABILIDADE LIMITADA,53337522000140,8042936.76,378543.19,1556368.27,2682881.4299999997,4990314.450000001,25,7894011.69,0.04795320869356351,0.19715809034987633,0.3398628650878017,False
GUARDIAN MULTI CONSIGNADO VII FUNDO DE INVESTIMENTO EM DIREITOS CREDITÓRIOS RESP LIMITADA,54065359000176,35762907.34,378227.45,1551125.05,2702889.41,5169205.159999999,24,35674801.76,0.010602089747954357,0.04347957027021753,0.07576466516011833,False
ABF VISION FUNDO DE INVESTIMENTO EM DIREITOS CREDITÓRIOS NÃO-PADRONIZADOS,50356663000111,1028485.15,373226.2,738091.06,738091.06,738091.06,5,317560.4,1.175292007441734,2.3242540946541195,2.3242540946541195,True
FUNDO DE INVESTIMENTO EM DIREITOS CREDITÓRIOS ANGÁ MULTI CONSIGNADOS I RESPONSABILIDADE LIMITADA,29720593000142,968651152.41,371732.68,1486424.85,2834428.0,6205372.169999998,24,699749350.82,0.0005312369058497671,0.0021242246931106627,0.004050633268438878,False
FINANCIAMENTO DE VEÍCULOS RECEIVABLES I FUNDO DE INVESTIMENTO EM DIREITOS CREDITÓRIOS,40365962000169,4196287.61,371541.85,1210712.89,2059412.24,4243503.57,25,1983895.94,0.18727890032377403,0.6102703602488344,1.0380646476850999,True
VERTIGO FUNDO DE INVESTIMENTO EM DIREITOS CREDITÓRIOS MULTISEGMENTOS,09221411000181,59618554.37,370854.27,1779077.44,3296437.46,6974767.650000001,25,52586066.87,0.007052329487139681,0.03383172665105615,0.06268651862002243,False
IS GREEN SOLFÁCIL II FUNDO DE INVESTIMENTO EM DIREITOS CREDITÓRIOS DE RESPONSABILIDADE LIMITADA,42462306000100,96077249.15,361211.86,1575827.9100000001,2900580.4400000004,5828950.000000001,24,107125885.7,0.0033718447939982818,0.01471005723502737,0.027076373007761282,False
QI QUATÁ FUNDO DE INVESTIMENTO EM DIREITOS CREDITÓRIOS,43619145000188,20659497.49,357411.55,1270797.57,1925018.6900000004,2306125.1100000003,21,1730785.26,0.20650253862226675,0.734231796034593,1.1122227202235362,True
FUNDO DE INVESTIMENTO EM DIREITOS CREDITÓRIOS IS GREEN SOLFÁCIL V DE RESPONSABILIDADE LIMITADA,47240785000133,69778675.64,356507.02,1626756.19,2711533.3,5006352.370000001,24,68819614.52,0.005180311201778002,0.023637973001537818,0.03940058831936625,False
AV BANCO FUNDO DE INVESTIMENTO EM DIREITOS CREDITÓRIOS,51313788000127,5403488.86,351825.43,1272493.7900000003,2082915.4600000002,3384842.769999999,25,5814850.77,0.060504636131874456,0.2188351585160285,0.35820617628679063,False
CREDX FUNDO DE INVESTIMENTO EM DIREITOS CREDITÓRIOS,48313744000192,70370368.63,348842.31,549017.16,549017.16,549017.16,3,54901714.84,0.006353941967325259,0.01000000021128666,0.01000000021128666,False
NEXA FORTIS FUNDO DE INVESTIMENTO EM DIREITOS CREDITÓRIOS,63396234000110,125248171.14,348796.1,1088246.1700000002,1810913.7800000003,3726521.0799999996,25,124833759.79,0.0027940847138366877,0.008717563036078449,0.014506602885680819,False
FCC I - FUNDO DE INVESTIMENTO EM DIREITOS CREDITÓRIOS,32274365000109,28606083.66,348152.15,1217047.8,1987033.9500000002,3783845.8199999994,24,24945124.85,0.013956721086525249,0.04878900415685833,0.07965620384537783,False
FINANCIA GROUP FUNDO DE INVESTIMENTO EM DIREITOS CREDITÓRIOS,51137439000100,7809993.72,346492.81,1156377.43,1793455.7000000002,2803954.0100000002,25,7238265.09,0.04786959384489744,0.15975892228616898,0.24777424945070645,False
MAGALU I FUNDO DE INVESTIMENTOS EM DIREITOS CREDITÓRIOS - RESPONSABILIDADE LIMITADA,35688153000158,46577039.45,345612.7,1588464.4500000002,2904326.3200000003,6217346.320000001,24,17915440.21,0.01929133171994773,0.08866455031974903,0.1621130313269595,False
FUNDO DE INVESTIMENTO EM DIREITOS CREDITÓRIOS IS GREEN SOLFÁCIL I DE RESPONSABILIDADE LIMITADA,36771685000117,89925922.71,344892.59,995828.4299999999,1590850.4,2860456.6,24,83625893.41,0.004124232052255213,0.011908135021262669,0.01902341888534928,False
VANGUARD II FUNDO DE INVESTIMENTO EM DIREITOS CREDITÓRIOS,51861911000144,5829594.92,344545.31,1392224.92,2406132.19,4416647.329999999,25,5652593.36,0.06095349303527469,0.2462984388461299,0.42566872172810954,False
AID BANK FUNDO DE INVESTIMENTO EM DIREITOS CREDITÓRIOS MULTISSETORIAL,51253601000147,7996909.22,340039.31,1377097.7899999998,2307599.08,3570944.3499999996,25,5164665.300000001,0.06583956369834845,0.2666383415010455,0.4468051550213718,False
BNVT CRÉDITO CORPORATIVO - FUNDO DE INVESTIMENTO EM DIREITOS CREDITÓRIOS RESPONSABILIDADE LIMITADA,59556339000111,6276981.31,338142.36,338142.36,338142.36,338142.36,1,339346.21,0.9964524430669197,0.9964524430669197,0.9964524430669197,False
ALCANCE FUNDO DE INVESTIMENTO EM DIREITOS CREDITÓRIOS,38001854000165,9285335.65,337981.34,1480990.8199999998,2444641.4699999997,4167438.6599999997,25,7918866.93,0.04268051767855632,0.1870205463851632,0.30871101782739513,False
GIRO CRÉDITO FUNDO DE INVESTIMENTO EM DIREITOS CREDITÓRIOS,62682937000141,11266088.1,337168.79,1334063.68,2215552.66,4434202.4399999995,25,0.0,,,,False
NED CAPITAL FUNDO DE INVESTIMENTO EM DIREITOS CREDITÓRIOS RESPONSABILIDADE LIMITADA,65942396000131,2362343.46,336608.44,1206652.83,1441657.5900000003,1710862.7900000005,25,2320751.21,0.14504288031805013,0.5199406230192163,0.6212029896991846,False
BLIPS FUNDO DE INVESTIMENTO EM DIREITOS CREDITÓRIOS - RESPONSABILIDADE LIMITADA,58482694000120,77002193.99,333523.53,1018225.76,1722746.13,3502745.5299999993,25,71869551.81,0.004640679141588764,0.014167693193521808,0.023970458791149653,False
ESTÍMULO BRASIL FUNDO DE INVESTIMENTO EM DIREITOS CREDITORIOS IS DE RESPONSABILIDADE LIMITADA,42336359000184,71355393.96,327308.54,1463201.51,2570780.27,5474375.970000001,25,53560402.71,0.006111017158929796,0.027318717484676656,0.04799777708766223,False
LUPUS II FUNDO DE INVESTIMENTO EM DIREITOS CREDITÓRIOS DE RESPONSABILIDADE LIMITADA,62900843000100,33215783.77,325434.37,872645.79,1462563.1,2725979.49,25,33107320.37,0.009829680154208143,0.0263580918131551,0.044176426350871115,False
LOGFIN FUNDO DE INVESTIMENTO EM DIREITOS CREDITÓRIOS,46268912000140,26746320.39,321770.35,1396274.83,2454126.4800000004,4550368.31,25,26677048.58,0.012061692245866878,0.052339929052226515,0.09199392776305394,False
FORTE OESTE FUNDO DE INVESTIMENTO EM DIREITOS CREDITÓRIOS,60931216000100,3940075.24,317933.87,1044772.5900000001,1776583.58,2747669.05,25,3655145.7,0.08698254354128755,0.2858360995021348,0.4860500034239401,False
JUNTOS PELO RS FUNDO DE INVESTIMENTO EM DIREITOS CREDITÓRIOS,55913770000117,1686009.74,314594.99,1164993.73,1968063.5599999998,3152821.53,23,1219378.7,0.2579961336047612,0.9553994423553569,1.6139887960975536,True
INVESTCAMP FUNDO DE INVESTIMENTO EM DIREITOS CREDITÓRIOS,25695170000169,6775675.58,314351.22,1030525.1399999999,1662418.28,2663388.3100000005,25,3409375.1599999997,0.09220200337237161,0.30226217169952047,0.48760203907862115,False
TIVIO VÉRTICE HY 90 FUNDO DE INVESTIMENTO EM DIREITOS CREDITÓRIOS - RESPONSABILIDADE LIMITADA,58902072000104,8911165.47,311366.76,311366.76,311366.76,311366.76,1,311366.76,1.0,1.0,1.0,False
THUNDER FUNDO DE INVESTIMENTO EM DIREITOS CREDITÓRIOS,35865981000114,1535274.99,304867.4,1306491.0699999998,1306491.0699999998,1306491.0699999998,4,1306491.07,0.2333482463068041,0.9999999999999998,0.9999999999999998,False
FFP FUNDO DE INVESTIMENTO EM DIREITOS CREDITÓRIOS MULTISSEGMENTOS,65867787000139,24820376.79,304546.37,891673.33,1507393.9,2733628.1999999997,25,25330003.29,0.012023147668529181,0.03520225875185822,0.05951021335220679,False
FUNDO DE INVESTIMENTO EM DIREITOS CREDITÓRIOS CREDITAS TEMPUS IV,63812734000195,15513936.11,302603.27,977215.61,1614714.37,3260959.35,25,9469451.81,0.03195573260961555,0.10319664005977976,0.17051825199583545,False
PLGN PFN FUNDO DE INVESTIMENTO EM DIREITOS CREDITÓRIOS,57547806000111,50713260.01,295416.39,580421.71,580421.71,580421.71,2,580421.71,0.5089685394435023,1.0,1.0,False
DIGITAL SAT FUNDO DE INVESTIMENTO EM DIREITOS CREDITÓRIOS,64669281000152,12510940.26,293026.16,816038.7,1331037.7699999998,2278550.5000000005,25,12535885.41,0.023374987120275532,0.0650962156489591,0.1061782017358118,False
SOFISA  CONSIGNADO FUNDO DE INVESTIMENTO EM DIREITOS CREDITÓRIOS - RESPONSABILIDADE LIMITADA,46157224000102,206166722.5,287930.93,1357808.1400000001,2449881.67,5453028.26,25,199024784.95,0.0014467089115174044,0.006822306781243932,0.012309430057243732,False
COHAB MINAS FUNDO DE INVESTIMENTO EM DIREITOS CREDITÓRIOS IMOBILIÁRIOS DE RESPONSABILIDADE LIMITADA,53765941000182,11597177.36,287715.13,1360118.1500000001,2532860.5599999996,4978280.74,25,13877358.03,0.02073270210208737,0.09800987674020545,0.18251749032665116,False
VETOR FUNDO DE INVESTIMENTO EM DIREITOS CREDITÓRIOS DE RESPONSABILIDADE LIMITADA,61641786000110,19701717.95,286574.37,1126180.93,1742662.6900000002,2927431.05,24,7247276.46,0.03954235381825078,0.1553936759851438,0.24045759805332445,False
ARCESP CONSIGNADO FUNDO DE INVESTIMENTO EM DIREITOS CREDITÓRIOS,42404659000153,310040634.1,284947.71,1386569.54,2709358.5799999996,6287675.24,24,303069272.16,0.0009402065341997685,0.004575091133844758,0.008939733680983804,False
MACRO FUNDO DE INVESTIMENTO EM DIREITOS CREDITORIOS,60776251000194,4212954.04,281564.79,865955.24,1470631.07,1973173.2300000002,25,2768565.01,0.10170062432451243,0.3127812555862649,0.5311889244746325,False
CORAL FIDC MULTISETORIAL,11351413000137,-24467457.04,281176.55,38281176.55,38281176.55,38281176.55,2,0.0,,,,False
ITAPEVA XII MULTICARTEIRA FUNDO DE INVESTIMENTO EM DIREITOS CREDITÓRIOS RESPONSABILIDADE LIMITADA,30366229000105,16872781.38,278683.78,710482.78,852815.37,1071125.7,22,28146386.82,0.009901227528144943,0.02524241511152514,0.030299284076989032,False
PURUNÃ FUNDO DE INVESTIMENTO EM DIREITOS CREDITÓRIOS DE RESPONSABILIDADE LIMITADA,62682407000101,3030225.4,278153.43,790216.15,1232715.9300000002,2092087.8600000006,25,2974989.58,0.0934972787366872,0.2656198042885246,0.41435974710203866,False
TRUST FORT FUNDO DE INVESTIMENTO EM DIREITOS CREDITÓRIOS,63249135000105,3519013.58,278071.41,1204654.43,1956473.6600000001,3150449.4799999995,25,3534248.01,0.07867908794550046,0.3408516964829528,0.553575655829541,False
GP AUDAX FUNDO DE INVESTIMENTO EM DIREITOS CREDITÓRIOS,54902792000119,6722914.8,276903.87,612393.69,855576.83,1422728.8600000003,25,5993762.98,0.0461986686700781,0.1021718229505298,0.1427445217394966,False
ATICCA DIGITAL FUNDO DE INVESTIMENTO EM DIREITOS CREDITÓRIOS,47425860000130,6196105.42,276749.19,974846.28,1415493.3400000003,2327948.08,25,5686774.67,0.048665404567541974,0.1714234054573504,0.24890969348008304,False
VOX FUNDO DE INVESTIMENTO EM DIREITOS CREDITÓRIOS - RESPONSABILIDADE LIMITADA,58829200000131,132188157.49,274890.54,872518.01,1148275.8900000001,1648413.93,25,113625345.28,0.002419271328263989,0.007678903046234158,0.010105807706637757,False
WIND CUPERTINO FUNDO DE INVESTIMENTO EM DIREITOS CREDITÓRIOS - RESPONSABILIDADE LIMITADA,61622111000124,12340136.56,274590.39,1296221.17,2196561.96,3357659.03,25,8904956.9,0.030835678721813916,0.1455617567334885,0.2466673319889959,False
SYNTHÉO FUNDO DE INVESTIMENTO EM DIREITOS CREDITÓRIOS,59891249000187,9510489.76,273175.77,876649.78,1343995.75,2258019.85,25,9133946.76,0.02990774713033252,0.09597710639600882,0.1471429367078991,False
NORD FUNDO DE INVESTIMENTO EM DIREITOS CREDITÓRIOS  RESPONSABILIDADE LIMITADA,57041896000174,1973731.58,271803.05,942551.3099999999,1298756.5199999998,1561521.9099999997,25,1571240.91,0.1729862354462245,0.5998770169496159,0.8265801327690735,False
ITAPEVA XI MULTICARTEIRA FUNDO DE INVESTIMENTO EM DIREITOS CREDITÓRIOS RESPONSABILIDADE LIMITADA,30366204000101,524085545.41,269000.0,800600.0,1165000.0,1805300.0,22,389025113.2,0.0006914720692124202,0.002057964827551909,0.0029946652811615967,False
FROGPAY FUNDO DE INVESTIMENTO EM DIREITOS CREDITÓRIOS,64454678000127,453191.57,268850.63,365634.65,365634.65,365634.65,4,365634.65,0.7352985555389786,1.0,1.0,False
FUNDO DE INVESTIMENTO EM DIREITOS CREDITÓRIOS BRZ CAPITAL CONSIG I RESPONSABILIDADE LIMITADA,33512746000133,97994599.11,268443.53,1245426.47,2188927.48,4392946.46,24,97657772.17,0.0027488189013026103,0.012752968272018281,0.0224142680235381,False
SOMMA COASTAL FUNDO DE INVESTIMENTO EM DIREITOS CREDITÓRIOS DE PRECATÓRIOS,66376024000158,1966305.56,265907.85,265907.85,265907.85,265907.85,1,265907.85,1.0,1.0,1.0,False
FUNDO DE INVESTIMENTO EM DIREITOS CREDITÓRIOS QUASAR CB,43023990000196,9715915.59,263114.21,1226890.6800000002,2376872.9799999995,5577203.000000001,25,9471148.66,0.027780601851518188,0.12953979755186318,0.2509593150024529,False
SQUID UNO FUNDO DE INVESTIMENTO EM DIREITOS CREDITÓRIOS RESPONSABILIDADE LIMITADA,53125179000170,1429307.47,262397.07,859049.05,1120683.04,1292264.2299999997,16,1208788.99,0.21707433817708746,0.7106691549200825,0.9271122166657061,True
ALLEGHE FUNDO DE INVESTIMENTO EM DIREITOS CREDITÓRIOS MULTISSEGMENTOS,62860514000174,6072891.44,258004.98,1052554.57,1818849.1799999997,3314575.9200000004,25,6094011.26,0.042337463616698344,0.17271949871651535,0.29846501793303215,False
AUTO LOANS FUNDO DE INVESTIMENTO EM DIREITOS CREDITÓRIOS RESPONSABILIDADE LIMITADA,40794358000158,1371816.47,256022.09,975462.34,1703590.82,3334070.229999999,24,1061443.06,0.24120190677020395,0.918996389688581,1.604976172720937,True
FUNDO DE INVESTIMENTO  EM DIREITOS CREDITÓRIOS CRÉDITO CONSIGNADO PRIVADO PAKETÁ DE  RESPONSABILID,53841740000117,1918531934.02,255410.72,864686.5499999999,1356528.48,2612363.059999999,25,1712040602.57,0.00014918496653443537,0.0005050619411140079,0.0007923459747179307,False
SIMPALA FUNDO DE INVESTIMENTO EM DIREITOS CREDITÓRIOS,47758232000177,138493762.81,254073.01,1224021.06,2128775.58,4447578.67,25,137035004.19,0.0018540737930560136,0.008932178075485634,0.015534538730326434,False
FUNDO DE INVESTIMENTO EM DIREITOS  CREDITÓRIOS SOMACRED SABEMI CONSIGNADO PÚBLICO III,54697682000162,469787444.93,253076.12,1155310.65,2155475.18,5048556.57,25,461423671.69,0.0005484680035445279,0.0025037957974036852,0.004671358043044053,False
TESLA FUNDO DE INVESTIMENTO EM DIREITOS CREDITÓRIOS MULTISSETORIAL,51732995000116,372304.45,251931.31,737560.63,1033004.47,1290816.38,25,174168.57,1.446479752345673,4.234751597260057,5.931061327540324,True
LARCA CONSIGNADO FUNDO DE INVESTIMENTO EM DIREITOS CREDITÓRIOS RESPONSABILIDADE LIMITADA,51326028000154,22954880.87,248687.41,928123.8899999999,1686307.42,3338216.6299999994,24,22340407.95,0.011131730922576999,0.04154462586704913,0.07548239153797548,False
KYM FUNDO DE INVESTIMENTO EM DIREITOS CREDITÓRIOS NÃO PADRONIZADO,53276025000189,14021911.56,248181.84,248181.84,248181.84,248181.84,1,0.0,,,,False
WFOUR FUNDO DE INVESTIMENTO EM DIREITOS CREDITORIOS,60209130000160,3149811.71,246210.92,938321.23,1527111.37,2071980.6499999994,25,3242084.87,0.07594215755369785,0.2894190829742221,0.47102757368594117,False
TERRA NOVA FUNDO DE INVESTIMENTO EM DIREITOS CREDITORIOS,24237625000130,3090837.69,245693.86,850370.9299999999,1237372.07,2070781.5300000005,25,3258364.44,0.07540404534981973,0.26098091409320684,0.3797525085929308,False
JUNTOS CAPITAL FUNDO DE INVESTIMENTO EM DIREITOS CREDITÓRIOS,29242916000130,6168787.26,244472.62,657203.7000000001,719464.4800000002,867020.26,25,4506840.35,0.054244792585120084,0.14582360344759054,0.15963833287327348,False
CONECTEPAG I FUNDO DE INVESTIMENTO EM DIREITOS CREDITORIOS RESPONSABILIDADE LIMITADA,57182268000109,240719392.06,241725.08,935007.94,1571323.7299999997,2791809.0,24,233993594.87,0.0010330414391654412,0.003995869803698956,0.006715242487184238,False
SOL AGORA IV FIDC SEGMENTO FINANCEIRO DE RESPONSABILIDADE LIMITADA,65473122000140,204566279.58,240373.82,933972.4000000001,1550245.51,3079899.66,24,175705124.2,0.0013680524179043837,0.0053155672280615265,0.008822995442269521,False
STRUCTURE FUNDO DE INVESTIMENTO EM DIREITOS CREDITÓRIOS,32999089000138,161729639.36,235807.2,1032494.1299999999,1799164.21,3759440.49,25,148176733.39,0.001591391540393574,0.006967990900990397,0.012142015610943548,False
GUARDIAN CONSIGNADO FEDERAL FIDC RESP LIMITADA,62159963000190,870102.9,235256.16,849182.38,1260839.65,1926940.7199999997,24,1178224.16,0.19967012049727448,0.7207307478739869,1.0701186521247366,True
CONSIGA FUNDO DE  INVESTIMENTO EM DIREITOS CREDITÓRIOS - RESPONSABILIDADE  LIMITADA,29242926000175,140418993.12,234633.17,689647.1100000001,1182376.7300000002,2436548.8400000003,25,140887542.95,0.0016653932994151917,0.004895018364006469,0.008392344030157567,False
ATIVOS JUDICIAIS PEC - I - FUNDO DE INVESTIMENTO EM DIREITOS CREDITÓRIOS E DE RESP LIMITADA,43946439000114,110086493.63,233474.6,946164.84,1584906.1800000002,3197379.67,25,110519939.89,0.00211251110190954,0.00856103288638877,0.014340454596495892,False
FUNDO DE INVESTIMENTO EM DIREITOS CREDITÓRIOS CREDITAS AUTO XII,59929098000109,2207591119.67,232391.44,1011665.5,1894879.7899999998,4203826.97,24,2055685572.6,0.0001130481446664408,0.0004921304665870962,0.0009217751076607424,False
FUNDO DE INVESTIMENTO EM DIREITOS CREDITÓRIOS DIGITAL CASH CONSIG,58255305000124,4582638.64,231294.45,281892.49,293419.55,295577.8,14,295577.82,0.7825162591699202,0.9536997397165998,0.992698132762465,False
INSS CONSIGNADO (PDL) I FUNDO DE INVESTIMENTO EM DIREITOS CREDITÓRIOS RESPONSABILIDADE LIMITADA,40365950000134,32398248.41,230367.14,829794.99,1482819.0599999996,3166420.3200000008,25,27684584.66,0.008321134047311367,0.029973178221413852,0.05356118136539888,False
PORTOSEG VEÍCULOS FUNDO DE INVESTIMENTO EM DIREITOS CREDITÓRIOS DE RESPONSABILIDADE LIMITADA,42606211000112,87543056.28,228558.51,816260.79,1482669.6800000002,3234651.0599999996,24,82949814.68,0.002755383009374072,0.009840417283015442,0.017874297678901096,False
OXYGEN FUNDO DE INVESTIMENTO EM DIREITOS CREDITÓRIOS MULTISSETORIAL,36232996000108,10652712.29,228160.0,1058504.82,1739446.21,2961226.3600000003,25,7464046.63,0.030567869054162113,0.1418138005389176,0.23304332036307226,False
BES CARD FUNDO DE INVESTIMENTO EM DIREITOS CREDITÓRIOS - CREDITO PESSOAL,52883033000120,29436249.7,228109.5,868168.16,1452096.8,2467531.8299999996,24,22738427.14,0.010031894404812381,0.03818066019495137,0.06386091663506327,False
AKZ IWS FUNDO DE INVESTIMENTO EM DIREITOS CREDITÓRIOS RECEBÍVEIS COMERCIAIS RESP LIMITADA,61281536000117,21485500.38,227796.72,943505.4700000001,1667329.6100000003,3438587.3000000003,25,17597717.77,0.012944674018374146,0.053615217741953825,0.09474692296988693,False
FUNDO DE INVESTIMENTO EM DIREITOS CREDITÓRIOS CREDITAS AUTO XI,58035124000192,294240334.75,225518.55,1033449.42,1920687.73,4124646.63,25,279088589.07,0.0008080536389950226,0.003702944013023743,0.006882000215058094,False
YELLOW CAPITAL I FUNDO DE INVESTIMENTO EM DIREITOS CREDITÓRIOS MULTISSETORIAL - RESP ILIMITADA,59331492000140,1458109.25,224681.82,459256.19999999995,637276.16,852222.5399999999,25,1503556.4300000002,0.14943357995549258,0.3054466003647099,0.4238458545915699,False
FUNDO DE INVESTIMENTO EM DIREITOS CREDITÓRIOS CREDITAS AUTO X - RESPONSABILIDADE LIMITADA,53095241000128,384997010.3,224347.84,1061728.75,2005984.1300000001,4393655.319999999,25,365217590.67,0.0006142854170535126,0.0029071128475828185,0.005492572595750321,False
GUARDIAN MULTI CONSIGNADO I FUNDO DE INVESTIMENTO EM DIREITOS CREDITÓRIOS,46767226000113,258668615.04,222772.73,961310.49,1768983.1099999999,3671325.3200000003,24,251535808.11,0.0008856501651748068,0.0038217639755672717,0.007032728752585396,False
ORUMAS I FUNDO DE INVESTIMENTO EM DIREITOS CREDITÓRIOS,58055646000156,49706476.87,220083.51,2336013.21,2336013.21,2336013.21,4,39461265.2,0.005577203591536137,0.05919762577708734,0.05919762577708734,False
ESTÍMULO RETOMADA RIO GRANDE DO SUL FIDC IS DE RESPONSABILIDADE LIMITADA,57340272000158,54850668.82,219334.44,1074510.6,2122806.3299999996,5053520.910000001,25,47838535.68,0.00458489033751294,0.022461193360674373,0.04437440025756239,False
FIDC AB NEXT FUNDO DE INVESTIMENTO EM DIREITOS CREDITÓRIOS  RESPONSABILIDADE LIMITADA,61517582000172,6399203.04,217908.22,825197.62,1192855.98,1956987.7099999997,24,6328930.05,0.03443049903830111,0.13038501191840476,0.18847672048453118,False
FUNDO DE INVESTIMENTO EM DIREITOS CREDITÓRIOS BEES BANK RESPONSABILIDADE LIMITADA,45853950000105,5517286.2,211902.72,911189.3500000001,1568927.6600000001,3005927.65,24,135250.49,1.5667427156825828,6.737050268727309,11.600162483699691,True
LARCA CONSIGNADO II FUNDO DE INVESTIMENTO EM DIREITOS CREDITÓRIOS - RESPONSABILIDADE LIMITADA,54634742000106,60838718.64,210015.77,958440.1699999999,1802083.56,3858876.9899999998,24,60396016.5,0.003477311620378142,0.015869261344413334,0.0298377883912261,False
EXEMPLAR FIDC MULTICARTEIRA FINANCEIRO DE RESP LIMITADA,61641310000180,2369818.55,209321.22,787779.93,1308237.4799999997,2025795.5499999996,24,2053821.42,0.10191792624307132,0.3835678809893803,0.636977230474108,False
VINCI ANTECIPE PLUS FUNDO DE INVESTIMENTO EM DIREITOS CREDITÓRIOS - RESPONSABILIDADE LIMITADA,35688072000158,64544955.71,208910.8,11983116.02,21564192.089999996,32302225.33,14,36845043.35,0.005669983829724548,0.3252300697863068,0.585267111376597,False
FUNDO DE INVESTIMENTO EM DIREITOS CREDITÓRIOS DRIVER MASTER BRASIL I - RESP LIMITADA,61652768000134,1972712266.59,207850.16,1029370.55,2025840.1400000001,4762040.83,24,1892395974.34,0.00010983439133159787,0.0005439509299099031,0.0010705159847460258,False
GRIF CRÉDITO PULVERIZADO FUNDO DE INVESTIMENTO EM DIREITOS CREDITÓRIOS DE RESPONSABILIDADE LIMITADA,31030854000144,6633469.03,207554.98,718700.77,1163935.41,2219267.43,24,5995713.4,0.03461722836852075,0.11986910014744867,0.19412792646159502,False
FIDC BV AUTO I SEGMENTO FINANCEIRO - RESPONSABILIDADE LIMITADA,57532556000146,1246401933.83,206360.23,883149.52,1649807.73,3545488.0699999994,24,1202304439.92,0.0001716372518874928,0.0007345473331685972,0.001372204639042817,False
CONSIGNADOS IX FUNDO DE INVESTIMENTO EM DIREITOS CREDITÓRIOS - RESPONSABILIDADE LIMITADA,59086325000181,383020425.18,204432.5,952389.7599999999,1813968.1700000002,4062291.62,25,382920731.74,0.0005338768132794856,0.002487172098706488,0.004737189761853034,False
ALIANÇA FUNDO DE INVESTIMENTO EM DIREITOS CREDITÓRIOS CONSIGNADOS - RESPONSABILIDADE LIMITADA,27985097000195,386827626.56,204218.24,915409.73,1716771.6099999999,3823061.840000001,24,387256783.41,0.0005273458045118042,0.002363831362589275,0.004433160847133319,False
TAX AGRO CASH FUNDO DE INVESTIMENTO EM DIREITOS CREDITÓRIOS,63103274000126,1046265.43,203975.97,607810.76,804283.72,909559.97,21,909559.97,0.2242578573461187,0.6682470425781821,0.8842558451643381,False
FUNDO DE INVESTIMENTO EM DIREITOS CREDITÓRIOS CONSIGNADO Q1,46766118000126,14464225.97,200468.62,934247.9900000001,1663739.0999999999,3395013.77,24,14396052.45,0.013925249348476778,0.06489612296459785,0.11556911908861515,False
GV CONSIGNADO PÚBLICO FUNDO DE INVESTIMENTO EM DIREITOS CREDITÓRIOS RESPONSABILIDADE LIMITADA,63938673000107,106831149.32,199094.27,715324.51,1304083.8499999996,2799810.7499999995,25,104767322.26,0.001900347032884068,0.0068277445158404105,0.012447429426168475,False
BROKER FUNDO DE INVESTIMENTO EM DIREITOS CREDITÓRIOS  RESPONSABILIDADE LIMITADA,61242234000130,2490882.21,198709.17,831906.3499999999,1206711.5099999998,1685871.7499999995,25,2764942.01,0.07186739153346657,0.3008765995783036,0.43643284583751535,False
CERTO - FUNDO DE INVESTIMENTO EM DIREITOS CREDITÓRIOS,43076509000120,215275643.98,198481.16,413539.5,565695.9,723712.3200000001,25,206420812.88,0.0009615365680949255,0.002003380832728363,0.0027404983640329904,False
VARYAGI II FUNDO DE INVESTIMENTO EM DIREITOS CREDITÓRIOS CONSIGNADO PÚBLICO RESP LIMITADA,58479412000136,43480055.68,198366.37,660256.35,1139262.23,2230426.11,25,42216486.97,0.004698789128071307,0.01563977482231511,0.026986192167282555,False
ALPHA CRÉDITO - FUNDO DE INVESTIMENTO EM DIREITOS CREDITÓRIOS,34691300000186,11747740.57,197160.15,267539.17,347027.13999999996,548267.0199999999,25,9635680.069999998,0.020461467023364967,0.027765468348514816,0.036014805128331745,False
CONSIGNADOS V FUNDO DE INVESTIMENTO EM DIREITOS CREDITÓRIOS - RESPONSABILIDADE LIMITADA,47240173000140,262177584.96,196528.84,745155.29,1373936.0999999999,2991305.49,25,260752959.81,0.0007536974465916034,0.0028577059702139685,0.005269110275876181,False
FUNDO DE INVESTIMENTO EM DIREITOS CREDITÓRIOS EV CONSIGNADO FEDERAL II (F2),32528203000141,94061570.6,196479.38,912391.9299999999,1699272.52,3496122.5500000003,24,86870928.11,0.0022617391603231025,0.010502845426546921,0.01956088828529957,False
GUARDIAN MULTI CONSIGNADO II FUNDO DE INVESTIMENTO EM DIREITOS CREDITÓRIOS,50115378000109,127554295.01,196241.26,879404.7,1632175.5899999999,3472832.7,24,124654607.97,0.0015742800302033632,0.007054730782287983,0.013093584076673744,False
CELESTIS FUNDO DE INVESTIMENTO EM DIREITOS CREDITÓRIOS DE RESPONSABILIDADE LIMITADA,62082498000136,7162196.07,194977.09,714025.46,1205215.68,2307024.32,25,7154475.04,0.027252466310931457,0.09980123712892287,0.1684562002469436,False
TRINITÁ FUNDO DE INVESTIMENTO EM DIREITOS CREDITÓRIOS,54248993000144,383067.97,194694.71,629338.46,810727.9400000001,836472.62,12,565982.88,0.34399399147903553,1.111939039569536,1.4324248464900564,True
FUNDO DE INVESTIMENTO EM DIREITOS CREDITÓRIOS ALI CRÉDITO,31523773000186,3769388.78,193944.56,507058.37,804659.93,1459943.48,25,3414230.96,0.05680475699277239,0.14851320134476198,0.23567823601482427,False
IPECRED FUNDO DE INVESTIMENTO EM DIREITOS CREDITÓRIOS,66188571000100,805793.73,193242.13,208421.55000000002,208421.55000000002,208421.55000000002,3,208421.55,0.9271696232947122,1.0000000000000002,1.0000000000000002,False
DRIVER BRASIL SIX BANCO VOLKSWAGEN FIDC FINANCIAMENTO DE VEÍCULOS - RESPONSABILIDADE LIMITADA,50114948000146,1934784988.69,191131.3,946437.4099999999,1879048.58,4431256.71,24,1783402198.86,0.00010717229132170882,0.0005306920730528363,0.001053631413710906,False
VFA CONSIGNADO FUNDO DE INVESTIMENTO EM DIREITOS CREDITÓRIOS,51869340000194,131395453.6,190803.22,913662.53,1793989.88,4103796.5699999994,24,127275398.76,0.0014991366898782442,0.007178626340215758,0.014095338906640404,False
FUNDO DE INVESTIMENTO EM DIREITOS CREDITÓRIOS ALION II CONSIGNADOS,46766050000185,264861217.81,189973.26,823082.7,1562762.69,3572681.3000000007,25,260478068.43,0.000729325356046445,0.0031598925197849907,0.005999594128670267,False
BV AUTO III SEGMENTO FINANCEIRO FIDC RESPONSABILIDADE LIMITADA,66929956000180,1461910524.62,189946.74,891584.96,1756049.7600000002,4026050.340000001,24,1454003565.64,0.00013063705240392052,0.0006131931042463133,0.0012077341496938147,False
IS GREEN SOLFÁCIL III FUNDO DE INVESTIMENTO EM DIREITOS CREDITÓRIOS RESPONSABILIDADE LIMITADA,49920525000134,147651064.59,189409.79,930774.2800000001,1726335.8699999999,3386695.01,24,138151291.06,0.0013710316316750027,0.0067373549161821355,0.012495980723410257,False
GEAR CONSIGNADOS FUNDO DE INVESTIMENTO EM DIREITOS CREDITÓRIOS,51983505000154,202079142.08,187992.15,926351.13,1830350.43,4265373.33,24,197293166.04,0.0009528568767652384,0.00469530267364754,0.00927731287777554,False
FUNDO DE INVESTIMENTO EM DIREITOS CREDITÓRIOS NOTO CONSIGNADOS - RESPONSABILIDADE LIMITADA,52989090000199,950559088.1,186884.92,840155.3800000001,1533269.2199999997,3543307.0200000005,25,941086088.41,0.00019858429776148221,0.0008927508230617604,0.001629255005342301,False
FUNDO DE INVESTIMENTO EM DIREITOS CREDITÓRIOS ALION CONSIGNADOS,34218960000144,112488576.64,186814.33,774530.98,1406395.33,3114068.2999999993,25,109752011.73,0.0017021494827774123,0.007057100528648323,0.012814301148846923,False
EOS FUNDO DE INVESTIMENTO EM DIREITOS CREDITÓRIOS WH,48169685000120,21491333.36,185011.41,695026.03,1147714.96,2200536.37,25,15870039.69,0.011657904681648594,0.04379485140405468,0.07231960237145443,False
FUNDO DE INVESTIMENTO EM DIREITOS CREDITÓRIOS CREDITAS AUTO IX,45853976000145,17415581.18,184887.04,823722.18,1474684.7700000003,2989089.5200000005,24,14603127.78,0.012660783551672793,0.05640724318855478,0.10098417217301103,False
QUANTIX FUNDO DE INVESTIMENTO EM DIREITOS CREDITÓRIOS CREDITO CORPORATIVO DE RESP LIMITADA,63482918000134,2012368.27,183987.56,183987.56,183987.56,183987.56,1,180491.8,1.0193679712873382,1.0193679712873382,1.0193679712873382,False
CLEAM CAPITAL BANK FUNDO DE INVESTIMENTO EM DIREITOS CREDITÓRIOS,56069419000154,16736393.49,183600.28,714374.44,1254117.85,1839306.6800000002,23,15643074.56,0.01173684107275648,0.045667137701093964,0.08017080307261541,False
GONN II FUNDO DE INVESTIMENTO EM DIREITOS CREDITÓRIOS RESPONSABILIDADE LIMITADA,56321885000185,915291645.76,182188.82,743113.7200000001,1232105.18,2174846.6700000004,24,821746662.42,0.00022170923026746916,0.0009043099947757256,0.0014993735129650739,False
AZUL FUNDO DE INVESTIMENTO EM DIREITOS CREDITÓRIOS DE RESPONSABILIDADE LIMITADA,64079869000156,983856.22,181823.34,630826.77,852139.3500000001,888159.4400000001,12,888159.44,0.20471925626326734,0.7102629793587513,0.9594441173760425,False
FUNDO DE INVESTIMENTO EM DIREITOS CREDITÓRIOS VOITER CONSIGNADO III - RESPONSABILIDADE LIMITADA,58059847000121,7828090.0,181761.62,754363.9299999999,1350240.7699999998,2833815.7699999996,24,9203901.67,0.019748322669770547,0.08196131999745712,0.14670308510586247,False
VERSATILE FUNDO DE INVESTIMENTO EM DIREITOS CREDITÓRIOS RESPONSABILIDADE LIMITADA,41609394000167,48075421.31,181420.66,625194.7,968257.75,1764004.98,24,45727879.47,0.0039673971787609775,0.013672068489643436,0.021174341806845215,False
AMETISTA CONSIGNADO I FUNDO DE INVESTIMENTO EM DIREITOS CREDITÓRIOS,50153210000198,19399936.6,179559.81,788888.6,1448762.18,2885510.700000001,25,14100955.19,0.012733875654561242,0.05594575611157587,0.10274213062015979,False
FALCON CONSIGNADO FUNDO DE  INVESTIMENTOS EM DIREITOS CREDITÓRIOS,55695976000118,337177262.33,178075.76,826384.6000000001,1513658.69,3230330.11,24,325040940.6,0.0005478564013237414,0.0025424015770892094,0.004656824728620047,False
FUNDO DE INVESTIMENTO EM DIREITOS CREDITÓRIOS ASAAS - RESPONSABILIDADE LIMITADA,29828802000176,22585828.73,177911.51,660426.4500000001,968509.1499999999,1519509.86,25,16325934.52,0.010897477861500086,0.040452597013111144,0.05932335137161875,False
AZURE CONSIGNADOS II FUNDO DE INVESTIMENTO EM DIREITOS CREDITÓRIOS - RESPONSABILIDADE LIMITADA,55234274000137,67219245.17,177728.8,794877.6200000001,1409278.7,2829636.05,24,66234261.16,0.0026833363411522954,0.012001003801942314,0.0212771860864523,False
FIDC BV AUTO II SEGMENTO FINANCEIRO - RESPONSABILIDADE LIMITADA,60598366000136,1013813788.76,176081.74,795186.88,1527498.23,3439411.1499999994,24,977194408.51,0.00018019110472447826,0.000813744811753968,0.001563146715431056,False
FUNDO DE INVESTIMENTO EM  DIREITOS CREDITÓRIOS VCK CONSIGNADOS - RESPONSABILIDADE LIMITADA,30366120000178,268426438.97,176028.28,828133.31,1584443.9400000002,3535367.2300000004,25,239183680.79,0.0007359543904441809,0.0034623319921524656,0.006624381457659398,False
FIDC SINAI CONSIG FUNDO DE INVESTIMENTO EM DIREITOS CREDITÓRIOS RESPONSABILIDADE LIMITADA,60742391000141,309009580.11,175848.23,860581.47,1629184.3399999999,3379295.0399999996,25,314239984.88,0.0005595985185244706,0.002738612243533023,0.0051845227163632365,False
GRUPO K FUNDO DE INVESTIMENTO EM DIREITOS CREDITÓRIOS,63212782000142,27823103.0,174783.39,271515.15,271515.15,271515.15,5,27149853.07,0.006437728762264717,0.010000612132226173,0.010000612132226173,False
MT INSS RECEIVABLES II FUNDO DE INVESTIMENTO EM DIREITOS CREDITÓRIOS RESPONSABILIDADE LIMITADA,40752367000186,426917130.82,174376.31,790844.67,1454441.29,3243209.659999999,25,324758901.75,0.0005369408168963301,0.0024351747272775104,0.004478526322642979,False
AMETISTA CONSIGNADO II FUNDO DE INVESTIMENTO EM DIREITOS CREDITÓRIOS  RESPONSABILIDADE LIMITADA,52203615000119,7565917.92,174139.49,686666.31,1164289.1400000001,2413687.47,25,8624371.95,0.02019155609354256,0.07961928288586859,0.13499987555615575,False
MIDIAN FUNDO DE INVESTIMENTO EM DIREITOS CREDITÓRIOS - RESPONSABILIDADE LIMITADA,58055083000104,272445948.05,173846.64,811205.8500000001,1521952.08,3314194.0200000005,24,263679394.03,0.0006593106778007108,0.003076485566815682,0.00577197958755488,False
VCE FUNDO DE INVESTIMENTO EM DIREITOS CREDITÓRIOS DE RESPONSABILIDADE LIMITADA,36771000000132,387820801.36,173604.69,587047.66,1004873.21,1796326.1600000004,24,369408111.39,0.00046995364922216903,0.0015891574708283237,0.00272022508173653,False
NEO POWER2GO I - FUNDO DE INVESTIMENTO EM DIREITOS CREDITÓRIOS - RESPONSABILIDADE LIMITADA,61704277000190,2924736.14,171424.95,479266.61999999994,678603.88,904425.4700000001,24,1400300.68,0.12242010051726893,0.34225979237544896,0.48461297612167126,False
MONT BLANC FEDERAL FUNDO DE INVESTIMENTO EM DIREITOS CREDITÓRIOS - RESPONSABILIDADE LIMITADA,61942290000187,123896175.55,170989.53,710732.6100000001,1270483.85,2607436.99,24,109347560.83,0.001563725141211273,0.006499757329795027,0.01161876717099516,False
XP CRÉDITO ESTRUTURADO 360 PROFISSIONAL FUNDO DE INVESTIMENTO EM DIREITOS CREDITÓRIOS,36655893000150,190660747.68,170225.31,359247.94,448213.59,466680.5900000001,19,92179963.28,0.0018466628098227204,0.0038972454231596,0.004862375445285598,False
FRADE IV FUNDO DE INVESTIMENTO EM DIREITOS CREDITÓRIOS,35820716000110,25401796.81,169163.9,24375056.840000004,24375056.840000004,24375056.840000004,4,24375056.84,0.006940041252433034,1.0000000000000002,1.0000000000000002,False
GP7 CRÉDITO ESPECIAL FUNDO DE INVESTIMENTO EM DIREITOS CREDITÓRIOS - REC COMERCIAIS - RESP LIMITADA,63915937000107,7059067.26,165080.34,727766.0,1172492.54,2079845.9600000002,24,6065180.9,0.02721771085179009,0.11999081511319802,0.19331534530157213,False
CONSIGNADOS VI FUNDO DE INVESTIMENTO EM DIREITOS CREDITÓRIOS - RESPONSABILIDADE LIMITADA,55843467000195,280182298.79,164359.51,770197.15,1490412.9200000002,3286072.48,24,276540885.7,0.0005943407231952755,0.002785111315639357,0.0053894848721098175,False
ONZE II FUNDO DE INVESTIMENTO EM DIREITOS CREDITÓRIOS - RESPONSABILIDADE LIMITADA,62972105000160,29107812.74,163126.57,708918.73,1215473.4500000002,2387351.99,25,27105211.24,0.00601827333333116,0.02615433333918559,0.04484279569849979,False
V CDT 1 FUNDO DE INVESTIMENTO EM DIREITOS CREDITÓRIOS RESPONSABILIDADE LIMITADA,62552447000120,167490006.72,162500.94,668132.48,1161729.5100000002,2164008.6999999993,25,152299312.44,0.0010669840683884837,0.004386969772192623,0.0076279366688387145,False
F3 FALCON FUNDO DE INVESTIMENTO EM DIREITOS CREDITÓRIOS RESPONSABILIDADE LIMITADA,58561243000189,188024680.81,160373.53,616316.24,1008115.7200000001,1927802.3000000003,24,160160915.75,0.0010013275039606534,0.0038481063692344677,0.0062943928316044236,False
HARPY EAGLE  CONSIG FUNDO DE INVESTIMENTO EM DIREITOS CREDITÓRIOS RESPONSABILIDADE  LIMITADA,65947492000172,17220484.53,159175.8,591884.8,1027806.21,1996783.6599999997,25,14917986.74,0.010670059088683704,0.03967591675175333,0.06889711245312448,False
CANAL 75 FUNDO DE INVESTIMENTO EM DIREITOS CREDITÓRIOS,38440284000100,17502348.65,155801.53,606549.6299999999,1115836.8099999998,2232955.73,25,15439646.67,0.010091003591599677,0.0392852014663364,0.0722708772972199,False
FUNDO DE  INVESTIMENTO EM DIREITOS CREDITÓRIOS KUNA CAPITAL RESPONSABILIDADE LIMITADA,42299325000167,243658739.84,155175.61,733010.17,1392919.1700000002,3287020.9399999995,25,234390297.65,0.000662039391373246,0.003127305939491391,0.005942733909916173,False
FUNDO DE INVESTIMENTO EM DIREITOS CREDITÓRIOS BRASIL CONSIG,53165872000176,45478809.34,154471.21,710417.0700000001,1339836.8199999998,2773407.9200000004,24,44959475.99,0.003435787597576935,0.01580127557887936,0.029800988345549437,False
CAPITALE FUNDO DE INVESTIMENTO EM DIREITOS CREDITÓRIOS MULTISSEGMENTO,58315066000150,26997975.74,153951.03,642594.86,1021468.64,1815631.1700000002,25,26715952.28,0.005762513287435772,0.024052852515426038,0.038234408764260604,False
BRCARD FUNDO DE INVESTIMENTO EM DIREITOS CREDITÓRIOS,41687533000170,24172825.23,151168.26,444130.42000000004,691079.85,1235222.9300000002,25,17487892.12,0.00864416700210065,0.025396452411326976,0.03951761854761487,False
FUNDO DE INVESTIMENTO EM DIREITOS CREDITÓRIOS SOL CONSIG - RESPONSABILIDADE LIMITADA,47117855000160,688855871.34,151110.47,738685.6800000002,1456141.54,3499920.43,25,685518450.47,0.00022043238937828263,0.0010775576930038104,0.0021241463873097085,False
ASHER CONSIGNADO FUNDO DE INVESTIMENTOS EM DIREITOS CREDITÓRIOS RESPONSABILIDADE LIMITADA,62546276000127,76893715.23,150767.38,680974.6300000001,1250659.8399999999,2462181.5100000002,24,75487855.0,0.0019972402183106143,0.0090209826468112,0.01656769608833103,False
MUNDIAL  FUNDO DE INVESTIMENTO EM DIREITOS CREDITÓRIOS,46082740000115,46366941.13,150692.0,1884754.5299999998,13785543.5,39493676.120000005,25,45392651.11,0.003319744414901613,0.04152113797964068,0.30369549173485144,False
WH CONSIGNADO PÚBLICO FUNDO DE INVESTIMENTO EM DIREITOS CREDITÓRIOS - RESPONSABILIDADE LIMITADA,60290928000180,107958427.97,150209.76,674365.0800000001,1260817.23,2796240.94,25,107880263.48,0.001392374797340456,0.006251051473609175,0.011687190866323234,False
LIONS FUNDO DE INVESTIMENTO EM DIREITOS CREDITÓRIOS,53145182000155,26642047.16,149922.82,579403.18,1024570.3700000001,2244223.8000000003,25,25985990.64,0.005769370969033798,0.022296751662341092,0.03942779723867399,False
GUARDIAN NACIONAL CONSIGNADO FIDC RESPONSABILIDADE LIMITADA,65344088000104,6707674.18,149706.36,473454.3599999999,708491.08,1206401.74,24,2688374.4,0.05568657401290534,0.17611176478990423,0.2635388433991932,False
TECNOMOTOR FUNDO DE INVESTIMENTO EM DIREITOS CREDITORIOS,44414972000106,13916531.52,148375.77,600083.38,1066678.8800000001,2265290.4299999997,25,12325992.11,0.012037633050212946,0.048684387807871154,0.08653898773264752,False
FUNDO DE INVESTIMENTO EM  DIREITOS CREDITÓRIOS INTRA BLACK CREDIFACIL,28729157000171,34876948.64,148183.66,665583.16,1116085.19,1594029.8900000001,24,1514853.24,0.09782047269476746,0.4393713809530487,0.736761265401525,True
SARON FUNDO DE INVESTIMENTO EM DIREITOS CREDITÓRIOS RESPONSABILIDADE LIMITADA,64104152000117,90661005.44,147256.53,620717.22,1070090.7,2150930.3800000004,25,83176714.74,0.0017704057014070042,0.007462632083273358,0.012865267681525648,False
FUNDO DE INVESTIMENTO EM DIREITOS CREDITÓRIOS VJP CONSIGNADO - RESPONSABILIDADE LIMITADA,57661848000189,99752301.87,143026.95,643604.9199999999,1210370.7600000002,2577381.1799999997,25,97148828.64,0.0014722457491485408,0.006624937521223003,0.012458933133256975,False
FINANTO INSS RECEIVABLES I FUNDO DE INVESTIMENTO EM DIREITOS CREDITÓRIOS RESPONSABILIDADE LIMITADA,66575588000110,34203009.33,142124.08,537992.02,915662.9099999999,1888263.4099999997,25,32615926.03,0.004357505590038278,0.016494764536354328,0.028074104324303923,False
NTZ CONSIGNADO PÚBLICO FUNDO DE INVESTIMENTO EM DIREITOS CREDITÓRIOS - RESPONSABILIDADE LIMITADA,59678384000149,78420856.77,141887.43,627709.37,1162848.82,2415401.659999999,24,66800548.42,0.0021240458851909524,0.009396769709933467,0.017407773551329775,False
IS GREEN SOLFÁCIL VII FINANCEIRO FUNDO DE INVESTIMENTO EM DIREITOS CREDITÓRIOS RESP LIMITADA LIM,63505455000189,564702170.63,141743.83,632589.54,1151013.33,2328085.2699999996,24,543545034.67,0.00026077660719696626,0.0011638217620441723,0.002117604350297873,False
FUNDO DE INVESTIMENTO EM DIREITOS CREDITÓRIOS ALION III CONSIGNADOS - RESPONSABILIDADE LIMITADA,49220648000162,214462260.0,140595.6,686985.9600000001,1350032.12,3221836.6599999997,25,208872128.19,0.0006731180517876831,0.0032890264773626715,0.006463438332815505,False
SENA FUNDO DE INVESTIMENTO EM DIREITOS  CREDITÓRIOS - RESPONSABILIDADE LIMITADA,54229137000141,18176963.3,138655.96,357619.76,527541.28,987921.4000000001,25,12107170.74,0.011452383300576133,0.029537847254312365,0.04357263074329123,False
VARYAGI I FUNDO DE INVESTIMENTO EM DIREITOS CREDITÓRIOS CONSIGNADO PÚBLICO RESPONSABILIDADE LIMITADA,57407013000105,121119256.67,136194.21,558538.43,1027520.5900000001,2232525.52,25,118971559.74,0.001144762750842624,0.004694722261527275,0.00863669092214593,False
CONSIGNADOS VIII FUNDO DE INVESTIMENTO EM DIREITOS CREDITÓRIOS - RESPONSABILIDADE LIMITADA,53286391000119,194128409.97,134398.45,646548.47,1181858.3,2623494.5199999996,25,190120633.09,0.0007069114373103206,0.0034007275248969663,0.006216360006757013,False
MT INSS RECEIVABLES III FUNDO DE INVESTIMENTO EM DIREITOS CREDITÓRIOS RESPONSABILIDADE,44173467000109,33343874.61,134373.93,458103.77,793001.9200000002,1530772.6800000004,25,24594161.89,0.005463651520267357,0.01862652494721787,0.03224350248432069,False
FUNDO DE INVESTIMENTO EM DIREITOS CREDITÓRIOS ZA I,63679363000115,4014124.92,133663.61,584977.5599999999,905349.8300000001,1488560.6399999997,24,3841692.01,0.03479290105819805,0.1522708115271323,0.2356643446802494,False
PAGOL FUNDO DE INVESTIMENTO EM DIREITOS CREDITÓRIOS,46285106000180,40568759.32,133607.19,499113.10000000003,824954.1299999999,1644217.7200000002,25,35281152.51,0.0037869281612081898,0.014146734573325877,0.023382289730081156,False
FIDC HOPE CONSIGNADO I DE RESP LIMITADA,59060877000110,75943493.57,133109.78,536279.49,988305.51,2118768.44,24,67013009.12,0.0019863274571306102,0.008002617656516303,0.014747964954539563,False
CAMPANA FUNDO DE INVESTIMENTO EM DIREITOS CREDITÓRIOS - RESPONSABILIDADE LIMITADA,54229771000184,391941800.38,131980.4,637583.44,1190974.0100000002,2695277.48,25,319858666.58,0.00041262099104946503,0.0019933286373546915,0.0037234383008413036,False
ALTIS FUNDO DE INVESTIMENTO EM DIREITOS CREDITÓRIOS RESPONSABILIDADE LIMITADA,59936269000127,2261374.85,131479.41,385951.84,646465.39,1156275.19,25,2250013.18,0.058434951034375716,0.17153314630805852,0.28731626807626076,False
FUNDO DE INVESTIMENTO EM DIREITOS CREDITÓRIOS MONEE I DE RESPONSABILIDADE LIMITADA,42922136000107,5751418460.99,131237.58,614073.8,1189170.48,2847708.1300000004,25,5584036253.47,2.3502279362611064e-05,0.00010996952242536136,0.0002129589469017205,False
FUNDO DE INVESTIMENTO EM DIREITOS CREDITÓRIOS VCK II CONSIGNADOS,43236160000147,227395778.2,130898.53,649688.76,1288423.31,3092017.8,25,225216645.55,0.0005812116137345603,0.0028847279845297382,0.005720817423834505,False
MACCA FUNDO DE INVESTIMENTO EM DIREITOS CREDITÓRIOS RESPONSABILIDADE LIMITADA,57090601000150,2119611.7,130845.51,437996.41000000003,598362.4600000001,942988.2900000002,25,4328619.7,0.030227998546511255,0.10118616102957717,0.13823401025504736,False
FUNDO DE INVESTIMENTO EM DIREITOS CREDITÓRIOS MT FGTS RECEIVABLES IV,62010175000137,553851632.17,130695.3,334611.23,500191.93000000005,899395.4099999999,24,550296118.46,0.00023749994887434407,0.0006080566785322914,0.0009089504963251127,False
SPDA HABITACAO FUNDO DE INVESTIMENTO EM DIREITOS CREDITORIOS RESPONSABILIDADE LIMITADA,25316863000101,246774625.41,129982.21,566065.2000000001,1025009.74,1653619.88,23,176583564.47,0.0007360946098813338,0.0032056505468048223,0.005804672383165876,False
HARTPREC FUNDO DE INVESTIMENTO EM DIREITOS CREDITÓRIOS  RESPONSABILIDADE LIMITADA,66660995000125,725643.88,128671.09,404211.58,477026.06000000006,477026.06000000006,7,477026.06,0.26973597626930484,0.8473574378724719,1.0000000000000002,False
VB1 FUNDO DE INVESTIMENTO EM DIREITOS CREDITÓRIOS FINANCEIROS,55481003000186,20121270.61,127310.52,455803.5,796379.55,1654748.6700000002,25,10002997.44,0.01272723708704658,0.04556669165757579,0.07961409115386119,False
FIDC GUARDIAN INSS FUNDO DE INVESTIMENTO EM DIREITOS CREDITÓRIOS RESPONSABILIDADE LIMITADA,53211671000168,148630070.82,126649.29,591930.64,1099067.27,2315156.63,24,144456932.4,0.0008767269794246301,0.004097627093180611,0.007608269480322981,False
EMCASH CRÉDITO IMOBILIÁRIO FUNDO DE INVESTIMENTO EM DIREITOS CREDITÓRIOS RESPONSABILIDADE LIMITADA,64282567000180,1494433.97,125893.88,419613.24999999994,725408.73,1243154.25,25,1074046.55,0.11721454717209417,0.3906844167973911,0.6753978493762677,True
GUARDIAN MULTI CONSIGNADO XI FUNDO DE INVESTIMENTO EM DIREITOS CREDITÓRIOS RESPONSABILIDADE LIMITADA,57624136000190,123131064.3,125593.24,513169.93,935921.7100000002,1986158.43,24,105061348.87,0.0011954276368125218,0.0048844787880553695,0.008908335178126104,False
CASHGO FUNDO DE INVESTIMENTO EM DIREITOS CREDITÓRIOS - RESPONSABILIDADE LIMITADA,54705382000188,65994473.53,125362.3,576673.63,1035891.1100000001,2111918.68,24,62775474.21,0.0019969948706501377,0.009186288709996509,0.01650152584327248,False
GUARDIAN WAREHOUSE FUNDO DE INVESTIMENTO EM DIREITOS  CREDITÓRIOS - RESPONSABILIDADE LIMITADA,57779658000160,183699.59,124745.72,395824.2,668008.51,1221796.6199999999,24,0.0,,,,False
MT INSS RECEIVABLES VI FUNDO DE INVESTIMENTO EM DIREITOS CREDITÓRIOS RESPONSABILIDADE LIMITADA,62310468000130,1535189477.94,123388.52,597283.56,1154889.2200000002,2755138.68,25,1479300642.3,8.341003611555047e-05,0.00040376076567596856,0.0007806994649879902,False
CONCRETO-CONSIGNADO FUNDO DE INVESTIMENTO EM DIREITOS  CREDITÓRIOS RESPONSABILIDADE LIMITADA,58479927000136,21955804.96,122420.37,521687.12,913516.97,1860248.7900000003,25,21734853.24,0.005632445209002019,0.024002330001470028,0.04203005007270065,False
MELL.RO & MANCHESTER FUNDO DE INVESTIMENTO EM DIREITOS CREDITÓRIOS,64171337000144,10185974.95,121733.66,492518.58999999997,763742.9800000001,1340976.6199999999,25,10410314.0,0.0116935627494041,0.047310637316031,0.07336406759680833,False
VF AUTO FUNDO DE INVESTIMENTO EM DIREITOS CREDITÓRIOS - RESPONSABILIDADE LIMITADA,64127465000190,5381986.93,121152.06,336201.62,516454.47000000003,974148.8099999998,25,5017300.26,0.02414686259976795,0.06700847120518955,0.10293473446614097,False
BVGARANTIA FUNDO DE INVESTIMENTO EM DIREITOS CREDITÓRIOS.,60696527000124,8295959.24,118896.78,353672.18,523974.94,861413.47,25,5500414.62,0.02161596683415113,0.0642991855039466,0.09526098961608825,False
MT CONSIGNADO PRIVADO I FUNDO DE INVESTIMENTO EM DIREITOS CREDITÓRIOS,60010416000112,3072067502.44,118659.58,487149.52,827264.2900000002,1702385.1500000001,25,2779246734.82,4.269487070484408e-05,0.00017528113423565848,0.00029765773568627703,False
AZURE CONSIGNADOS FUNDO DE INVESTIMENTO EM DIREITOS CREDITÓRIOS - RESPONSABILIDADE LIMITADA,46285154000178,76747081.56,118322.73,560849.47,1045918.08,2245022.75,24,75995512.78,0.001556969953509405,0.007380034024161498,0.013762892593775061,False
SOMAPAY CARTÃO CONSIGNADO PÚBLICO  FUNDO DE INVESTIMENTO EM DIREITOS CREDITÓRIOS RESP LIMITADA,55316469000126,159189935.48,117106.58,566370.99,1085907.14,2384133.19,24,150472301.89,0.0007782600420747775,0.003763955112576367,0.007216657991939489,False
HOLDER FUNDO DE INVESTIMENTO EM DIREITOS CREDITÓRIOS NÃO PADRONIZADOS,41341232000190,10032658.15,116176.6,332814.62,466288.35000000003,721474.5099999999,25,13342891.83,0.008707003060520203,0.02494321502717301,0.034946573497028795,False
VGR CONSIGNADO FUNDO DE INVESTIMENTO EM DIREITOS CREDITÓRIOS - RESP LIMITADA,59927305000196,92733682.66,115771.49,531459.5800000001,1034697.5,2517869.5,25,92620780.11,0.0012499515752567116,0.005738016667197342,0.011171332165105427,False
STZ FUNDO DE INVESTIMENTO EM DIREITOS CREDITÓRIOS - NP,66733008000175,1377436.25,115355.39,115355.39,115355.39,115355.39,1,115355.39,1.0,1.0,1.0,False
FUNDO DE INVESTIMENTO EM DIREITOS CREDITÓRIOS AMETISTA II - RESPONSABILIDADE LIMITADA,55633169000170,140063628.33,113370.67,457971.55999999994,811959.1000000001,1651392.2600000002,24,10014465.29,0.011320691291746442,0.045731004775393255,0.08107862741416523,False
ANGÁ FGTS IV FUNDO DE INVESTIMENTO EM DIREITOS CREDITÓRIOS,55364540000146,162591663.09,112680.48,321328.73,561613.36,1168332.74,24,160586535.0,0.0007016807480153925,0.0020009693216184034,0.0034972630799960905,False
FUNDO DE INVESTIMENTO EM DIREITOS CREDITÓRIOS CREDITAS AUTO VEÍCULOS,59673010000130,17237845.62,112006.34,387418.11,610501.16,1131952.24,24,15338705.05,0.007302203128288199,0.025257550017235644,0.0398013494626784,False
ARTESANAL CP AUTO FUNDO DE INVESTIMENTO EM DIREITOS CREDITÓRIOS - RESPONSABILIDADE LIMITADA,47463403000130,53441092.04,111360.29,406443.26,677141.84,1311345.9300000002,25,51280491.6,0.0021715917013556867,0.007925884626269846,0.013204667484115928,False
FUNDO DE INVESTIMENTO EM DIREITOS CREDITÓRIOS DR. SIM,55106170000147,1361563.88,110491.55,270403.13,411659.71,630371.4400000001,25,1296222.84,0.08524116887185848,0.20860852135578786,0.31758405830898645,False
GETNET FUNDO DE INVESTIMENTO EM DIREITOS CREDITÓRIOS RESPONSABILIDADE LIMITADA,38612809000147,60169999.38,110308.34,495474.05000000005,909203.3800000001,1958977.3699999999,24,31845021.55,0.003463911614153076,0.01555891708919255,0.028550879721417555,False
APROVOU FUNDO DE INVESTIMENTO EM DIREITOS CREDITÓRIOS - RESPONSABILIDADE LIMITADA,62135021000171,22796380.1,107024.95,521450.31,1025533.27,2381689.86,25,20342726.79,0.0052610916473897155,0.0256332553341046,0.05041277310493733,False
SANTO INÁCIO FUNDO DE INVESTIMENTO EM DIREITOS CREDITÓRIOS RESPONSABILIDADE LIMITADA,61559162000159,34158654.92,106912.17,445989.82999999996,814781.27,1575277.66,24,29588545.45,0.0036132959013029146,0.015073056928521641,0.027537050490597875,False
VALORA BYX WAREHOUSE FUNDO DE INVESTIMENTO EM DIREITOS CREDITÓRIOS,54477887000132,215011966.08,105897.69,496653.70999999996,946835.1900000001,2122895.9800000004,24,214672920.68,0.0004932978489534565,0.0023135368374678786,0.004410594438277524,False
GALAXY CONSIG FUNDO DE INVESTIMENTO EM DIREITOS CREDITÓRIOS  RESPONSABILIDADE LIMITADA,61164467000161,81628065.1,105877.35,481085.13,873315.6799999999,1832576.4399999997,25,81640088.45,0.0012968794131677597,0.005892756109575234,0.010697142746664919,False
FUNDO DE INVESTIMENTO EM DIREITOS CREDITÓRIOS COBUCCIO INSS,63931003000169,149131555.17,104028.0,459742.61,845933.7000000001,1763123.3999999997,24,124072056.34,0.0008384482619916251,0.0037054484592416803,0.006818083982438813,False
WAREHOUSE SOL AGORA FUNDO DE INVESTIMENTO EM DIREITOS CREDITÓRIOS SEGMENTO FINANCEIRO RESP LIMITADA,64330030000149,213555283.22,103742.87,487595.91000000003,930505.5799999998,1933603.9100000004,24,37115569.0,0.0027951307980756,0.013137233865389482,0.025070492116125172,False
SOLIS CONSIGNADO FEDERAL FUNDO DE INVESTIMENTO EM DIREITOS CREDITÓRIOS - RESP LIMITADA,47117773000116,267352193.71,102420.15,488087.65,945330.92,2196407.4600000004,25,261847159.55,0.00039114478146723127,0.0018640173559217057,0.0036102393534633245,False
APPIA FUNDO DE INVESTIMENTO EM DIREITOS  CREDITÓRIOS - RESPONSABILIDADE LIMITADA,57651404000162,248143243.12,102344.41,460430.57,899653.6900000001,2033665.6500000001,25,246338762.3,0.00041546206144918993,0.001869095085568675,0.003652099578645971,False
IPO III FUNDO DE INVESTIMENTO EM DIREITOS CREDITÓRIOS - RESPONSABILIDADE LIMITADA,61922025000137,89165913.12,100506.53,317226.46,505957.03,973415.11,25,39823541.54,0.0025237968827822137,0.007965802330296715,0.01270497325035246,False
FUNDO DE INVESTIMENTO EM DIREITOS CREDITÓRIOS ANGÁ FGTS I - RESPONSABILIDADE LIMITADA,51957370000152,416057702.27,100283.51,426486.54000000004,776731.6299999999,1606742.75,24,410931292.31,0.00024403960437344285,0.0010378536460500687,0.0018901739646881065,False
GUARDIAN MULTI CONSIGNADO IX FUNDO DE INVESTIMENTO EM DIREITOS CREDITÓRIOS RESPONSABILIDADE LIMITADA,54827590000150,34806277.05,100001.46,446345.39,831571.52,1748786.9699999995,24,33791643.58,0.0029593547222185757,0.0132087505286122,0.024608791757385128,False
FUNDO DE INVESTIMENTO EM DIREITOS CREDITÓRIOS MT FGTS RECEIVABLES II,54464892000100,697493758.97,99812.47,336875.02,560238.91,1005299.7200000001,24,693328772.9,0.00014396124018120927,0.000485880628595502,0.0008080422043595243,False
FUNDO DE INVESTIMENTO EM DIREITOS CREDITÓRIOS OPEN II RESPONSABILIDADE LIMITADA,46073462000130,20586726.89,99130.33,488538.14999999997,961421.15,2247709.6799999992,24,15267338.47,0.006492967336434508,0.031998907403537766,0.06297241342288784,False
PRINCIPIAPAY EDUCAÇÃO FUNDO DE INVESTIMENTO EM DIREITOS CREDITÓRIOS,49004860000192,17875655.37,98039.93,475438.16,943681.9200000002,2220646.22,25,17458257.24,0.005615676791345068,0.027232853397914536,0.05405361526222993,False
ESTRUTURADO FUNDO DE INVESTIMENTO EM DIREITOS CREDITÓRIOS,38305947000183,53258000.06,97329.09,384791.0,710017.1900000002,1541204.24,25,51106194.82,0.0019044479899707,0.0075292437904106125,0.013892977015814541,False
AMETISTA CONSIGNADO III FUNDO DE INVESTIMENTO EM DIREITOS CREDITÓRIOS,64509633000102,3269222.54,97219.04,467920.48000000004,791323.31,1478899.6000000003,25,3282067.52,0.029621279698718687,0.14256881589078338,0.2411051281480035,False
CDC EMPRÉSTIMOS FUNDO DE INVESTIMENTO EM DIREITOS CREDITÓRIOS DE CLASSE ÚNICA FECHADA,57996195000199,33662527.48,94801.74,382834.67000000004,681414.2999999999,1353647.83,24,33213237.23,0.0028543360390769113,0.01152656898058112,0.0205163469998796,False
FRUCTUS FUNDO DE INVESTIMENTO EM  DIREITOS CREDITÓRIOS - RESPONSABILIDADE LIMITADA,62135992000111,70157252.07,94737.41,3538002.62,4862836.79,12068809.85,25,61319425.8,0.0015449820144923798,0.057697908514988086,0.0793033647422054,False
ANGÁ FGTS III FUNDO DE INVESTIMENTO EM DIREITOS CREDITÓRIOS,54810968000102,965301307.96,94379.57,400251.33,682429.72,1324844.0599999998,24,948587459.78,9.949485313867514e-05,0.0004219445722936584,0.0007194167632769167,False
ZERAZERO FUNDO DE INVESTIMENTO EM DIREITOS CREDITÓRIOS RESPONSABILIDADE LIMITADA,55852782000189,920161.48,94376.0,329477.52,391782.9100000001,538077.77,25,1062666.74,0.08881053339450523,0.3100478330581797,0.3686789990246614,False
FIGTREE EDUCACIONAL FUNDO DE INVESTIMENTO EM DIREITOS CREDITÓRIOS - RESPONSABILIDADE LIMITADA,42299351000195,9582642.62,93922.28,403733.87,724173.8200000001,1592237.8199999998,24,7754822.79,0.012111466959775621,0.05206229477230904,0.09338367098908266,False
FUNDO DE INVESTIMENTO EM DIREITOS CREDITÓRIOS DE  RESPONSABILIDADE LIMITADA FGTS MT II,53179862000190,212708785.89,93076.59,384475.01999999996,558457.2100000001,942097.66,24,203077394.89,0.00045833062833220003,0.0018932438059305263,0.0027499722965350086,False
FUNDO DE INVESTIMENTO EM DIREITOS CREDITÓRIOS PFN MT III RESPONSABILIDADE LIMITADA,56972378000101,157817430.27,92379.6,285445.76,431337.98000000004,765792.5900000001,24,156504291.33,0.0005902687984779362,0.0018238845566101321,0.0027560776534267316,False
GUARDIAN APP CRÉDITO CONSIGNADO FUNDO DE INVESTIMENTO EM DIREITOS CREDITÓRIOS RL,64112934000106,8509682.72,92254.54,362002.70999999996,622282.2399999999,1106934.7500000002,24,6722751.09,0.013722736237732697,0.053847406389695734,0.0925636293340737,False
TKO I FUNDO DE INVESTIMENTO EM DIREITOS CREDITÓRIOS,62160076000131,182963544.47,91759.74,311668.99,512983.61,1002505.1100000002,24,182273445.4,0.0005034180365583851,0.0017098979465497062,0.0028143628320310447,False
FIRST PERSONAL LOAN I FUNDO DE INVESTIMENTOS EM DIREITOS CREDITÓRIOS - RESPONSABILIDADE LIMITADA,60499242000101,9991597.59,91325.18,433611.19999999995,821268.8899999999,1847332.6799999997,25,10036154.75,0.00909961855659908,0.04320491371458775,0.08183103095336387,False
CEA PAY FUNDO DE INVESTIMENTO EM DIREITOS CREDITÓRIOS FINANCEIROS RESPONSABILIDADE LIMITADA,50168890000113,842505368.1,91106.28,251823.83,419652.64999999997,758459.3000000002,24,822627423.37,0.00011075035600779183,0.00030612136533009194,0.0005101369563888818,False
FIDC GOLGOTA FUNDO DE INVESTIMENTO  EM DIREITOS CREDITÓRIOS RESPONSABILIDADE LIMITADA,66014791000117,20425367.91,90376.73,376713.29000000004,676948.92,1363897.1099999996,25,9221572.93,0.00980057639689458,0.04085130517966853,0.07340926815182712,False
AV1 CONSIG FUNDO DE DIREITO CREDITORIO DE RESPONSABILIDADE LIMITADA,65463011000153,6179101.06,90309.28,351156.89999999997,591113.52,1215168.2600000002,25,6084044.16,0.01484362664455085,0.05771767770995271,0.09715799301496195,False
ICRED INSS FUNDO DE INVESTIMENTO EM DIREITOS CREDITÓRIOS RESPONSABILIDADE LIMITADA,57823707000115,192256772.17,89332.86,380368.19,681030.2799999999,1472758.0800000003,25,192378705.95,0.000464359397568762,0.001977184471231755,0.0035400502183282304,False
K-FUNDO DE INVESTIMENTO EM DIREITOS CREDITÓRIOS - RESP LIMITADA CRÉDITO PESSOAL,45963673000185,62757211.36,88810.08,383192.13999999996,664546.1399999999,1222046.5,24,58427047.45,0.0015200165655469896,0.006558471747659738,0.011373946981810046,False
CONSIGNADO PLGN I FUNDO DE INVESTIMENTO EM DIREITOS CREDITÓRIOS RESPONSABILIDADE LIMITADA,52596071000100,302242413.12,88476.38,231681.80000000002,371323.62000000005,715832.9299999998,25,291468742.56,0.00030355357910046493,0.0007948770010983507,0.0012739740691870643,False
FUNDO DE INVESTIMENTO EM DIREITOS CREDITÓRIOS PIX CARD CONSIG,54287342000163,19773110.14,88338.36,396075.33,707802.79,1515596.41,25,14138432.7,0.006248101318896543,0.028014090274659655,0.05006232338609923,False
FGTS V FUNDO DE INVESTIMENTO EM DIREITOS CREDITÓRIOS,55768379000176,186681156.87,88205.38,367032.52,560137.05,937059.1500000001,24,183235927.69,0.0004813760113094555,0.0020030597963350753,0.0030569171508092255,False
CONECTEPAG ELETROBIDU FUNDO DE INVESTIMENTO EM DIREITOS CREDITÓRIOS RESP LIMITADA,64655872000170,18987136.39,87876.9,401492.39999999997,783255.2799999999,1664008.9899999995,24,18234054.99,0.0048193832939625245,0.022018821387792688,0.042955627830976506,False
UP.P II FUNDO DE INVESTIMENTO EM DIREITOS CREDITÓRIOS - RESPONSABILIDADE LIMITADA,53109903000171,146633199.97,86412.95,288410.6,487386.76,920483.2399999999,24,146102736.78,0.0005914533286951341,0.0019740259926430107,0.0033359180720474936,False
NEW ERA FUNDO DE INVESTIMENTO EM DIREITOS CREDITÓRIOS,55102194000128,754024.0,85689.72,256026.93999999997,405124.86,686036.98,25,833967.14,0.10274951600611026,0.306998834510434,0.4857803630008731,False
ATLAS HUB II FUNDO DE INVESTIMENTO EM DIREITOS CREDITÓRIOS DE RESPONSABILIDADE LIMITADA,64414126000195,6766622.72,84571.17,314977.22000000003,512102.22000000003,908849.81,24,6115835.56,0.013828228239674908,0.051501911212275965,0.08373381118180359,False
AZURE CONSIGNADOS III FUNDO DE INVESTIMENTO EM DIREITOS CREDITÓRIOS,64145940000151,10057435.9,84552.11,382245.85,706358.88,1470586.3999999997,24,9306842.38,0.009084940578954986,0.041071486374522646,0.07589672749996652,False
ATLAS HUB I FUNDO DE INVESTIMENTO EM DIREITOS CREDITÓRIOS DE RESPONSABILIDADE LIMITADA,63802702000109,24677848.17,84378.77,321857.66,590731.48,1224774.65,24,22534669.28,0.0037443979741423566,0.01428277717328896,0.026214339898224588,False
FIDC VALE CONSIGNADO FINANCEIRO RESP LIMITADA,61386747000114,67261860.77,84343.09,264895.83999999997,463589.77,922705.6399999999,24,60874969.7,0.0013855134617011561,0.0043514738702202585,0.0076154414907248814,False
SUN CAPITAL FUNDO DE INVESTIMENTO EM DIREITOS CREDITÓRIOS NÃO PADRONIZADOS,32156038000144,213548427.06,84245.39,296232.58999999997,463445.23000000004,781033.6,25,158572305.71,0.0005312742954880756,0.001868123116919014,0.0029226114101383966,False
ARV MAISTODOS FIDC RESPONSABILIDADE LIMITADA,64656289000184,7362795.74,83910.25,83910.25,83910.25,83910.25,1,83910.25,1.0,1.0,1.0,False
FUNDO DE INVESTIMENTO EM DIREITOS CREDITÓRIOS 360 CONSIGNADO,64656407000154,8961875.05,80142.81,373149.93,664863.8699999999,1241366.1600000001,24,8288468.55,0.009669193955015972,0.045020371103416924,0.08021552666686536,False
CONDOBLUE I FUNDO DE  INVESTIMENTO EM DIREITOS CREDITÓRIOS RESPONSABILIDADE LIMITADA,42860984000120,6307897.74,79621.89,209643.75999999998,314047.51999999996,582711.01,25,5596797.93,0.014226329232508132,0.03745780401973526,0.05611199902655767,False
ABC I FUNDO DE INVESTIMENTO EM DIREITOS CREDITÓRIOS,45880936000192,78780233.92,79409.08,294570.08999999997,471151.1400000001,823696.8199999998,24,69175313.52,0.001147939574961828,0.004258312322861156,0.0068109722388721905,False
ARTESANAL CONSIGNADO PRIVADO FUNDO DE INVESTIMENTO EM DIREITOS CREDITÓRIOS - RESPONSABILIDADE LIMITA,47463397000111,111138934.09,79298.48,310824.49,522411.30999999994,1030066.95,25,109528071.56,0.0007240014260322288,0.002837852301907177,0.004769656788066614,False
ROMA CONSIGNADO FUNDO DE INVESTIMENTO EM DIREITOS CREDITÓRIOS,55752712000159,7458862.57,78605.57,303521.04000000004,547275.17,1101335.18,25,7550908.27,0.010410081435143697,0.04019662657085888,0.0724780583250285,False
MAVERICKS CONSIG FUNDO DE INVESTIMENTO EM DIREITOS CREDITÓRIOS RESPONSABILIDADE LIMITADA,60869078000179,29169304.1,78179.24,347126.89,626516.5599999999,1269675.97,25,31314969.35,0.00249654531435778,0.011085014521976532,0.020006935117757026,False
GUARDIAN CAPITAL CONSIG I FUNDO DE INVESTIMENTO EM DIREITOS CREDITÓRIOS CONSIGNADOS,44271111000108,485307.98,77986.32,310419.87,495641.31000000006,837110.5700000001,24,912110.44,0.0855009619229882,0.3403314515290495,0.5434005447849057,False
STORRBERG FUNDO DE INVESTIMENTO EM DIREITOS CREDITÓRIOS DE RESPONSABILIDADE LIMITADA,57333077000109,55118210.8,75666.18,342653.27,609504.2300000001,1123437.92,24,52420563.11,0.001443444623843912,0.006536619404125283,0.011627197302726574,False
MCC FUNDO DE INVESTIMENTO EM DIREITOS CREDITÓRIOS - RESPONSABILIDADE LIMITADA,47117716000137,87438876.12,75662.47,314340.64,577511.0499999999,1280152.5100000002,25,84354565.16,0.0008969576199757154,0.0037264212008416217,0.0068462335014661336,False
FUNDO DE INVESTIMENTO EM DIREITOS CREDITÓRIOS MT I RECEIVABLES RESPONSABILIDADE LIMITADA,40750266000176,1701914787.69,75558.74,312961.24,540553.26,1118670.73,25,1636235860.48,4.61783914073576e-05,0.0001912690264031928,0.0003303638998850846,False
ALLCON PRIME FUNDO DE INVESTIMENTO EM DIREITOS CREDITÓRIOS NÃO PADRONIZADOS-RESP LIMITADA,27984240000124,107660185.57,73774.32,115790.78000000001,127155.83,131583.46000000005,25,96285353.29,0.0007662050091647953,0.0012025793751958512,0.0013206144616515225,False
OKLAHOMA FUNDO DE INVESTIMENTO EM DIREITOS CREDITÓRIOS,57976577000150,472862.85,73348.42,273010.0,470268.89,796415.7000000001,25,816041.23,0.08988322808150269,0.3345541744257211,0.5762807964984809,False
FIDC MULTISEGMENTOS NPL IPANEMA VI RESPONSABILIDADE LIMITADA,26405883000103,2633629374.15,71879.4,306008.02,545478.71,1131120.51,24,1470927669.0,4.886671283358665e-05,0.00020803743545597824,0.00037083992741182163,False
SERIGY FUNDO DE INVESTIMENTO EM DIREITOS CREDITÓRIOS RESPONSABILIDADE LIMITADA,55261422000102,21436196.49,71110.32,329255.28,627591.4700000001,1314721.7000000002,25,19191713.49,0.003705261650402015,0.017156116892405735,0.03270116919612268,False
GONN FUNDO DE INVESTIMENTO EM DIREITOS CREDITORIOS,47669805000196,1370830378.37,70537.94,253047.8,424238.89,821603.5800000001,24,1241951019.54,5.679607238144238e-05,0.0002037502252655061,0.00034159067734984566,False
TAGUAÍBA FUNDO DE INVESTIMENTO EM DIREITOS CREDITÓRIOS CONSIGNADOS,58137246000190,11026023.18,69726.92,334830.66,616023.71,1249621.3099999998,24,10418269.62,0.006692754415392064,0.03213879772867694,0.059129177154084826,False
BAHREIN I FUNDO DE INVESTIMENTO EM DIREITOS CREDITORIOS,61306033000159,32774921.71,68855.3,125922.05,137603.92,155477.02000000002,25,20300186.88,0.003391855474386648,0.006202999545982506,0.006778455824737709,False
NEO ATIVOS JUDICIAIS I FUNDO DE INVESTIMENTO EM DIREITOS CREDITÓRIOS - RESPONSABILIDADE LIMITADA,63249864000161,5704939.72,66622.07,188523.49,211205.97,211205.97,7,211205.97,0.315436490739348,0.8926049296807282,1.0,False
FUNDO DE INVESTIMENTO EM DIREITOS CREDITÓRIOS SEBRAE MPE,36312154000166,52284.72,65225.16,304566.78,564960.11,1164965.6899999997,24,110659.96,0.58941969615749,2.752276252404212,5.105370632702198,True
NILO FUNDO DE INVESTIMENTO EM DIREITOS  CREDITÓRIOS- RESPONSABILIDADE LIMITADA,59928229000133,33820910.98,64981.63,287683.67,524614.9500000001,1135573.7599999995,25,33038837.25,0.0019668255728339835,0.008707439303118937,0.01587873526027312,False
CONCORDE FUNDO DE INVESTIMENTO EM DIREITOS CREDITÓRIOS - RESPONSABILIDADE LIMITADA,64191668000146,9185888.76,64613.44,266363.53,495508.56999999995,1025014.95,24,9085973.91,0.0071113389318548026,0.029315903021341606,0.054535548407710535,False
MOSAICO MULTICONSIGNADO I FUNDO DE INVESTIMENTO EM DIREITOS CREDITÓRIOS FINANCEIROS DE RESP LIMITADA,57937985000101,11328064.96,64410.83,312263.75,588982.04,1196857.87,24,10085085.64,0.006386741005404094,0.030962924971254878,0.05840129286200092,False
FUNDO DE INVESTIMENTO EM DIREITOS CREDITÓRIOS NEXT CONSIG,60371387000114,5209401.33,64025.94,307375.98,597490.6399999999,1287194.26,25,5059597.52,0.012654354372440281,0.06075107333833937,0.11809054724969506,False
SIZE FÁCIL FUNDO DE INVESTIMENTO EM  DIREITOS CREDITÓRIOS - RESPONSABILIDADE LIMITADA,55847499000169,107908623.09,63947.25,9009906.51,11309639.77,14580744.439999998,25,101668691.77,0.000628976815642171,0.08862026601446453,0.11124014259557144,False
ANGÁ FGTS II FUNDO DE INVESTIMENTO EM DIREITOS CREDITÓRIOS - RESPONSABILIDADE LIMITADA,53577135000180,249730019.95,63894.03,246274.05,401526.11000000004,782133.21,25,247259405.24,0.0002584088962682,0.000996014892784185,0.0016239063165676651,False
VCG FUNDO DE INVESTIMENTO EM DIREITOS CREDITÓRIOS RECEBÍVEIS COMERCIAIS,60910091000124,20505916.15,63804.85,155479.02,169197.55000000002,186975.28000000003,25,20545011.35,0.003105612789062781,0.007567726167257628,0.008235456633125686,False
UP.P CRÉDITO PESSOAL FUNDO DE INVESTIMENTO EM DIREITOS CREDITÓRIOS - RESPONSABILIDADE LIMITADA,41332977000193,67128843.22,63177.33,265889.79000000004,484781.23000000004,949912.6900000001,24,66478045.54,0.0009503487878864617,0.003999663164585871,0.007292350821419773,False
NTZ LEVE SAUDE FUNDO DE INVESTIMENTO EM DIREITOS CREDITÓRIOS COMERCIAIS - RESPONSABILIDADE LIMITADA,61302922000148,78398951.32,62795.24,207590.02000000002,331632.82999999996,591189.47,24,73702145.38,0.0008520137327921024,0.002816607561824546,0.004499636045737045,False
ANGÁ FGTS +AG FUNDO DE INVESTIMENTO EM DIREITOS CREDITÓRIOS - RESPONSABILIDADE LIMITADA,53270983000142,71093264.7,62387.89,172074.62,295595.75,595375.18,24,70306496.79,0.0008873701983238866,0.002447492448869603,0.004204387410781131,False
C+ VALORA FUNDO DE INVESTIMENTO EM DIREITOS CREDITÓRIOS,32990730000173,28943462.88,62219.25,286760.24,501203.93999999994,999003.6900000001,25,27351401.83,0.0022748102779783556,0.010484297725664324,0.01832461616099916,False
GPC FUNDO DE INVESTIMENTO EM DIREITOS CREDITÓRIOS RESPONSABILIDADE LIMITADA,63453304000124,79433344.72,62043.34,246676.33999999997,392120.2299999999,696341.2300000001,24,75070013.04,0.0008264730148233899,0.0032859504083016734,0.005223393657745392,False
ADVANTAGE CREDIT FUNDO DE INVESTIMENTO EM DIREITOS CREDITÓRIOS NÃO-PADRONIZADO,49000687000154,17850398.3,61865.85,201207.56,344646.94,696518.6500000001,25,17446806.65,0.003545969829384222,0.011532629668937153,0.019754155984757247,False
TAYA FGTS FUNDO DE INVESTIMENTO EM DIREITOS CREDITÓRIOS - RESPONSABILIDADE LIMITADA,54968056000163,295849655.91,61580.5,257666.77,453243.07,913432.7999999999,24,293766448.43,0.00020962400685684048,0.0008771143586242388,0.001542868739511622,False
DIGITAL STRATEGY FUNDO DE INVESTIMENTO EM DIREITOS CREDITÓRIOS -  RESPONSABILIDADE LIMITADA,42556334000196,40760713.83,61495.79,209615.51,352480.48,672808.39,24,20745276.54,0.0029643273195913734,0.010104252387083389,0.016990878830675737,False
FUNDO DE INVESTIMENTOS EM DIREITOS CREDITÓRIOS PICPAY FGTS II DE RESPONSABILIDADE LIMITADA,65839682000176,1420614297.06,61352.77,277552.08,499038.68000000005,1047583.3899999998,24,1407879793.19,4.357813095746318e-05,0.00019714188764022062,0.00035446114250227927,False
SIMPLIX FGTS FUNDO DE INVESTIMENTO EM DIREITOS CREDITÓRIOS FINANCEIROS DE RESPONSABILIDADE LIMITADA,57391695000105,108159829.29,60631.94,223881.62,368140.51,709678.96,24,104660363.66,0.0005793209375515751,0.002139125187136771,0.003517477840951733,False
LCPF I FUNDO DE INVESTIMENTO EM DIREITOS CREDITÓRIOS RESPONSABILIDADE LIMITADA,52325895000138,83704329.17,58740.09,236714.72999999998,407981.35,801289.81,24,6593246.78,0.008909129592749749,0.03590260427048659,0.061878671254589374,False
GUARDIAN MULTI CONSIGNADO XV FUNDO DE INVESTIMENTO EM DIREITOS CREDITÓRIOS RESPONSABILIDADE LIMITADA,63615626000122,120599988.93,58421.83,210047.24,362069.48000000004,756551.64,24,120795362.4,0.0004836429879364309,0.001738868412054203,0.0029973789788472873,False
UP.P III FUNDO DE INVESTIMENTO EM DIREITOS CREDITÓRIOS - RESPONSABILIDADE LIMITADA,58893878000183,163520394.22,57964.09,217329.66000000003,379831.13,770729.7,24,149324144.69,0.0003881762733035213,0.0014554220983564372,0.00254366854595777,False
BPD CONSIGNADO FUNDO DE INVESTIMENTO EM DIREITOS CREDITÓRIOS,40265649000159,44402924.27,57431.78,246677.03,460990.54000000004,1023213.7000000002,25,43894789.19,0.0013083963053428667,0.005619733789636182,0.010502170041290955,False
CONECTEPOWER FUNDO DE INVESTIMENTO EM DIREITOS CREDITÓRIOS RESPONSABILIDADE LIMITADA,65343842000191,9727905.03,57255.77,278880.82,529131.0200000001,1078204.07,24,9746798.6,0.00587431549062684,0.028612555921695152,0.05428767349312011,False
FUNDO DE INVESTIMENTO EM DIREITOS CREDITÓRIOS  MULTICRED CONSIGNADO,54111764000183,66804309.94,56612.12,240870.13,425578.20999999996,913363.4499999998,25,65976813.48,0.0008580608400731754,0.003650830000648889,0.006450420800165022,False
DEZEMBRO81 FUNDO DE INVESTIMENTOS EM DIREITOS CREDITÓRIOS RESPONSABILIDADE LIMITADA,63851030000121,37528741.91,56444.27,94234.16999999998,138978.54999999996,255123.33999999997,24,1527049.11,0.036962969710908636,0.06170997997569311,0.09101118561930202,False
ALGARVE II FUNDO DE INVESTIMENTO EM DIREITOS CREDITÓRIOS,29319754000190,22481.79,56122.94,56122.94,56122.94,56122.94,1,0.0,,,,False
TNB FUNDO DE INVESTIMENTO EM DIREITOS CREDITÓRIOS RESPONSABILIDADE LIMITADA,61868687000176,110611592.22,55578.23,266379.72,516447.37000000005,1211510.6900000002,25,108646402.11,0.0005115515002855717,0.0024518043379872026,0.004753469603872555,False
BDM FUNDO DE INVESTIMENTO EM DIREITOS CREDITÓRIOS  RESPONSABILIDADE LIMITADA,61228553000190,4202074.44,54902.4,65958.87,65958.87,65958.87,2,65958.87,0.8323732653394457,1.0,1.0,False
TAYA TECH FGTS I FUNDO DE INVESTIMENTO EM DIREITOS CREDITÓRIOS,57584334000177,420305555.84,53913.4,167140.33,304938.61,670824.5900000002,24,419328519.61,0.00012857079229941862,0.0003985904182130284,0.0007272069409531474,False
SPARK FUNDO DE INVESTIMENTO EM DIREITOS CREDITÓRIOS DE RESPONSABILIDADE LIMITADA,39663988000104,117103997.53,53263.32,238487.24,441519.3,912514.3700000001,25,106336510.43,0.0005008939994797231,0.002242759697827334,0.004152095063253431,False
FIDC SUMMIT CONSIG FUNDO DE  INVESTIMENTO EM DIREITOS CREDITÓRIOS RESPONSABILIDADE LIMITADA,66607729000139,1197594.73,53221.3,170291.22,274572.16000000003,499479.00999999995,24,1218132.34,0.04369090143358315,0.1397969780524832,0.22540421182808432,False
GW4 FUNDO DE INVESTIMENTO EM DIREITOS CREDITORIOS,66032389000165,5293210.15,53174.17,152236.04,226649.42,382496.86000000004,25,731964.38,0.0726458437772614,0.20798285293609506,0.30964542290978697,False
MGW ATIVOS FUNDO DE INVESTIMENTO EM DIREITOS CREDITÓRIOS  RESPONSABILIDADE LIMITADA,41579637000161,200342130.57,52027.25,250550.03000000003,445543.29,847638.3399999999,24,206592450.96,0.00025183519416241114,0.001212774372130911,0.0021566290923489026,False
SOLIS  KEDU FUNDO DE INVESTIMENTO EM DIREITOS CREDITÓRIOS,47117685000114,128515890.89,51688.26,212538.31,370430.4,761974.4,25,126217904.11,0.0004095160695661151,0.001683899851599271,0.0029348482896465046,False
FUNDO DE INVESTIMENTO EM DIREITOS CREDITÓRIOS DE  RESPONSABILIDADE LIMITADA SAQUE FGTS,54326936000136,71839094.06,51043.72,182639.46,309863.57,615471.6,24,71481163.24,0.000714086308705124,0.0025550711784975144,0.004334898257875637,False
FUNDO DE INVESTIMENTO EM DIREITOS CREDITÓRIOS DAYCOVAL FGTS I RESPONSABILIDADE LIMITADA,63848380000139,102701036.48,50588.78,216021.87,403566.79,866389.1300000001,24,101443950.31,0.0004986870074105654,0.0021294702083255257,0.003978224317633042,False
MT CP III FUNDO DE INVESTIMENTO EM DIREITOS CREDITÓRIOS RESPONSABILIDADE LIMITADA,62274607000117,697089883.97,50411.93,246164.02999999997,481559.64999999997,1152036.0600000003,25,469581672.88,0.00010735497765663993,0.0005242198412264406,0.001025507761081342,False
VIA INVEST II FUNDO DE INVESTIMENTO EM DIREITOS CREDITÓRIOS RESPONSABILIDADE LIMITADA,30035329000159,202884356.35,50311.51,198138.53,344366.05,683128.9800000001,24,201260499.16,0.0002499820392475668,0.000984487919025193,0.001711046387330246,False
IRONWOOD CONSIG MULTI I FUNDO DE INVESTIMENTO EM DIREITOS CREDITÓRIOS DE RESPONSABILIDADE LIMITADA,55685665000178,90189403.33,50150.44,196319.77999999997,335292.79,652603.0500000002,24,87173219.38,0.0005752964081937523,0.002252065271837847,0.0038462820621366846,False
PASQUINI FUNDO DE INVESTIMENTO EM DIREITOS CREDITÓRIOS MULTISEGMENTOS DE RESPONSABILIDADE LIMITADA,51768553000120,10531865.3,49324.06,204852.40999999997,370347.73000000004,794186.6200000001,25,9763070.18,0.005052105443330942,0.02098237605826572,0.03793353147851694,False
GV CONSIGNADO PRIVADO I FUNDO DE INVESTIMENTO EM DIREITOS CREDITÓRIOS RESPONSABILIDADE  LIMITADA,63516387000153,114443604.59,49037.82,230808.07,430869.55,922692.5400000002,25,92563761.67,0.0005297734136478293,0.0024935035680902443,0.004654840536149529,False
J17 FGTS FUNDO DE INVESTIMENTO EM DIREITOS CREDITÓRIOS FINANCEIRO - RESPONSABILIDADE LIMITADA,54252144000164,213618399.48,48578.78,219617.18,411287.95,916833.65,25,211916758.91,0.00022923519711166954,0.0010363370085952964,0.0019407995484428486,False
FUNDO DE INVESTIMENTO EM DIREITOS CREDITÓRIOS EMPÍRICA NOVERDE CRÉDITO PESSOAL,26758072000196,90787060.8,48093.57,186451.01,335101.73,691625.5099999999,24,88716019.1,0.0005421069440208911,0.0021016611418264147,0.0037772403834112076,False
EXPLORER FUNDO DE INVESTIMENTO EM DIREITOS CREDITÓRIOS - RESPONSABILIDADE LIMITADA,55636084000146,23341250.38,47560.43,126874.20999999999,155719.05999999997,182984.86999999997,25,22283264.35,0.002134356495214311,0.005693699451175787,0.006988161947645699,False
MT CONSIGNADO PRIVADO II FUNDO DE INVESTIMENTO EM DIREITOS CREDITÓRIOS RESPONSABILIDADE LIMITADA,58458416000138,387756518.91,46364.46,207729.69,378948.01000000007,811938.3500000001,24,330309719.49,0.00014036662339693477,0.0006288936647723711,0.0011472505580068847,False
FUNDO DE INVESTIMENTO EM DIREITOS CREDITÓRIOS PARCRED CONSIGNADO PÚBLICO - RESPONSABILIDADE LIMITADA,60008909000118,2406522.39,46121.28,181991.71,314011.63999999996,582658.89,24,1538110.94,0.029985665403303094,0.11832157568556141,0.20415409047152344,False
SIMPLIX CONSIGNADO PRIVADO II FUNDO DE INVESTIMENTO EM DIREITOS CREDITÓRIOS RESP LIMITADA,64381894000190,100132994.58,45595.36,174167.59000000003,306405.16,633998.8800000002,24,95335225.01,0.0004782635169237537,0.0018268965115646504,0.003213976365691277,False
TOPCRED FUNDO DE INVESTIMENTO EM DIREITOS CREDITÓRIOS RESPONSABILIDADE LIMITADA,43181488000103,119403421.23,45322.0,168344.11000000002,294676.51999999996,606650.7799999999,24,115610146.94,0.00039202441307787164,0.001456136113098863,0.002548881112943597,False
DIRETTO FGTS FUNDO DE INVESTIMENTO EM DIREITOS CREDITÓRIOS RESPONSABILIDADE LIMITADA,63672540000131,128170437.56,44839.19,172020.63000000003,292368.72000000003,557779.3599999999,24,127423352.23,0.0003518914642825042,0.0013499929721633884,0.002294467339646445,False
GV CONSIGNADO PRIVADO II FUNDO DE INVESTIMENTO EM DIREITOS CREDITÓRIOS RESPONSABILIDADE LIMITADA,64039922000195,76193940.19,44764.6,204093.51,360971.85000000003,696850.41,25,65457322.06,0.000683874600903586,0.0031179630265491492,0.0055146137764255495,False
FUNDO DE INVESTIMENTO EM  DIREITOS CREDITÓRIOS CONSIG PREMIUM I RESPONSABILIDADE  LIMITADA,66226355000101,748831543.44,44538.37,198343.27000000002,355758.43,744878.54,24,746388857.97,5.9671804481559065e-05,0.0002657371795975713,0.0004766395240244853,False
QUATÁ FDC FGTS FUNDO DE INVESTIMENTO EM DIREITOS CREDITÓRIOS,55401645000128,225010783.2,43194.09,195848.4,362583.01,774986.8400000001,25,224803068.57,0.00019214190569000203,0.0008711998517004941,0.0016128917292207584,False
GRUPO CASAS BAHIA FUNDO DE INVESTIMENTO EM DIREITOS CREDITÓRIOS,52667588000135,164893557.73,42979.9,155988.81999999998,288326.46,659111.8000000002,25,44223258.06,0.0009718845215268158,0.0035273027552235477,0.006519792359233516,False
CREDIFIT CONSIGNADO PRIVADO FUNDO DE INVESTIMENTO EM DIREITOS CREDITORIOS - RESPONSABILIDADE LIMITAD,62456242000141,33653676.97,41692.55,180394.58000000002,303966.78,600691.95,25,31482471.48,0.0013243099426449476,0.005730000585074778,0.009655111740293397,False
IBBA AGRO BR FUNDO DE INVESTIMENTO EM DIREITOS CREDITÓRIOS,48313595000161,609029.22,41600.0,41600.0,41600.0,41600.0,1,0.0,,,,False
FUNDO DE INVESTIMENTO DIREITOS CREDITÓRIOS POUPACRED RESPONSABILIDADE ILIMITADA,53270792000180,106937710.14,41597.03,188054.11000000002,339641.80999999994,691529.2300000001,24,105724001.59,0.0003934492582045295,0.0017787267524102804,0.0032125326784086202,False
FUNDO DE INVESTIMENTO EM DIREITOS CREDITÓRIOS INTRA DIGITAL CASH CLT,66282332000114,12812479.59,41289.41,143014.11,246347.71,482591.94999999995,24,12515574.96,0.0032990422039707876,0.011426890930466688,0.019683291481800206,False
NOVO OLHAR FUNDO DE INVESTIMENTO EM DIREITOS CREDITÓRIOS RESPONSABILIDADE LIMITADA,60757582000187,1064930.86,41106.4,110655.77,167222.4,298775.49,25,987630.73,0.04162122415935762,0.11204164333768757,0.1693167242781115,False
FUNDO DE INVESTIMENTO EM DIREITOS CREDITÓRIOS ZIPDIN I,19599487000107,89758241.51,41095.66,162180.26,286638.13,622328.44,25,77872553.08,0.0005277297118765534,0.0020826369957767927,0.003680862109471755,False
ELLEVE NPL FUNDO DE INVESTIMENTO EM DIREITOS CREDITÓRIOS - RESPONSABILIDADE LIMITADA,47117740000176,1772175.83,40865.52,192412.56,365049.76,831650.65,25,1150034.27,0.03553417586416794,0.16731028371876258,0.3174251146446271,False
LIBRA CONSIGNADO FUNDO DE INVESTIMENTO EM DIREITOS CREDITÓRIOS,54842157000193,15452496.75,39317.62,103372.64,165009.8,303048.1699999999,25,12402977.23,0.0031700146884813723,0.008334502118569155,0.013304047644373526,False
MUNDO FUNDO DE INVESTIMENTO EM DIREITOS CREDITÓRIOS NÃO PADRONIZADOS-RESPONSABILIDADE LIMITADA,27984265000128,100887070.68,39121.69,115487.95000000001,143964.84999999998,164111.94999999998,25,96544919.32,0.0004052174912522368,0.0011962095034458828,0.0014911696132121227,False
FUNDO DE INVESTIMENTO EM DIREITOS CREDITÓRIOS PRATA DIGITAL,50057356000130,202932945.36,38622.02,155756.85,287153.92,615479.91,24,202000867.4,0.00019119729779932615,0.0007710702038302238,0.0014215479551945725,False
NACIONAL CONSIG FUNDO DE INVESTIMENTO EM DIREITOS CREDITÓRIOS RESPONSABILIDADE LIMITADA,65910958000165,2443988.46,38577.16,177905.26,311654.5,636630.1099999999,25,2438961.07,0.01581704623108232,0.07294305029641167,0.1277816623780715,False
AGAZZII FUNDO DE INVESTIMENTO EM DIREITOS CREDITORIOS NÃO-PADRONIZADOS,47669281000133,1891123.07,38425.15,130391.37,211447.11000000002,390453.89999999997,25,514856.45,0.07463274471942616,0.25325771872917197,0.41069138786160686,False
GTCS FUNDO DE INVESTIMENTO EM DIREITOS CREDITÓRIOS,57107628000108,149471949.4,38031.56,177120.87,321441.83999999997,706854.1199999999,25,144524481.42999998,0.0002631496036083027,0.001225542331980537,0.0022241341869521907,False
FUNDO DE INVESTIMENTO EM DIREITOS CREDITÓRIOS CONSIGNADO EXT V-EIGHT - RESPONSABILIDADE LIMITADA,63934300000168,174226321.8,37441.96,165692.49,313342.18999999994,689678.38,24,166185169.82,0.00022530265510788044,0.000997035356280385,0.001885500314735605,False
LEVER I FGTS FUNDO DE INVESTIMENTO EM DIREITOS CREDITÓRIOS,62627243000101,82860747.91,37304.47,132657.99,232690.65,485365.16,25,81921875.11,0.0004553664079332864,0.001619323163951929,0.002840397020790312,False
FUNDO DE INVESTIMENTO EM DIREITOS CREDITÓRIOS PRATA DIGITAL IV,56780135000171,144396198.14,36630.87,154087.98,292889.17,649503.5900000002,24,144098206.83,0.0002542076740983689,0.0010693261449241033,0.0020325663756908248,False
COBUCCIO FUNDO DE INVESTIMENTO EM DIREITOS CREDITÓRIOS CONSIGNADO PRIVADO - RESP LIMITADA,64352617000159,64094429.03,36409.22,173583.07,303894.72000000003,603556.8299999998,24,56899707.61,0.0006398841317349961,0.0030506847449861614,0.00534088368402426,False
VLTZ I FUNDO DE INVESTIMENTO EM DIREITOS CREDITÓRIOS NÃO PADRONIZADO,43143355000142,63689379.59,35951.52,165638.05,293676.31,594198.26,24,52870824.12,0.0006799878874292077,0.0031328819392724837,0.005554600573909117,False
ULEND FUNDO DE INVESTIMENTO EM DIREITOS CREDITORIOS,41391264000109,2464954.2,35869.56,250993.74,290098.08,290098.08,7,179254.63,0.20010395268451361,1.4002078495824626,1.6183575286172525,True
KYOMI RENDA FUNDO DE INVESTIMENTO EM DIREITOS CREDITÓRIOS,51628065000117,107579251.03,35802.08,111291.23999999999,191550.86,362968.66000000003,24,23201513.44,0.001543092440611064,0.004796723295133457,0.008255964012664856,False
SELEÇÃO CONSIGNADO CLT  FUNDO DE INVESTIMENTO EM DIREITOS CREDITÓRIOS RESPONSABILIDADE LIMITADA,66687599000191,10813271.44,35643.91,134445.75,239604.35000000003,513008.11,25,9696526.56,0.0036759462039776024,0.013865351594519841,0.024710327818665823,False
FIG NOBILE FUNDO DE INVESTIMENTO EM DIREITOS CREDITÓRIOS DE RESPONSABILIDADE LIMITADA,62475218000150,1308887.27,35548.37,125621.54,200240.49,340231.74,25,365609.23,0.09723050482067973,0.34359510015652506,0.5476899201915663,False
FUNDO DE INVESTIMENTO EM DIREITOS CREDITÓRIOS CV 01 RESPONSABILIDADE LIMITADA,47227461000165,47814147.04,35395.85,139276.83000000002,237964.88,476704.56,24,47126661.47,0.0007510790897533102,0.002955372302123739,0.005049474598396584,False
INSS SOLIS ITER FUNDO DE INVESTIMENTO EM DIREITOS CREDITÓRIOS - RESPONSABILIDADE LIMITADA,55581400000120,517208086.1,35070.35,161960.5,310896.52,737446.0700000002,25,515375764.72,6.804811634682408e-05,0.0003142571131337384,0.000603242413171888,False
PORTOSEG FUNDO DE INVESTIMENTO EM DIREITOS CREDITÓRIOS DE RESPONSABILIDADE ILIMITADA,47240716000120,10983998.9,35000.01,86061.68,135915.16,242555.05000000002,24,8247826.09,0.004243543646299167,0.010434468314547111,0.01647890711041896,False
SIMPLIX CONSIGNADO PRIVADO I FUNDO DE INVESTIMENTO EM DIREITOS CREDITÓRIOS RESP LIMITADA,62159526000176,98605671.44,34218.33,159910.82,304847.52,688945.94,24,94888760.81,0.00036061520571985223,0.0016852451084296124,0.0032126831186088498,False
FUNDO DE INVESTIMENTO EM DIREITOS CREDITÓRIOS CONCRÉDITO DE RESPONSABILIDADE ILIMITADA,52511329000110,103048400.38,33941.31,133822.47,237003.48,469543.59,24,101921930.82,0.00033301282390285863,0.0013129899416479678,0.0023253433102495068,False
THE ONE FUNDO DE INVESTIMENTO EM DIREITOS CREDITÓRIOS - RESPONSABILIDADE LIMITADA,55508226000190,47567189.28,33668.45,153192.94,265253.68,570776.32,25,45447200.58,0.0007408256079653124,0.003370789356548746,0.005836524067815312,False
BIAGRO FUNDO DE INVESTIMENTO EM DIREITOS CREDITÓRIOS,62190416000177,271101548.08,33478.69,2475289.43,3656112.5300000007,4234737.98,25,261319430.5,0.00012811404776117482,0.00947227469945064,0.013990970832151728,False
FIDC UP.P CONSIGNADO PRIVADO - RESP LIMITADA,62339527000100,327690730.93,33385.31,157946.69999999998,300677.07,656239.6499999998,24,270063383.82,0.0001236202758321789,0.000584850481268031,0.0011133574116823047,False
NOVALAR-ELETRO FUNDO DE INVESTIMENTO EM DIREITOS  CREDITÓRIOS RESPONSABILIDADE LIMITADA,54478603000122,28076452.27,32613.48,110174.3,171701.97000000003,330594.34,25,21970238.69,0.0014844390386547957,0.005014706556199003,0.007815207309429556,False
HUBCRED FUNDO DE INVESTIMENTO EM DIREITOS CREDITÓRIOS,46075403000109,8179204.88,32352.4,130914.11,240705.16999999998,471335.75,24,6345485.86,0.00509849059848035,0.02063106165364617,0.03793329231372678,False
FIBRA RUBICON FUNDO DE INVESTIMENTO EM DIREITOS CREDITÓRIOS RESPONSABILIDADE LIMITADA,62323195000168,223298358.63,32345.27,127124.26,241914.43,579783.64,25,207752716.29,0.0001556912014322333,0.0006119017949327241,0.001164434498475168,False
ALTIORA FUNDO DE  INVESTIMENTO EM DIREITOS CREDITÓRIOS NÃO PADRONIZADOS RESPONSABILIDADE  LIMITADA,63457729000101,398074.89,32130.03,67446.73,77532.79,98548.29000000001,25,419543.66,0.07658328098677501,0.16076212425662684,0.1848026734571558,False
AIBR FUNDO DE INVESTIMENTO EM DIREITOS CREDITÓRIOS DE RESPONSABILIDADE LIMITADA,62161418000138,30933490.24,32122.26,79691.57,110322.95,166600.42999999996,25,18017399.6,0.0017828466212183025,0.004423033943255607,0.006123133884425807,False
MIDCARD FUNDO DE INVESTIMENTO EM DIREITOS CREDITÓRIOS RESPONSABILIDADE LIMITADA,55676289000155,70702525.78,31729.76,55176431.04,55176431.04,55176431.04,3,55176431.04,0.0005750600283841772,1.0,1.0,False
EOS FINANCIAMENTO FUNDO DE INVESTIMENTO EM DIREITOS CREDITÓRIOS DE RESPONSABILIDADE LIMITADA,61145490000109,6192805.38,31614.87,280844.18,460097.87000000005,950024.4700000001,25,5533104.96,0.005713766543116507,0.05075706714950876,0.08315364941134246,False
RIACHUELO MIDWAY EP FUNDO DE  INVESTIMENTO EM DIREITOS  CREDITÓRIOS CRÉDITO PESSOAL -  RESP LIMITADA,60940790000117,293144756.12,31522.72,145870.51,283402.41000000003,646791.3800000001,24,234171681.01,0.00013461371530511354,0.0006229212233129539,0.0012102334867207863,False
FUNDO DE INVESTIMENTO EM DIREITOS CREDITÓRIOS PRATA DIGITAL III FGTS RESPONSABILIDADE LIMITADA,55175561000113,139891954.25,30402.0,134789.91,255550.41,602829.29,25,133532449.73,0.0002276749963134223,0.0010094168890973135,0.0019137701024486403,False
NEO CONSIGNADO PRIVADO I - FUNDO DE INVESTIMENTO EM DIREITOS CREDITÓRIOS RESPONSABILIDADE LIMITADA,63813211000163,18746605.65,30062.14,119913.94,214670.51,455195.81000000006,24,17873860.75,0.0016819052369533537,0.006708899754631914,0.012010304488916868,False
BTG PACTUAL FINANTO FGTS FUNDO DE INVESTIMENTO EM DIREITOS CREDITÓRIOS RESPONSABILIDADE LIMITADA,62324138000101,14217238.42,29170.84,76487.35999999999,117258.35999999999,210512.6,25,0.0,,,,False
MAIS TODOS PF FUNDO DE INVESTIMENTO EM DIREITOS CREDITÓRIOS FINANCEIRO RESPONSABILIDADE LIMITADA,58088190000120,27433632.37,28977.78,109214.18999999999,196967.52,416691.4,24,26691534.04,0.0010856543485501368,0.00409171649094171,0.007379400513467078,False
ICRED OPARÁ FIDC NÃO-PADRONIZADOS - SEGMENTO FINANCEIRO - DE RESPONSABILIDADE LIMITADA,42888490000154,72874218.1,28601.86,116995.76000000001,202669.93,342930.04,25,984528.6,0.029051324664413,0.11883429287884578,0.20585479182626082,False
GRANA TECH CRÉDITO POPULAR FUNDO DE INVESTIMENTO EM DIREITOS CREDITÓRIOS FINANCEIRO - RESP LIMITADA,51254064000150,50233110.67,28263.32,126785.06,232598.64999999997,496999.04999999993,24,49868379.8,0.0005667583369131235,0.0025423938076287772,0.00466425119349877,False
FUNDO DE INVESTIMENTO EM DIREITOS CREDITÓRIOS PRATA DIGITAL II RESPONSABILIDADE LIMITADA,53121758000144,96203798.57,28165.24,131697.93,246169.47,534385.54,25,91643984.65,0.0003073332102217797,0.0014370602773654058,0.0026861497886648254,False
VCTEX CL I FUNDO DE INVESTIMENTO EM DIREITOS CREDITÓRIOS RESPONSABILIDADE LIMITADA,57224939000157,99274611.39,28151.52,129193.68,246391.38,560095.4800000001,25,98343482.76,0.0002862570981821104,0.0013136984411594168,0.002505416455519477,False
SANREMO FUNDO DE INVESTIMENTO EM DIREITOS CREDITÓRIOS,54996578000179,61231191.9,28018.54,116449.63,210074.28999999998,451295.5600000001,25,58073728.28,0.00048246497736308244,0.002005203272614823,0.0036173721960321846,False
GUARDIAN MULTI CONSIGNADO V FUNDO DE INVESTIMENTO EM DIREITOS CREDITÓRIOS-RESPONSABILIDADE LIMITADA,52430088000185,3161189.65,27697.98,123928.62,200936.05000000002,373282.83999999997,25,2178469.11,0.01271442402963428,0.056887939990115356,0.09223727299029731,False
SÓLIDO FUNDO DE INVESTIMENTO EM DIREITOS CREDITÓRIOS,53877402000135,254502042.9,27401.27,89519.87,89519.87,89519.87,4,209930989.28,0.00013052513158718536,0.00042642522815248076,0.00042642522815248076,False
BRASIL MICROCRÉDITO FUNDO DE INVESTIMENTO EM DIREITOS CREDITÓRIOS,36083634000100,-379375.23,26896.32,132899.03999999998,261098.64,584221.8500000001,24,0.0,,,,False
FUNDO DE INVESTIMENTO EM DIREITOS CREDITÓRIOS INTRA RC CONSIG C,63762529000162,393964.61,26452.32,104517.79,162517.6,280507.14,24,379792.13,0.0696494685132101,0.27519735598523326,0.42791197384737806,False
BANQI II FUNDO DE INVESTIMENTO EM DIREITOS CREDITÓRIOS,58442027000114,111639253.06,26348.5,88596.68000000001,155548.30000000002,333848.0399999999,24,105685425.6,0.00024931062963898405,0.0008383055610271395,0.0014718046420962704,False
PAN CONSIGNADO FUNDO DE INVESTIMENTO EM DIREITOS CREDITÓRIOS RESPONSABILIDADE LIMITADA,66737102000100,1016603043.91,26234.78,71230.14,95985.76000000001,135884.46999999997,25,0.0,,,,False
DOTZFIN FUNDO DE INVESTIMENTO EM DIREITOS CREDITÓRIOS - RESPONSABILIDADE LIMITADA,59827367000126,10182056.72,26072.5,122316.28,236021.93000000002,532386.0299999999,24,7484972.66,0.0034833126564820342,0.016341580063967794,0.03153277115644134,False
VSI SAC FUNDO DE INVESTIMENTO EM DIREITOS CREDITÓRIOS,49998666000170,14719659.74,25487.23,108354.43999999999,193723.04,431022.42000000004,25,14145736.65,0.0018017605325630036,0.0076598654902853705,0.01369480040475658,False
VALOR MAX FUNDO DE INVESTIMENTO EM DIREITOS CREDITÓRIOS SEGMENTO NPL-RESPONSABILIDADE LIMITADA,53937754000139,33928240.78,25079.05,93745.12,164929.12,319306.86000000004,24,32120905.17,0.0007807703384219417,0.002918508040288828,0.0051346348780369686,False
FUNDO DE INVESTIMENTO EM DIREITOS CREDITÓRIOS HAM - RESPONSABILIDADE LIMITADA,61942198000117,98490212.12,24581.63,119415.16,235339.72,541310.76,24,86964672.87,0.0002826622488047082,0.0013731456240686252,0.002706153110606187,False
GUARDIAN WAREHOUSE III FUNDO DE INVESTIMENTO EM DIREITOS CREDITÓRIOS RESPONSABILIDADE LIMITADA,63672361000102,11820515.5,24007.59,105303.75,180582.33999999997,367981.24,24,11309308.8,0.002122816736598438,0.009311245440570161,0.015967584155098847,False
NDMP I FUNDO DE INVESTIMENTO EM DIREITOS CREDITÓRIOS,24552987000115,101456182.22,23653.74,110021.96999999999,212483.81000000003,477834.83999999997,24,80961932.96,0.0002921587854342158,0.0013589345755165873,0.0026244903281271662,False
FUNDO DE INVESTIMENTO EM DIREITOS CREDITÓRIOS DOTZ NOVERDE - RESPONSABILIDADE LIMITADA,63395725000146,255391245.82,23574.5,108644.57,206625.56,460254.73999999993,24,251474789.52,9.374498352299088e-05,0.00043202966868915267,0.0008216551662868253,False
FIDC MULTISEGMENTOS NPL IPANEMA X RESP LIMITADA,59309090000140,121289604.82,23464.83,85949.93,150323.08000000002,336526.29000000004,24,136156386.97,0.00017233734327255703,0.0006312588921659456,0.001104047216184735,False
EMPRESTA I FUNDO DE INVESTIMENTO EM DIREITOS CREDITÓRIOS FINANCEIROS DE RESPONSABILIDE LIMITADA,44642151000119,34481928.6,22975.29,96661.11,178080.21,384042.87,24,31881829.81,0.0007206390014914895,0.0030318557804257973,0.005585633292106203,False
COBUCCIO EMPRÉSTIMOS FUNDO DE INVESTIMENTO EM DIREITOS CREDITÓRIOS,53032513000140,13167308.02,22829.79,108921.09,192283.34000000003,398596.61999999994,25,12321866.7,0.0018527866398684546,0.008839658198866897,0.015605049517375484,False
AFINZ SINAI FUNDO DE INVESTIMENTO EM DIREITOS  CREDITÓRIOS RESPONSABILIDADE LIMITADA,63757872000119,9884999.38,22693.92,66572.36,114063.64,233082.02,25,6901493.01,0.0032882624045431,0.00964608091372971,0.016527386151768342,False
CL VIII FUNDO DE INVESTIMENTO EM DIREITOS CREDITÓRIOS RESPONSABILIDADE LIMITADA,54837634000122,27105100.55,22681.18,100473.34,172789.62999999998,347889.43999999994,25,23523225.0,0.0009642036753038753,0.004271240019172541,0.00734549067995566,False
FUNDO DE INVESTIMENTO EM DIREITOS CREDITÓRIOS CONCRÉDITO II RESPONSABILIDADE LIMITADA,56822910000104,62979761.14,22228.7,106084.01999999999,197605.08000000002,437115.00000000006,24,62350524.54,0.000356511836331698,0.0017014134328884988,0.003169260907712646,False
PINE LIFT I CARTÃO INSS FIDC - RESP LIMITADA,62543802000103,160667845.39,22141.3,99984.62,188499.16,423491.49000000005,24,160274912.0,0.00013814576295009915,0.0006238320068458374,0.0011760989767381684,False
PIEMONTE FUNDO DE INVESTIMENTO EM DIREITOS CREDITÓRIOS RESPONSABILIDADE LIMITADA,61452743000197,1858424.86,21928.49,93692.34,167871.46,332705.60000000003,24,1401284.0,0.0156488549073564,0.0668617781977101,0.11979831354671858,False
INVESTMONEY FUNDO DE INVESTIMENTO EM DIREITOS CREDITÓRIOS  RESPONSABILIDADE LIMITADA,55819223000177,8188729.29,21375.17,100936.82999999999,185370.68999999997,409236.8500000001,25,8258659.08,0.0025882131460982886,0.012221939303008496,0.022445615953431506,False
BS PLUS FUNDO DE INVESTIMENTO EM DIREITOS CREDITÓRIOS,41341254000150,42551342.23,20872.65,93735.8,169121.79,356368.7099999999,25,31044325.87,0.0006723499195120387,0.003019418118226318,0.005447752053248242,False
SHR FUNDO DE INVESTIMENTO EM DIREITOS  CREDITÓRIOS RESPONSABILIDADE LIMITADA,54233886000142,32964993.32,20617.06,65239.31,117368.87,257175.86000000002,24,30412703.89,0.0006779094708109493,0.0021451335019722247,0.0038592053644592927,False
EXTRA BALANCE TOP SIERRA FUNDO DE INVESTIMENTO EM DIREITOS CREDITÓRIOS SEGMENTO FINANCEIRO,33489701000195,143612699.46,20060.05,78076.81000000001,137661.63,286041.74,25,154825543.05,0.00012956550711739937,0.0005042889465259978,0.0008891403013231672,False
ST 1001 FUNDO DE INVESTIMENTO EM DIREITOS CREDITÓRIOS DE RESPONSABILIDADE LIMITADA,51497411000175,29035607.05,20021.97,20021.97,20021.97,20021.97,1,20021.97,1.0,1.0,1.0,False
FUNDO DE INVESTIMENTO EM DIREITOS CREDITÓRIOS FGTS VISION RESPONSABILIDADE LIMITADA,55483719000112,32393175.24,19815.55,94194.62,181094.47999999998,406661.94000000006,25,31176912.33,0.0006355841075683584,0.0030212940589809845,0.005808608565311381,False
GRBK CONSIGNADO FUNDO DE INVESTIMENTO EM DIREITOS CREDITÓRIOS  RESPONSABILIDADE LIMITADA,60021170000184,1634827.23,19559.81,88424.93000000001,154479.93999999997,316567.89,25,1507364.8,0.012976162107540259,0.058661931073353976,0.10248344660827954,False
GONN III FUNDO DE INVESTIMENTO EM DIREITOS CREDITÓRIOS DE RESPONSABILIDADE LIMITADA,62222488000159,169285530.81,19177.12,91551.13999999998,177979.9,405221.26,24,163278188.11,0.00011745059289291251,0.0005607064915389817,0.0010900408809050202,False
PAYROLL LOANS FUNDO DE INVESTIMENTO EM DIREITOS CREDITÓRIOS  CONSIGNADOS - RESPONSABILIDADE LIMITADA,64353123000199,66546.24,19161.03,69796.41,71802.32,71802.32,6,71802.32,0.26685809037925234,0.9720634375045263,1.0,False
LIFT CRÉDITO ESTRUTURADO I FUNDO DE INVESTIMENTO EM DIREITOS CREDITÓRIOS RESPOSABILIDADE LIMITADA,62604155000194,103305144.42,18156.81,66664.67000000001,109848.69,210101.55,24,32761786.64,0.0005542069545691907,0.00203483011267178,0.0033529517546482626,False
LIMELIGHT FUNDO DE INVESTIMENTO EM DIREITOS CREDITÓRIOS - RESPONSABILIADE LIMITADA,45964979000156,17858956.03,17501.36,77837.12,138975.37,304456.44000000006,25,16308603.37,0.001073136650817942,0.004772764303237819,0.008521598499087173,False
ALCAR FUNDO DE INVESTIMENTO EM DIREITOS CREDITÓRIOS  RESPONSABILIDADE LIMITADA,59448501000188,7195163.26,17403.04,81988.32,153110.46000000002,334783.32,25,6512423.39,0.002672283258905254,0.012589525448528925,0.023510519944864954,False
KESH FUNDO DE INVESTIMENTO EM DIREITOS CREDITÓRIOS FINANCEIRO DE RESPONSABILIDADE LIMITADA,65425932000121,1724008.4,17382.39,44659.69,64939.600000000006,109342.58999999998,24,1557600.48,0.011159723063259457,0.028672108524260345,0.04169207754738237,False
JIF INFRA - FUNDO DE INVESTIMENTO EM DIREITOS CREDITÓRIOS CRÉDITO PRIVADO,57133534000103,1101076.89,17275.59,17275.59,17275.59,17275.59,1,17275.59,1.0,1.0,1.0,False
CRÉDITOS COLATERALIZADOS I FIDC DE CLASSE ÚNICA FECHADA DE RESPONSABILIDADE LIMITADA,64809660000109,919953.46,16530.22,53191.3,55291.490000000005,55291.490000000005,6,54123.0,0.305419507418288,0.9827855070857122,1.0215895275576004,False
HBCJ FUNDO DE INVESTIMENTO EM DIREITOS CREDITÓRIOS - RESPONSABILIDADE LIMITADA,57127130000107,1609741.81,16465.41,55421.88999999999,89140.08,161395.14000000004,25,1401801.93,0.011745889092904874,0.039536177553985814,0.06358963994292689,False
SIMPLIC FUNDO DE INVESTIMENTO EM DIREITOS CREDITÓRIOS - RESPONSABILIDADE LIMITADA,26690373000125,328162522.39,16422.24,71696.0,134202.88,299465.28,25,272490897.92,6.026711396731266e-05,0.0002631133757027329,0.0004925040837121845,False
VATZ I FUNDO DE INVESTIMENTO EM DIREITOS CREDITORIOS FINANCEIRO RESPONSABILIDADE LIMITADA,64168514000133,2035198.9,16011.04,70265.70999999999,118840.14000000003,249527.51000000004,25,1810949.25,0.008841241685817534,0.03880048543602201,0.06562312002945418,False
JEITTO FUNDO DE INVESTIMENTO EM DIREITOS CREDITÓRIOS,36017588000133,-667710.98,14864.91,69340.65,133860.9,316066.17,25,5970.77,2.4896135674293265,11.613351376790597,22.41936969603585,True
LATACHE CRÉDITO ESTRUTURADO FIDC,44179672000181,317272614.73,14671.45,71418402.97999999,107173959.13,107173959.13,7,190254143.65,7.711500900075141e-05,0.37538421823487045,0.5633199733466093,False
CREDORES FUNDO DE INVESTIMENTO EM DIREITOS CREDITÓRIOS  NÃO-PADRONIZADOS RESPONSABILIDADE LIMITADA,32295244000135,13698875.57,14559.2,14559.2,14559.2,14559.2,1,6679286.06,0.0021797539241791364,0.0021797539241791364,0.0021797539241791364,False
FUNDO DE INVESTIMENTO EM DIREITOS CREDITÓRIOS CONSIGNADO EXT SETHI - RESPONSABILIDADE LIMITADA,64656842000189,14565525.73,14431.92,65907.84,128595.59000000001,300049.68999999994,24,14271229.2,0.001011259772914305,0.0046182314835221065,0.009010827882996933,False
MEGA INFINITY FUNDO DE INVESTIMENTO EM DIREITOS CREDITÓRIOS RESPONSABILIDADE LIMITADA,33827572000106,16408230.24,13817.31,1000589.1900000001,9232436.99,9232436.99,10,8179322.99,0.0016892975148301362,0.12233154152529684,1.1287531989245971,True
BANQI EP FUNDO DE INVESTIMENTO EM DIREITOS CREDITÓRIOS RESPONSABILIDADE LIMITADA,42067134000170,185616518.04,13715.94,66611.34,124682.36,273877.38,24,183351322.88,7.480687777189819e-05,0.000363298933183023,0.0006800188732840628,False
BANQI III FUNDO DE INVESTIMENTO EM DIREITOS CREDITÓRIOS,60234640000198,35923262.72,13558.78,55675.06,106138.15999999997,245087.54,24,36303774.55,0.00037348127482793666,0.0015335887435980126,0.0029236122501206966,False
FUNDO DE INVESTIMENTO EM DIREITOS CREDITÓRIOS K8 CONSIGNADOS - RESPONSABILIDADE LIMITADA,54990152000108,2929726.1,13366.75,58465.380000000005,108379.86,237494.72999999998,24,2667278.44,0.005011381563898519,0.021919488840467665,0.04063312565147867,False
NOVALAR S/A FUNDO DE INVESTIMENTO EM DIREITOS CREDITÓRIOS  RESPONSABILIDADE LIMITADA,54479396000120,2081248.82,11626.54,45678.9,80246.14,169395.64,25,1759282.69,0.006608682087356865,0.025964502612141317,0.045612987870641754,False
MENTORE FUNDO DE INVESTIMENTO EM DIREITOS CREDITÓRIOS - RESPONSABILIDADE LIMITADA,46082763000120,286656199.11,11422.61,56615.33,111796.51999999999,273509.3400000001,25,238909650.24,4.781142155005149e-05,0.00023697380973571508,0.00046794476442325894,False
FUNDO DE INVESTIMENTO EM DIREITOS CREDITÓRIOS SOLVERA VAREJO RESPONSABILIDADE LIMITADA,66320254000103,3036937.3,11044.81,55059.9,109477.07999999999,270045.63999999996,25,1465265.56,0.0075377530882524794,0.03757673796687066,0.07471483872179456,False
SIM FUNDO DE INVESTIMENTO EM DIREITOS CREDITÓRIOS,60681487000147,3555557.49,10565.05,38235.229999999996,63855.93999999999,130515.21000000002,25,4124109.93,0.002561777008693849,0.009271147144227554,0.015483568838816086,False
IRONSIDE - FUNDO DE INVESTIMENTO EM DIREITOS CREDITÓRIOS NÃOPADRONIZADOS,35686610000175,7889438.61,10550.53,10550.53,10550.53,10550.53,1,10550.53,1.0,1.0,1.0,False
ARTESANAL CDC FUNDO DE INVESTIMENTO EM DIREITOS CREDITÓRIOS - RESPONSABILIDADE LIMITADA,47466676000139,122026057.91,10463.1,50189.130000000005,98305.14,239210.34999999998,25,112701274.05,9.283923441147647e-05,0.00044532886094733555,0.00087226289878841,False
ADIANTA PLANTÃO FUNDO DE INVESTIMENTO EM DIREITOS CREDITÓRIOS NÃO-PADRONIZADOS - RESPONSABILIDADE LI,63887027000168,-2140.96,10260.0,10260.0,10260.0,10260.0,1,9747.0,1.0526315789473684,1.0526315789473684,1.0526315789473684,True
CESSIONÁRIO 1 FUNDO DE INVESTIMENTO EM DIREITOS CREDITÓRIOS NÃO-PADRONIZADOS RESP LIMITADA,50948092000104,20805134.4,10000.0,10000.0,10000.0,10000.0,1,10000.0,1.0,1.0,1.0,False
FUNDO DE INVESTIMENTO EM DIREITOS CREDITÓRIOS JUVO - RESPONSABILIDADE LIMITADA,42888478000140,110593461.46,9680.89,47791.159999999996,94833.93999999999,232152.69,25,67474452.81,0.0001434748945243058,0.000708285254784862,0.0014054792006545208,False
CRÉDITO PLUS I FUNDO DE INVESTIMENTO EM DIREITOS CREDITÓRIOS FINANCEIROS DE RESPONSABILIDADE LIMITAD,54565372000194,91917167.8,9589.05,42169.29,81009.66,160143.43999999997,21,76377146.39,0.0001255486811596235,0.0005521192135756618,0.0010606531381304202,False
RCP EP FUNDO DE INVESTIMENTO EM DIREITOS CREDITÓRIOS DE RESPONSABILIDADE LIMITADA,64782540000157,99425649.45,9366.91,36467.18,68352.17,152607.5,24,5477156.85,0.0017101774253552736,0.006658049239542958,0.012479498373321189,False
NEO CONSIGNADO PRIVADO PULL I FUNDO DE INVESTIMENTO EM DIREITOS CREDITÓRIOS RESP LIMITADA,65564636000101,13560868.68,9297.07,45715.259999999995,88603.49,193120.81,24,12205510.08,0.0007617108944290839,0.0037454608369796205,0.007259302513312086,False
VIVO PAY III FUNDO DE INVESTIMENTO EM DIREITOS CREDITÓRIOS RESPONSABILIDADE LIMITADA,63565588000140,4361044.62,9219.66,31093.41,53391.899999999994,118474.62,25,3876130.96,0.0023785728849574266,0.008021764569069152,0.01377453459415623,False
TV LAR FUNDO DE  INVESTIMENTO EM DIREITOS CREDITÓRIOS PADRONIZADOS RESPONSABILIDADE  LIMITADA,61784056000179,2099377.7,8858.04,43632.95,84004.39000000001,190615.25999999998,25,1373653.24,0.006448526995066092,0.031764166333564645,0.061153999826040535,False
LEVANTE - MICROCRÉDITO FUNDO DE INVESTIMENTO EM DIREITOS CREDITÓRIOS,53327560000111,3424876.45,8448.51,25344.46,40610.64,108238.08999999998,25,2101109.97,0.0040209746851089375,0.012062414800687465,0.019328183950314604,False
LARCA AURORA FUNDO DE INVESTIMENTO  EM DIREITOS CREDITÓRIOS CONSIGNADO DE RESPONSABILIDADE  LIMITADA,63168433000170,279033501.11,8240.76,133918.75,291532.39,445733.38,25,243021002.71,3.390966174982745e-05,0.0005510583386070829,0.001199618085470124,False
FUNDO DE INVESTIMENTO EM DIREITOS CREDITÓRIOS INCLUSÃO CREDIÁRIA RESPONSABILIDADE LIMITADA,63066147000102,156443253.15,8047.0,28966.25,51928.37,105185.86999999998,24,145661706.47,5.5244444095932197e-05,0.00019885974633948006,0.0003564998053259454,False
MODDE PERFORMANCE FUNDO DE INVESTIMENTO EM DIREITOS CREDITÓRIOS DE RESPONSABILIDADE LIMITADA,64630838000141,4809305.26,7969.95,19231.289999999997,23512.059999999994,26044.209999999992,20,2600996.43,0.0030641910569635033,0.00739381637674912,0.009039635629180772,False
WAIMEA FUNDO DE INVESTIMENTO EM DIREITOS CREDITÓRIOS NÃO PADRONIZADOS RESPONSABILIDADE LIMITADA,66617173000161,4156300.04,7675.75,23653.87,43626.52,99549.93999999999,24,4132571.64,0.0018573785692436295,0.005723765263026389,0.010556748630254839,False
ORIGINAL II FUNDO DE INVESTIMENTO EM DIREITOS CREDITÓRIOS,63310209000171,1057122.09,7493.47,10562.95,10562.95,10562.95,3,1056295.23,0.007094105688615105,0.009999997822578448,0.009999997822578448,False
INVISTA III FUNDO DE INVESTIMENTO EM DIREITOS CREDITÓRIOS - RESPONSABILIDADE LIMITADA,26489103000150,136418699.99,7414.25,5678532.07,5765343.27,5893819.91,25,106677987.18,6.950121759880772e-05,0.05323058880384098,0.05404435743872834,False
PAYJOY I FUNDO DE INVESTIMENTO EM DIREITOS CREDITÓRIOS SEGMENTO FINANCEIRO,45963809000157,496711110.05,6964.74,32485.8,60869.42999999999,128886.08,24,418356511.42,1.66478584888282e-05,7.765099649037512e-05,0.00014549655219514782,False
FIRENZE CAPITAL FUNDO DE INVESTIMENTO EM DIREITOS CREDITÓRIOS,58505957000170,15470938.02,6000.0,1469630.51,2475867.43,4957265.8100000005,25,13160622.28,0.0004559054938548088,0.1116687705742741,0.18812692723219773,False
FUNDO DE INVESTIMENTO EM DIREITOS CREDITORIOS GO KENERSON RESPONSABILIDADE LIMITADA,40782833000176,53607894.73,5953.87,13723.64,20602.729999999996,33797.13999999999,25,51226673.57,0.00011622597340551855,0.00026790027623493803,0.0004021875434064027,False
FUNDO DE INVESTIMENTO EM DIREITOS CREDITÓRIOS JUVO CDC CREDITO PESSOAL - RESP LIMITADA,63394409000150,937868.61,5676.65,27854.49,53999.68,117623.29,24,234854.05,0.02417096916148561,0.11860340496576492,0.22992867272248446,False
ENDLESS SUMMIT FUNDO DE INVESTIMENTO EM DIREITOS CREDITÓRIOS,40770569000150,229652471.92,5214.88,17851555.98,17851555.98,17851555.98,4,195926490.68,2.661651307028861e-05,0.0911135391546227,0.0911135391546227,False
IBCB CREDIÁRIO FUNDO DE  INVESTIMENTO EM DIREITOS CREDITÓRIOS - RESPONSABILIDADE LIMITADA,59931773000134,6567396.83,5202.94,40320.72,66930.58,175107.53999999998,25,5450523.76,0.0009545761525127266,0.007397586319300808,0.012279660257824471,False
FACIO 3 FUNDO DE INVESTIMENTO EM DIREITOS CREDITÓRIOS RESPONSABILIDADE LIMITADA,60736775000151,52120538.31,5166.75,25290.32,49363.16,118454.79000000001,25,50963158.03,0.0001013820610755428,0.0004962471121807755,0.0009686048099872825,False
FUNDO DE INVESTIMENTO EM DIREITOS CREDITÓRIOS DE RESPONSABILIDADE LIMITADA INCLUSÃO FINANCEIRA,41778453000120,347646895.16,5033.52,19942.32,37941.17,86498.98,24,288856645.3,1.7425667997952065e-05,6.90388132815444e-05,0.00013134947946444214,False
CBZ I FUNDO DE INVESTIMENTO EM DIREITOS CREDITORIOS,43271544000109,4571111.31,4565.28,18858.59,30922.14,47246.00000000001,25,4330763.7299999995,0.0010541512501306555,0.004354564500797646,0.007140112443862183,False
FUNDO DE INVESTIMENTO EM DIREITOS CREDITÓRIOS DE RESPONSABILIDADE LIMITADA INCLUSÃO FINANCEIRA PLUS,55255330000110,67540425.16,4562.11,21784.85,42651.49,99731.40000000001,24,40228305.71,0.00011340547207947525,0.0005415303880069871,0.0010602358028068192,False
FRAM CAPITAL FUNDO DE INVESTIMENTO EM DIREITOS CREDITÓRIOS CONSIGNADO I RESPONSABILIDADE LIMITADA,53926245000100,11997823.34,4433.5,20928.91,39557.54,87356.08999999998,24,11937353.51,0.00037139722772606406,0.0017532286350125858,0.003313761292807689,False
NAVESA FUNDO DE INVESTIMENTO EM DIREITOS CREDITÓRIOS,51027087000121,48187084.68,4322.98,19856.66,37961.54,82542.63999999998,25,48164940.38,8.97536665859774e-05,0.00041226377201632067,0.0007881571055730641,False
ONCRED FUNDO DE INVESTIMENTO EM DIREITOS CREDITÓRIOS,60368384000121,19007377.8,4072.15,17262.95,33573.520000000004,81450.99,25,18984005.61,0.00021450425603830193,0.0009093418088175544,0.0017685161229785374,False
MONEE II FUNDO DE INVESTIMENTO EM DIREITOS CREDITÓRIOS SEGMENTO FINANCEIRO - RESP. LIMITADA,58152340000118,442213717.89,4063.78,19406.89,37849.40000000001,90551.39,25,418207518.86,9.717137585372776e-06,4.640492847403035e-05,9.050387258262219e-05,False
PARCELA DIÁRIA FUNDO DE INVESTIMENTO EM DIREITOS CREDITÓRIOS  RESPONSABILIDADE LIMITADA,61918781000192,8025527.26,3863.25,17036.2,31155.840000000004,64155.39,25,8038901.59,0.00048056938584814795,0.0021192198721765917,0.003875633959589248,False
FUNDO DE INVESTIMENTO EM DIREITOS CREDITÓRIOS OUZE - RESPONSABILIDADE LIMITADA,43444591000107,7661363.89,2758.43,13255.6,24950.52,54447.93000000001,24,7452964.6,0.00037011178075366144,0.0017785674173200823,0.00334773091502407,False
BEAT FUNDO DE INVESTIMENTO EM DIREITOS CREDITORIOS - RESPONSABILIDADE LIMITADA,41865425000140,30671117.33,2748.42,10539.15,16299.67,25402.71,25,35696121.26,7.699491997971772e-05,0.00029524636369413767,0.00045662300061337255,False
FACIO 4 FUNDO DE INVESTIMENTO EM DIREITOS CREDITÓRIOS FINANCEIROS DE RESPONSABILIDADE LIMITADA,62627291000108,410773065.35,2499.8,12274.28,23448.05,51268.21000000001,25,340980732.63,7.331206020700725e-06,3.599698993350128e-05,6.87664954531129e-05,False
INVICTO 22 FUNDO DE INVESTIMENTOS EM DIREITOS CREDITÓRIOS RESPONSABILIDADE LIMITADA,60800084000170,7896.94,2328.77,9861.960000000001,14924.210000000001,17547.96,14,17460.25,0.1333755244054352,0.5648235277272663,0.8547535115476583,False
FAIR DRIVE FUNDO DE INVESTIMENTO EM DIREITOS CREDITÓRIOS DE RESPONSABILIDADE LIMITADA,60113723000129,4853407.15,2124.89,6874.69,15167.77,34964.159999999996,25,2595300.53,0.0008187452572207505,0.0026488993935511584,0.005844321235506395,False
KYOMI FUNDO DE INVESTIMENTO EM DIREITOS CREDITÓRIOS RESPONSABILIDADE LIMITADA,48359929000138,66792698.88,1740.93,8550.86,16979.27,41702.73,25,0.0,,,,False
CREDIÁRIO AMERICANAS FUNDO DE INVESTIMENTO EM DIREITOS CREDITÓRIOS DE RESPONSABILIDADE LIMITADA,61544063000101,1143281.52,1655.6,5925.49,9499.81,16260.339999999998,24,163883.33,0.010102308758309952,0.03615675859161514,0.05796690853181956,False
R2 FUNDO DE  INVESTIMENTO EM DIREITOS CREDITÓRIOS,65675575000150,455559.82,1557.46,7763.259999999999,15414.88,33220.39,25,140695.66,0.011069708902179357,0.05517767925464083,0.10956187276849903,False
FUNDO DE INVESTIMENTO EM DIREITOS CREDITÓRIOS COMERCIAIS,36335723000199,64057913.76,1552.4,6780.47,12698.2,27519.249999999996,24,6382825.44,0.00024321517399980783,0.0010622991438098924,0.0019894324416930946,False
QR CREDITO CRIPTO I - FUNDO DE INVESTIMENTOS EM DIREITOS CREDITORIOS,42926752000128,1593981.18,787.75,3685.16,7205.5599999999995,16698.989999999998,24,322013.59,0.00244632532434423,0.011444113274846566,0.022376571125460883,False
SAYURI FUNDO DE INVESTIMENTO EM COTAS DE FUNDOS DE INVESTIMENTOS EM DIREITOS CREDITÓRIOS,57968717000149,1309951.56,704.56,1301987.9000000001,1301987.9000000001,1301987.9000000001,3,0.0,,,,False
W CAPITAL BONA CRÉDITO EMPRESARIAL FUNDO DE INVESTIMENTO EM DIREITOS  CREDITÓRIOS RESPONSABILIDADE L,63796349000100,650109.88,515.05,2108.23,3663.9,5479.740000000001,25,714223.45,0.0007211328611515065,0.0029517793066021567,0.0051299071740083585,False
MENTORE II FUNDO DE INVESTIMENTO EM DIREITOS CREDITÓRIOS,57691078000117,106952.59,125.22,7289.69,13783.98,65167.35,25,260278.03,0.00048110092119569214,0.028007319711156563,0.052958676535241944,False
TIKTOK PARCELADO FIDC CRÉDITO PESSOAL - RESPONSABILIDADE LIMITADA,66311371000100,182597.66,112.99,341.87,341.87,341.87,2,335.37,0.3369114709127232,1.0193815785550289,1.0193815785550289,False
RIGEL FUNDO DE INVESTIMENTO EM DIREITOS CREDITÓRIOS NÃO-PADRONIZADOS,50739342000104,146681617.49,1.0,1.0,1.0,1.0,1,1.0,1.0,1.0,1.0,False
III FIDC POLO RECUPERAÇÃO DE  CRÉDITO FUNDO DE INVESTIMENTO EM DIREITOS CREDITÓRIOS,23884789000196,8749676.22,1.0,1.0,1.0,1.0,1,1.0,1.0,1.0,1.0,False
CANAL 26 FUNDO DE INVESTIMENTO EM DIREITOS CREDITÓRIOS NÃO-PADRONIZADOS,30283468000100,-123478.24,0.1,0.1,0.1,0.1,1,0.1,1.0,1.0,1.0,False
INCENTIVO FUNDO DE INVESTIMENTO EM DIREITOS CREDITÓRIOS MULTISSETORIAL II,13344834000166,-26083273.04,0.0,0.0,0.0,0.0,1,27474572.83,0.0,0.0,0.0,False
DUAS RODAS FUNDO DE INVESTIMENTO EM DIREITOS CREDITÓRIOS NÃO-PADRONIZADO,13598246000159,99126150.52,0.0,0.0,0.0,0.0,1,38244462.4,0.0,0.0,0.0,False
INVISTA I FIC DE FIDC MULTISSETORIAL - RESPONSABILIDADE LIMITADA,17198845000136,1809956971.41,0.0,0.0,0.0,0.0,1,0.0,,,,False
FUNDO DE INVESTIMENTO EM DIREITOS CREDITÓRIOS EMPIRICA HOME EQUITY,17334148000165,101967957.21,0.0,0.0,0.0,0.0,1,96543395.4,0.0,0.0,0.0,False
OP 1 FUNDO DE INVESTIMENTO EM COTAS DE FUNDOS DE INVESTIMENTO EM DIREITOS CREDITÓRIOS - RESPONSABILI,17334155000167,638630353.09,0.0,0.0,0.0,0.0,1,0.0,,,,False
FIDC DONEGAL - RESPONSABILIDADE LIMITADA - SEGMENTO COMERCIAL,18063954000109,358653673.33,0.0,0.0,0.0,0.0,1,191025887.14,0.0,0.0,0.0,False
FIDC MRFG FUNDO DE INVESTIMENTO EM DIREITOS CREDITÓRIOS - RESPONSABILIDADE LIMITADA,19117931000100,160517474.38,0.0,0.0,0.0,0.0,1,107885509.54,0.0,0.0,0.0,False
ELDORADO I FUNDO DE INVESTIMENTO EM DIREITOS CREDITÓRIOS NÃO PADRONIZADOS,20649717000176,6647275.56,0.0,0.0,0.0,0.0,1,6251630.56,0.0,0.0,0.0,False
FICOU FÁCIL FUNDO DE INVESTIMENTO EM DIREITOS CREDITÓRIOS EDUCACIONAL RESPONSABILIDADE LIMITADA,21081952000157,188782589.3,0.0,0.0,0.0,0.0,1,180033582.74,0.0,0.0,0.0,False
NTZ EMPORIUM FUNDO DE INVESTIMENTO EM DIREITOS CREDITÓRIOS RESPONSABILIDADE LIMITADA,61604072000132,109593974.45,0.0,0.0,0.0,0.0,1,109433508.86,0.0,0.0,0.0,False
INOVA CREDTECH I FUNDO DE INVESTIMENTO EM DIREITOS CREDITORIOS FINANCEIRO- RESPONSABILIDADE LIMITADA,21205491000187,24368680.57,0.0,0.0,0.0,0.0,1,22612717.46,0.0,0.0,0.0,False
FUNDO DE INVESTIMENTO EM DIREITOS CREDITÓRIOS MUSTANG MULTICARTEIRA - RESPONSABILIDADE LIMITADA,22802113000143,189997633.62,0.0,0.0,0.0,0.0,1,187405033.28,0.0,0.0,0.0,False
NOBEL FUNDO DE INVESTIMENTO EM COTAS DE FUNDOS DE INVESTIMENTO EM DIREITOS CREDITÓRIOS,23980344000100,37934543.49,0.0,0.0,0.0,0.0,1,0.0,,,,False
VALE 40 FUNDO DE INVESTIMENTO EM COTAS DE FUNDOS DE INVESTIMENTO EM DIREITOS CREDITÓRIOS,24976450000182,61412113.39,0.0,0.0,0.0,0.0,1,0.0,,,,False
FUNDO DE INVESTIMENTO EM DIREITOS CREDITÓRIOS EMPÍRICA IMOBILIÁRIO,25235009000102,17130000.41,0.0,0.0,0.0,0.0,1,7294271.37,0.0,0.0,0.0,False
LAVORO FORNECEDORES FUNDO DE INVESTIMENTO EM DIREITOS CREDITÓRIOS DO AGRONEGÓCIO - RESP LTDA,61669748000176,20713043.47,0.0,0.0,0.0,0.0,1,18046950.06,0.0,0.0,0.0,False
AQUIRAZ FIC DE FUNDOS DE INVESTIMENTO EM DIREITOS CREDITORIOS MULTISSETORIAL,26207801000116,150614162.77,0.0,0.0,0.0,0.0,1,0.0,,,,False
ARON FUNDO DE INVESTIMENTO EM DIREITOS CREDITÓRIOS - RESPONSABILIDADE LIMITADA,26709975000187,743782066.5,0.0,0.0,0.0,0.0,1,627536646.1,0.0,0.0,0.0,False
SERRANA - FUNDO DE INVESTIMENTO EM QUOTAS DE FUNDO DE INVESTIMENTO EM DIREITOS CREDITÓRIOS,28065377000148,109552994.22,0.0,0.0,0.0,0.0,1,0.0,,,,False
NACIONAL 2 FUNDO DE INVESTIMENTO EM DIREITOS CREDITORIOS DE RESPONSABILIDADE LIMITADA,61753889000172,65847054.45,0.0,0.0,0.0,0.0,1,58676802.56,0.0,0.0,0.0,False
TAURUS FUNDO DE INVESTIMENTO EM COTAS DE FUNDO DE INVESTIMENTO EM DIREITOS CREDITÓRIOS NÃO PADRONIZA,29226492000110,356391372.75,0.0,0.0,0.0,0.0,1,0.0,,,,False
ARATU FUNDO DE INVESTIMENTO EM DIREITOS CREDITORIOS,29226634000149,6448585.28,0.0,0.0,0.0,0.0,1,6036809.57,0.0,0.0,0.0,False
GCB FORNECEDORES FUNDO DE INVESTIMENTO EM DIREITOS CREDITÓRIOS COMERCIAIS RESPONSABILIDADE LIMITADA,61799604000134,785615459.71,0.0,0.0,0.0,0.0,1,769855278.46,0.0,0.0,0.0,False
ACREDITAR FUNDO DE INVESTIMENTO EM COTAS DE FUNDOS DE INVESTIMENTO EM DIREITOS CREDITÓRIOS,29284735000176,109825516.77,0.0,0.0,0.0,0.0,1,0.0,,,,False
FUNDO DE INVESTIMENTO EM DIREITOS CREDITÓRIOS COMERCIAIS DE RESPONSABILIDADE LIMITADA FORTBRASIL,29665263000100,112895536.7,0.0,0.0,0.0,0.0,1,110994595.05,0.0,0.0,0.0,False
DSX FUNDO DE INVESTIMENTO EM COTAS DE FUNDOS DE INVESTIMENTO DE DIREITOS CREDITÓRIOS,30144052000100,13218426.58,0.0,0.0,0.0,0.0,1,0.0,,,,False
ZEUS FUNDO DE INVESTIMENTO EM DIREITOS CREDITÓRIOS NÃO PADRONIZADOS,30283991000128,988619.76,0.0,0.0,0.0,0.0,1,0.0,,,,False
FUNDO DE INVESTIMENTO EM DIREITOS CREDITÓRIOS XPCE INFRA,31216543000174,647834872.81,0.0,0.0,0.0,0.0,1,388808435.52,0.0,0.0,0.0,False
CASA 5 FUNDO DE INVESTIMENTO EM COTAS DE FUNDO DE INVESTIMENTO EM DIREITOS CREDITÓRIOS,31770515000102,32554938.89,0.0,0.0,0.0,0.0,1,0.0,,,,False
ARTESANAL CDI + FIDC III FUNDO DE INVESTIMENTO EM DIREITOS CREDITÓRIOS - RESPONSABILIDADE LIMITADA,62017163000134,300047870.17,0.0,0.0,0.0,0.0,1,0.0,,,,False
FUNDO DE INVESTIMENTO EM DIREITOS CREDITÓRIOS FINANCEIROS DE RESPONSABILIDADE LIMITADA DMCARD,32101535000145,54326229.06,0.0,0.0,0.0,0.0,1,53176442.25,0.0,0.0,0.0,False
AMYX FUNDO DE INVESTIMENTO EM DIREITOS CREDITÓRIOS,59092306000168,51398371.75,0.0,0.0,0.0,0.0,1,51199786.98,0.0,0.0,0.0,False
CONFIANÇA FUNDO DE INVESTIMENTO EM COTAS DE FUNDO DE INVESTIMENTO EM DIREITOS CREDITÓRIOS,32525937000177,69354277.58,0.0,0.0,0.0,0.0,1,0.0,,,,False
DCASH FUNDO DE INVESTIMENTO EM COTAS DE FUNDOS DE INVESTIMENTO EM DIREITOS CREDITÓRIOS,32999032000139,82259899.93,0.0,0.0,0.0,0.0,1,0.0,,,,False
ITAÚ SONETO CRÉD PRIV FI EM COTAS DE FUNDO DE INVESTIMENTO EM DIREITOS CREDITÓRIOS RESP LIMITADA,59201703000120,471133192.25,0.0,0.0,0.0,0.0,25,0.0,,,,False
HEALTH I FUNDO DE INVESTIMENTO EM DIREITOS CREDITÓRIOS - RESPONSABILIDADE LIMITADA,62342629000177,1845904.27,0.0,0.0,0.0,0.0,1,1589618.19,0.0,0.0,0.0,False
ELITE CRED FUNDO DE INVESTIMENTO EM DIREITOS CREDITÓRIOS,62359769000158,1818569.98,0.0,0.0,0.0,0.0,1,2198466.19,0.0,0.0,0.0,False
GUARDIAN FUTURO V FUNDO DE  INVESTIMENTO EM DIREITOS CREDITÓRIOS RESPONSABILIDADE LIMITADA,62363602000160,209541559.77,0.0,0.0,0.0,0.0,1,177948877.51,0.0,0.0,0.0,False
LEGACY A FUNDO DE INVESTIMENTO EM DIREITOS CREDITÓRIOS,33447973000122,58379877.5,0.0,0.0,0.0,0.0,1,0.0,,,,False
FUNDO DE INVESTIMENTO EM DIREITOS CREDITÓRIOS CLT NOW RESPONSABILIDADE LIMITADA,62390922000100,474420536.29,0.0,0.0,0.0,0.0,1,421565079.71,0.0,0.0,0.0,False
ATICCA FUNDO DE INVESTIMENTO EM COTAS DE FUNDOS DE INVESTIMENTO EM DIREITOS CREDITÓRIOS MULTISSETORI,33499715000190,33027052.63,0.0,0.0,0.0,0.0,1,0.0,,,,False
BC CONSÓRCIO II FUNDO DE INVESTIMENTO EM DIREITOS CREDITÓRIOS  RESPONSABILIDADE LIMITADA,62590185000199,37506944.66,0.0,0.0,0.0,0.0,1,38312834.92,0.0,0.0,0.0,False
INTRABANK FUNDO DE INVESTIMENTO EM DIREITOS CREDITÓRIOS,35162655000140,252494613.72,0.0,0.0,0.0,0.0,1,72185597.84,0.0,0.0,0.0,False
PLATINUM FUNDO DE INVESTIMENTO EM DIREITOS CREDITÓRIOS,35654837000139,30290062.09,0.0,0.0,0.0,0.0,1,0.0,,,,False
SOMMA POSITANO FUNDO DE INVESTIMENTO EM COTAS DE FUNDO DE INVESTIMENTO EM DIREITOS CREDITÓRIOS,36113052000111,31441186.06,0.0,0.0,0.0,0.0,1,0.0,,,,False
DIRECIONAL RECEBÍVEIS FUNDO DE  INVESTIMENTO EM DIREITOS CREDITÓRIOS FINANCEIROS DE  RESP LTDA,62729814000119,267236880.65,0.0,0.0,0.0,0.0,1,260285171.94,0.0,0.0,0.0,False
U.NIC FUNDO DE INVESTIMENTO EM COTAS DE FUNDO DE INVESTIMENTOS EM DIREITOS CREDITÓRIOS,36420767000117,15488.3,0.0,0.0,0.0,0.0,1,0.0,,,,False
CAP FUNDO DE INVESTIMENTO EM DIREITOS CREDITÓRIOS  RESPONSABILIDADE LIMITADA,62853435000136,23168911.85,0.0,0.0,0.0,0.0,1,23248301.05,0.0,0.0,0.0,False
COOPERA FEEDER FUNDO DE INVESTIMENTO EM DIREITOS CREDITÓRIOS,37121165000121,89023685.87,0.0,0.0,0.0,0.0,1,0.0,,,,False
QUINTO ANDAR FUNDO DE INVESTIMENTO EM DIREITOS CREDITÓRIOS DE RESPONSABILIDADE LIMITADA,37980187000147,66250848.21,0.0,0.0,0.0,0.0,1,58791561.42,0.0,0.0,0.0,False
ARES ENYO FUNDO DE INVESTIMENTO EM DIREITOS CREDITÓRIOS DE RESPONSABILIDADE LIMITADA,62948345000129,93882720.88,0.0,0.0,0.0,0.0,1,61227586.39,0.0,0.0,0.0,False
IC PRECATÓRIOS ESTADUAIS FUNDO DE INVESTIMENTO EM DIREITOS CREDITÓRIOS DE RESPONSABILIDADE LIMITADA,40132398000134,22127543.17,0.0,0.0,0.0,0.0,1,19862477.84,0.0,0.0,0.0,False
BLC III FUNDO DE INVESTIMENTO EM DIREITOS CREDITÓRIOS,40814799000174,619769179.52,0.0,0.0,0.0,0.0,1,0.0,,,,False
FUNDO DE INVESTIMENTO EM COTAS DE FUNDOS DE INVESTIMENTO EM DIREITOS CREDITÓRIOS GRAMADO,40989019000127,98759150.99,0.0,0.0,0.0,0.0,1,0.0,,,,False
BRAVE RAGNAR FUNDO DE INVESTIMENTO EM COTAS DE FUNDO DE INVESTIMENTO EM DIREITOS CREDITÓRIOS,41163552000106,7084851.62,0.0,0.0,0.0,0.0,1,0.0,,,,False
RDP FUNDO DE INVESTIMENTO EM COTAS DE  FUNDOS DE INVESTIMENTO EM DIREITOS CREDITÓRIOS NÃO PADRONIZAD,41251476000182,63090854.06,0.0,0.0,0.0,0.0,1,0.0,,,,False
ATALHOCRED FUNDO DE INVESTIMENTO EM DIREITOS CREDITÓRIOS RESPONSABILIDADE LIMITADA,41820715000178,8543083.31,0.0,0.0,0.0,0.0,1,9348044.39,0.0,0.0,0.0,False
MEZZO HEALTH FUND FUNDO DE INVESTIMENTO EM COTAS DE FUNDOS DE INVESTIMENTO EM DIREITOS CREDITÓRIOS,59695343000160,22761016.92,0.0,0.0,0.0,0.0,1,0.0,,,,False
CONCRETO FUNDO DE INVESTIMENTO EM DIREITOS CREDITÓRIOS NÃO PADRONIZADOS RESP LIMITADA,42357817000161,46452202.63,0.0,0.0,0.0,0.0,1,43389589.92,0.0,0.0,0.0,False
ORRAM 60 FUNDO DE INVESTIMENTO EM COTAS DE FUNDO DE INVESTIMENTO EM DIREITOS CREDITÓRIOS,43551206000112,426286828.45,0.0,0.0,0.0,0.0,1,0.0,,,,False
KP GUARDIAN FUNDO DE INVESTIMENTO EM COTAS DE FIDC RESPONSABILIDADE LIMITADA,44002502000127,16644690.61,0.0,0.0,0.0,0.0,1,0.0,,,,False
NTZ ALPHA FUNDO DE INVESTIMENTO EM DIREITOS CRÉDITORIOS  NÃO PADRONIZADODE RESPONSABILIDADE LIMITADA,59714044000126,13916467.49,0.0,0.0,0.0,0.0,1,0.0,,,,False
OC FUNDO DE INVESTIMENTO EM COTAS DE FUNDO DE INVESTIMENTO EM DIREITOS CREDITÓRIOS,45025014000106,29821739.16,0.0,0.0,0.0,0.0,1,0.0,,,,False
EVEREST 30 FUNDO DE INVESTIMENTO EM COTAS DE FUNDO DE INVESTIMENTO EM DIREITOS CREDITÓRIOS,45026487000110,21845417.26,0.0,0.0,0.0,0.0,1,0.0,,,,False
PKT SUB I FUNDO DE INVESTIMENTO EM COTAS DE FIDC DE RESPONSABILIDADE LIMITADA,63464553000115,25044458.94,0.0,0.0,0.0,0.0,1,0.0,,,,False
GREEN FIDC SOLAR GD II-FUNDO DE INVESTIMENTO EM DIREITOS CREDITÓRIOS SOCIOAMBIENTAL-ENERGIA SOLAR-IS,45080955000134,175734983.31,0.0,0.0,0.0,0.0,1,165107991.32,0.0,0.0,0.0,False
BEMOL CRÉDITO PESSOAL FIDC FINANCEIROS DE RESPONSABILIDADE LIMITADA,45445355000122,916110806.89,0.0,0.0,0.0,0.0,1,823106946.47,0.0,0.0,0.0,False
VENICE FUNDO DE INVESTIMENTO EM DIREITOS  CREDITÓRIOS RESPONSABILIDADE LIMITADA,63614498000100,221095575.37,0.0,0.0,0.0,0.0,1,120833780.9,0.0,0.0,0.0,False
FUNDO DE INVESTIMENTO EM DIREITOS CREDITÓRIOS BULLLA CARTÕES RESPONSABILIDADE LIMITADA,46655552000139,763807133.95,0.0,0.0,0.0,0.0,1,646722012.94,0.0,0.0,0.0,False
BANREG FUNDO DE INVESTIMENTO EM DIREITOS CREDITÓRIOS,63653518000144,3175867.04,0.0,0.0,0.0,0.0,1,2917838.05,0.0,0.0,0.0,False
TATUHY FUNDO DE INVESTIMENTO EM COTAS DE FUNDO DE INVESTIMENTO EM DIREITOS CREDITÓRIOS,59791370000137,5804996.77,0.0,0.0,0.0,0.0,1,0.0,,,,False
FARM TECH IBBA I FUNDO DE INVESTIMENTO EM DIREITOS CREDITÓRIOS RESPONSABILIDADE LIMITADA,47151680000108,9399387.71,0.0,0.0,0.0,0.0,1,2813571.42,0.0,0.0,0.0,False
FARMTECH UP CREDIT FUNDO DE INVESTIMENTO EM DIREITOS CREDITÓRIOS RESPONSABILIDADE LIMITADA,48660463000106,246112959.46,0.0,0.0,0.0,0.0,1,167091207.57,0.0,0.0,0.0,False
PÁTRIA INFRA CRÉDITO FUNDO DE INVESTIMENTO EM DIREITOS CREDITÓRIOS - RESPONSABILIDADE LIMITADA,48905593000161,395294364.67,0.0,0.0,0.0,0.0,1,283234906.79,0.0,0.0,0.0,False
RD FUNDO DE INVESTIMENTO EM DIREITOS CREDITÓRIOS COMERCIAIS CRÉDITO CORPORATIVO DE RESPONSA LIMITADA,49628680000181,272562955.16,0.0,0.0,0.0,0.0,1,164222193.63,0.0,0.0,0.0,False
STRATEGIC CREDIT PRIVATE CLIENTS FUNDO DE INVESTIMENTO EM COTAS DE FUNDO DE INVESTIMENTO EM DIREITOS,63706874000189,70888865.63,0.0,0.0,0.0,0.0,1,0.0,,,,False
NICE FUNDO DE INVESTIMENTO EM DIREITOS CREDITÓRIOS NÃO PADRONIZADOS,49788461000160,3808168.8,0.0,0.0,0.0,0.0,1,183232835.78,0.0,0.0,0.0,False
INNOVAR FUNDO DE INVESTIMENTO EM DIREITOS CREDITORIOS RESPONSABILIDADE LIMITADA,59912498000101,22618103.41,0.0,0.0,0.0,0.0,1,17934913.82,0.0,0.0,0.0,False
CAPITANIA YIELD 120 FUNDO DE INVESTIMENTO EM COTAS DE FUNDOS DE INVESTIMENTO EM DIREITOS CREDITÓRIOS,50367933000190,498188915.03,0.0,0.0,0.0,0.0,1,0.0,,,,False
PRINZ DISCOVERY MASTER FUNDO DE INVESTIMENTO EM DIREITOS CREDITÓRIOS,50442399000139,483106385.91,0.0,0.0,0.0,0.0,1,15919208.01,0.0,0.0,0.0,False
SUSTINERI GERMINARE FUNDO DE INVESTIMENTO EM DIREITOS CREDITÓRIOS NÃO-PADRONIZADOS,50589310000161,127486551.17,0.0,0.0,0.0,0.0,1,128000000.0,0.0,0.0,0.0,False
NOVUS CRÉDITO HIGH YIELD FUNDO DE INVESTIMENTO EM DIREITOS CREDITÓRIOS,63809103000117,8386842.08,0.0,0.0,0.0,0.0,1,1038341.6,0.0,0.0,0.0,False
ORRAM ALOCAÇÃO FUNDO DE INVESTIMENTO EM COTAS DE FIDC - RESPONSABILIDADE LIMITIDA,61289877000139,59539407.76,0.0,0.0,0.0,0.0,1,0.0,,,,False
CARTÃO DE COMPRA SUPPLIER FUNDO DE INVESTIMENTO EM DIREITOS CREDITÓRIOS II-RESPONSABILIDADE LIMITADA,50988212000105,193612039.06,0.0,0.0,0.0,0.0,1,174122010.64,0.0,0.0,0.0,False
ORRAM HIGH YIELD FUNDO DE INVESTIMENTO EM QUOTAS DE FUNDO DE INVESTIMENTO EM DIREITOS CREDITÓRIOS,51476020000174,22297963.89,0.0,0.0,0.0,0.0,1,0.0,,,,False
FLEX FUNDO DE INVESTIMENTO EM COTAS DE FUNDO DE INVESTIMENTO EM DIREITOS CREDITÓRIOS,51497417000142,5702833.56,0.0,0.0,0.0,0.0,1,0.0,,,,False
CREDIT OPS II FUNDO DE INVESTIMENTO EM DIREITOS CREDITÓRIOS,51679169000150,1177031022.4,0.0,0.0,0.0,0.0,1,0.0,,,,False
FIDC SOMACRED CONSIGNADO PÚBLICO II - RESPONSABILIDADE LIMITADA,51956448000114,180061282.8,0.0,0.0,0.0,0.0,1,169094974.15,0.0,0.0,0.0,False
LONG SHOT I FUNDO DE INVESTIMENTO EM COTAS DE FUNDO DE INVESTIMENTO EM DIREITOS CREDITÓRIOS,52029150000121,16263674.72,0.0,0.0,0.0,0.0,1,0.0,,,,False
SOTREQ FUNDO DE INVESTIMENTO EM DIREITOS CREDITÓRIOS -  RESPONSABILIDADE LIMITADA,52100879000147,205217344.77,0.0,0.0,0.0,0.0,1,101577391.46,0.0,0.0,0.0,False
IOX 60 FUNDO DE INVESTIMENTO EM COTAS DE FUNDO DE INVESTIMENTO EM DIREITOS CREDITÓRIOS,52178495000147,5653266.02,0.0,0.0,0.0,0.0,1,0.0,,,,False
ISIDORO FUNDO DE INVESTIMENTO EM COTAS DE FUNDO DE INVESTIMENTO EM DIREITOS CREDITÓRIOS,52607408000120,8464769.52,0.0,0.0,0.0,0.0,1,0.0,,,,False
CUSTOM CREDIT FUNDO DE INVESTIMENTO EM DIREITOS CREDITÓRIOS - RESPONSABILIDADE LIMITADA,64097712000153,1902734.16,0.0,0.0,0.0,0.0,1,1787567.59,0.0,0.0,0.0,False
FUNDO DE INVESTIMENTO EM DIREITOS CREDITÓRIOS COOPER CARD II - CRÉDITOS FINANCEIROS,52923834000172,72000774.17,0.0,0.0,0.0,0.0,1,63928706.34,0.0,0.0,0.0,False
FUNDO DE INVESTIMENTO EM COTAS DE FUNDO DE INVESTIMENTO EM DIREITOS CREDITÓRIOS ILHA DE MARÉ,53190018000160,10696902.12,0.0,0.0,0.0,0.0,1,0.0,,,,False
ANFEH-SIRIUS FUNDO DE INVESTIMENTO EM DIREITOS CREDITÓRIOS - RESPONSABILIDADE LIMITADA,53214328000177,767655.43,0.0,0.0,0.0,0.0,1,0.0,,,,False
ANFEH FUNDO DE INVESTIMENTO EM COTAS DE FUNDO DE INVESTIMENTO EM DIREITOS CREDITÓRIOS,53214754000100,741798.71,0.0,0.0,0.0,0.0,1,0.0,,,,False
PAGEDU FUNDO DE INVESTIMENTO EM DIREITOS CREDITÓRIOS,53624183000182,34050633.76,0.0,0.0,0.0,0.0,1,23042677.41,0.0,0.0,0.0,False
CUIVRÉ FUNDO DE INVESTIMENTO EM DIREITOS CREDITÓRIOS,53643695000196,38689765.57,0.0,0.0,0.0,0.0,1,38401315.98,0.0,0.0,0.0,False
PNEUCASH FUNDO DE INVESTIMENTO EM DIREITOS CREDITÓRIOS DE CLASSE ÚNICA FECHADA - RESP LTDA,53662209000187,270289137.35,0.0,0.0,0.0,0.0,1,247118610.53,0.0,0.0,0.0,False
PCS II BRASIL FUNDO DE INVESTIMENTO EM DIREITOS CREDITÓRIOS,53864681000100,638743807.64,0.0,0.0,0.0,0.0,1,0.0,,,,False
M5 FALCON FUNDO DE INVESTIMENTO EM COTAS DE FUNDO DE INVESTIMENTO EM DIREITOS CREDITÓRIOS,53942302000145,110522098.2,0.0,0.0,0.0,0.0,1,0.0,,,,False
MENESTYS IX FUNDO DE INVESTIMENTO EM COTAS DE FUNDO DE INVESTIMENTO EM DIREITOS CREDITÓRIOS,53942327000149,3928132.95,0.0,0.0,0.0,0.0,1,0.0,,,,False
TERCON MC MS FUNDO DE INVESTIMENTO EM COTAS DE FUNDO DE INVESTIMENTO EM DIREITOS CREDITÓRIOS,60430405000191,33345817.17,0.0,0.0,0.0,0.0,1,0.0,,,,False
ÉXES SPECIAL OPPORTUNITIES II FUNDO DE INVESTIMENTO EM DIREITOS CREDITÓRIOS RESP LTDA,60447905000136,43861313.04,0.0,0.0,0.0,0.0,1,27045931.13,0.0,0.0,0.0,False
CREDIT RESTRUCTURING FUNDO DE INVESTIMENTO EM DIREITOS CREDITÓRIOS,54335957000118,238354584.31,0.0,0.0,0.0,0.0,1,217055096.42,0.0,0.0,0.0,False
GARE FUNDO DE INVESTIMENTO EM DIREITOS CREDITÓRIOS,54443741000176,138214122.07,0.0,0.0,0.0,0.0,1,0.0,,,,False
ICRED FGTS FUNDO DE INVESTIMENTO EM DIREITOS CREDITÓRIOS RESPONSABILIDADE LIMITADA,54518191000107,797908932.37,0.0,0.0,0.0,0.0,1,767761876.75,0.0,0.0,0.0,False
SYNTHEKE FUNDO DE INVESTIMENTO EM COTAS DE FUNDO DE INVESTIMENTO EM DIREITOS CREDITÓRIOS,64895700000174,6864894.75,0.0,0.0,0.0,0.0,1,0.0,,,,False
ESTRATÉGIA VINCULADA I FUNDO DE INVESTIMENTO EM DIREITOS CREDITÓRIOS - RESPONSABILIDADE LIMITADA,54559035000194,97953864.1,0.0,0.0,0.0,0.0,1,96003844.76,0.0,0.0,0.0,False
IMPULSE CREDIT I FUNDO DE INVESTIMENTO EM DIREITOS CREDITÓRIOS NÃO PADRONIZADOS,54760649000130,3140277.07,0.0,0.0,0.0,0.0,1,2754882.33,0.0,0.0,0.0,False
FUNDO DE INVESTIMENTO EM DIREITOS CREDITÓRIOS METEORO - RESP LTDA,54836930000109,2688587997.05,0.0,0.0,0.0,0.0,1,1502857015.26,0.0,0.0,0.0,False
BURITI FUNDO DE INVESTIMENTO EM COTAS DE FUNDO DE INVESTIMENTO EM DIREITOS CREDITÓRIOS,54976534000187,47204101.53,0.0,0.0,0.0,0.0,1,0.0,,,,False
FUNDO DE INVESTIMENTO EM DIREITOS CREDITÓRIOS LE CAPITAL,60716732000104,6642821.81,0.0,0.0,0.0,0.0,1,5241295.98,0.0,0.0,0.0,False
FUNDO DE INVESTIMENTO EM DIREITOS CREDITÓRIOS FUTURO CONSIGNADO PÚBLICO III RESP LTDA,55072790000102,335957104.15,0.0,0.0,0.0,0.0,1,319650446.03,0.0,0.0,0.0,False
VOLAR FUNDO DE INVESTIMENTO EM COTAS FIDC RESP LIMITADA,55085520000136,1591681.32,0.0,0.0,0.0,0.0,1,0.0,,,,False
FUNDO DE INVESTIMENTO EM DIREITOS CREDITÓRIOS BLUE II SEGMENTO CRÉDITO CORPORATIVO DE RESP LTDA,55374251000128,43984629.1,0.0,0.0,0.0,0.0,1,43399957.38,0.0,0.0,0.0,False
SELLER II FUNDO DE INVESTIMENTO EM DIREITOS CREDITÓRIOS SEGMENTO MEIOS DE PAGAMENTO RESP LTDA,55471753000177,2879663753.83,0.0,0.0,0.0,0.0,1,2633221900.31,0.0,0.0,0.0,False
ARUBA FUNDO DE INVESTIMENTO EM COTAS DE DIREITOS CREDITÓRIOS,55507580000108,41323728.23,0.0,0.0,0.0,0.0,1,0.0,,,,False
DMX FUNDO DE INVESTIMENTO EM DIREITOS CREDITÓRIOS MULTISSETORIAL - RESPONSABILIDADE LIMITADA,55523204000107,100424580.43,0.0,0.0,0.0,0.0,1,94519264.54,0.0,0.0,0.0,False
CARTÃO DE COMPRA SUPPLIER FUNDO DE INVESTIMENTO EM DIREITOS CREDITÓRIOS III - RESPONSABILIDADE LTDA,60942242000126,1073810964.54,0.0,0.0,0.0,0.0,1,979679412.7,0.0,0.0,0.0,False
ORRAM VD FUNDO DE INVESTIMENTO EM COTAS DE FUNDO DE INVESTIMENTO EM DIREITOS CREDITÓRIOS - RESP LTDA,55914922000104,26715962.72,0.0,0.0,0.0,0.0,1,0.0,,,,False
CONQUISTA FUNDO DE INVESTIMENTO EM COTAS DE FUNDO DE INVESTIMENTO EM DIREITOS CREDITÓRIOS,56023806000150,142501637.35,0.0,0.0,0.0,0.0,1,0.0,,,,False
FUNDO DE INVESTIMENTO EM DIREITOS CREDITÓRIOS AGIBANK II RESPONSABILIDADE LIMITADA,65976848000104,2967229777.92,0.0,0.0,0.0,0.0,1,2965967821.98,0.0,0.0,0.0,False
FIC AJ BETA FUNDO DE INVESTIMENTO EM COTAS DE DIREITOS CREDITÓRIOS RESPONSABILIDADE LIMITADA,61102744000101,161560692.81,0.0,0.0,0.0,0.0,1,0.0,,,,False
FAMA FUNDO DE INVESTIMENTO EM COTAS DE FUNDO DE INVESTIMENTO EM DIREITOS CREDITÓRIOS,56030860000122,3078709.14,0.0,0.0,0.0,0.0,1,0.0,,,,False
VERAXS THERAS FUNDO DE INVESTIMENTO EM DIREITOS CREDITÓRIOS NÃO PADRONIZADO DE RESP LIMITADA,56320097000174,12994236.49,0.0,0.0,0.0,0.0,1,14594442.67,0.0,0.0,0.0,False
REVO FUNDO DE INVESTIMENTO EM COTAS DE FUNDO DE INVESTIMENTO EM DIREITOS CREDITÓRIOS,56322644000150,42086124.21,0.0,0.0,0.0,0.0,1,0.0,,,,False
CHIMERA ALTERNATIVE ASSETS X FUNDO DE INVESTIMENTO EM DIREITOS CREDITÓRIOS DE RESP. LIMITADA,56659005000185,42176456.66,0.0,0.0,0.0,0.0,1,41613234.93,0.0,0.0,0.0,False
IGUAÇU FUNDO DE INVESTIMENTO EM DIREITOS CREDITÓRIOS DE CLASSE ÚNICA FECHADA,66263596000120,111203681.55,0.0,0.0,0.0,0.0,1,0.0,,,,False
ASA LP II FUNDO DE INVESTIMENTO EM COTAS DE FUNDO DE INVESTIMENTO EM DIREITOS CREDITÓRIOS RESP LIM,56924942000110,1798768995.61,0.0,0.0,0.0,0.0,1,0.0,,,,False
CAVORETTO FUNDO DE INVESTIMENTO FINANCEIRO MULTIMERCADO CRÉDITO PRIVADO,56964123000105,34119935.95,0.0,0.0,0.0,0.0,1,0.0,,,,False
VINCI CRÉDITO PORTFÓLIO CDI+ FUNDO DE INVESTIMENTO EM DIREITOS CREDITÓRIOS,56992610000173,154197008.11,0.0,0.0,0.0,0.0,1,0.0,,,,False
NEXUN FUNDO DE INVESTIMENTO EM DIREITOS CREDITORIOS DE RESPONSABILIDADE LIMTADA,66584389000178,25502436.23,0.0,0.0,0.0,0.0,1,20540962.33,0.0,0.0,0.0,False
M7 CAPITAL FUNDO DE INVESTIMENTO EM COTAS DE FUNDO DE INVESTIMENTO EM DIREITOS CREDITÓRIOS-RESP LIM,57025352000119,9197449.54,0.0,0.0,0.0,0.0,1,0.0,,,,False
MAX 30 FUNDO DE INVESTIMENTO EM COTAS DE FUNDO DE INVESTIMENTO EM DIREITOS CREDITÓRIOS,57325152000181,21750198.23,0.0,0.0,0.0,0.0,1,0.0,,,,False
CREDIT FORT FUNDO DE INVESTIMENTO EM DIREITOS CREDITÓRIOS - RESPONSABILIDADE LIMITADA,57382221000199,176130766.67,0.0,0.0,0.0,0.0,1,0.0,,,,False
AUREVIA FUNDO DE INVESTIMENTO EM COTAS DE FUNDO DE INVESTIMENTO EM DIREITOS CREDITÓRIOS RL,66678853000195,3701667.5,0.0,0.0,0.0,0.0,1,0.0,,,,False
BS PLUS 2 FUNDO DE INVESTIMENTO EM DIREITOS CREDITÓRIOS,61228249000143,4166799.72,0.0,0.0,0.0,0.0,1,0.0,,,,False
OMIE I FUNDO DE INVESTIMENTO EM DIREITOS CREDITÓRIOS - RESPONSABILIDADE LIMITADA,66687692000104,15291115.46,0.0,0.0,0.0,0.0,1,0.0,,,,False
AROEIRA ASSET FUNDO DE INVESTIMENTO EM COTAS DE DIREITOS CREDITÓRIOS MULTISSETORIAL,58021121000108,102953088.63,0.0,0.0,0.0,0.0,1,2431217.19,0.0,0.0,0.0,False
ALLOY FUNDO DE INVESTIMENTO EM DIREITOS CREDITÓRIOS,58232693000128,91758214.7,0.0,0.0,0.0,0.0,1,92263074.08999999,0.0,0.0,0.0,False
CAJU CONSIGNADO PRIVADO FUNDO DE INVESTIMENTO EM DIREITOS CREDITÓRIOS DE RESPONSABILIDADE LIMITADA,66869706000100,6817591.34,0.0,0.0,0.0,0.0,1,4791829.87,0.0,0.0,0.0,False
FUNDO DE INVESTIMENTO EM DIREITOS CREDITÓRIOS MAIM RESPONSABILIDADE LIMITADA,66915152000122,20810342.0,0.0,0.0,0.0,0.0,1,0.0,,,,False
VOLKSWAGEN TERA FUNDO DE INVESTIMENTO EM DIREITOS CREDITÓRIOS RECEBÍVEIS COMERCIAIS RESP LTDA,58349979000198,1085890404.56,0.0,0.0,0.0,0.0,1,951472214.89,0.0,0.0,0.0,False
PÉRGAMO FUNDO DE INVESTIMENTO EM DIREITOS CREDITÓRIOS,58493475000147,9880932.9,0.0,0.0,0.0,0.0,1,0.0,,,,False
GP FIDC FCVS,07507899000182,4812296.83,0.0,0.0,0.0,0.0,1,3052857.06,0.0,0.0,0.0,False
CORAM DEO FUNDO DE INVESTIMENTO EM DIREITOS CREDITÓRIOS RESPONSABILIDADE LIMITADA,53465254000141,98140641.49,0.0,0.0,0.0,0.0,1,74727121.59,0.0,0.0,0.0,False
ECO MULTI COMMODITIES FIDC AGROPECUARIOS,09009924000123,56563787.96,0.0,0.0,0.0,0.0,1,55780585.61,0.0,0.0,0.0,False
FUNDO DE INVESTIMENTO EM DIREITOS CREDITORIOS GOAL ONE,12610459000196,212964931.68,0.0,0.0,0.0,0.0,1,185054922.81,0.0,0.0,0.0,False
FIPER FUNDO DE INVESTIMENTO EM DIREITOS CREDITÓRIOS RESPONSABILIDADE LIMITADA,21093180000173,224417220.64,0.0,0.0,0.0,0.0,1,173970587.1,0.0,0.0,0.0,False
VIRGÍNIA FIC DE FIDC MULTISSETORIAL - RESPONSABILIDADE LIMITADA,22282851000107,33268434.22,0.0,0.0,0.0,0.0,1,0.0,,,,False
PENCA FUNDO DE INVESTIMENTO EM COTAS DE FUNDOS DE INVESTIMENTO EM DIREITOS CREDITÓRIOS NP,22945949000105,19220031.03,0.0,0.0,0.0,0.0,1,0.0,,,,False
AR BANK FUNDO DE INVESTIMENTO EM DIREITOS CREDITORIOS IMOBILIÁRIOS I,24445360000165,53917.13,0.0,0.0,0.0,0.0,1,0.0,,,,False
FUNDO DE INVESTIMENTO EM DIREITOS CREDITÓRIOS ANGÁ SABEMI CONSIGNADOS VI - RESPONSABILIDADE LIMITADA,25248974000110,56139932.1,0.0,0.0,0.0,0.0,1,53877956.35,0.0,0.0,0.0,False
A4 FUNDO DE INVESTIMENTO EM DIREITOS CREDITÓRIOS  RESPONSABILIDADE LIMITADA,62639578000140,26121257.79,0.0,0.0,0.0,0.0,1,4611991.62,0.0,0.0,0.0,False
FUNDO DE INVESTIMENTO EM DIREITOS CREDITÓRIOS XPCE IV,26395682000172,224728496.36,0.0,0.0,0.0,0.0,1,199562584.61,0.0,0.0,0.0,False
RESQ II FUNDO DE INVESTIMENTO EM COTAS DE FUNDOS DE INVESTIMENTO EM DIREITOS CREDITÓRIOS NP,27944627000157,252514001.85,0.0,0.0,0.0,0.0,1,0.0,,,,False
PÁTRIA CRÉDITO ESTRUTURADO FUNDO DE INVESTIMENTO EM DIREITOS CREDITÓRIOS - RESPONSABILIDADE LIMITADA,28819553000190,375489546.81,0.0,0.0,0.0,0.0,1,238084071.22,0.0,0.0,0.0,False
VECTRO CAPITAL FUNDO DE INVESTIMENTO EM DIREITOS CREDITÓRIOS,62809011000174,5380264.02,0.0,0.0,0.0,0.0,1,3971551.76,0.0,0.0,0.0,False
POUSO ALEGRE FIC FIDC MULTISSETORIAL - RESPONSABILIDADE LIMITADA,29152737000101,24673528.87,0.0,0.0,0.0,0.0,1,0.0,,,,False
SIGMA CREDIT FEEDER FUNDO DE INVESTIMENTO EM DIREITOS CREDITÓRIOS,29461840000133,26587432.05,0.0,0.0,0.0,0.0,1,0.0,,,,False
GII CAPITAL FUNDO DE INVESTIMENTO EM DIREITOS CREDITÓRIOS,31024416000173,40626414.78,0.0,0.0,0.0,0.0,1,0.0,,,,False
FUNDO DE INVESTIMENTO EM DIREITOS CREDITÓRIOS XPCE SECURITIZAÇÃO,31216568000178,115215198.7,0.0,0.0,0.0,0.0,1,52854023.99,0.0,0.0,0.0,False
PSS KYROS FUNDO DE INVESTIMENTO EM DIREITOS CREDITÓRIOS - NÃO PADRONIZADOS,32388193000196,324720.36,0.0,0.0,0.0,0.0,1,0.0,,,,False
UNIÃO FUNDO DE INVESTIMENTO EM DIREITOS CREDITÓRIOS,32525711000176,10845384.46,0.0,0.0,0.0,0.0,1,0.0,,,,False
BRAVIUM  FUNDO DE INVESTIMENTO EM DIREITOS CREDITÓRIOS,63024768000115,13508790.08,0.0,0.0,0.0,0.0,1,0.0,,,,False
PRAVALER CREDITO UNIVERSITARIO III FUNDO DE INVESTIMENTO EM DIREITOS CREDITÓRIOS - RESP LIMITADA,34408539000104,146783175.86,0.0,0.0,0.0,0.0,1,474976724.27,0.0,0.0,0.0,False
FIONA FUNDO DE INVESTIMENTO EM DIREITOS CREDITÓRIOS RESPONSABILIDADE LIMITADA,63070011000168,192413380.92,0.0,0.0,0.0,0.0,1,120833780.9,0.0,0.0,0.0,False
BLACKCOMB FUNDO DE INVESTIMENTO EM COTAS DE FUNDO DE INVESTIMENTO EM DIREITOS CREDITÓRIOS,34475989000101,128060042.03,0.0,0.0,0.0,0.0,1,0.0,,,,False
77SOL FUNDO DE INVESTIMENTO EM DIREITOS CREDITÓRIOS FINANCEIROS DE RESPONSABILIDADE LIMITADA,63123419000150,41254406.98,0.0,0.0,0.0,0.0,1,33934241.58,0.0,0.0,0.0,False
FUNDO DE INVESTIMENTO EM DIREITOS CREDITÓRIOS ENERGIA SOLAR,34508740000155,18507021.97,0.0,0.0,0.0,0.0,1,15769896.15,0.0,0.0,0.0,False
FUNDO DE INVESTIMENTO EM DIREITOS CREDITÓRIOS FISERV - RESPONSABILIDADE LIMITADA,34661403000101,58397851.2,0.0,0.0,0.0,0.0,1,52847543.56,0.0,0.0,0.0,False
SEJA FUNDO DE INVESTIMENTO EM COTAS DE FUNDO DE INVESTIMENTO EM DIREITOS CREDITÓRIOS,35871456000101,50973028.99,0.0,0.0,0.0,0.0,1,0.0,,,,False
FIDC FINANCEIROS FACTA CONSIGNADO INSS DE RESPONSABILIDADE LIMITADA,35946113000169,52485945.72,0.0,0.0,0.0,0.0,1,46999092.41,0.0,0.0,0.0,False
PRAVALER CRÉDITO UNIVERSITÁRIO FUNDO DE INVESTIMENTO EM DIREITOS CREDITÓRIOS - RESP LIMITADA,08417544000165,1240666511.7,0.0,0.0,0.0,0.0,1,1131079037.48,0.0,0.0,0.0,False
AGROHUB FUNDO DE INVESTIMENTO EM DIREITOS CREDITÓRIOS RESPONSABILIDADE LIMITADA,37054545000190,108614144.14,0.0,0.0,0.0,0.0,1,0.0,,,,False
HOD MULTIPLICA 30 FUNDO DE INVESTIMENTO EM COTAS DE FUNDO DE INVESTIMENTO EM DIREITOS CREDITÓRIOS,37121216000115,75078473.17,0.0,0.0,0.0,0.0,1,0.0,,,,False
FATURACRED FUNDO DE INVESTIMENTO EM DIREITOS CREDITÓRIOS RESPONSABILIDADE,63535955000163,17090372.29,0.0,0.0,0.0,0.0,1,17042073.74,0.0,0.0,0.0,False
GV LAGUNA FUNDO DE INVESTIMENTO EM COTAS DE FUNDO DE INVESTIMENTO EM DIREITOS CREDITÓRIOS,39285627000171,219321907.98,0.0,0.0,0.0,0.0,1,0.0,,,,False
STARTER FUNDO DE INVESTIMENTO EM DIREITOS CREDITÓRIOS,39380171000129,229795917.25,0.0,0.0,0.0,0.0,1,0.0,,,,False
PG2 FUNDO DE INVESTIMENTO EM COTAS DE FUNDOS DE INVESTIMENTO EM DIREITOS CREDITÓRIOS RESP LIMITADA,63663195000170,47997739.27,0.0,0.0,0.0,0.0,1,0.0,,,,False
SUBLIME FUNDO DE  INVESTIMENTO EM COTAS DE FUNDO DE INVESTIMENTO EM DIREITOS  CREDITÓRIOS,41251934000183,23708879.47,0.0,0.0,0.0,0.0,1,0.0,,,,False
INOVA III FUNDO DE INVESTIMENTO EM COTAS DE FIDC DE RESPONSABILIDADE LIMITADA,60124803000180,17766938.27,0.0,0.0,0.0,0.0,1,0.0,,,,False
FUNDO DE INVESTIMENTO EM COTAS DE FUNDOS DE INVESTIMENTO EM DIREITOS CREDITÓRIOS EXODUS INSTITUCIONA,42196288000161,415928822.46,0.0,0.0,0.0,0.0,1,0.0,,,,False
FUNDO DE INVESTIMENTO EM DIREITOS CREDITÓRIOS QUASAR DUCOCO,42605393000107,1571611.02,0.0,0.0,0.0,0.0,1,1745701.8,0.0,0.0,0.0,False
ALDEBARAN IV FUNDO DE INVESTIMENTO EM DIREITOS CREDITÓRIOS - RESPONSABILIDADE LIMITADA,63728565000100,148419679.36,0.0,0.0,0.0,0.0,1,0.0,,,,False
EXPOBAND FUNDO DE INVESTIMENTO EM DIREITOS CREDITORIOS RESPONSABILIDADE LIMITADA,60309214000176,92579639.75,0.0,0.0,0.0,0.0,1,61907715.279999994,0.0,0.0,0.0,False
JIVE BOSSANOVA HY ADVISORY - FIC FIDC,43121036000136,1222037129.19,0.0,0.0,0.0,0.0,1,0.0,,,,False
NACIONAL FEITO PRA VOCÊ FUNDO DE INVESTIMENTO EM DIREITOS CREDITÓRIOS DE RESPONSABILIDADE LIMITADA,43309133000157,224125653.94,0.0,0.0,0.0,0.0,1,215747784.28,0.0,0.0,0.0,False
PCS II GLOBAL FUNDO DE INVESTIMENTO EM DIREITOS CREDITÓRIOS,43702477000121,826467300.23,0.0,0.0,0.0,0.0,1,0.0,,,,False
AURORA FUNDO DE INVESTIMENTO EM DIREITOS CREDITÓRIOS NÃO PADRONIZADOS - RESPONSABILIDADE LIMITADA,44372728000110,133985895.65,0.0,0.0,0.0,0.0,1,92670464.74,0.0,0.0,0.0,False
KUARÁ SPECIAL SITUATIONS I FUNDO DE INVESTIMENTO EM DIREITOS CREDITÓRIOS NP RESPONSABILIDADE LIMITAD,45207108000198,80038118.93,0.0,0.0,0.0,0.0,1,70542508.24,0.0,0.0,0.0,False
LEXIS FEEDER FUNDO DE INVESTIMENTO EM DIREITOS CREDITÓRIOS,45772950000172,75677017.47,0.0,0.0,0.0,0.0,1,0.0,,,,False
MR FUNDO DE INVESTIMENTO EM COTAS DE FUNDOS DE INVESTIMENTO EM DIREITOS CREDITÓRIOS,45777614000112,46432892.69,0.0,0.0,0.0,0.0,1,0.0,,,,False
VDP FUNDO DE INVESTIMENTO EM DIREITOS CREDITÓRIOS CRÉDITO PRIVADO - RESPONSABILIDADE LIMITADA,63867299000104,106367071.63,0.0,0.0,0.0,0.0,1,105596208.55,0.0,0.0,0.0,False
FUNDO DE INVESTIMENTO EM DIREITOS CREDITÓRIOS AGIBANK I RESPONSABILIDADE LIMITADA,60528786000146,2374382918.49,0.0,0.0,0.0,0.0,1,2372987761.72,0.0,0.0,0.0,False
JIVEMAUÁ BOSSANOVA CRÉDITO SECURITIZADO II (VAREJO) FUNDO DE INVESTIMENTO EM DIREITOS CREDITÓRIOS,63912733000112,180733186.93,0.0,0.0,0.0,0.0,1,100801782.02,0.0,0.0,0.0,False
FUNDO DE INVESTIMENTO EM DIREITOS CREDITÓRIOS SANTAFUSVE RESPONSABILIDADE LIMITADA,45880965000154,73950047.44,0.0,0.0,0.0,0.0,1,72818152.45,0.0,0.0,0.0,False
RIPRESA FUNDO DE INVESTIMENTO EM DIREITOS CREDITÓRIOS,60646521000142,5802241.27,0.0,0.0,0.0,0.0,1,5715879.11,0.0,0.0,0.0,False
VTR OP FUNDO DE INVESTIMENTO EM COTAS DE FUNDOS DE INVESTIMENTO EM DIREITOS CREDITÓRIOS - RESPONSABI,46390338000106,54436245.33,0.0,0.0,0.0,0.0,1,0.0,,,,False
GV ATACAMA FUNDO DE INVESTIMENTO EM DIREITOS CREDITÓRIOS,47167918000193,151199850.68,0.0,0.0,0.0,0.0,1,0.0,,,,False
FMD INVESTIMENTOS FUNDO DE INVESTIMENTO EM DIREITOS CREDITÓRIOS,47167977000161,54706193.6,0.0,0.0,0.0,0.0,1,0.0,,,,False
EVOLUTION FUNDO DE INVESTIMENTO EM DIREITOS CREDITÓRIOS,63974556000107,4023501.89,0.0,0.0,0.0,0.0,1,0.0,,,,False
ACROSS FUNDO DE INVESTIMENTO EM COTAS DE FUNDO DE INVESTIMENTO EM  DIREITOS CREDITÓRIOS,63974821000149,11462847.77,0.0,0.0,0.0,0.0,1,0.0,,,,False
MATCHPOINT  FUNDO DE INVESTIMENTO EM COTAS DE FUNDO DE INVESTIMENTO EM DIREITOS CREDITÓRIOS,47859989000157,51500720.41,0.0,0.0,0.0,0.0,1,0.0,,,,False
VKR FUNDO DE INVESTIMENTO EM COTAS DE FUNDO DE INVESTIMENTO EM DIREITOS CREDITÓRIOS,47862169000114,13109046.57,0.0,0.0,0.0,0.0,1,0.0,,,,False
UC SUB FUNDO DE INVESTIMENTO EM COTAS DE FUNDO DE INVESTIMENTO EM DIREITOS CREDITÓRIOS,47896557000116,53833304.03,0.0,0.0,0.0,0.0,1,0.0,,,,False
GRANO FUNDO DE INVESTIMENTO EM DIREITOS CREDITÓRIOS,64015781000170,39121.48,0.0,0.0,0.0,0.0,1,0.0,,,,False
IA FUNDO DE INVESTIMENTO EM DIREITOS CREDITÓRIOS - RESPONSABILIDADE LIMITADA,48997793000191,781782715.39,0.0,0.0,0.0,0.0,1,777454728.78,0.0,0.0,0.0,False
RIVER II FUNDO DE  INVESTIMENTO EM DIREITOS CREDITÓRIOS NÃO-PADRONIZADOS  RESPONSABILIDADE LIMITADA,49176545000142,32348816.08,0.0,0.0,0.0,0.0,1,52865684.57,0.0,0.0,0.0,False
PSS SPECTRUM-A PRINCIPAL FUNDO DE INVESTIMENTO EM DIREITOS CREDITÓRIOS,49740972000101,236424598.46,0.0,0.0,0.0,0.0,1,0.0,,,,False
INTERTRADE FUNDO DE INVESTIMENTO EM DIREITOS CRÉDITÓRIOS,49853069000157,3729537.79,0.0,0.0,0.0,0.0,1,3662443.74,0.0,0.0,0.0,False
ASA LONGO PRAZO FUNDO DE INVESTIMENTO EM COTAS DE FUNDO DE INVEST EM DIREITOS CREDITÓRIOS RESP. LTDA,49916151000183,1099424222.75,0.0,0.0,0.0,0.0,1,0.0,,,,False
PÁTRIA CRÉDITO ESTRUTURADO MASTER FUNDO DE INVESTIMENTO EM DIREITOS CREDITÓRIOS,50277965000102,424798102.73,0.0,0.0,0.0,0.0,1,124210226.46,0.0,0.0,0.0,False
MAQNELSON FUNDO DE INVESTIMENTO EM DIREITOS CREDITÓRIOS - RESPONSABILIDADE LIMITADA,50536324000117,100033081.36,0.0,0.0,0.0,0.0,1,66558392.93,0.0,0.0,0.0,False
VALLORI FUNDO DE INVESTIMENTO EM DIREITOS CREDITÓRIOS,64137473000118,92118.62,0.0,0.0,0.0,0.0,1,0.0,,,,False
IOX 90 FUNDO DE INVESTIMENTO EM COTAS DE FUNDO DE INVESTIMENTO EM DIREITOS CREDITÓRIOS,50901127000150,15235110.17,0.0,0.0,0.0,0.0,1,0.0,,,,False
CÉREBRO FUNDO DE INVESTIMENTO EM DIREITOS CREDITÓRIOS,51190919000126,16262027.51,0.0,0.0,0.0,0.0,1,0.0,,,,False
MT INSS RECEIVABLES V FUNDO DE INVESTIMENTO EM DIREITOS CREDITÓRIOS CONSIGNADOS,51290497000160,493570021.43,0.0,0.0,0.0,0.0,1,462835577.18,0.0,0.0,0.0,False
BTF FUNDO DE INVESTIMENTO EM DIREITOS CREDITÓRIOS,51296133000198,24272118.31,0.0,0.0,0.0,0.0,1,24446832.07,0.0,0.0,0.0,False
ORRAM 90 FUNDO DE INVESTIMENTO EM COTAS DE FUNDO DE INVESTIMENTO EM DIREITOS CREDITÓRIOS,51364521000169,122833214.12,0.0,0.0,0.0,0.0,1,0.0,,,,False
INOVA CREDTECH II FUNDO DE INVESTIMENTOS EM DIREITOS  CREDITÓRIOS,51920831000112,9107388.62,0.0,0.0,0.0,0.0,1,5855267.18,0.0,0.0,0.0,False
FUNDO DE INVESTIMENTO EM COTAS DE FUNDO DE INVESTIMENTO EM DIREITOS CREDITÓRIOS PARAGUAÇU I,52203566000114,14586872.49,0.0,0.0,0.0,0.0,1,0.0,,,,False
VQV FUNDO DE INVESTIMENTO EM COTAS DE FUNDO DE INVESTIMENTO EM DIREITOS  CREDITÓRIOS RESPONSABILIDAD,64642939000132,6254022.5,0.0,0.0,0.0,0.0,1,0.0,,,,False
THE CAPITAL UNIVERSE FUNDO DE INVESTIMENTO EM DIREITOS CREDITÓRIOS RESPONSABILIDADE LIMITADA,52286780000181,30024214.14,0.0,0.0,0.0,0.0,1,24101649.58,0.0,0.0,0.0,False
FUNDO DE INVESTIMENTO EM DIREITOS CREDITÓRIOS FUTURO PREVIDÊNCIA CONSIGNADO PÚBLICO II RESP LTDA,52810196000183,576453917.4,0.0,0.0,0.0,0.0,1,529116695.14,0.0,0.0,0.0,False
VERONA FUNDO DE INVESTIMENTOS EM COTAS DE FUNDOS DE INVESTIMENTO EM DIREITOS CREDITORIOS,61331497000115,47370806.65,0.0,0.0,0.0,0.0,1,0.0,,,,False
CHIMERA ALTERNATIVE ASSETS IV FUNDO DE INVESTIMENTO EM DIREITOS CREDITÓRIOS DE RESP. LIMITADA,53311084000140,12975039.5,0.0,0.0,0.0,0.0,1,12811991.9,0.0,0.0,0.0,False
EICON FUNDO DE INVESTIMENTO EM DIREITOS CREDITÓRIOS,61415547000142,161430685.28,0.0,0.0,0.0,0.0,1,153322028.51,0.0,0.0,0.0,False
EMBRAPREC FUNDO DE INVESTIMENTO EM DIREITOS CREDITÓRIO NÃO PADRONIZADO,53323357000177,16513142.21,0.0,0.0,0.0,0.0,1,17797653.74,0.0,0.0,0.0,False
GOPIN FUNDO DE INVESTIMENTO EM COTAS DE FUNDO DE INVESTIMENTO EM DIREITOS CREDITÓRIOS,59260452000155,39742976.58,0.0,0.0,0.0,0.0,1,0.0,,,,False
G5 F GJS FUNDO DE INVESTIMENTO EM COTAS DE FUNDO DE INVESTIMENTO EM DIREITOS CREDITÓRIOS,53880657000157,189618047.66,0.0,0.0,0.0,0.0,1,0.0,,,,False
PSS ESPECTRO FUNDO DE INVESTIMENTO EM DIREITOS CREDITÓRIOS,53961195000100,151186365.26,0.0,0.0,0.0,0.0,1,0.0,,,,False
VICTORY FUND - FUNDO DE INVESTIMENTO EM DIREITOS CREDITÓRIOS - RESPONSABILIDADE LIMITADA,61532126000100,39418101.06,0.0,0.0,0.0,0.0,1,30326001.99,0.0,0.0,0.0,False
MEDITERRANEO FUNDO DE INVESTIMENTO EM DIREITOS CREDITÓRIOS,54979338000166,6124389.07,0.0,0.0,0.0,0.0,1,0.0,,,,False
FUNDO DE INVESTIMENTO EM DIREITOS CREDITORIOS NEW EDAN II,55159493000107,1000724.87,0.0,0.0,0.0,0.0,1,0.0,,,,False
BERM FUNDO DE INVESTIMENTO EM DIREITOS CREDITÓRIOS,61734134000120,12088490.52,0.0,0.0,0.0,0.0,1,0.0,,,,False
ITAMARACÁ FUNDO DE INVESTIMENTO EM DIREITOS CREDITÓRIOS RESPONSABILIDADE LIMITADA,55554537000195,689251.07,0.0,0.0,0.0,0.0,1,590249.46,0.0,0.0,0.0,False
ARCELORMITTAL VÉRTICE FUNDO DE INVESTIMENTO EM DIREITOS CREDITÓRIOS COMERCIAIS - RESP LIMITADA,65873297000145,162575853.76,0.0,0.0,0.0,0.0,1,147349177.1,0.0,0.0,0.0,False
MONTE BRAVO MULTICRÉDITO FIC FIDC,55634639000110,25626511.97,0.0,0.0,0.0,0.0,1,0.0,,,,False
VEXO FUNDO DE INVESTIMENTO EM DIREITOS CREDITÓRIOS RESPONSABILIDADE LIMITADA,55651473000140,11569301.92,0.0,0.0,0.0,0.0,1,10322977.93,0.0,0.0,0.0,False
VIA CERTA FUNDO DE INVESTIMENTO EM DIREITOS CREDITÓRIOS FINANCEIROS,55897261000148,31314232.14,0.0,0.0,0.0,0.0,1,28860811.89,0.0,0.0,0.0,False
OPR FUNDO DE INVESTIMENTO EM COTAS DE FUNDO DE INVESTIMENTO EM DIREITOS CREDITÓRIOS,66057766000110,3926613.83,0.0,0.0,0.0,0.0,1,0.0,,,,False
HOME EQUITY MULTI FUNDO DE INVESTIMENTO EM DIREITOS CREDITÓRIOS RESPONSABILIDADE LIMITADA,56006031000104,114499497.05,0.0,0.0,0.0,0.0,1,109729960.73,0.0,0.0,0.0,False
BLACK STONE FUNDO DE INVESTIMENTO EM DIREITOS CREDITÓRIOS RESPONSABILIDADE LIMITADA,66193864000185,16112755.61,0.0,0.0,0.0,0.0,1,14883392.33,0.0,0.0,0.0,False
TTMR FUNDO DE INVESTIMENTO EM  DIREITOS CREDITÓRIOS - RESPONSABILIDADE LIMITADA,56034650000102,7086834.17,0.0,0.0,0.0,0.0,1,5513313.27,0.0,0.0,0.0,False
KUARÁ ORIZ LSN I FUNDO DE INVESTIMENTOS EM DIREITOS CREDITÓRIOS NP RESP LIMITADA,56154338000152,27765085.2,0.0,0.0,0.0,0.0,1,26993220.39,0.0,0.0,0.0,False
ASA FUNDO DE INVESTIMENTO EM COTAS DE FUNDO DE INVESTIMENTO EM DIREITOS CREDITÓRIOS 90 II RESP LIM,56924025000136,310328448.55,0.0,0.0,0.0,0.0,1,0.0,,,,False
ITHAKA FUNDO DE INVESTIMENTO EM DIREITOS CREDITÓRIOS,57153497000103,1188185.57,0.0,0.0,0.0,0.0,1,0.0,,,,False
C18 FUNDO DE INVESTIMENTO EM DIREITOS  CREDITÓRIOS,57474036000124,437392.3,0.0,0.0,0.0,0.0,1,456120.04,0.0,0.0,0.0,False
AGIBANK SELEÇÃO FIC FIDC - RESPONSABILIDADE LIMITADA,67315973000190,24920142.71,0.0,0.0,0.0,0.0,1,0.0,,,,False
FARMTECH KEY ACCOUNTS - FUNDO DE INVESTIMENTO EM DIREITOS CREDITÓRIOS DO AGRONEGÓCIO - RESP LTDA,58154011000106,365458694.08,0.0,0.0,0.0,0.0,1,306218406.44,0.0,0.0,0.0,False
ALTOMAX FUNDO DE INVESTIMENTO EM DIREITOS CREDITÓRIOS SEGMENTO RECEBÍVEIS COMERCIAIS DE RESP LTDA,58288437000152,89924502.54,0.0,0.0,0.0,0.0,1,87600428.58,0.0,0.0,0.0,False
ILLASI FUNDO DE INVESTIMENTO EM COTAS DE FUNDO DE INVESTIMENTO EM DIREITOS CREDITÓRIOS,62410525000152,131686267.78,0.0,0.0,0.0,0.0,1,0.0,,,,False
ARC SPECIAL I FUNDO DE INVESTIMENTO EM DIREITOS CREDITÓRIOS DE RESPONSABILIDADE LIMITADA,66745267000116,210241498.47,0.0,0.0,0.0,0.0,1,204611450.31,0.0,0.0,0.0,False
PETROBRAS BIOECONOMIA FUNDO DE INVESTIMENTO EM DIREITOS CREDITÓRIOS IS DE RESPONSABILIDADE LIMITADA,58532245000140,125683195.36,0.0,0.0,0.0,0.0,1,103124551.98,0.0,0.0,0.0,False
GUARDIAN MULTI CONSIGNADO XIII FUNDO DE  INVESTIMENTO EM DIREITOS CREDITÓRIOS RESP LTDA,59063143000195,821140488.29,0.0,0.0,0.0,0.0,1,800541957.17,0.0,0.0,0.0,False
LINCOLN FUNDO DE INVESTIMENTO EM DIREITOS CREDITÓRIOS NÃO-PADRONIZADOS,36814213000102,3278776.82,0.0,0.0,0.0,0.0,1,0.0,,,,False
GP - FIDC FCVS 2,07742454000187,97880805.34,0.0,0.0,0.0,0.0,1,95150688.72,0.0,0.0,0.0,False
DIAMANTE FUNDO DE INVESTIMENTO EM DIREITOS CREDITÓRIOS DE CLASSE ÚNICA FECHADA,53969337000178,5795961.68,0.0,0.0,0.0,0.0,1,0.0,,,,False
CJP FIDC-NP CRÉDITOS JUDICIAIS E PRECATÓRIOS,11375619000105,290687822.15,0.0,0.0,0.0,0.0,1,268975450.28,0.0,0.0,0.0,False
LHOTSE FUNDO DE INVESTIMENTO EM DIREITOS CREDITÓRIOS,12330846000179,1458174.99,0.0,0.0,0.0,0.0,1,99419.92,0.0,0.0,0.0,False
POLICARD II FUNDO DE INVESTIMENTO EM DIREITOS CREDITÓRIOS RESPONSABILIDADE LIMITADA,13895002000138,85428393.89,0.0,0.0,0.0,0.0,1,65272146.06,0.0,0.0,0.0,False
FUNDO DE INVESTIMENTO EM DIREITOS CREDITÓRIOS SUMITOMO RESPONSABILIDADE LIMITADA,19746810000110,691010142.71,0.0,0.0,0.0,0.0,1,481771502.21,0.0,0.0,0.0,False
SIERRA FUNDO DE INVESTIMENTO EM COTAS DE FUNDO DE INVESTIMENTO EM DIREITOS CREDITÓRIOS,20658724000134,993077.38,0.0,0.0,0.0,0.0,1,0.0,,,,False
FUNDO DE INVESTIMENTO EM DIREITOS CREDITÓRIOS MARTE FORNECEDORES,23246620000100,0.02,0.0,0.0,0.0,0.0,1,0.0,,,,False
CIPA FUNDO DE INVESTIMENTO EM COTAS DE FUNDOS DE INVESTIMENTO EM DIREITOS CREDITORIOS,24331364000112,100815150.63,0.0,0.0,0.0,0.0,1,0.0,,,,False
MILAS FUNDO DE INVESTIMENTO EM DIREITOS CREDITÓRIOS NÃO PADRONIZADOS RESPONSABILIDADE LIMITADA,26286853000125,1823444.45,0.0,0.0,0.0,0.0,1,1266246.77,0.0,0.0,0.0,False
TAPSO FUNDO DE INVESTIMENTO EM DIREITOS CREDITÓRIOS RESPONSABILIDADE LIMITADA,26287464000114,41496046291.59,0.0,0.0,0.0,0.0,1,28186458808.25,0.0,0.0,0.0,False
WNT AÇÕES JUDICIAIS FUNDO DE INVESTIMENTO EM DIREITOS CREDITÓRIOS-NÃO PADRONIZADO,26558776000115,11333181.3,0.0,0.0,0.0,0.0,1,12484665.18,0.0,0.0,0.0,False
HOD MULTIPLICA 90 FUNDO DE INVESTIMENTO EM COTAS DE FUNDO DE  INVESTIMENTO EM DIREITOS CREDITÓRIOS,27500576000174,137782957.98,0.0,0.0,0.0,0.0,1,0.0,,,,False
MAJORITY - FUNDO DE INVESTIMENTO EM DIREITOS CREDITÓRIOS RESPONSABILIDADE LIMITADA,28481469000109,441852859.55,0.0,0.0,0.0,0.0,1,241667561.7,0.0,0.0,0.0,False
CHEVAL FUNDO DE INVESTIMENTO EM DIREITOS CREDITÓRIOS,29152752000150,6809130.08,0.0,0.0,0.0,0.0,1,0.0,,,,False
FRADE FUNDO DE INVESTIMENTO EM DIREITOS CREDITÓRIOS,30418918000116,78523295.45,0.0,0.0,0.0,0.0,1,0.0,,,,False
PROSSEG FUNDO DE INVESTIMENTO EM COTAS DE DIREITOS CREDITÓRIOS,30804773000191,42598384.22,0.0,0.0,0.0,0.0,1,0.0,,,,False
TARANIS - FUNDO DE INVESTIMENTO EM DIREITOS CREDITÓRIOS - RESPONSABILIDADE LIMITADA,31164462000178,636635521.16,0.0,0.0,0.0,0.0,1,647159898.26,0.0,0.0,0.0,False
FUNDO DE INVESTIMENTO EM DIREITOS CREDITORIOS BUDAPESTE 01,32068046000139,42533144.67,0.0,0.0,0.0,0.0,1,39112961.95,0.0,0.0,0.0,False
FIDC RANDONCORP SEGMENTO RECEBÍVEIS COMERCIAIS RESPONSABILIDADE LIMITADA,62690693000149,658827258.1,0.0,0.0,0.0,0.0,1,617591011.1,0.0,0.0,0.0,False
PARAGON FUNDO DE INVESTIMENTO EM COTAS DE FUNDO DE INVESTIMENTO EM DIREITOS CREDITÓRIOS,32525986000100,56168154.62,0.0,0.0,0.0,0.0,1,0.0,,,,False
RB CAPITAL CREDIT ALPHA STRATEGY I FIDC - RESPONSABILIDADE LIMITADA,32724252000150,439934830.91,0.0,0.0,0.0,0.0,1,337630889.21,0.0,0.0,0.0,False
NOVA CAPITAL FUNDO DE INVESTIMENTO EM QUOTAS FUNDOS DE INVESTIMENTO EM DIREITOS CREDITORIOS,33632618000123,65768736.74,0.0,0.0,0.0,0.0,1,0.0,,,,False
PORTI FUNDO DE INVESTIMENTO EM DIREITOS CREDITÓRIOS,62782703000176,2634886.74,0.0,0.0,0.0,0.0,1,2392143.36,0.0,0.0,0.0,False
MRV PRÓ  SOLUTO I FUNDO DE INVESTIMENTO EM DIREITOS CREDITÓRIOS IMOBILIÁRIOS DE RESP LIMITADA,62790827000101,299790011.19,0.0,0.0,0.0,0.0,1,295544550.03,0.0,0.0,0.0,False
OCCAM PORTFOLIO CRÉDITO FUNDO DE INVESTIMENTO EM DIREITOS CREDITÓRIOS DE RESPONSABILIDADE LIMITADA,59560195000177,123109892.55,0.0,0.0,0.0,0.0,1,47218404.23,0.0,0.0,0.0,False
TRENTINO FUNDO DE INVESTIMENTO EM DIREITOS CREDITÓRIO,62838279000134,6848609.65,0.0,0.0,0.0,0.0,1,0.0,,,,False
INCENTIVO MULTISETORIAL I - FIDC,10896292000146,4069414.36,0.0,0.0,0.0,0.0,1,0.0,,,,False
BM INFRA FUNDO DE INVESTIMENTO EM COTAS DE FUNDOS DE  INVESTIMENTO EM DIREITOS CREDITÓRIO,39806180000139,228040590.28,0.0,0.0,0.0,0.0,1,0.0,,,,False
FUNDO DE INVESTIMENTO EM DIREITOS CREDITÓRIOS NÃO-PADRONIZADOS TRYBE VQV SSI - RESPONSABILIDADE LIMI,39883874000170,30290746.27,0.0,0.0,0.0,0.0,1,27902839.25,0.0,0.0,0.0,False
SAINTE JULIE FUNDO DE INVESTIMENTO EM DIREITOS CREDITÓRIOS NÃO-PADRONIZADOS RESP LIMITADA,40132424000124,601049791.94,0.0,0.0,0.0,0.0,1,357902898.55,0.0,0.0,0.0,False
GREEN FIDC SOLAR GD -FUNDO DE INVESTIMENTO EM DIREITOS CREDITORIOS SOCIOAMBIENTAL-ENERGIA SOLAR - IS,40169680000196,198886567.39,0.0,0.0,0.0,0.0,1,173344031.01,0.0,0.0,0.0,False
CROMO FUNDO DE INVESTIMENTO EM DIREITOS CREDITÓRIOS RESPONSABILIDADE LIMITADA,59685331000155,33495278.66,0.0,0.0,0.0,0.0,1,30493017.19,0.0,0.0,0.0,False
CHAPADA FUNDO DE INVESTIMENTO EM DIREITOS CREDITÓRIOS RESPONSABILIDADE LIMITADA,63244964000103,30352033.29,0.0,0.0,0.0,0.0,1,27249138.46,0.0,0.0,0.0,False
FARMTECH FUNDO DE INVESTIMENTO EM DIREITOS CREDITÓRIOS DO AGRONEGÓCIO - RESPONSABILIDADE LIMITADA,40996065000153,3224208.89,0.0,0.0,0.0,0.0,1,3093691.33,0.0,0.0,0.0,False
TK FUNDO DE INVESTIMENTO EM COTAS DE FUNDO DE INVESTIMENTO EM DIREITOS CREDITÓRIOS,41341126000107,190014670.48,0.0,0.0,0.0,0.0,1,0.0,,,,False
ITAÚ PIRINEUS III DISTRIBUIDORES FIC FIDC DE INFRAESTRUTURA RESPONSABILIDADE LIMITADA,59773698000120,86910934.35,0.0,0.0,0.0,0.0,25,0.0,,,,False
ACCESS FUNDO DE INVESTIMENTO EM COTAS DE FUNDOS DE INVESTIMENTO EM DIREITOS CREDITÓRIOS,41351648000190,26019848.0,0.0,0.0,0.0,0.0,1,0.0,,,,False
BARU FUNDO DE INVESTIMENTO EM COTAS DE FUNDO DE INVESTIMENTO EM DIREITOS CREDITÓRIOS,41395100000141,23987191.23,0.0,0.0,0.0,0.0,1,0.0,,,,False
HAWK FUNDO DE INVESTIMENTO EM DIREITOS CREDITÓRIOS NÃO  PADRONIZADOS,41575962000156,57418025.79,0.0,0.0,0.0,0.0,1,50109235.28,0.0,0.0,0.0,False
SSE FUNDO DE INVESTIMENTO EM COTAS DE FUNDOS DE INVESTIMENTO EM DIREITOS CREDITÓRIOS NÃO PADRONIZADO,41673339000136,316669615.39,0.0,0.0,0.0,0.0,1,0.0,,,,False
CASH PLUS LONGO PRAZO FUNDO DE INVESTIMENTO EM COTAS DE FUNDOS DE INVESTIMENTO EM DIREITOS CREDITÓRI,41687404000182,433410462.7,0.0,0.0,0.0,0.0,1,0.0,,,,False
JPI FUNDO DE INVESTIMENTO EM COTAS DE FUNDO DE INVESTIMENTO EM DIREITOS CREDITÓRIOS,42067232000107,50869741.7,0.0,0.0,0.0,0.0,1,0.0,,,,False
SELLER 3 FUNDO DE INVESTIMENTO EM DIREITOS CREDITÓRIOS SEGMENTO MEIOS DE PAGAMENTO DE RESP LIMITADA,63572282000111,1876075238.87,0.0,0.0,0.0,0.0,1,1849120045.1,0.0,0.0,0.0,False
FUNDO DE INVESTIMENTO EM DIREITOS CREDITÓRIOS RECONLOG BANK,42449623000196,72872864.74,0.0,0.0,0.0,0.0,1,66074692.97,0.0,0.0,0.0,False
EXES MÁQUINAS FUNDO DE INVESTIMENTO EM DIREITOS CREDITÓRIOS,42462162000191,63007728.64,0.0,0.0,0.0,0.0,1,60686493.39,0.0,0.0,0.0,False
XP KAMINO FUNDO DE INVESTIMENTO EM COTAS DE DIREITOS CREDITÓRIOS RESPONSABILIDADE LIMITADA,59986749000100,18871035.27,0.0,0.0,0.0,0.0,1,0.0,,,,False
VIP II FGTS FUNDO DE INVESTIMENTO EM DIREITOS CREDITORIOS DE RESPONSABILIDADE LIMITADA,60026040000134,58252875.46,0.0,0.0,0.0,0.0,1,54592627.54,0.0,0.0,0.0,False
FUNDO DE INVESTIMENTO EM COTAS DE FUNDO DE INVESTIMENTO EM DIREITOS CREDITÓRIOS RIZA SRM - RESPONSAB,63679105000139,66864128.68,0.0,0.0,0.0,0.0,1,0.0,,,,False
SAVANA FUNDO DE INVESTIMENTO EM COTAS DE FUNDOS DE  INVESTIMENTO EM DIREITOS CREDITÓRIOS NP,43702714000154,107172286.15,0.0,0.0,0.0,0.0,1,0.0,,,,False
OASIS FUNDO DE INVESTIMENTO EM COTAS DE DIREITOS CREDITÓRIOS,43861501000175,201713003.24,0.0,0.0,0.0,0.0,1,0.0,,,,False
BRAVE 180 FUNDO DE INVESTIMENTO EM COTAS DE FUNDOS DE INVESTIMENTO EM DIREITOS CREDITÓRIOS,63762704000111,37245885.25,0.0,0.0,0.0,0.0,1,0.0,,,,False
LTA IRONTREND ONE FUNDO DE INVESTIMENTO EM DIREITOS CREDITÓRIOS,63778221000105,29434682.36,0.0,0.0,0.0,0.0,1,27588532.63,0.0,0.0,0.0,False
PLATINA 137 FUNDO DE INVESTIMENTO EM DIREITOS CREDITÓRIOS,44574109000108,18243396.15,0.0,0.0,0.0,0.0,1,0.0,,,,False
ALUME FUNDO DE INVESTIMENTO EM DIREITOS CREDITÓRIOS - RESPONSABILIDADE LIMITADA,44674270000153,106254467.18,0.0,0.0,0.0,0.0,1,89473784.29,0.0,0.0,0.0,False
VETBANK FUNDO DE INVESTIMENTO EM DIREITOS CREDITÓRIOS RESPONSABILIDADE LIMITADA,63823888000182,9343871.55,0.0,0.0,0.0,0.0,1,10397352.9,0.0,0.0,0.0,False
APOLLO CT FUNDO DE INVESTIMENTO EM DIREITOS CREDITÓRIOS CRÉDITO CONSIGNADO PRIVADO - RESP LIMITADA,63834653000196,10512600.75,0.0,0.0,0.0,0.0,1,7840752.79,0.0,0.0,0.0,False
OPERA I FUNDO DE INVESTIMENTO EM COTAS DE FUNDO DE INVESTIMENTO EM DIREITOS CREDITÓRIOS,44705662000132,22380812.0,0.0,0.0,0.0,0.0,1,0.0,,,,False
DVNP FUNDO DE INVESTIMENTO EM DIREITOS CREDITÓRIOS NÃO PADRONIZADOS DE RESPONSABILIDADE ILIMITADA,44900271000179,54670659.65,0.0,0.0,0.0,0.0,1,55000000.0,0.0,0.0,0.0,False
GPMG FUNDO DE INVESTIMENTO EM DIREITOS CREDITÓRIOS RESPONSABILIDADE LIMITADA,63937880000147,16275376.1,0.0,0.0,0.0,0.0,1,15506174.27,0.0,0.0,0.0,False
CARAJÁS FUNDO DE INVESTIMENTO EM COTAS DE FUNDOS DE INVESTIMENTO EM DIREITOS CREDITÒRIOS,46801085000108,14150172.08,0.0,0.0,0.0,0.0,1,0.0,,,,False
BR4 FUND FUNDO DE INVESTIMENTO EM DIREITOS CREDITÓRIOS  RESPONSABILIDADE LIMITADA,60369814000120,13856619.28,0.0,0.0,0.0,0.0,1,13841763.7,0.0,0.0,0.0,False
ASA FUNDO DE INVESTIMENTO EM COTAS DE FIDC 30 RESPONSABILIDADE LIMITADA,60369959000120,20411606.04,0.0,0.0,0.0,0.0,1,0.0,,,,False
FUNDO DE INVESTIMENTO EM COTAS DE FUNDO DE INVESTIMENTO EM DIREITOS CREDITÓRIOS SRM 360,47715992000105,22680385.18,0.0,0.0,0.0,0.0,1,0.0,,,,False
NTZ ALPHA 2 FUNDO DE INVESTIMENTO EM DIREITOS CREDITÓRIOS - RESPONSABILIDADE LIMITADA,64011100000104,23101691.91,0.0,0.0,0.0,0.0,1,0.0,,,,False
REDWOOD HIGH YIELD CP FIC EM FUNDOS DE INVESTIMENTO EM DIREITOS CREDITÓRIOS RESP LIMITADA,64027271000113,23784154.32,0.0,0.0,0.0,0.0,1,0.0,,,,False
FUNDO DE INVESTIMENTO EM DIREITOS CREDITÓRIOS CAP - RESPONSABILIDADE LIMITADA,49113994000141,99273854.97,0.0,0.0,0.0,0.0,1,85101841.38,0.0,0.0,0.0,False
TK 180 FUNDO DE INVESTIMENTO EM COTAS DE FIDC - RESPONSABILIDADE LIMITADA,50059717000187,33161880.4,0.0,0.0,0.0,0.0,1,0.0,,,,False
SEVEN CRÉDITO ESTRUTURADO 360 FUNDO DE INVESTIMENTO EM DIREITOS CREDITÓRIOS - RESPONSABILIDADE LIMIT,60715499000145,343410226.07,0.0,0.0,0.0,0.0,1,61548978.75,0.0,0.0,0.0,False
VSG FUNDO DE INVESTIMENTO EM COTAS DE FUNDO DE INVESTIMENTO EM DIREITOS CREDITÓRIOS,50284896000156,31185740.44,0.0,0.0,0.0,0.0,1,0.0,,,,False
STRUTTURA AGRO FUNDO DE INVESTIMENTO EM DIREITOS CREDITÓRIOS DO AGRONEGÓCIO DE RESPONSABILIDADE LTDA,50519168000186,78290.63,0.0,0.0,0.0,0.0,1,0.0,,,,False
FUNDO DE INVESTIMENTO EM COTAS DE FUNDOS DE INVESTIMENTO EM DIREITOS CREDITÓRIOS ALION MZ,50808063000147,69384482.92,0.0,0.0,0.0,0.0,1,0.0,,,,False
FUNDO DE INVESTIMENTO EM DIREITOS CREDITÓRIOS ACR I BANCOS EMISSORES DE CARTÃO DE CRÉDITO RESP LIMI,52256912000122,2661592324.9,0.0,0.0,0.0,0.0,1,2393814408.84,0.0,0.0,0.0,False
ESTAIADA ÉXES FUNDO DE INVESTIMENTO EM DIREITOS CREDITÓRIOS RESPONSABILIDADE LIMITADA,52319921000115,75062769.76,0.0,0.0,0.0,0.0,1,74726614.06,0.0,0.0,0.0,False
GUARDIAN MULTI CONSIGNADO III FIDC RESPONSABILIDADE LIMITADA,52341847000133,331524918.49,0.0,0.0,0.0,0.0,1,325534498.58,0.0,0.0,0.0,False
SALENTO FUNDO DE INVESTIMENTO EM DIREITOS CREDITÓRIOS,52498585000115,241072740.86,0.0,0.0,0.0,0.0,1,0.0,,,,False
AETOS ENERGIA FUNDO DE INVESTIMENTO EM DIREITOS CREDITÓRIOS,52610624000124,7350884666.57,0.0,0.0,0.0,0.0,1,7365283084.6,0.0,0.0,0.0,False
FUNDO DE INVESTIMENTO EM DIREITOS CREDITÓRIOS DIRETO RESPONSABILIDADE LIMITADA,53110325000193,224078725.96,0.0,0.0,0.0,0.0,1,175281867.37,0.0,0.0,0.0,False
REAL MINAS 2 FUNDO DE INVESTIMENTO EM DIREITOS CREDITÓRIOS,53323703000117,334462880.04,0.0,0.0,0.0,0.0,1,0.0,,,,False
XP CREDIT OPPORTUNITIES FUNDO DE INVESTIMENTO EM DIREITOS CREDITÓRIOS DE RESPONSABILIDADE LIMITADA,53779703000126,864281715.99,0.0,0.0,0.0,0.0,1,430010402.64,0.0,0.0,0.0,False
MONEE FUNDO DE INVESTIMENTO EM COTAS DE FUNDOS DE INVESTIMENTO EM DIREITOS CREDITÓRIOS RESP LIMITADA,58900579000129,3438585492.93,0.0,0.0,0.0,0.0,1,0.0,,,,False
JEITTO FUNDO DE INVESTIMENTO EM DIREITOS CREDITÓRIOS  GUARDIAN RESPONSABILIDADE LIMITADA,61157943000117,404964651.84,0.0,0.0,0.0,0.0,1,357260831.55,0.0,0.0,0.0,False
ARC LC FUNDO DE INVESTIMENTO EM DIREITOS CREDITÓRIOS,61226894000127,11945630.17,0.0,0.0,0.0,0.0,1,0.0,,,,False
CRÉD. AO TRAB. FIC DE FUNDO DE INVESTIMENTO EM DIREITOS CREDITÓRIOS RESP LIMITADA,64689513000134,2399410.0,0.0,0.0,0.0,0.0,1,0.0,,,,False
CHRONOS FUNDO DE INVESTIMENTO EM DIREITOS CREDITÓRIOS,54775576000150,67149918.6,0.0,0.0,0.0,0.0,1,0.0,,,,False
CHIMERA ALTERNATIVE ASSETS VIII FUNDO DE INVESTIMENTO EM DIREITOS CREDITÓRIOS NP DE RESP LIMITADA,54875483000105,53640789.96,0.0,0.0,0.0,0.0,1,53548453.95,0.0,0.0,0.0,False
RJ3D FUNDO DE INVESTIMENTO EM DIREITOS CREDITÓRIOS,55154982000168,44501151.54,0.0,0.0,0.0,0.0,1,1548893.45,0.0,0.0,0.0,False
BW2 FUNDO DE INVESTIMENTO EM COTAS DE FUNDO DE INVESTIMENTO EM DIREITOS CREDITÓRIOS,55211792000135,32489154.48,0.0,0.0,0.0,0.0,1,0.0,,,,False
MATRI NOW FUNDO DE INVESTIMENTO EM COTAS DE FUNDO DE INVESTIMENTO EM DIREITOS CREDITÓRIOS,55296116000101,34074383.47,0.0,0.0,0.0,0.0,1,0.0,,,,False
CLASSE I DO TUNDRA FIDC DE RESPONSABILIDADE LIMITADA,55333402000108,26866701.22,0.0,0.0,0.0,0.0,1,26837445.55,0.0,0.0,0.0,False
MAX 90 FUNDO DE INVESTIMENTO EM COTAS DE FUNDO DE INVESTIMENTO EM DIREITOS CREDITÓRIOS,55619752000127,8247082.33,0.0,0.0,0.0,0.0,1,0.0,,,,False
FUNDO DE INVESTIMENTO EM DIREITOS CREDITÓRIOS STELLANTIS MOBILITY I - RESPONSABILIDADE LIMITADA,61351481000174,598467081.89,0.0,0.0,0.0,0.0,1,582544271.78,0.0,0.0,0.0,False
PRAVALER CRÉDITO UNIVERSITÁRIO IV FUNDO DE INVESTIMENTO EM DIREITOS CREDITÓRIOS - RESP LIMITADA,55983705000168,260834195.78,0.0,0.0,0.0,0.0,1,192482978.65,0.0,0.0,0.0,False
EVEREST TRACKER FUNDO DE INVESTIMENTO EM COTAS DE FUNDO DE INVESTIMENTO EM DIREITOS CREDITÓRIOS,56073212000153,35719092.46,0.0,0.0,0.0,0.0,1,0.0,,,,False
BULL CONSIGNADO PRIVADO FUNDO DE INVESTIMENTO EM DIREITOS  CREDITÓRIOS DE RESPONSABILIDADE LIMITADA,65604780000124,38323060.28,0.0,0.0,0.0,0.0,1,32672740.88,0.0,0.0,0.0,False
FUNDO DE INVESTIMENTO EM DIREITOS CREDITÓRIOS AUTO GWM - RESPONSABILIDADE LIMITADA,56112240000132,197555010.67,0.0,0.0,0.0,0.0,1,135814158.29,0.0,0.0,0.0,False
ALDEBARAN FUNDO DE INVESTIMENTO EM DIREITOS CREDITÓRIOS - RESPONSABILIDADE LIMITADA,57555582000190,1002415606.75,0.0,0.0,0.0,0.0,1,572962687.08,0.0,0.0,0.0,False
ALDEBARAN III FUNDO DE INVESTIMENTO EM DIREITOS CREDITÓRIOS - RESPONSABILIDADE LIMITADA,57832889000190,332397292.12,0.0,0.0,0.0,0.0,1,205475523.53,0.0,0.0,0.0,False
ALDEBARAN II FUNDO DE INVESTIMENTO EM DIREITOS CREDITÓRIOS -  RESPONSABILIDADE LIMITADA,57833038000162,1477350540.58,0.0,0.0,0.0,0.0,1,1197695524.22,0.0,0.0,0.0,False
FRUTOS CAPITAL FUNDO DE INVESTIMENTO EM DIREITOS CREDITORIOS,57889361000158,24735274.94,0.0,0.0,0.0,0.0,1,24481934.09,0.0,0.0,0.0,False
IPO II FUNDO DE INVESTIMENTO EM DIREITOS CREDITÓRIOS - RESPONSABILIDADE LIMITADA,61921850000117,73745410.4,0.0,0.0,0.0,0.0,1,0.0,,,,False
CORRESPONDENTE BANQUEIRO XP FUNDO DE INVESTIMENTO EM DIREITOS CREDITÓRIOS - RESP LTDA,58223658000142,290981671.0,0.0,0.0,0.0,0.0,1,224073512.52,0.0,0.0,0.0,False
SEVEN CRÉDITO ESTRUTURADO 90 FUNDO DE INVESTIMENTO EM DIREITOS CREDITÓRIOS RESPONSABILIDADE LIMITADA,66573074000125,17154885.74,0.0,0.0,0.0,0.0,1,6338403.26,0.0,0.0,0.0,False
BRADESCO FARMTECH PLUS - FUNDO DE INVESTIMENTO NAS CADEIAS PRODUTIVAS DO AGRONEGÓCIO - RESP LTDA,58476520000155,288572745.95,0.0,0.0,0.0,0.0,1,185770178.41,0.0,0.0,0.0,False
WELLGROW FUNDO DE INVESTIMENTO EM DIREITOS CREDITÓRIOS - RESPONSABILIDADE LIMITADA,61927592000186,85543950.64,0.0,0.0,0.0,0.0,1,0.0,,,,False
COPPER CAPITAL FUNDO DE INVESTIMENTO EM DIREITOS CREDITÓRIOS PADRONIZADO,36731351000110,31645506.33,0.0,0.0,0.0,0.0,1,27929319.46,0.0,0.0,0.0,False
FUNDO DE INVESTIMENTO EM QUOTAS DE FUNDO DE INVESTIMENTO EM DIREITOS CREDITÓRIOS NÃO PADRONIZADO SRM,09260031000156,80996734.05,0.0,0.0,0.0,0.0,1,0.0,,,,False
TARGET FUNDO DE INVESTIMENTO EM DIREITOS CREDITORIOS- MULTICREDITO,09410142000100,35832812.16,0.0,0.0,0.0,0.0,1,31865224.82,0.0,0.0,0.0,False
CREDENCIAL - FUNDO DE INVESTIMENTO EM DIREITOS CREDITÓRIOS RESPONSABILIDADE LIMITADA,10528349000154,251620870.57,0.0,0.0,0.0,0.0,1,42017516.25,0.0,0.0,0.0,False
MERITA FUNDO DE INVESTIMENTO EM COTAS DE FUNDO DE INVESTIMENTO EM DIREITOS CREDITÓRIOS,11726466000195,30158437.63,0.0,0.0,0.0,0.0,1,0.0,,,,False
LME REC MULTISETORIAL IPCA - FUNDO DE INVESTIMENTO EM DIREITOS CREDITORIOS,12440789000180,38442603.41,0.0,0.0,0.0,0.0,1,66470947.12,0.0,0.0,0.0,False
POTENCIAL INVEST FUNDO DE INVESTIMENTO EM DIREITOS CREDITÓRIOS,58545868000157,1108025278.38,0.0,0.0,0.0,0.0,1,954963657.66,0.0,0.0,0.0,False
TENDA FUNDO DE INVESTIMENTO EM DIREITOS CREDITÓRIOS NÃO PADRONIZADO,60759882000103,74355470.78,0.0,0.0,0.0,0.0,1,62299552.849999994,0.0,0.0,0.0,False
FUNDO DE INVESTIMENTO EM DIREITOS CREDITORIOS MULTISSETORIAL INVEST DUNAS LP,13633964000119,76832.1,0.0,0.0,0.0,0.0,1,0.0,,,,False
FUNDO DE INVESTIMENTO EM DIREITOS CREDITORIOS CAIXA DUBLIN,15254288000106,243696856.53,0.0,0.0,0.0,0.0,1,233791640.35,0.0,0.0,0.0,False
STONE FUNDO DE INVESTIMENTO EM COTAS DE FUNDO DE INVESTIMENTO EM DIREITOS CREDITÓRIOS,18151682000107,55811788.86,0.0,0.0,0.0,0.0,1,0.0,,,,False
INX SSPI BONDS FUNDO DE INVESTIMENTO EM DIREITOS CREDITÓRIOS NÃO-PADRONIZADOS,19832159000109,4789521.41,0.0,0.0,0.0,0.0,1,6267352.23,0.0,0.0,0.0,False
DBS FUNDO DE INVESTIMENTO EM DIREITOS CREDITORIOS,20093934000122,119630503.72,0.0,0.0,0.0,0.0,1,0.0,,,,False
ASPEN FUNDO DE INVESTIMENTO EM COTAS DE FUNDO DE INVESTIMENTO EM DIREITOS CREDITÓRIOS - RESPONSABILI,21796827000123,51837680.58,0.0,0.0,0.0,0.0,1,0.0,,,,False
FUNDO DE INVESTIMENTO EM DIREITOS CREDITÓRIOS GOAL NP,25306519000123,36923613.99,0.0,0.0,0.0,0.0,1,27668242.64,0.0,0.0,0.0,False
RNX FEEDER FUNDO DE INVESTIMENTO EM COTAS DE FIDC MULTISSETORIAL,26000088000135,178445318.09,0.0,0.0,0.0,0.0,1,0.0,,,,False
VERDECARD FUNDO DE INVESTIMENTO EM DIREITOS CREDITÓRIOS RESPONSABILIDADE LIMITADA,26722650000134,1610706096.38,0.0,0.0,0.0,0.0,1,1166143632.18,0.0,0.0,0.0,False
PRAVALER CRÉDITO UNIVERSITÁRIO II FUNDO DE INVESTIMENTO EM DIREITOS CREDITÓRIOS - RESP LIMITADAL,26749095000134,392878603.09,0.0,0.0,0.0,0.0,1,349521335.44,0.0,0.0,0.0,False
FUNDO DE INVESTIMENTO EM DIREITOS CREDITORIOS LOTEAMENTO,27467600000110,0.01,0.0,0.0,0.0,0.0,1,0.0,,,,False
ITAÚ POOL FEEDER FUNDO DE INVESTIMENTO EM COTAS DE FIDC RESPONSABILIDADE LIMITADA,61289111000154,301536912.8,0.0,0.0,0.0,0.0,25,0.0,,,,False
XPLORER FUNDO DE INVESTIMENTO EM COTAS DE FUNDOS DE INVESTIMENTO EM DIREITOS CREDITÓRIOS,28079865000104,34622221.18,0.0,0.0,0.0,0.0,1,0.0,,,,False
MULTIPLIKE INVESTIMENTOS FUNDO DE INVESTIMENTO EM DIREITOS CREDITÓRIOS MULTISSETORIAL - RESPONSABILI,28079873000150,717547129.56,0.0,0.0,0.0,0.0,1,0.0,,,,False
SALIS FUNDO DE INVESTIMENTO EM DIREITOS CREDITÓRIOS - RESPONSABILIDADE LIMITADA,61295347000101,17998245.9,0.0,0.0,0.0,0.0,1,12111216.88,0.0,0.0,0.0,False
GÁTRIA II - FUNDO DE INVESTIMENTO EM DIREITOS CREDITÓRIOS - RESPONSABILIDADE LIMITADA,28536554000127,9879439.6,0.0,0.0,0.0,0.0,1,12706939.21,0.0,0.0,0.0,False
FUNDO DE INVESTIMENTO EM COTAS DE FIDC SÊNIOR EXODUS INSTITUCIONAL - RESPONSABILIDADE LIMITADA,61385893000125,354481941.72,0.0,0.0,0.0,0.0,1,0.0,,,,False
TREVYS FUNDO DE INVESTIMENTO EM COTAS DE FUNDOS DE INVESTIMENTO EM DIREITOS CREDITÓRIOS,28819664000104,17362334.92,0.0,0.0,0.0,0.0,1,0.0,,,,False
COBUCCIO MASTER FUNDO DE INVESTIMENTO EM DIREITOS CREDITÓRIOS DE CLASSE ÚNICA FECHADA,29242769000106,1308355355.32,0.0,0.0,0.0,0.0,1,0.0,,,,False
UNIQUE FUNDO DE INVESTIMENTO EM COTAS DE FUNDO DE INVESTIMENTO EM DIREITOS CREDITÓRIOS NÃO PADRONIZA,29242992000145,64135808.17,0.0,0.0,0.0,0.0,1,0.0,,,,False
XP CRÉDITO ESTRUTURADO 90 FUNDO DE INVESTIMENTO EM DIREITOS CREDITÓRIOS - RESPONSABILIDADE LIMITADA,61802352000155,109816506.77,0.0,0.0,0.0,0.0,1,41152853.63,0.0,0.0,0.0,False
HOD II LONG PRAZO FUNDO DE INVESTIMENTO EM COTAS DE FUNDOS DE INVESTIMENTO EM DIREITOS CREDITÓRIOS,29242999000167,1216374305.64,0.0,0.0,0.0,0.0,1,0.0,,,,False
RSCRED MULTIESTRÉGIA - FUNDO DE INVESTIMENTO EM DIREITOS CREDITÓRIOS NÃO-PADRONIZADOS,29301202000155,3599850973.43,0.0,0.0,0.0,0.0,1,4011090870.02,0.0,0.0,0.0,False
TAURUS FUNDO DE INVESTIMENTO EM DIREITOS CREDITÓRIOS,29306608000120,14558112.36,0.0,0.0,0.0,0.0,1,0.0,,,,False
AUTOMOTIVO FUNDO DE INVESTIMENTO EM DIREITOS CREDITÓRIOS,30590978000111,183510468.34,0.0,0.0,0.0,0.0,1,171345583.02,0.0,0.0,0.0,False
MOLEIRO CONSIGNADO FIDC FINANCEIROS DE RESPONSABILIDADE LIMITADA,30591284000107,173979165.62,0.0,0.0,0.0,0.0,1,165514290.69,0.0,0.0,0.0,False
DS CAPITAL FUNDO DE INVESTIMENTO EM DIREITOS CREDITÓRIOS,62031792000119,14451592.14,0.0,0.0,0.0,0.0,1,13678303.42,0.0,0.0,0.0,False
ARC TATICO FUNDO DE INVESTIMENTO EM DIREITOS CREDITÓRIOS,62124571000195,6174424.38,0.0,0.0,0.0,0.0,1,9748060.07,0.0,0.0,0.0,False
PASSO FUNDO RS FUNDO DE INVESTIMENTO EM DIREITOS  CREDITÓRIOS RESPONSABILIDADE LIMITADA,32113780000172,765710103.17,0.0,0.0,0.0,0.0,1,151752391.35,0.0,0.0,0.0,False
WELLESLEY FUNDO DE INVESTIMENTO EM DIREITOS CREDITÓRIOS RESPONSABILIDADE LIMITADA,32274625000138,-1436261.01,0.0,0.0,0.0,0.0,1,0.0,,,,False
POTENCIAL INVEST FUNDO DE INVESTIMENTO EM COTAS DE FUNDOS DE INVESTIMENTO EM  DIREITOS CREDITÓRIOS,58645480000128,1141150790.24,0.0,0.0,0.0,0.0,1,0.0,,,,False
BI5 FUNDO DE INVESTIMENTO EM DIREITOS CREDITÓRIOS DE RESPONSABILIDADE LIMITADA,58649649000118,45329584.41,0.0,0.0,0.0,0.0,1,41212269.239999995,0.0,0.0,0.0,False
FUNDO DE INVESTIMENTO EM DIREITOS CREDITORIÓS ANTECIPA  RESPONSABILIDADE LIMITADA,34407714000130,169841163.37,0.0,0.0,0.0,0.0,1,153820186.64,0.0,0.0,0.0,False
XP VINTAGE I FUNDO DE INVESTIMENTO EM DIREITOS CREDITÓRIOS MULTICARTEIRA OUTROS RL,62359143000141,145041562.65,0.0,0.0,0.0,0.0,1,0.0,,,,False
ÁSTER FUNDO DE INVESTIMENTO EM DIREITOS CREDITÓRIOS NÃO-PADRONIZADOS,35689357000103,118089087.76,0.0,0.0,0.0,0.0,1,0.0,,,,False
FUNDO DE INVESTIMENTO EM COTAS DE FUNDOS DE INVESTIMENTO EM DIREITOS CREDITÓRIOS IOX D30,36293650000110,13850617.69,0.0,0.0,0.0,0.0,1,0.0,,,,False
VERDE AM CE II FUNDO DE INVESTIMENTO EM COTAS DE FIDC RESPONSABILIDADE LIMITADA,37013332000110,253816727.67,0.0,0.0,0.0,0.0,25,0.0,,,,False
IALA FUNDO DE INVESTIMENTO EM DIREITOS CREDITÓRIOS,62543489000103,5520645.88,0.0,0.0,0.0,0.0,1,5095717.79,0.0,0.0,0.0,False
FUNDO DE INVESTIMENTO EM DIREITOS CREDITÓRIOS TM II RESPONSABILIDADE LIMITADA,37266557000189,2778320.22,0.0,0.0,0.0,0.0,1,0.0,,,,False
VTK FUNDO DE  INVESTIMENTO EM DIREITOS CREDITÓRIOS RESPONSABILIDADE  LIMITADA,62588266000154,3085111034.31,0.0,0.0,0.0,0.0,1,2738344752.38,0.0,0.0,0.0,False
FACTA INSS CB FUNDO DE INVESTIMENTO EM DIREITOS CREDITÓRIOS - RESPONSABILIDADE LIMITADA,38082159000175,278780352.94,0.0,0.0,0.0,0.0,1,246864220.53,0.0,0.0,0.0,False
PHD FEEDER FUNDO DE INVESTIMENTO EM DIREITOS CREDITÓRIOS,39270085000163,37393966.55,0.0,0.0,0.0,0.0,1,0.0,,,,False
EVEREST K2 FUNDO DE INVESTIMENTO EM COTAS DE FUNDO DE INVESTIMENTO EM DIREITOS CREDITÓRIOS,39469191000170,4509361.65,0.0,0.0,0.0,0.0,1,0.0,,,,False
CENTRAL AGRO FUNDO DE INVESTIMENTO EM DIREITOS CREDITÓRIOS NÃO PADRONIZADO,40101938000112,8529515.75,0.0,0.0,0.0,0.0,1,7704850.53,0.0,0.0,0.0,False
JP CAPITAL FUNDO DE INVESTIMENTO EM COTAS DE  FUNDOS DE INVESTIMENTO EM DIREITOS CREDITÓRIOS,40902151000150,51871628.36,0.0,0.0,0.0,0.0,1,0.0,,,,False
KEYCASH HOME EQUITY FUNDO DE INVESTIMENTO EM DIREITOS CREDITÓRIOS,40995902000120,40546244.23,0.0,0.0,0.0,0.0,1,25930767.9,0.0,0.0,0.0,False
STERN FUNDO DE INVESTIMENTO EM DIREITOS CREDITÓRIOS RESPONSABILIDADE LIMITADA,59137241000120,26879134.86,0.0,0.0,0.0,0.0,1,15557114.95,0.0,0.0,0.0,False
FIDEM BANK FUNDO DE INVESTIMENTO EM COTAS DE FUNDO DE INVESTIMENTO EM DIREITOS CREDITÓRIOS,41907181000111,23376841.11,0.0,0.0,0.0,0.0,1,0.0,,,,False
STARS BANK FUNDO DE INVESTIMENTO EM COTAS DE FUNDO DE INVESTIMENTO EM DIREITOS CREDITÓRIOS,41992676000196,448999595.71,0.0,0.0,0.0,0.0,1,0.0,,,,False
POSITIVO TEC FUNDO DE INVESTIMENTO EM DIREITOS CREDITORIOS - RECEBIVEIS COMERCIAIS DE RESP LTDA,59151364000115,10307772.38,0.0,0.0,0.0,0.0,1,6730177.5,0.0,0.0,0.0,False
CAMPINAS FUNDO DE INVESTIMENTO EM COTAS DE FUNDOS DE INVESTIMENTO EM DIREITOS CREDITÓRIOS - RESPONSA,42533772000139,255969794.62,0.0,0.0,0.0,0.0,1,0.0,,,,False
VERDE AM CRÉDITO ESTRUTURADO FIDC - CIC EM DIREITOS CREDITÓRIOS - RESPONSABILIDADE LIMITADA,42827518000143,965774948.8,0.0,0.0,0.0,0.0,1,0.0,,,,False
ITAUNA PIPELINE FIC FIDC - RESPONSABILIDADE LIMITADA,59213700000107,28441889.16,0.0,0.0,0.0,0.0,1,0.0,,,,False
FUNDO DE  INVESTIMENTO EM DIREITOS CREDITÓRIOS FUTURO  PREVIDÊNCIA CONSIGNADO PÚBLICO I,42933402000199,88822071.02,0.0,0.0,0.0,0.0,1,84712286.79,0.0,0.0,0.0,False
ICRED FGTS 2 FUNDO DE INVESTIMENTO EM DIREITOS CREDITÓRIOS RESPONSABILIDADE LIMITADA,63296865000167,96825558.24,0.0,0.0,0.0,0.0,1,94378004.04,0.0,0.0,0.0,False
ORRAM CORE FUNDO DE INVESTIMENTO EM COTAS DE FUNDO DE INVESTIMENTO EM DIREITOS CREDITÓRIOS,43551156000173,689641593.97,0.0,0.0,0.0,0.0,1,0.0,,,,False
TALÓ 1 FUNDO DE INVESTIMENTO EM DIREITOS CREDITÓRIOS RESPONSABILIDADE LIMITADA,43616659000180,7003747.49,0.0,0.0,0.0,0.0,1,4421258.16,0.0,0.0,0.0,False
SABIA CREDIT FEEDER FUNDO DE INVESTIMENTO EM COTAS DE FUNDOS DE INVESTIMENTO EM DIREITOS CREDITÓRIOS,44571204000158,53101367.43,0.0,0.0,0.0,0.0,1,0.0,,,,False
FUNDO DE INVESTIMENTO EM DIREITOS CREDITORIOS UPL 02 - RESPONSABILIDADE LIMITADA,44574361000117,482864460.3,0.0,0.0,0.0,0.0,1,356985832.75,0.0,0.0,0.0,False
SEVEN CAPITAL FUNDO DE INVESTIMENTO EM COTAS DE FUNDO DE INVESTIMENTO EM DIREITOS CREDITÓRIOS,44705452000144,47033191.38,0.0,0.0,0.0,0.0,1,0.0,,,,False
JCI IV B - FUNDO DE INVESTIMENTO EM DIREITOS CREDITÓRIOS RESPONSABILIDADE LIMITADA,45359065000166,1847862.74,0.0,0.0,0.0,0.0,1,0.0,,,,False
OP QI FUNDO DE INVESTIMENTO EM COTAS DE FUNDOS DE INVESTIMENTO EM DIREITOS CREDITÓRIOS,45756256000161,27713574.59,0.0,0.0,0.0,0.0,1,0.0,,,,False
MOBI FUNDO DE INVESTIMENTO EM COTAS DE FUNDO DE INVESTIMENTO EM DIREITOS CREDITÓRIOS,47168002000158,19501282.77,0.0,0.0,0.0,0.0,1,0.0,,,,False
FUNDO DE INVESTIMENTO EM DIREITOS CREDITÓRIOS  FUTURO PREVIDENCIA CONSIGNADO PUBLICO IV RESP LTDA,59599914000163,154948511.59,0.0,0.0,0.0,0.0,1,152721017.26,0.0,0.0,0.0,False
CORES I FUNDO DE INVESTIMENTO EM DIREITOS CREDITÓRIOS,47629727000104,52134046.56,0.0,0.0,0.0,0.0,1,50971140.05,0.0,0.0,0.0,False
LARCA CONSIGNADO III FUNDO DE INVESTIMENTO EM  DIREITOS CREDITORIOS - RESPONSABILIDADE LIMITADA,59602002000101,83569753.26,0.0,0.0,0.0,0.0,1,78650186.5,0.0,0.0,0.0,False
SARDENHA FUNDO DE INVESTIMENTO EM COTAS DE FUNDO DE INVESTIMENTO EM DIREITOS CREDITÓRIOS,49000918000120,9426720.98,0.0,0.0,0.0,0.0,1,0.0,,,,False
CHIMERA ALTERNATIVE ASSETS I FUNDO DE INVESTIMENTO EM DIREITOS CREDITÓRIOS NP DE RESP. LIMITADA,49319863000115,81705280.85,0.0,0.0,0.0,0.0,1,81593808.14,0.0,0.0,0.0,False
LC2M FUNDO DE INVESTIMENTO EM DIREITOS CREDITÓRIOS - DE RESPONSABILIDADE LIMITADA,63677254000169,56436204.07,0.0,0.0,0.0,0.0,1,50053467.46,0.0,0.0,0.0,False
TD I FUNDO DE INVESTIMENTO EM DIREITOS CREDITÓRIOS DE RESPONSABILIDADE LIMITADA,63679664000149,28464608.1,0.0,0.0,0.0,0.0,1,22677687.99,0.0,0.0,0.0,False
BLUE HEALTH FIDC RECEBÍVEIS COMERCIAIS DE RESPONSABILIDADE LIMITADA,63679792000192,142173656.83,0.0,0.0,0.0,0.0,1,132968814.92,0.0,0.0,0.0,False
OSAKA FUNDO DE INVESTIMENTO EM DIREITOS CREDITÓRIOS DE RESPONSABILIDADE LIMITADA,49583436000140,33085953.36,0.0,0.0,0.0,0.0,1,27238760.72,0.0,0.0,0.0,False
ASA FIC DE FUNDO DE INVESTIMENTO EM  DIREITOS CREDITÓRIOS 90 RESPONSABILIDADE LIMITADA,49916055000135,104101367.08,0.0,0.0,0.0,0.0,1,0.0,,,,False
ITAIM DELTA NPL FUNDO DE INVESTIMENTO EM DIREITOS CREDITÓRIOS,63881926000153,686626.9,0.0,0.0,0.0,0.0,1,700870.75,0.0,0.0,0.0,False
INOVA3 FUNDO DE INVESTIMENTO EM DIREITOS CREDITÓRIOS - RESPONSABILIDADE LIMITADA,50362898000116,6663179.56,0.0,0.0,0.0,0.0,1,2870098.58,0.0,0.0,0.0,False
ITAIM SUB FUNDO DE INVESTIMENTO EM DIREITOS CREDITÓRIOS - RESPONSABILIDADE LIMITADA,63975281000118,11926153.95,0.0,0.0,0.0,0.0,1,0.0,,,,False
GUARDIAN FUTURO VI FUNDO DE INVESTIMENTO EM DIREITOS CREDITÓRIOS RESPONSABILIDADE LIMITADA,64012744000109,102373454.8,0.0,0.0,0.0,0.0,1,67993978.35,0.0,0.0,0.0,False
TK 30 FUNDO DE INVESTIMENTO EM COTAS DE FUNDO DE INVESTIMENTO EM DIREITOS CREDITÓRIOS - RL,50469304000170,313198622.86,0.0,0.0,0.0,0.0,1,0.0,,,,False
SELLER FIDC SEGMENTO MEIOS DE PAGAMENTO DE RESPONSABILIDADE LIMITADA,50473039000102,3656448188.16,0.0,0.0,0.0,0.0,1,3608841970.11,0.0,0.0,0.0,False
MONTBLANC FUNDO DE INVESTIMENTO EM DIREITOS CREDITÓRIOS,50706970000185,96379154.02,0.0,0.0,0.0,0.0,1,34227011.67,0.0,0.0,0.0,False
POTENCIAL CAPITAL FUNDO DE INVESTIMENTO EM DIREITOS CREDITÓRIOS RESPONSABILIDADE LIMITADA,64060613000105,32958331.29,0.0,0.0,0.0,0.0,1,10397903.42,0.0,0.0,0.0,False
BAMAQ CAPITAL FUNDO DE INVESTIMENTO EM DIREITOS CREDITÓRIOS NÃO PADRONIZADOS,50792099000180,26272006.29,0.0,0.0,0.0,0.0,1,19276719.18,0.0,0.0,0.0,False
JIVEMAUÁ BOSSANOVA CRÉDITO SECURITIZADO II FUNDO DE INVESTIMENTO EM DIREITOS CREDITÓRIOS,64118207000148,370378260.21,0.0,0.0,0.0,0.0,1,26173104.28,0.0,0.0,0.0,False
MEU PRECATÓRIO FUNDO DE INVESTIMENTO EM DIREITOS CREDITÓRIOS RESPONSABILIDADE LIMITADA,64126861000101,20899158.23,0.0,0.0,0.0,0.0,1,20701175.94,0.0,0.0,0.0,False
SOLAR BR FUNDO DE INVESTIMENTO EM DIREITOS CREDITÓRIOS,51045717000190,61877061.89,0.0,0.0,0.0,0.0,1,0.0,,,,False
ARIA FUNDO DE INVESTIMENTO EM DIREITOS CREDITÓRIOS NÃO PADRONIZADOS DE RESPONSABILIDADE LIMITADA,51114682000102,38133853.41,0.0,0.0,0.0,0.0,1,38913558.010000005,0.0,0.0,0.0,False
EVERBLUE FUNDO DE INVESTIMENTO EM COTAS DE FUNDO DE INVESTIMENTO EM DIREITOS CREDITÓRIOS,52099923000146,28517435.29,0.0,0.0,0.0,0.0,1,0.0,,,,False
3T - FUNDO DE INVESTIMENTO EM COTAS DE FUNDO DE INVESTIMENTO EM DIREITOS CREDITÓRIOS NÃO PADRONIZADO,52362629000185,21472860.17,0.0,0.0,0.0,0.0,1,0.0,,,,False
ITAÚ PIRINEUS III PRIVATE MARKETS PRIVATE FIC DE FI EM DIREITOS CREDITÓRIOS DE INFRA RESP LIMITADA,59773387000161,289213926.41,0.0,0.0,0.0,0.0,25,0.0,,,,False
HEAD CRÉDITO AO TRABALHADOR FUNDO DE INVESTIMENTO EM DIREITOS CREDITÓRIOS RESP LIMITADA,64438386000109,3031520.81,0.0,0.0,0.0,0.0,1,2946943.54,0.0,0.0,0.0,False
ITAÚ PIRINEUS III PRIVATE MARKETS FIC DE FI EM DIREITOS CREDITÓRIOS DE INFRA RESP LIMITADA,59773538000181,261596805.1,0.0,0.0,0.0,0.0,25,0.0,,,,False
MCPO FUNDO DE INVESTIMENTO EM DIREITOS CREDITÓRIOS,52968533000165,113318733.22,0.0,0.0,0.0,0.0,1,96556579.53,0.0,0.0,0.0,False
CREDIT CASH FUNDO DE INVESTIMENTO EM DIREITOS CREDITÓRIOS,64603028000104,14488410.55,0.0,0.0,0.0,0.0,1,0.0,,,,False
XP RETURN I CONSIGNADO FUNDO DE INVESTIMENTO EM DIREITOS CREDITÓRIOS RESP LIMITADA,53036495000175,1546482100.39,0.0,0.0,0.0,0.0,1,1483298090.12,0.0,0.0,0.0,False
SERENA FUNDO DE INVESTIMENTO EM DIREITOS CREDITÓRIOS,53293984000102,865057055.5,0.0,0.0,0.0,0.0,1,483335123.5,0.0,0.0,0.0,False
IC PRECATÓRIOS ESTADUAIS II FUNDO DE INVESTIMENTO EM DIREITOS CREDITÓRIOS - DE RESP LTDA,53622208000109,50167278.6,0.0,0.0,0.0,0.0,1,49671366.53,0.0,0.0,0.0,False
KATIV FUNDO DE INVESTIMENTO EM DIREITOS CREDITÓRIOS,64884451000111,6760095.47,0.0,0.0,0.0,0.0,1,0.0,,,,False
FICRED FUNDO DE INVESTIMENTO EM DIREITOS CREDITÓRIOS,53996774000180,52696510.0,0.0,0.0,0.0,0.0,1,52616769.22,0.0,0.0,0.0,False
VANGUARDA FUNDO DE INVESTIMENTO EM DIREITOS  CREDITÓRIOS,54565154000150,41632306.07,0.0,0.0,0.0,0.0,1,0.0,,,,False
JIVEMAUÁ BOSSANOVA CRÉDITO SECURITIZADO FUNDO DE INVESTIMENTO EM DIREITOS CREDITÓRIOS RESP LIMITADA,60103810000103,457588450.78,0.0,0.0,0.0,0.0,1,0.0,,,,False
FUNDO DE INVESTIMENTO EM DIREITOS CREDITÓRIOS - PAGBANK MULTIADQUIRÊNCIA - RESPONSABILIDADE LIMITADA,55167862000103,217083099.02,0.0,0.0,0.0,0.0,1,171739834.87,0.0,0.0,0.0,False
ARM CAPITAL PRECATÓRIOS FUNDO DE INVESTIMENTO EM DIREITOS CREDITÓRIOS - DE RESPONSABILIDADE LIMITADA,55241106000179,20274305.17,0.0,0.0,0.0,0.0,1,18127699.91,0.0,0.0,0.0,False
ARC DEB III FUNDO DE INVESTIMENTO EM DIREITOS CREDITÓRIOS DE RESPONSABILIDADE LIMITADA,65205033000113,177199430.58,0.0,0.0,0.0,0.0,1,176652472.4,0.0,0.0,0.0,False
JIVEMAUÁ BOSSANOVA CRÉDITO SECURITIZADO (VAREJO) FUNDO DE INVESTIMENTO EM DIREITOS CREDITÓRIOS RL,60261869000111,205926088.48,0.0,0.0,0.0,0.0,1,100696524.81,0.0,0.0,0.0,False
XP FUNDO DE INVESTIMENTO EM DIREITOS CREDITÓRIOS CRÉDITO IMOBILIÁRIO RESPONSABILIDADE LIMITADA,60292446000169,62158112.7,0.0,0.0,0.0,0.0,1,52283123.97,0.0,0.0,0.0,False
MENESTYS VII GABLES FUNDO DE INVESTIMENTO EM COTAS DE FUNDO DE INVESTIMENTO EM DIREITOS CREDITÓRIOS,55499498000170,23601543.29,0.0,0.0,0.0,0.0,1,0.0,,,,False
ORRAM ESTRUTURADO FIC DE FUNDOS DE INVESTIMENTO EM DIREITOS CREDITÓRIOS - RESPONSABILIDADE LIMITADA,55835986000101,48154004.44,0.0,0.0,0.0,0.0,1,0.0,,,,False
LONDON FUNDO DE INVESTIMENTO EM DIREITOS CREDITORIOS,56263685000113,27292128.56,0.0,0.0,0.0,0.0,1,0.0,,,,False
KUARÁ GS2 IGSC I FUNDO DE INVESTIMENTO EM DIREITOS CREDITÓRIOS RESPONSABILIDADE LIMITADA,57008828000103,1261670.95,0.0,0.0,0.0,0.0,1,680575.84,0.0,0.0,0.0,False
EMPHASIS FUNDO DE INVESTIMENTO EM DIREITOS CREDITÓRIOS,57339373000109,103634100.66,0.0,0.0,0.0,0.0,1,0.0,,,,False
MAX 365 FUNDO DE INVESTIMENTO EM COTAS DE FUNDO DE INVESTIMENTO EM DIREITOS CREDITÓRIOS,57519386000160,6162574.49,0.0,0.0,0.0,0.0,1,0.0,,,,False
ASTRO SAÚDE FUNDO DE INVESTIMENTO EM DIREITOS CREDITÓRIOS DE RESPONSABILIDADE LIMITADA,57671358000163,3659129.56,0.0,0.0,0.0,0.0,1,758284.73,0.0,0.0,0.0,False
ASA FIC FIDC D1 RESPONSABILIDADE LIMITADA,60369537000155,137974246.34,0.0,0.0,0.0,0.0,1,0.0,,,,False
NATURA PAY FUNDO DE INVESTIMENTO EM DIREITOS CREDITÓRIOS CRÉDITO PESSOAL SOCIAL E IS RESP LTDA,57816252000100,1009314406.64,0.0,0.0,0.0,0.0,1,879180395.05,0.0,0.0,0.0,False
SENIOR SELECT FUNDO DE INVESTIMENTO EM COTAS DE FUNDO DE INVESTIMENTO EM DIREITOS CREDITÓRIOS,58223796000121,12111160.17,0.0,0.0,0.0,0.0,1,0.0,,,,False
P1 FUNDO DE INVESTIMENTO EM DIREITOS CREDITÓRIOS - RESPONSABILIDADE LIMITADA,58274981000145,40960297.13,0.0,0.0,0.0,0.0,1,0.0,,,,False
R4 FUNDO DE INVESTIMENTO EM DIREITOS CREDITÓRIOS,66321785000102,2143342.29,0.0,0.0,0.0,0.0,1,0.0,,,,False
ROCK AX FUNDO DE INVESTIMENTO EM DIREITOS CREDITÓRIOS,58363671000105,46092085.96,0.0,0.0,0.0,0.0,1,46040747.06,0.0,0.0,0.0,False
QUATÁ 60 FIC DE FUNDO DE INVESTIMENTO EM DIREITOS CREDITÓRIOS - RESPONSABILIDADE LIMITADA,58364147000140,11119346.66,0.0,0.0,0.0,0.0,1,0.0,,,,False
SAGA FUNDO DE INVESTIMENTO EM DIREITOS CREDITÓRIOS CRÉDITO PRIVADO - RESPONSABILIDADE LIMITADA,58476088000100,167604412.23,0.0,0.0,0.0,0.0,1,167364859.77,0.0,0.0,0.0,False
TUERI 30 FUNDO DE INVESTIMENTO EM COTAS DE FUNDO DE INVESTIMENTO EM DIREITOS CREDITÓRIOS RL,66587464000154,9381044.91,0.0,0.0,0.0,0.0,1,0.0,,,,False
SOLIS PORTFOLIO CRÉDITO FIC FIDC RESPONSABILIDADE LIMITADA,58525584000107,110787614.72,0.0,0.0,0.0,0.0,1,0.0,,,,False
CLT  NOW III FUNDO DE INVESTIMENTO EM DIREITOS CREDITÓRIOS DE RESPONSABILIDADE  LIMITADA,66688902000170,15105594.44,0.0,0.0,0.0,0.0,1,13931836.27,0.0,0.0,0.0,False
FEEDER CB FUNDO DE INVESTIMENTO EM DIREITOS CREDITÓRIOS - RESPONSABILIDADE LIMITADA,58041846000150,-260481.74,-220301.96,-220301.96,-220301.96,-220301.96,1,0.0,,,,False
