DT_COMPTC,CNPJ,DENOM_SOCIAL,TP_FUNDO_CLASSE,VL_PL,ADMIN,n_sacados_reportados,n_valores_negativos,top1,top5,top10,top25,dc_com_risco,dc_sem_risco,dc_total,denominador_indisponivel,top1_sobre_dc,top5_sobre_dc,top10_sobre_dc,top25_sobre_dc,hhi_parcial_piso,inconsistencia_viii_vs_i
2026-06-30,09195235000150,FIDC DO SISTEMA PETROBRAS,Classe,61254971563.01,BB GESTAO DE RECURSOS DTVM S.A,1,0.0,58239773982.06,58239773982.06,58239773982.06,58239773982.06,0.0,58239773982.06,58239773982.06,False,1.0,1.0,1.0,1.0,1.0,False
2026-06-30,26286939000158,CIELO FUNDO DE INVESTIMENTO EM DIREITOS CREDITÓRIOS,Classe,6479950762.42,BEM - DISTRIBUIDORA DE TITULOS E VALORES MOBILIARIOS LTDA.,1,0.0,6096322521.75,6096322521.75,6096322521.75,6096322521.75,0.0,6096322521.75,6096322521.75,False,1.0,1.0,1.0,1.0,1.0,False
2026-06-30,59385783000111,KRISPY  FUNDO DE INVESTIMENTO EM DIREITOS CREDITÓRIOS,Classe,42664019.95,TRUSTEE DISTRIBUIDORA DE TITULOS E VALORES MOBILIARIOS LTDA.,1,0.0,5426081965.4,5426081965.4,5426081965.4,5426081965.4,5025681965.4,0.0,5025681965.4,False,1.079670779559194,1.079670779559194,1.079670779559194,1.079670779559194,1.1656889922339577,True
2026-06-30,33254370000104,MERCADO CRÉDITO FUNDO DE INVESTIMENTO EM DIREITOS CREDITÓRIOS  RESPONSABILIDADE LIMITADA,Classe,3017886933.33,BTG PACTUAL SERVIÇOS FINANCEIROS S/A DTVM,1,0.0,3881146805.09,3881146805.09,3881146805.09,3881146805.09,2433611963.15,574263515.43,3007875478.58,False,1.2903282841091102,1.2903282841091102,1.2903282841091102,1.2903282841091102,1.6649470807719609,True
2026-06-30,60356171000180,CLOUDWALK PI FUNDO DE INVESTIMENTO EM DIREITOS CREDITÓRIOS  SEGMENTO MEIOS DE PAGAMENTO,Classe,3254537202.75,BTG PACTUAL SERVIÇOS FINANCEIROS S/A DTVM,1,0.0,3029985623.04,3029985623.04,3029985623.04,3029985623.04,0.0,3022054631.6,3022054631.6,False,1.0026243706374696,1.0026243706374696,1.0026243706374696,1.0026243706374696,1.005255628596182,False
2026-06-30,62393829000159,FUNDO DE INVESTIMENTO EM DIREITOS CREDITÓRIOS COMERCIAIS MEDICI I - RESPONSABILIDADE LIMITADA,Classe,3091715187.97,QI CORRETORA DE TÍTULOS E VALORES MOBILIÁRIOS S.A.,2,0.0,2643945914.55,2701059105.03,2701059105.03,2701059105.03,2701059105.03,0.0,2701059105.03,False,0.978855260748037,1.0,1.0,1.0,0.958604721492141,False
2026-06-30,57609282000146,CLOUDWALK A.I. FUNDO  DE INVESTIMENTO EM DIREITOS CREDITÓRIOS SEGMENTO MEIOS DE PAGAMENTO,Classe,2700487143.69,BTG PACTUAL SERVIÇOS FINANCEIROS S/A DTVM,1,0.0,2435294667.5,2435294667.5,2435294667.5,2435294667.5,2442991406.59,0.0,2442991406.59,False,0.9968494612509736,0.9968494612509736,0.9968494612509736,0.9968494612509736,0.9937088483963563,False
2026-06-30,42358004000196,ACONCÁGUA FUNDO DE INVESTIMENTO EM DIREITOS CREDITÓRIOS NÃO PADRONIZADOS RESPONSABILIDADE LIMITADA,Classe,2341582512.2,SEFER INVESTIMENTOS DISTRIBUIDORA DE TÍTULOS E VALORES MOBILIÁRIOS LTDA.,1,0.0,2341685355.99,2341685355.99,2341685355.99,2341685355.99,0.0,2341685355.99,2341685355.99,False,1.0,1.0,1.0,1.0,1.0,False
2026-06-30,32321307000180,CITY - 02 FUNDO DE INVESTIMENTO EM DIREITOS CREDITÓRIOS NÃO-PADRONIZADOS RESPONSABILIDADE ILIMITADA,Classe,2712460624.74,SEFER INVESTIMENTOS DISTRIBUIDORA DE TÍTULOS E VALORES MOBILIÁRIOS LTDA.,4,0.0,2211990287.36,2691090756.76,2691090756.76,2691090756.76,166701570.92,0.0,166701570.92,False,13.269162822835865,16.143163750097195,16.143163750097195,16.143163750097195,180.04764548712882,True
2026-06-30,57719370000109,RSG FUNDO DE INVESTIMENTO EM DIREITOS CREDITÓRIOS,Classe,2140596574.92,BANVOX DISTRIBUIDORA DE TITULOS E VALORES MOBILIARIOS LTDA,1,0.0,2143000000.0,2143000000.0,2143000000.0,2143000000.0,2143000000.0,0.0,2143000000.0,False,1.0,1.0,1.0,1.0,1.0,False
2026-06-30,21648446000105,CREDIFIX FUNDO DE INVESTIMENTO EM DIREITOS CREDITÓRIOS,Classe,355155990.12,PLANNER CORRETORA DE VALORES S.A.,1,0.0,2113010809.34,2113010809.34,2113010809.34,2113010809.34,494893849.59,0.0,494893849.59,False,4.269624306486222,4.269624306486222,4.269624306486222,4.269624306486222,18.229691718537946,True
2026-06-30,13321819000100,FUNDO DE INVESTIMENTO EM DIREITOS CREDITÓRIOS VALE,Classe,2110355080.85,BEM - DISTRIBUIDORA DE TITULOS E VALORES MOBILIARIOS LTDA.,1,0.0,2098119640.26,2098119640.26,2098119640.26,2098119640.26,2098119640.26,0.0,2098119640.26,False,1.0,1.0,1.0,1.0,1.0,False
2026-06-30,53286499000101,ITAÚ CRÉDITO PRIVADO FUNDO DE INVESTIMENTO EM DIREITOS CREDITÓRIOS - RESPONSABILIDADE LIMITADA,Classe,8719298749.48,INTRAG DTVM LTDA.,25,0.0,1724660113.96,5098904799.369999,5713578790.45,5715129617.759999,5715129617.76,0.0,5715129617.76,False,0.30177095347068733,0.8921765804794598,0.9997286452952561,0.9999999999999998,0.19805522736333997,False
2026-06-30,15489383000180,FUNDO DE INVESTIMENTO EM DIREITOS CREDITÓRIOS SAN MARINO,Classe,253403696.37,PLANNER CORRETORA DE VALORES S.A.,1,0.0,1573706951.6,1573706951.6,1573706951.6,1573706951.6,180382019.07,0.0,180382019.07,False,8.724300568945837,8.724300568945837,8.724300568945837,8.724300568945837,76.11342041730866,True
2026-06-30,13764696000174,JC 4870 FUNDO DE INVESTIMENTO EM DIREITOS CREDITÓRIOS NÃO-PADRONIZADOS,Classe,1447126452.7,APEX DISTRIBUIDORA DE TÍTULOS E VALORES MOBILIÁRIOS S.A.,1,0.0,1431792482.99,1431792482.99,1431792482.99,1431792482.99,1431792482.99,0.0,1431792482.99,False,1.0,1.0,1.0,1.0,1.0,False
2026-06-30,54979779000168,FIDC ACR BEM BANCOS EMISSORES DE CARTÃO DE CRÉDITO - RESPONSABILIDADE LIMITADA,Classe,3677016076.94,BEM - DISTRIBUIDORA DE TITULOS E VALORES MOBILIARIOS LTDA.,6,0.0,1385627567.39,3439826712.29,3568445607.68,3568445607.68,3568445607.68,0.0,3568445607.68,False,0.3883000386520831,0.963956604771224,1.0,1.0,0.2485942646972542,False
2026-06-30,62838025000116,ENDURANCE FUNDO DE INVESTIMENTO EM DIREITOS CREDITÓRIOS RESPONSABILIDADE LIMITADA,Classe,2004513902.3,INTRAG DTVM LTDA.,4,0.0,1304804268.82,1815548371.9,1815548371.9,1815548371.9,1815548371.9,0.0,1815548371.9,False,0.7186832854552377,1.0,1.0,1.0,0.5772162435387653,False
2026-06-30,05754060000113,CATERPILLAR FUNDO DE INVESTIMENTO EM DIREITOS CREDITÓRIOS DO SEGMENTO INDUSTRIAL II - RESP LIMITADA,Classe,1666972490.26,BEM - DISTRIBUIDORA DE TITULOS E VALORES MOBILIARIOS LTDA.,1,0.0,1276051396.17,1276051396.17,1276051396.17,1276051396.17,1276051396.17,0.0,1276051396.17,False,1.0,1.0,1.0,1.0,1.0,False
2026-06-30,52327260000170,IFOOD I FIDC SEGMENTO MEIOS DE PAGAMENTO DE RESPONSABILIDADA,Classe,1389238751.96,GENIAL INVESTIMENTOS CORRETORA DE VALORES MOBILIÁRIOS S.A.,1,0.0,1262880043.04,1262880043.04,1262880043.04,1262880043.04,1262880043.04,0.0,1262880043.04,False,1.0,1.0,1.0,1.0,1.0,False
2026-06-30,38376526000143,HOTFUND FUNDO DE INVESTIMENTO EM DIREITOS CREDITÓRIOS SEGMENTO MEIOS DE PAGAMENTO DE RESPONSABILIDAD,Classe,1702368453.87,BANCO GENIAL S.A.,1,0.0,1251079163.41,1251079163.41,1251079163.41,1251079163.41,1251079163.41,0.0,1251079163.41,False,1.0,1.0,1.0,1.0,1.0,False
2026-06-30,29225241000110,FUNDO DE INVESTIMENTO EM DIREITOS CREDITÓRIOS ALTERNATIVE ASSETS III RESPONSABILIDADE LIMITADA,Classe,5861437942.62,BTG PACTUAL SERVIÇOS FINANCEIROS S/A DTVM,25,0.0,1220522065.85,4243751990.88,6123549374.31,7748208165.74,5100989658.62,0.0,5100989658.62,False,0.23927162129950186,0.8319467936400574,1.2004630050488359,1.5189617474810109,0.1882609887858681,True
2026-06-30,32321306000136,ARAGUAIA FUNDO DE INVESTIMENTO EM DIREITOS CREDITÓRIOS RESPONSABILIDADE LIMITADA,Classe,780376793.13,PLANNER CORRETORA DE VALORES S.A.,1,0.0,1212908962.46,1212908962.46,1212908962.46,1212908962.46,0.0,776828770.14,776828770.14,False,1.5613594772518655,1.5613594772518655,1.5613594772518655,1.5613594772518655,2.4378434172042187,True
2026-06-30,53300525000109,IBCB-AF01 FUNDO DE INVESTIMENTO EM DIREITOS CREDITÓRIOS,Classe,1909790565.67,HEMERA DISTRIBUIDORA DE TITULOS E VALORES MOBILIARIOS LTDA,21,0.0,991125533.64,1717026081.12,1877994816.96,1915556359.77,971631552.56,939822971.28,1911454523.84,False,0.5185190237478875,0.8982824648480756,0.982495159334065,1.0021459238913828,0.319400935952668,False
2026-06-30,63465818000108,FUNDO DE INVESTIMENTO EM DIREITOS CREDITÓRIOS NAGOYA - RESPONSABILIDADE LIMITADA,Classe,1245855236.41,BANVOX DISTRIBUIDORA DE TITULOS E VALORES MOBILIARIOS LTDA,2,0.0,981811355.81,1245333062.9499998,1245333062.9499998,1245333062.9499998,1245987236.41,0.0,1245987236.41,False,0.7879786623166729,0.9994749757935842,0.9994749757935842,0.9994749757935842,0.6656410628806972,False
2026-06-30,62393679000183,CLOUDWALK BELA FUNDO DE INVESTIMENTO EM DIREITOS CREDITÓRIOS SEGMENTO MEIOS DE PAGAMENTO,Classe,10010957003.11,BEM - DISTRIBUIDORA DE TITULOS E VALORES MOBILIARIOS LTDA.,24,0.0,980970839.08,4405216699.59,6605318478.280001,8654890928.75,9443495620.98,0.0,9443495620.98,False,0.10387793656626906,0.46648157381502003,0.6994569324102183,0.9164922901559875,0.060457527897760155,False
2026-06-30,23245575000170,MEG FUNDO DE INVESTIMENTOS EM COTAS DE FUNDOS DE INVESTIMENTO EM DIREITOS CREDITÓRIOS,Classe,933138902.77,TRUSTEE DISTRIBUIDORA DE TITULOS E VALORES MOBILIARIOS LTDA.,1,0.0,933138902.77,933138902.77,933138902.77,933138902.77,0.0,0.0,0.0,True,,,,,,
2026-06-30,35754011000141,FUNDO DE INVESTIMENTO EM DIREITOS CREDITÓRIOS PORTO DESAP -RESPONSABILIDADE LIMITADA,Classe,896266402.0,APEX DISTRIBUIDORA DE TÍTULOS E VALORES MOBILIÁRIOS S.A.,1,0.0,897421755.22,897421755.22,897421755.22,897421755.22,897421755.22,0.0,897421755.22,False,1.0,1.0,1.0,1.0,1.0,False
2026-06-30,06182371000118,FOR-TE FIDC,Classe,977835561.91,BEM - DISTRIBUIDORA DE TITULOS E VALORES MOBILIARIOS LTDA.,6,0.0,857254528.07,859066660.5400001,859141390.7900001,859141390.7900001,0.0,859141390.79,859141390.79,False,0.9978037809140299,0.9999130175186518,1.0000000000000002,1.0000000000000002,0.995614715756925,False
2026-06-30,12428086000137,FUNDO DE INVESTIMENTO EM DIREITOS CREDITÓRIOS NÃO-PADRONIZADOS MULTISSETORIAL BS NP,Classe,1629151199.24,QI CORRETORA DE TÍTULOS E VALORES MOBILIÁRIOS S.A.,25,0.0,837771066.39,1165876878.8100002,1384378490.6400003,1756878545.0500004,109437213.31,1265176834.65,1374614047.96,False,0.6094591188219679,0.8481485261555585,1.0071034067304137,1.2780886006929009,0.39795272306423574,True
2026-06-30,47227790000106,SAPPHIRE FUNDO DE INVESTIMENTO EM DIREITOS CREDITÓRIOS DE RESPONSABILIDADE LIMITADA,Classe,1425902192.06,BANCO DAYCOVAL S.A.,1,0.0,830942506.15,830942506.15,830942506.15,830942506.15,760942014.37,0.0,760942014.37,False,1.0919918869744034,1.0919918869744034,1.0919918869744034,1.0919918869744034,1.1924462812179184,True
2026-06-30,53029409000105,GSR FUNDO DE INVESTIMENTO EM DIREITOS CREDITÓRIOS NÃO PADRONIZADOS,Classe,2943415740.48,TRUSTEE DISTRIBUIDORA DE TITULOS E VALORES MOBILIARIOS LTDA.,5,0.0,782100979.01,3182264805.82,3182264805.82,3182264805.82,3095804996.83,0.0,3095804996.83,False,0.2526325074773266,1.0279280539564126,1.0279280539564126,1.0279280539564126,0.50398888131238,False
2026-06-30,23006061000161,MARTE FUNDO DE INVESTIMENTO EM DIREITOS CREDITÓRIOS,Classe,200573086.13,QI CORRETORA DE TÍTULOS E VALORES MOBILIÁRIOS S.A.,1,0.0,697105237.53,697105237.53,697105237.53,697105237.53,209306023.73,0.0,209306023.73,False,3.3305550652916223,3.3305550652916223,3.3305550652916223,3.3305550652916223,11.092597042939683,True
2026-06-30,41970012000126,MERCADO CRÉDITO II BRASIL FUNDO DE INVESTIMENTO EM DIREITOS CREDITÓRIOS DE RESPONSABILIDADE LIMITADA,Classe,1761615997.81,BTG PACTUAL SERVIÇOS FINANCEIROS S/A DTVM,1,0.0,677143242.34,677143242.34,677143242.34,677143242.34,1672376394.14,0.0,1672376394.14,False,0.40489882822593476,0.40489882822593476,0.40489882822593476,0.40489882822593476,0.163943061098735,False
2026-06-30,09115244000194,FUNDO DE INVESTIMENTO EM DIREITOS CREDITÓRIOS TRATEX PRECATÓRIO II - RESPONSABILIDADE LIMITADA,Classe,694519721.34,OLIVEIRA TRUST DTVM S.A.,1,0.0,675364435.48,675364435.48,675364435.48,675364435.48,675364435.48,0.0,675364435.48,False,1.0,1.0,1.0,1.0,1.0,False
2026-06-30,51344394000136,HAVAN FORNECEDORES FUNDO DE INVESTIMENTO EM DIREITOS CREDITÓRIOS MULTICARTEIRA,Classe,1013545604.38,FINAXIS CORRETORA DE TÍTULOS E VALORES MOBILIÁRIOS S.A.,3,0.0,667554492.75,910675878.91,910675878.91,910675878.91,910025248.71,0.0,910025248.71,False,0.7335560125351327,1.0007149584046402,1.0007149584046402,1.0007149584046402,0.5913915207962469,False
2026-06-30,15428505000129,JC 4870 II FUNDO DE INVESTIMENTO EM DIREITOS CREDITÓRIOS NÃO-PADRONIZADOS,Classe,648584193.38,APEX DISTRIBUIDORA DE TÍTULOS E VALORES MOBILIÁRIOS S.A.,1,0.0,643859382.83,643859382.83,643859382.83,643859382.83,643859382.83,0.0,643859382.83,False,1.0,1.0,1.0,1.0,1.0,False
2026-06-30,42449510000190,MONTENEGRO FUNDO DE INVESTIMENTO EM DIREITOS CREDITÓRIOS,Classe,1967671103.82,TRUSTEE DISTRIBUIDORA DE TITULOS E VALORES MOBILIARIOS LTDA.,1,0.0,643769490.03,643769490.03,643769490.03,643769490.03,643769490.03,0.0,643769490.03,False,1.0,1.0,1.0,1.0,1.0,False
2026-06-30,35880735000131,DJF FUNDO DE INVESTIMENTO EM DIREITOS CREDITÓRIOS - RESPONSABILIDADE LIMITADA,Classe,694793402.11,APEX DISTRIBUIDORA DE TÍTULOS E VALORES MOBILIÁRIOS S.A.,1,0.0,631374136.35,631374136.35,631374136.35,631374136.35,631374136.35,0.0,631374136.35,False,1.0,1.0,1.0,1.0,1.0,False
2026-06-30,35880835000168,FUNDO DE GESTÃO E RECUPERAÇÃO - FIDC - RESPONSABILIDADE LIMITADA,Classe,935477620.12,APEX DISTRIBUIDORA DE TÍTULOS E VALORES MOBILIÁRIOS S.A.,1,0.0,600476615.6,600476615.6,600476615.6,600476615.6,600476615.6,0.0,600476615.6,False,1.0,1.0,1.0,1.0,1.0,False
2026-06-30,15254301000119,FUNDO DE INVESTIMENTO EM DIREITOS CREDITÓRIOS NÃO PADRONIZADOS IV ENERGISA CENTRO OESTE,Classe,1122503422.27,CAIXA ECONOMICA FEDERAL,2,0.0,588774725.9,951129737.52,951129737.52,951129737.52,0.0,951129737.52,951129737.52,False,0.6190267244037456,1.0,1.0,1.0,0.5283347222445705,False
2026-06-30,40211693000186,30E FUNDO DE INVESTIMENTO EM DIREITOS CREDITÓRIOS - RESPONSABILIDADE LIMITADA,Classe,582794683.3,QI CORRETORA DE TÍTULOS E VALORES MOBILIÁRIOS S.A.,1,0.0,584936915.47,584936915.47,584936915.47,584936915.47,0.0,584936920.14,584936920.14,False,0.9999999920162332,0.9999999920162332,0.9999999920162332,0.9999999920162332,0.9999999840324664,False
2026-06-30,65505678000171,ERYTHRINA FIDC SEGMENTO INFRAESTRUTURA E AGRONEGÓCIO DE RESPONSABILIDADE LIMITADA,Classe,586287312.57,INTRAG DTVM LTDA.,1,0.0,578527428.4,578527428.4,578527428.4,578527428.4,578527428.4,0.0,578527428.4,False,1.0,1.0,1.0,1.0,1.0,False
2026-06-30,50456492000100,LEGGERO FUNDO DE INVESTIMENTO EM DIREITOS CREDITÓRIOS,Classe,369825560.4,TRUSTEE DISTRIBUIDORA DE TITULOS E VALORES MOBILIARIOS LTDA.,1,0.0,577483578.81,577483578.81,577483578.81,577483578.81,577483578.81,0.0,577483578.81,False,1.0,1.0,1.0,1.0,1.0,False
2026-06-30,35654776000100,PANTANAL DO BRASIL FUNDO DE INVESTIMENTO EM DIREITOS CREDITÓRIOS NÃO PADRONIZADOS,Classe,550115483.18,QI CORRETORA DE TÍTULOS E VALORES MOBILIÁRIOS S.A.,1,0.0,549795516.44,549795516.44,549795516.44,549795516.44,549795516.44,0.0,549795516.44,False,1.0,1.0,1.0,1.0,1.0,False
2026-06-30,26142862000142,FUNDO DE INVESTIMENTO EM DIREITOS CREDITÓRIOS CLUBCARD VAREJO - RESPONSABILIDADE LIMITADA,Classe,2470380152.66,APEX GROUP DISTRIBUIDORA DE TÍTULOS E VALORES MOBILIÁRIOS S.A.,24,0.0,537557306.84,597764483.82,651894751.1600001,766009488.3,2058076183.62,0.0,2058076183.62,False,0.2611940758648096,0.2904481809650883,0.3167495724154228,0.37219685762683835,0.06880562733093737,False
2026-06-30,52714676000140,PROUST FUNDO DE INVESTIMENTO EM DIREITOS CREDITÓRIOS,Classe,1021260.7,QI CORRETORA DE TÍTULOS E VALORES MOBILIÁRIOS S.A.,1,0.0,518334844.24,518334844.24,518334844.24,518334844.24,16381.64,0.0,16381.64,False,31641.205901240657,31641.205901240657,31641.205901240657,31641.205901240657,1001165910.8847067,True
2026-06-30,50440392000188,PLATINUM FUNDO DE INVESTIMENTO EM DIREITOS CREDITÓRIOS,Classe,529145471.21,PLANNER CORRETORA DE VALORES S.A.,1,0.0,516824993.62,516824993.62,516824993.62,516824993.62,516824993.62,0.0,516824993.62,False,1.0,1.0,1.0,1.0,1.0,False
2026-06-30,65411764000115,ATENA FUNDO DE INVESTIMENTO EM DIREITOS CREDITÓRIOS SEGMENTO INFRAESTRUTURA DE RESP LIMITADA,Classe,511741022.82,SANTANDER DISTRIBUIDORA DE TÍTULOS E VALORES MOBILIÁRIOS S.A.,1,0.0,510286080.21,510286080.21,510286080.21,510286080.21,510286080.21,0.0,510286080.21,False,1.0,1.0,1.0,1.0,1.0,False
2026-06-30,32156017000129,POLONIA FUNDO DE INVESTIMENTO EM DIREITOS CREDITORIOS NÃO PADRONIZADO - FIDC NP,Classe,501158913.76,SEFER INVESTIMENTOS DISTRIBUIDORA DE TÍTULOS E VALORES MOBILIÁRIOS LTDA.,1,0.0,501489076.11,501489076.11,501489076.11,501489076.11,0.0,501489076.11,501489076.11,False,1.0,1.0,1.0,1.0,1.0,False
2026-06-30,63991902000157,QISTO FUNDO DE INVESTIMENTO EM DIREITOS CREDITÓRIOS RESPONSABILIDADE LIMITADA,Classe,470008161.88,PLANNER CORRETORA DE VALORES S.A.,24,0.0,497713995.02,888502469.3100001,1129027327.47,1366703421.6299999,443833405.33,0.0,443833405.33,False,1.1213982297027385,2.001882820535734,2.5438088118458393,3.079316259698446,1.557801574775448,True
2026-06-30,59595605000115,BTG PACTUAL ATLAS FUNDO DE INVESTIMENTO EM DIREITOS CREDITÓRIOS RESPONSABILIDADE LIMITADA,Classe,1239913416.4,BTG PACTUAL SERVIÇOS FINANCEIROS S/A DTVM,2,0.0,496558451.99,506007249.73,506007249.73,506007249.73,0.0,515445580.37,515445580.37,False,0.963357667425449,0.9816889871609241,0.9816889871609241,0.9816889871609241,0.9283940326706462,False
2026-06-30,49936440000144,FUNDO DE INVESTIMENTO EM DIREITOS CREDITÓRIOS TURBI I DE RESPONSABILIDADE LIMITADA,Classe,590453123.13,BANCO DAYCOVAL S.A.,2,0.0,490665472.47,578376873.11,578376873.11,578376873.11,578376873.11,0.0,578376873.11,False,0.8483490528098651,1.0,1.0,1.0,0.7426941251870603,False
2026-06-30,29109350000172,JC DIVERSIFICADO III FUNDO DE INVESTIMENTO EM DIREITOS CREDITORIOS NAO-PADRONIZADOS,Classe,495886949.95,QI CORRETORA DE TÍTULOS E VALORES MOBILIÁRIOS S.A.,1,0.0,484574646.7,484574646.7,484574646.7,484574646.7,484574646.7,0.0,484574646.7,False,1.0,1.0,1.0,1.0,1.0,False
2026-06-30,28153046000160,BLC II FUNDO DE INVESTIMENTO EM DIREITOS CREDITÓRIOS NÃO-PADRONIZADOS,Classe,677089997.05,QI CORRETORA DE TÍTULOS E VALORES MOBILIÁRIOS S.A.,1,0.0,467466131.61,467466131.61,467466131.61,467466131.61,467466132.61,0.0,467466132.61,False,0.9999999978608076,0.9999999978608076,0.9999999978608076,0.9999999978608076,0.9999999957216152,False
2026-06-30,08661352000108,VVMB FUNDO DE INVESTIMENTO EM DIREITOS CREDITÓRIOS NÃO-PADRONIZADOS,Classe,454435894.87,PLANNER CORRETORA DE VALORES S.A.,1,0.0,454274736.67,454274736.67,454274736.67,454274736.67,454274736.67,0.0,454274736.67,False,1.0,1.0,1.0,1.0,1.0,False
2026-06-30,48903717000170,VLBM FUNDO DE INVESTIMENTO EM DIREITOS CREDITÓRIOS NÃO-PADRONIZADOS,Classe,454418489.95,PLANNER CORRETORA DE VALORES S.A.,1,0.0,454274736.67,454274736.67,454274736.67,454274736.67,454274736.67,0.0,454274736.67,False,1.0,1.0,1.0,1.0,1.0,False
2026-06-30,48904297000146,VNMB FUNDO DE INVESTIMENTO EM DIREITOS CREDITÓRIOS NÃO-PADRONIZADOS,Classe,454418402.05,PLANNER CORRETORA DE VALORES S.A.,1,0.0,454274736.67,454274736.67,454274736.67,454274736.67,454274736.67,0.0,454274736.67,False,1.0,1.0,1.0,1.0,1.0,False
2026-06-30,52363951000129,ARC DIP JS FUNDO DE INVESTIMENTO EM DIREITOS CREDITÓRIOS NÃO PADRONIZADO,Classe,484118379.9,BANCO DAYCOVAL S.A.,4,0.0,451335118.57,496074813.75,496074813.75,496074813.75,496074813.75,0.0,496074813.75,False,0.9098126049944014,1.0,1.0,1.0,0.8318779405605502,False
2026-06-30,45521676000169,HAWKER FUNDO DE INVESTIMENTO EM DIREITOS CREDITÓRIOS NÃO-PADRONIZADOS,Classe,407886725.37,ID CORRETORA DE TITULOS E VALORES MOBILIARIOS S.A.,1,0.0,447528922.31,447528922.31,447528922.31,447528922.31,408704157.3,0.0,408704157.3,False,1.0949947885690372,1.0949947885690372,1.0949947885690372,1.0949947885690372,1.1990135869933503,True
2026-06-30,36246327000195,AMAZONITA FUNDO DE INVESTIMENTO EM DIREITOS CREDITÓRIOS,Classe,812145748.68,TRUSTEE DISTRIBUIDORA DE TITULOS E VALORES MOBILIARIOS LTDA.,2,0.0,444417368.7,812194560.79,812194560.79,812194560.79,812194560.79,0.0,812194560.79,False,0.5471809221028605,1.0,1.0,1.0,0.5044520788209524,False
2026-06-30,50312715000158,PFC FUNDO DE INVESTIMENTO EM DIREITOS CREDITÓRIOS NÃO-PADRONIZADOS RESPONSABILIDADE LIMITADA,Classe,400067890.1,ID CORRETORA DE TITULOS E VALORES MOBILIARIOS S.A.,3,0.0,389221848.43,391637626.38000005,391637626.38000005,391637626.38000005,391637626.38,0.0,391637626.38,False,0.9938315989392296,1.0000000000000002,1.0000000000000002,1.0000000000000002,0.9877369139483588,False
2026-06-30,17250006000110,RED FUNDO DE INVESTIMENTO EM DIREITOS CREDITÓRIOS REAL LP DE RESPONSABILIDADE LIMITADA,Classe,3394314559.41,FINAXIS CORRETORA DE TÍTULOS E VALORES MOBILIÁRIOS S.A.,25,0.0,389014996.74,785509384.3399999,1015999180.3299999,1424936766.4,2574416446.41,218351437.76,2792767884.17,False,0.1392937089204654,0.2812655461960994,0.3637964995547602,0.510223844407852,0.027631782214467278,False
2026-06-30,24194675000187,FUNDO DE INVESTIMENTO EM DIREITOS CREDITÓRIOS ALTERNATIVE ASSETS I RESPONSABILIDADE LIMITADA,Classe,3030582055.52,BTG PACTUAL SERVIÇOS FINANCEIROS S/A DTVM,25,0.0,377465794.98,1339361744.68,1606566178.8899999,1697204155.7,1061780528.25,0.0,1061780528.25,False,0.3555026532668947,1.261429936832146,1.5130868726118964,1.598451008041454,0.37539180469271116,True
2026-06-30,31739396000117,LF III FUNDO DE INVESTIMENTO EM DIREITOS CREDITÓRIOS DE RESPONSABILIDADE LIMITADA,Classe,1385981646.72,FINAXIS CORRETORA DE TÍTULOS E VALORES MOBILIÁRIOS S.A.,25,0.0,373587987.89,1003561442.9200001,1205825317.58,1289314703.98,1292132432.54,0.0,1292132432.54,False,0.28912515349190804,0.7766707325403608,0.9332056739800715,0.9978193190658785,0.154613452712801,False
2026-06-30,16686142000194,FUNDO DE INVESTIMENTO EM DIREITOS CREDITORIOS RECUPERA,Classe,351598442.64,TRUSTEE DISTRIBUIDORA DE TITULOS E VALORES MOBILIARIOS LTDA.,1,0.0,369548508.56,369548508.56,369548508.56,369548508.56,369548508.56,0.0,369548508.56,False,1.0,1.0,1.0,1.0,1.0,False
2026-06-30,41755826000148,RIO DOCE FUNDO DE INVESTIMENTO EM DIREITOS CREDITÓRIOS,Classe,366346571.96,PLANNER CORRETORA DE VALORES S.A.,1,0.0,366498882.54,366498882.54,366498882.54,366498882.54,366498882.54,0.0,366498882.54,False,1.0,1.0,1.0,1.0,1.0,False
2026-06-30,59942929000182,COTIA FUNDO DE INVESTIMENTO EM DIREITOS CREDITÓRIOS,Classe,364012370.52,BEM - DISTRIBUIDORA DE TITULOS E VALORES MOBILIARIOS LTDA.,1,0.0,364162763.01,364162763.01,364162763.01,364162763.01,364162763.01,0.0,364162763.01,False,1.0,1.0,1.0,1.0,1.0,False
2026-06-30,43705687000173,EDENEMERALD HEZ FIDC SEGMENTO MEIOS DE PAGAMENTO DE RESPONSABILIDADE LIMITADA,Classe,395670790.38,GENIAL INVESTIMENTOS CORRETORA DE VALORES MOBILIÁRIOS S.A.,1,0.0,359375340.48,359375340.48,359375340.48,359375340.48,359375340.48,0.0,359375340.48,False,1.0,1.0,1.0,1.0,1.0,False
2026-06-30,44062556000188,ARES FUNDO DE  INVESTIMENTO EM DIREITOS CREDITÓRIOS NÃO-PADRONIZADOS,Classe,352158020.63,QI CORRETORA DE TÍTULOS E VALORES MOBILIÁRIOS S.A.,1,0.0,348894895.88,348894895.88,348894895.88,348894895.88,348894895.88,0.0,348894895.88,False,1.0,1.0,1.0,1.0,1.0,False
2026-06-30,42336323000109,CERES CONFINA FIAGRO RESPONSABILIDADE LIMITADA,Classe,388016649.48,QI CORRETORA DE TÍTULOS E VALORES MOBILIÁRIOS S.A.,1,0.0,347969459.53,347969459.53,347969459.53,347969459.53,3282675.16,344686785.54,347969460.70000005,False,0.9999999966376357,0.9999999966376357,0.9999999966376357,0.9999999966376357,0.9999999932752714,False
2026-06-30,07727002000126,FIDC PCG - BRASIL MULTICARTEIRA,Classe,3140454721.87,BEM - DISTRIBUIDORA DE TITULOS E VALORES MOBILIARIOS LTDA.,24,0.0,346864340.71,605366798.5799999,780745456.8599999,872340721.3899999,872942712.65,0.0,872942712.65,False,0.3973506344500211,0.693478265878734,0.8943833834065513,0.9993103885841802,0.19448178162744745,False
2026-06-30,36566199000167,LAPERANTA FUNDO DE INVESTIMENTO EM DIREITOS CREDITÓRIOS,Classe,393322531.92,PLANNER CORRETORA DE VALORES S.A.,1,0.0,343257492.52,343257492.52,343257492.52,343257492.52,343243831.12,0.0,343243831.12,False,1.0000398008609663,1.0000398008609663,1.0000398008609663,1.0000398008609663,1.0000796033060413,False
2026-06-30,63622842000103,DESBRAVA UNO ARTIGOS ESPORTIVOS FUNDO DE INVESTIMENTO EM DIREITOS CREDITÓRIOS RESP LIMITADA,Classe,343581061.0,INTRAG DTVM LTDA.,1,0.0,342797319.29,342797319.29,342797319.29,342797319.29,342797319.29,0.0,342797319.29,False,1.0,1.0,1.0,1.0,1.0,False
2026-06-30,54029281000134,JEFER BANKING FUNDO DE INVESTIMENTO EM DIREITOS CREDITÓRIOS  NÃO-PADRONIZADOS RESP LIMITADA,Classe,415133268.2,ID CORRETORA DE TITULOS E VALORES MOBILIARIOS S.A.,24,0.0,341703750.25,375331273.5,388377739.40000004,404017439.53000003,10517864.63,449973915.51,460491780.14,False,0.7420409331652223,0.8150661742233287,0.8433977676690002,0.8773608063257275,0.5522892222326758,False
2026-06-30,36953080000147,ENDURANCE INVEST FUNDO DE INVESTIMENTO EM DIREITOS CREDITÓRIOS,Classe,550804156.07,QI CORRETORA DE TÍTULOS E VALORES MOBILIÁRIOS S.A.,1,0.0,337363512.14,337363512.14,337363512.14,337363512.14,337363512.14,0.0,337363512.14,False,1.0,1.0,1.0,1.0,1.0,False
2026-06-30,53960578000156,PÉROLA FUNDO DE INVESTIMENTO EM DIREITOS CREDITÓRIOS DE RESPONSABILIDADE LIMITADA,Classe,1106052595.22,CATÁLISE DISTRIBUIDORA DE TITULOS E VALORES MOBILIARIOS LTDA.,25,0.0,332495782.31,521940729.67,661263644.11,827098946.4,1106030019.12,0.0,1106030019.12,False,0.300620938457481,0.4719046686321192,0.5978713350259036,0.7478087683895522,0.10276355593285356,False
2026-06-30,38137056000165,UNITY FUNDO DE INVESTIMENTO EM DIREITOS CREDITÓRIOS NÃO-PADRONIZADOS,Classe,501909965.66,CATÁLISE DISTRIBUIDORA DE TITULOS E VALORES MOBILIARIOS LTDA.,2,0.0,318226005.83,502049824.03,502049824.03,502049824.03,502049824.03,0.0,502049824.03,False,0.6338534356522041,1.0,1.0,1.0,0.5358334844717975,False
2026-06-30,62092802000126,IA II - FUNDO DE INVESTIMENTO EM DIREITOS CREDITÓRIOS RESPONSABILIDADE LIMITADA,Classe,795397994.61,INTRAG DTVM LTDA.,2,0.0,317305754.59,320625341.71999997,320625341.71999997,320625341.71999997,792317847.59,0.0,792317847.59,False,0.4004778581665825,0.4046675746296121,0.4046675746296121,0.4046675746296121,0.16040006860573397,False
2026-06-30,60645628000176,LL CAPITAL FUNDO DE INVESTIMENTO EM DIREITOS CREDITÓRIOS  RESPONSABILIDADE LIMITADA,Classe,309510399.02,PLANNER CORRETORA DE VALORES S.A.,1,0.0,314931131.77,314931131.77,314931131.77,314931131.77,309769880.44,0.0,309769880.44,False,1.016661566071785,1.016661566071785,1.016661566071785,1.016661566071785,1.0336007399275344,False
2026-06-30,19221032000145,FUNDO DE LIQUIDAÇÃO FINANCEIRA FIDC - RESPONSABILIDADE LIMITADA,Classe,1266715166.56,APEX DISTRIBUIDORA DE TÍTULOS E VALORES MOBILIÁRIOS S.A.,11,0.0,310521818.69,1043318801.1899999,1245711316.8999999,1247249094.05,1247249094.06,0.0,1247249094.06,False,0.24896535918033874,0.8364959382682945,0.9987670649212546,0.9999999999919824,0.16315461986821597,False
2026-06-30,97533979000103,FUNDO DE INVESTIMENTO EM DIREITOS CREDITORIOS CASH FLOW MULTISSEGMENTOS,Classe,590129661.12,FINAXIS CORRETORA DE TÍTULOS E VALORES MOBILIÁRIOS S.A.,25,0.0,307281515.59,321838327.0,323905130.25000006,326290987.8300001,310287256.28,121665093.77,431952350.04999995,False,0.7113782702060334,0.7450783100560655,0.7498631046051883,0.7553865323159622,0.506640178551926,False
2026-06-30,29242877000170,AVANTI MULTIPLICA FUNDO DE INVESTIMENTO EM DIREITOS CREDITÓRIOS,Classe,377081184.12,QI CORRETORA DE TÍTULOS E VALORES MOBILIÁRIOS S.A.,20,0.0,306163444.04,329551431.46000004,346450914.15000004,363133534.24000007,317061140.87,46084652.98,363145793.85,False,0.8430868516859733,0.9074907021947324,0.9540270602531171,0.9999662405287144,0.7126246266991875,False
2026-06-30,09443633000149,FUNDO DE INVESTIMENTO EM DIREITOS CREDITÓRIOS TRATEX PRECATÓRIO III - RESPONSABILIDADE LIMITADA,Classe,312198831.01,OLIVEIRA TRUST DTVM S.A.,1,0.0,305133438.88,305133438.88,305133438.88,305133438.88,305133438.88,0.0,305133438.88,False,1.0,1.0,1.0,1.0,1.0,False
2026-06-30,57088244000195,CENTRO SUL CONCESSOES FIDC DE RESPONSABILIDADE LIMITADA,Classe,288349194.25,BANCO DAYCOVAL S.A.,1,0.0,287396631.03,287396631.03,287396631.03,287396631.03,287396631.03,0.0,287396631.03,False,1.0,1.0,1.0,1.0,1.0,False
2026-06-30,40919667000107,RECARGAPAY I FUNDO DE INVESTIMENTO EM DIREITOS CREDITÓRIOS,Classe,281538432.34,GENIAL INVESTIMENTOS CORRETORA DE VALORES MOBILIÁRIOS S.A.,1,0.0,286003373.62,286003373.62,286003373.62,286003373.62,286003373.62,0.0,286003373.62,False,1.0,1.0,1.0,1.0,1.0,False
2026-06-30,29243004000182,LIMAJ FUNDO DE INVESTIMENTO EM DIREITOS CREDITÓRIOS,Classe,298128181.27,QI CORRETORA DE TÍTULOS E VALORES MOBILIÁRIOS S.A.,3,0.0,283843522.42,285846142.37000006,285846142.37000006,285846142.37000006,283843522.33,2002619.95,285846142.28,False,0.9929940637154435,1.000000000314855,1.000000000314855,1.000000000314855,0.9860715094042322,False
2026-06-30,55144787000157,GERA FUNDO DE INVESTIMENTO EM DIREITOS CREDITÓRIOS,Classe,555730110.48,GENIAL INVESTIMENTOS CORRETORA DE VALORES MOBILIÁRIOS S.A.,4,0.0,283141493.51,430104885.39,430104885.39,430104885.39,430104885.39,0.0,430104885.39,False,0.6583080153885252,1.0,1.0,1.0,0.49430606480315226,False
2026-06-30,54178902000141,TANGERINA FUNDO DE INVESTIMENTO EM DIREITOS CREDITÓRIOS - RESPONSABILIDADE LIMITADA,Classe,343253628.95,APEX GROUP DISTRIBUIDORA DE TÍTULOS E VALORES MOBILIÁRIOS S.A.,12,0.0,281481736.72,341836925.25,344787006.92,344787006.92,344787007.22,0.0,344787007.22,False,0.8163931088632743,0.9914437553961607,0.9999999991298976,0.9999999991298976,0.6854892937875915,False
2026-06-30,27954644000175,QG DISTRESSED FUNDO DE INVESTIMENTO EM DIREITOS CREDITÓRIOS - RESPONSABILIDADE LIMITADA,Classe,407254879.96,BNY MELLON SERVICOS FINANCEIROS DTVM S.A.,5,0.0,280171167.42,413191520.18000007,413191520.18000007,413191520.18000007,407353822.93,0.0,407353822.93,False,0.6877833265557566,1.0143307781132649,1.0143307781132649,1.0143307781132649,0.5109380680638668,False
2026-06-30,57325251000163,ANGICO FIDC SEGMENTO INFRAESTRUTURA E AGRONEGÓCIO DE RESPONSABILIDADE LIMITADA,Classe,1391099575.18,INTRAG DTVM LTDA.,25,0.0,279737574.89,1092850374.63,1282013518.1200001,1282013518.1200001,1282013518.12,0.0,1282013518.12,False,0.21820173573537607,0.852448401817637,1.0000000000000002,1.0000000000000002,0.1639563498486777,False
2026-06-30,26208281000166,JC CACAU FUNDO DE INVESTIMENTO EM DIREITOS CREDITÓRIOS NÃO PADRONIZADOS - FIDC-NP,Classe,279833743.71,QI CORRETORA DE TÍTULOS E VALORES MOBILIÁRIOS S.A.,1,0.0,279454774.36,279454774.36,279454774.36,279454774.36,279454774.36,0.0,279454774.36,False,1.0,1.0,1.0,1.0,1.0,False
2026-06-30,53245260000193,CP II FUNDO DE INVESTIMENTO DE DIREITOS CREDITÓRIOS RESPONSABILIDADE LIMITADA,Classe,367323094.56,QI CORRETORA DE TÍTULOS E VALORES MOBILIÁRIOS S.A.,25,0.0,274938220.17,336426937.03000003,351987477.49000007,362105228.90000004,363054662.39,0.0,363054662.39,False,0.7572915283887921,0.9266564291318866,0.9695164776919698,0.997384874542721,0.5846091563819306,False
2026-06-30,26648752000157,VALECRED DISTRESSED & SPECIAL SITS FUNDO DE INVESTIMENTO EM DIREITOS CREDITÓRIOS NÃO PADRONIZADOS,Classe,245697268.08,QI CORRETORA DE TÍTULOS E VALORES MOBILIÁRIOS S.A.,14,0.0,273439727.16,557108113.08,618361805.4399999,623765123.31,236916476.29,0.0,236916476.29,False,1.1541608732408015,2.351495859655055,2.6100413745943443,2.6328482217778473,1.8165243910121036,True
2026-06-30,16874770000101,VHG FUNDO DE INVEST EM DIREITOS CREDITÓRIOS RECEBÍVEIS MULTISEGMENTOS DE RESPONSABILIDADE LIMITADA,Classe,544173830.69,BANCO FINAXIS S.A.,25,0.0,273027649.5,588070468.8800001,642458594.95,643975949.9300002,641899333.22,0.0,641899333.22,False,0.42534340724486225,0.9161412677125325,1.0008712608053267,1.0032351127389136,0.2608783425465683,False
2026-06-30,32388169000157,CANAL 47 FUNDO DE INVESTIMENTO EM DIREITOS CREDITORIOS NAO PADRONIZADO,Classe,284021764.96,QI CORRETORA DE TÍTULOS E VALORES MOBILIÁRIOS S.A.,1,0.0,272015366.85,272015366.85,272015366.85,272015366.85,272015366.85,0.0,272015366.85,False,1.0,1.0,1.0,1.0,1.0,False
2026-06-30,46449843000170,SPS ALGARVE DELTA CRÉDITOS JUDICIAIS FIDC DE RESPONSABILIDADE LIMITADA,Classe,282130262.87,BANCO DAYCOVAL S.A.,2,0.0,268698105.51,281977781.37,281977781.37,281977781.37,281977781.37,0.0,281977781.37,False,0.9529052402799958,1.0,1.0,1.0,0.9102463133461617,False
2026-06-30,62627051000103,SUMUP SMART II FIDC SEGMENTO MEIOS DE PAGAMENTO DE RESPONSABILIDADE LIMITADA,Classe,408290802.91,BEM - DISTRIBUIDORA DE TITULOS E VALORES MOBILIARIOS LTDA.,8,0.0,266994064.76,398659856.46,403253248.03,403253248.03,403253248.03,0.0,403253248.03,False,0.6621002212984953,0.9886091641110396,1.0,1.0,0.4759148722706259,False
2026-06-30,31544287000144,DUBLIN FUNDO DE INVESTIMENTO EM DIREITOS CREDITÓRIOS NÃO-PADRONIZADOS,Classe,72139921.16,SEFER INVESTIMENTOS DISTRIBUIDORA DE TÍTULOS E VALORES MOBILIÁRIOS LTDA.,1,0.0,265971189.17,265971189.17,265971189.17,265971189.17,0.0,173574304.61,173574304.61,False,1.5323189095736511,1.5323189095736511,1.5323189095736511,1.5323189095736511,2.3480012406369832,True
2026-06-30,59475109000128,SOLDI INVEST FUNDO DE INVESTIMENTO EM DIREITOS CREDITÓRIOS,Classe,398446026.46,QI CORRETORA DE TÍTULOS E VALORES MOBILIÁRIOS S.A.,4,0.0,264964580.09,375760397.96,375760397.96,375760397.96,375760397.96,0.0,375760397.96,False,0.7051423767073126,1.0,1.0,1.0,0.530305944674663,False
2026-06-30,45598747000121,SUMUP SOLO FUNDO DE INVESTIMENTO EM DIREITOS CREDITÓRIOS SEGMENTO MEIOS DE PAGAMENTO DE RESPONSABILI,Classe,378059320.79,BANCO GENIAL S.A.,4,0.0,262959825.21,355103732.98,355103732.98,355103732.98,355103732.98,0.0,355103732.98,False,0.7405155192350803,1.0,1.0,1.0,0.6013869634244016,False
2026-06-30,51124933000121,WIZARD FUNDO DE INVESTIMENTO EM DIREITOS CREDITÓRIOS,Classe,42522239.02,ACTUAL DISTRIBUIDORA DE TITULOS E VALORES MOBILIARIOS S.A.,1,0.0,262539036.13,262539036.13,262539036.13,262539036.13,0.0,262539036.13,262539036.13,False,1.0,1.0,1.0,1.0,1.0,False
2026-06-30,52044598000114,EMPRESAS DE TRANSPORTE FUNDO DE INVESTIMENTO EM DIREITOS CREDITÓRIOS.,Classe,927447084.08,QI CORRETORA DE TÍTULOS E VALORES MOBILIÁRIOS S.A.,25,0.0,261166236.21,407344270.80999994,518498111.53000003,700509261.5999999,521904583.64,404198448.56,926103032.2,False,0.28200559454987173,0.43984768070819835,0.5598708712769076,0.7564053212696088,0.09209958932144491,False
2026-06-30,66358370000103,EUCALIPTO FUNDO  DE INVESTIMENTO EM DIREITOS CREDITÓRIOS DE RESPONSABILIDADE  LIMITADA,Classe,254302931.07,BANCO DAYCOVAL S.A.,1,0.0,252827829.07,252827829.07,252827829.07,252827829.07,252827829.07,0.0,252827829.07,False,1.0,1.0,1.0,1.0,1.0,False
2026-06-30,55562158000147,LANDBANK FUNDO DE INVESTIMENTO EM DIREITOS CREDITÓRIOS RESPONSABILIDADE LIMITADA,Classe,760477917.61,INTER DISTRIBUIDORA DE TÍTULOS E VALORES MOBILIÁRIOS,3,0.0,251524133.24,344694786.2,344694786.2,344694786.2,553649901.49,0.0,553649901.49,False,0.454301775477771,0.6225861962087351,0.6225861962087351,0.6225861962087351,0.22194809964651202,False
2026-06-30,57139003000128,IMPACTO ROXO FIDC DE PRECATÓRIOS DE RESPONSABILIDADE LIMITADA,Classe,433430474.49,APEX GROUP DISTRIBUIDORA DE TÍTULOS E VALORES MOBILIÁRIOS S.A.,24,0.0,250381113.47,395093350.99,403118630.53999996,406032553.69000006,406019414.0,0.0,406019414.0,False,0.6166727620320146,0.9730898015384063,0.9928555547838901,1.000032362220985,0.4212791548221084,False
2026-06-30,60115335000187,CEPOR FUNDO DE INVESTIMENTO EM DIREITOS CREDITÓRIOS,Classe,426162106.52,APEX GROUP DISTRIBUIDORA DE TÍTULOS E VALORES MOBILIÁRIOS S.A.,1,0.0,243867148.41,243867148.41,243867148.41,243867148.41,426008824.44,0.0,426008824.44,False,0.5724462368369244,0.5724462368369244,0.5724462368369244,0.5724462368369244,0.3276946940687561,False
2026-06-30,12817329000129,"HAVAN FUNDO DE INVESTIMENTO EM DIREITOS CREDITÓRIOS SEGMENTO ECONÔMICO, FINANCEIRO E COMERCIAL",Classe,3666009327.0,BANCO FINAXIS S.A.,25,0.0,238524858.81,238639162.38999996,238766993.25999993,239105105.24999997,3176592026.36,0.0,3176592026.36,False,0.07508828859062565,0.07512427167534394,0.07516451318855659,0.07527095178287223,0.005638252488378187,False
2026-06-30,62626887000185,SUMUP SMART IV FIDC SEGMENTO MEIOS DE PAGAMENTO DE RESPONSABILIDADE LIMITADA,Classe,356847386.67,BEM - DISTRIBUIDORA DE TITULOS E VALORES MOBILIARIOS LTDA.,4,0.0,237847570.5,347991200.65000004,347991200.65000004,347991200.65000004,347991200.65,0.0,347991200.65,False,0.6834873124829974,1.0000000000000002,1.0000000000000002,1.0000000000000002,0.5471098785466488,False
2026-06-30,41240321000140,LAGUZ I FUNDO DE INVESTIMENTO EM DIREITOS CREDITÓRIOS NÃO-PADRONIZADOS,Classe,1302594039.08,PLANNER CORRETORA DE VALORES S.A.,12,0.0,233542758.98,741093134.1499999,795969668.28,798287176.8499999,791544196.23,0.0,791544196.23,False,0.295047023390895,0.9362624824737638,1.0055909348727181,1.0085187670532052,0.20209621110727152,False
2026-06-30,32400342000195,KYKLOS N FUNDO DE INVESTIMENTO EM DIREITOS CREDITÓRIOS RESPONSABILIDADE  LIMITADA,Classe,608534520.92,FINAXIS CORRETORA DE TÍTULOS E VALORES MOBILIÁRIOS S.A.,25,0.0,230621392.21,347460568.85999995,402656433.02,480221789.14,289486485.77,246954143.52,536440629.28999996,False,0.4299103751989039,0.6477148632829649,0.7506076367722769,0.8952002568776198,0.2037002996218183,False
2026-06-30,48181830000199,TB1 FUNDO DE INVESTIMENTO EM DIREITOS CREDITÓRIOS DE RESPONSABILIDADE ILIMITADA,Classe,231172857.89,BANCO DAYCOVAL S.A.,1,0.0,230120348.61,230120348.61,230120348.61,230120348.61,230120348.61,0.0,230120348.61,False,1.0,1.0,1.0,1.0,1.0,False
2026-06-30,27944660000187,FACT LAW FUNDO DE INVESTIMENTO EM DIREITOS CREDITORIOS NAO-PADRONIZADOS,Classe,289897198.46,QI CORRETORA DE TÍTULOS E VALORES MOBILIÁRIOS S.A.,25,0.0,228841176.79,257007783.77999997,257124091.57999998,257398484.68,257007783.8,5546897.95,262554681.75,False,0.871594348517078,0.9788733610346294,0.9793163460891132,0.9803614354326783,0.7641166637598665,False
2026-06-30,47424724000126,MF GROUP FUNDO DE INVESTIMENTO EM DIREITOS CREDITÓRIOS NÃO PADRONIZADOS,Classe,673036320.46,CATÁLISE DISTRIBUIDORA DE TITULOS E VALORES MOBILIARIOS LTDA.,25,0.0,225210440.4,427895091.43000007,435709685.9400001,448474529.97000015,505672651.86,0.0,505672651.86,False,0.44536804506159355,0.846189901423553,0.8616437617050136,0.8868870569139743,0.34864505243697164,False
2026-06-30,56745579000176,CBSB FUNDO DE INVESTIMENTO EM DIREITOS CREDITÓRIOS,Classe,226545846.15,HEMERA DISTRIBUIDORA DE TITULOS E VALORES MOBILIARIOS LTDA,1,0.0,224803888.83,224803888.83,224803888.83,224803888.83,224803888.83,0.0,224803888.83,False,1.0,1.0,1.0,1.0,1.0,False
2026-06-30,32388135000162,MULTIAGRO FUNDO DE INVESTIMENTO EM DIREITOS CREDITÓRIOS,Classe,1284578705.45,QI CORRETORA DE TÍTULOS E VALORES MOBILIÁRIOS S.A.,25,0.0,222761738.47,541740610.02,718441915.42,931312971.4599999,1011283684.8,106854269.91,1118137954.71,False,0.19922563001429947,0.48450247819420966,0.6425342350589779,0.8329141923292864,0.06835718084983147,False
2026-06-30,53553002000174,JIVE DISTRESSED & SPECIAL SITS IV (QUALIFICADO) FIDC - RESPONSABILIDADE LIMITADA,Classe,319885499.06,APEX DISTRIBUIDORA DE TÍTULOS E VALORES MOBILIÁRIOS S.A.,1,0.0,222664260.98,222664260.98,222664260.98,222664260.98,222664260.98,0.0,222664260.98,False,1.0,1.0,1.0,1.0,1.0,False
2026-06-30,61995584000177,CAPITAL SOLUTIONS FUNDO DE INVESTIMENTO EM DIREITOS CREDITÓRIOS - RESPONSABILIDADE LIMITADA,Classe,271976551.22,QI CORRETORA DE TÍTULOS E VALORES MOBILIÁRIOS S.A.,2,0.0,221542505.08,268210016.94,268210016.94,268210016.94,258617273.96,9592742.28,268210016.24,False,0.8260038464848348,1.000000002609895,1.000000002609895,1.000000002609895,0.7125570167540388,False
2026-06-30,41514874000144,FORMES FUNDO DE INVESTIMENTO EM DIREITOS CREDITÓRIOS,Classe,211199379.6,TRUSTEE DISTRIBUIDORA DE TITULOS E VALORES MOBILIARIOS LTDA.,1,0.0,220451795.94,220451795.94,220451795.94,220451795.94,220451795.94,0.0,220451795.94,False,1.0,1.0,1.0,1.0,1.0,False
2026-06-30,24796631000127,EVOLVE FUNDO DE  INVESTIMENTO EM DIREITOS CREDITÓRIOS MULTISSETORIAL LP,Classe,282698686.72,QI CORRETORA DE TÍTULOS E VALORES MOBILIÁRIOS S.A.,3,0.0,218186961.63,221336080.52,221336080.52,221336080.52,221336080.68,0.0,221336080.68,False,0.985772229090146,0.9999999992771175,0.9999999992771175,0.9999999992771175,0.9719346475720962,False
2026-06-30,26405874000112,FUNDO DE INVESTIMENTO EM DIREITOS CREDITÓRIOS ATACADO RESPONSABILIDADE LIMITADA,Classe,817184529.35,APEX GROUP DISTRIBUIDORA DE TÍTULOS E VALORES MOBILIÁRIOS S.A.,7,0.0,216090935.68,432273310.83000004,432273310.87000006,432273310.87000006,577679986.42,0.0,577679986.42,False,0.37406685493669145,0.7482919972853577,0.7482919973546002,0.7482919973546002,0.19980609668265442,False
2026-06-30,35765961000171,C3E CRÉDITOS JUDICIAIS FUNDO DE INVESTIMENTO EM DIREITOS CREDITÓRIOS DE RESPONSABILIDADE LIMITADA,Classe,201581970.94,APEX DISTRIBUIDORA DE TÍTULOS E VALORES MOBILIÁRIOS S.A.,1,0.0,215878563.53,215878563.53,215878563.53,215878563.53,215878563.53,0.0,215878563.53,False,1.0,1.0,1.0,1.0,1.0,False
2026-06-30,43721713000157,BTG CONSÓRCIOS FUNDO DE INVESTIMENTO EM DIREITOS CREDITÓRIOS II,Classe,343317985.5,BTG PACTUAL SERVIÇOS FINANCEIROS S/A DTVM,25,0.0,215857043.45,277538128.78999996,283927007.27,294421645.63,0.0,243988916.6,243988916.6,False,0.8847002005582084,1.137503017175986,1.1636881347994805,1.2067009015523453,0.8308086310259992,True
2026-06-30,54029912000115,TABOR FUNDO DE INVESTIMENTO EM DIREITOS CREDITÓRIOS  NÃO-PADRONIZADOS RESPONSABILIDADE LIMITADA,Classe,985011383.52,ID CORRETORA DE TITULOS E VALORES MOBILIARIOS S.A.,25,0.0,215118997.14,215625735.90999997,216164520.97999996,217660241.08,996207457.94,0.0,996207457.94,False,0.21593795090114276,0.21644661881560293,0.2169874550296924,0.2184888693064867,0.04662947266568619,False
2026-06-30,55519337000100,BT VAREJO FUNDO DE INVESTIMENTO EM DIREITOS CREDITÓRIOS,Classe,643144597.27,FIDD DISTRIBUIDORA DE TITULOS E VALORES MOBILIARIOS LTDA.,25,0.0,214196733.71,389999549.62,427868133.19000006,482891603.54,639154463.35,0.0,639154463.35,False,0.3351251473506588,0.610180436785023,0.6694283740856866,0.755516281634052,0.1617814345504212,False
2026-06-30,58494418000182,ARKAM I - FUNDO DE INVESTIMENTO EM DIREITOS CREDITÓRIOS,Classe,212518755.96,SEFER INVESTIMENTOS DISTRIBUIDORA DE TÍTULOS E VALORES MOBILIÁRIOS LTDA.,1,0.0,214148349.59,214148349.59,214148349.59,214148349.59,0.0,214148349.59,214148349.59,False,1.0,1.0,1.0,1.0,1.0,False
2026-06-30,29469886000107,JC DIVERSIFICADO VI FUNDO DE INVESTIMENTO EM DIREITOS CREDITORIOS NAO-PADRONIZADOS,Classe,211704394.6,QI CORRETORA DE TÍTULOS E VALORES MOBILIÁRIOS S.A.,1,0.0,211510704.1,211510704.1,211510704.1,211510704.1,211510704.1,0.0,211510704.1,False,1.0,1.0,1.0,1.0,1.0,False
2026-06-30,27983569000170,ENERGY 21 - FUNDO DE INVESTIMENTO EM DIREITOS CREDITÓRIOS,Classe,210816268.96,PLANNER CORRETORA DE VALORES S.A.,1,0.0,208876438.32,208876438.32,208876438.32,208876438.32,208876438.32,0.0,208876438.32,False,1.0,1.0,1.0,1.0,1.0,False
2026-06-30,55595137000128,JIF II CRÉDITOS - FUNDO DE  INVESTIMENTO EM DIREITOS CREDITÓRIOS CRÉDITO PRIVADO,Classe,1167255846.63,BANCO DAYCOVAL S.A.,14,0.0,207766915.77,372757795.92,439548593.34000003,441793295.48,441793295.48,0.0,441793295.48,False,0.4702808256613881,0.8437380099102811,0.994919112256873,1.0,0.2637383323031121,False
2026-06-30,23426441000155,MULTIPLIK FUNDO DE INVESTIMENTO EM DIREITOS CREDITÓRIOS MULTISSETORIAL LP,Classe,219922398.37,PLANNER CORRETORA DE VALORES S.A.,1,0.0,205623296.02,205623296.02,205623296.02,205623296.02,203203628.31,14834449.31,218038077.62,False,0.9430614058997683,0.9430614058997683,0.9430614058997683,0.9430614058997683,0.8893648152976475,False
2026-06-30,37457367000149,POSITIVO II FUNDO DE INVESTIMENTO EM DIREITOS CREDITÓRIOS RESPONSABILIDADE LIMITADA,Classe,414407777.37,ID CORRETORA DE TITULOS E VALORES MOBILIARIOS S.A.,25,0.0,204127204.03,285226277.87,345840273.0,378010975.63,327518318.04,19428992.81,346947310.85,False,0.5883521723511869,0.8221025756654888,0.9968092046965638,1.0895342428332875,0.3670740974015189,True
2026-06-30,44177436000126,GALAXY FUNDO DE INVESTIMENTO EM DIREITOS CREDITÓRIOS  RESPONSABILIDADE LIMITADA,Classe,308355649.09,ID CORRETORA DE TITULOS E VALORES MOBILIARIOS S.A.,3,0.0,203442183.5,265894813.86,265894813.86,265894813.86,0.0,274567723.38,274567723.38,False,0.7409544756228951,0.9684124943265938,0.9684124943265938,0.9684124943265938,0.5843816048141287,False
2026-06-30,52271464000136,KIWIFY FUNDO DE INVESTIMENTO EM DIREITOS CREDITÓRIOS SEGMENTO MEIOS DE PAGAMENTO DE RESPONSABILIDADE,Classe,347342248.66,GENIAL INVESTIMENTOS CORRETORA DE VALORES MOBILIÁRIOS S.A.,2,0.0,202860944.31,332943663.31,332943663.31,332943663.31,332943663.31,0.0,332943663.31,False,0.6092951050433975,1.0,1.0,1.0,0.5238908399728945,False
2026-06-30,60742201000196,FGCB III FUNDO DE INVESTIMENTO EM DIREITOS CREDITÓRIOS SEGMENTO MULTICARTEIRA - RESP LIMITADA,Classe,368376658.65,APEX GROUP DISTRIBUIDORA DE TÍTULOS E VALORES MOBILIÁRIOS S.A.,24,0.0,201124709.41,201193799.06999996,201274907.32999995,201483636.4699999,294108122.06,0.0,294108122.06,False,0.6838461583491028,0.6840810708007414,0.6843568478157789,0.6850665498754771,0.4676456333120815,False
2026-06-30,54218673000141,CLOUDWALK BIG PICTURE I FUNDO DE INVESTIMENTO EM DIREITOS CREDITÓRIOS SEGMENTO MEIOS DE PAGAMENTO,Classe,904073803.43,BANCO GENIAL S.A.,14,0.0,200811847.27,700228728.31,811617248.84,818706077.0199999,818706077.02,0.0,818706077.02,False,0.24527953670618036,0.8552870779446947,0.9913414247445158,0.9999999999999999,0.16609294531187901,False
2026-06-30,65804737000102,OLIVENZA FUNDO DE INVESTIMENTO EM DIREITOS CREDITÓRIOS NÃO PADRONIZADOS,Classe,197883284.68,PLANNER CORRETORA DE VALORES S.A.,1,0.0,198335787.32,198335787.32,198335787.32,198335787.32,198335787.32,0.0,198335787.32,False,1.0,1.0,1.0,1.0,1.0,False
2026-06-30,51401568000155,BLUEFIN FUNDO DE INVESTIMENTO EM DIREITOS CREDITÓRIOS,Classe,197281277.48,PLANNER CORRETORA DE VALORES S.A.,1,0.0,197480873.22,197480873.22,197480873.22,197480873.22,197480873.22,0.0,197480873.22,False,1.0,1.0,1.0,1.0,1.0,False
2026-06-30,22881521000138,JC HONORÁRIOS TDA FUNDO DE INVESTIMENTO EM DIREITOS CREDITÓRIOS NÃO-PADRONIZADOS,Classe,194514946.58,QI CORRETORA DE TÍTULOS E VALORES MOBILIÁRIOS S.A.,1,0.0,194057536.5,194057536.5,194057536.5,194057536.5,194057536.5,0.0,194057536.5,False,1.0,1.0,1.0,1.0,1.0,False
2026-06-30,43143480000152,FIDC DE RESP LIMITADA REDE DE POSTOS MONTE CARLO,Classe,193232912.13,BANCO DAYCOVAL S.A.,1,0.0,192558261.89,192558261.89,192558261.89,192558261.89,192558261.89,0.0,192558261.89,False,1.0,1.0,1.0,1.0,1.0,False
2026-06-30,19388377000198,ANKARA FUNDO DE INVESTIMENTO EM DIREITOS CREDITÓRIOS RESPONSABILIDADE LIMITADA,Classe,347172918.16,LIMINE TRUST DISTRIBUIDORA DE TITULOS E VALORES MOBILIARIOS LTDA.,15,0.0,188453927.36,241312651.3,261272848.28,267964404.46,267964404.47,0.0,267964404.47,False,0.703279705126277,0.9005399496148982,0.9750281900193608,0.9999999999626816,0.5066692201866708,False
2026-06-30,28086648000141,QG PRIM FUNDO DE INVESTIMENTO EM DIREITOS CREDITÓRIOS - RESPONSABILIDADE LIMITADA,Classe,234138694.53,BNY MELLON SERVICOS FINANCEIROS DTVM S.A.,3,0.0,186288980.06,232107275.0,232107275.0,232107275.0,226883244.06,0.0,226883244.06,False,0.8210786161482039,1.0230251950144829,1.0230251950144829,1.0230251950144829,0.7067131151007463,False
2026-06-30,53314997000110,RAVENA FUNDO DE INVESTIMENTO EM DIREITOS CREDITÓRIOS,Classe,455577017.38,TRUSTEE DISTRIBUIDORA DE TITULOS E VALORES MOBILIARIOS LTDA.,1,0.0,184835297.99,184835297.99,184835297.99,184835297.99,184835297.99,0.0,184835297.99,False,1.0,1.0,1.0,1.0,1.0,False
2026-06-30,54083697000130,PERNAMBUCANAS FIDC DE RESPONSABILIDADE LIMITADA,Classe,226559970.92,BANCO DAYCOVAL S.A.,2,0.0,184306882.16,184308543.88,184308543.88,184308543.88,0.0,184308543.88,184308543.88,False,0.9999909840316406,1.0,1.0,1.0,0.9999819682258564,False
2026-06-30,14042458000118,FEDERAL 4870 IAA FUNDO DE INVESTIMENTO EM DIREITOS CREDITÓRIOS NÃO-PADRONIZADOS,Classe,182114438.32,QI CORRETORA DE TÍTULOS E VALORES MOBILIÁRIOS S.A.,1,0.0,183932986.77,183932986.77,183932986.77,183932986.77,183932986.77,0.0,183932986.77,False,1.0,1.0,1.0,1.0,1.0,False
2026-06-30,34197588000137,DAY MAXX 2 FUNDO DE INVESTIMENTO EM DIREITOS CREDITÓRIOS DE RESPONSABILIDADE LIMITADA,Classe,4015059128.44,BANCO DAYCOVAL S.A.,24,0.0,182257383.27,353165038.86,472528971.87000006,691908940.2500001,695226058.24,2609447320.91,3304673379.1499996,False,0.05515140601183368,0.10686836438608592,0.1429881012905245,0.20937286710856948,0.004347110706130577,False
2026-06-30,50996316000153,OCEANO FUNDO DE INVESTIMENTO EM DIREITOS CREDITÓRIOS NÃO PADRONIZADOS,Classe,183654673.46,QI CORRETORA DE TÍTULOS E VALORES MOBILIÁRIOS S.A.,1,0.0,181490646.67,181490646.67,181490646.67,181490646.67,181490646.67,0.0,181490646.67,False,1.0,1.0,1.0,1.0,1.0,False
2026-06-30,48349509000170,OCCAM CRÉDITO CORPORATIVO 30 FUNDO DE INVESTIMENTO EM DIREITOS CREDITÓRIOS RESPONSABILIDADE LIMITADA,Classe,3470655083.68,BNY MELLON SERVICOS FINANCEIROS DTVM S.A.,25,0.0,176056538.53,416334799.98,659746816.96,1277188750.8100002,1904528497.87,0.0,1904528497.87,False,0.09244101032192449,0.21860255724481073,0.34640952744884224,0.670606269340885,0.02290137800572347,False
2026-06-30,43722605000107,EDENTOURMALINE HAN FIDC SEGMENTO MEIOS DE PAGAMENTO DE RESPONSABILIDADE LIMITADA,Classe,189504761.29,GENIAL INVESTIMENTOS CORRETORA DE VALORES MOBILIÁRIOS S.A.,1,0.0,172518269.09,172518269.09,172518269.09,172518269.09,172518269.09,0.0,172518269.09,False,1.0,1.0,1.0,1.0,1.0,False
2026-06-30,63784711000114,DGV FUNDO DE INVESTIMENTOS EM DIREITOS CREDITÓRIOS,Classe,190544148.53,LASTRO RDV DTVM LTDA,1,0.0,170523907.67,170523907.67,170523907.67,170523907.67,170523907.67,0.0,170523907.67,False,1.0,1.0,1.0,1.0,1.0,False
2026-06-30,57088363000148,NORTE SANEAMENTO FUNDO DE INVESTIMENTO EM DIREITOS CREDITÓRIOS DE RESPONSABILIDADE LIMITADA,Classe,101480342.83,BANCO DAYCOVAL S.A.,1,0.0,170110707.58,170110707.58,170110707.58,170110707.58,96785083.93,0.0,96785083.93,False,1.757612853888032,1.757612853888032,1.757612853888032,1.757612853888032,3.089202944152432,True
2026-06-30,11489344000122,RED PERFORMANCE FUNDO DE INVESTIMENTO EM DIREITOS CREDITÓRIOS NP DE RESPONSABILIDADE LIMITADA,Classe,1271673604.01,FINAXIS CORRETORA DE TÍTULOS E VALORES MOBILIÁRIOS S.A.,25,0.0,167468304.64,475388204.19,659713370.89,852488230.34,867047353.09,334024304.64,1201071657.73,False,0.13943240069165527,0.39580336537827693,0.5492706173225703,0.7097729971841853,0.04699985433199942,False
2026-06-30,60431592000128,FUNDO DE INVESTIMENTO EM DIREITOS CREDITÓRIOS KINEA CRÉDITO ESTRUTURADO RESPONSABILIDADE LIMITADA,Classe,1116265513.27,INTRAG DTVM LTDA.,14,0.0,167065843.6,492939126.87,731201598.5899999,765930523.8999999,765930523.9,0.0,765930523.9,False,0.21812140708184147,0.6435820371278979,0.9546578648763523,0.9999999999999999,0.11501988265790407,False
2026-06-30,53872780000126,PENÍNSULA AZUL FUNDO DE INVESTIMENTO EM DIREITOS CREDITÓRIOS,Classe,128931729.09,PLANNER CORRETORA DE VALORES S.A.,1,0.0,165632673.49,165632673.49,165632673.49,165632673.49,168375673.49,0.0,168375673.49,False,0.9837090480878586,0.9837090480878586,0.9837090480878586,0.9837090480878586,0.967683491289921,False
2026-06-30,61292200000150,FUNDO DE INVESTIMENTO EM DIREITOS CREDITÓRIOS ASAAS III - RESPONSABILIDADE LIMITADA,Classe,308073444.29,LIMINE TRUST DISTRIBUIDORA DE TITULOS E VALORES MOBILIARIOS LTDA.,2,0.0,165179007.51,263285028.89,263285028.89,263285028.89,263285028.89,0.0,263285028.89,False,0.6273771365063506,1.0,1.0,1.0,0.5324498698091149,False
2026-06-30,51507998000156,LESTE CREDIT MD PRECATÓRIOS III FUNDO DE INVESTIMENTO EM DIREITOS CREDITÓRIOS RESP LIMITADA,Classe,162289432.71,PLANNER CORRETORA DE VALORES S.A.,1,0.0,164805781.7,164805781.7,164805781.7,164805781.7,164805781.7,0.0,164805781.7,False,1.0,1.0,1.0,1.0,1.0,False
2026-06-30,63428693000138,AVEIRO FUNDO DE INVESTIMENTO EM DIREITOS CREDITÓRIOS,Classe,160962870.99,SEFER INVESTIMENTOS DISTRIBUIDORA DE TÍTULOS E VALORES MOBILIÁRIOS LTDA.,1,0.0,161024348.42,161024348.42,161024348.42,161024348.42,0.0,161024348.42,161024348.42,False,1.0,1.0,1.0,1.0,1.0,False
2026-06-30,56805661000149,PJUS COBALTO FIDC DE PRECATÓRIOS DE RESPONSABILIDADE LIMITADA,Classe,507955256.94,APEX GROUP DISTRIBUIDORA DE TÍTULOS E VALORES MOBILIÁRIOS S.A.,24,0.0,160384303.15,264135618.23000002,342452375.5,414105208.50000006,500795913.75,0.0,500795913.75,False,0.320258809519889,0.5274316562452184,0.6838162335145451,0.8268941441617345,0.12018585026754479,False
2026-06-30,57362995000158,MILK INVEST FUNDO DE INVESTIMENTO EM DIREITOS CREDITÓRIOS,Classe,176692586.66,QI CORRETORA DE TÍTULOS E VALORES MOBILIÁRIOS S.A.,2,0.0,160315063.38,175912327.49,175912327.49,175912327.49,175912325.9,45945.97,175958271.87,False,0.9110970554339304,0.9997388904794772,0.9997388904794772,0.9997388904794772,0.8379552193406204,False
2026-06-30,62626409000175,SUMUP SMART I FIDC SEGMENTO MEIOS DE PAGAMENTO DE RESPONSABILIDADE LIMITADA,Classe,459711342.54,BEM - DISTRIBUIDORA DE TITULOS E VALORES MOBILIARIOS LTDA.,8,0.0,160122311.33,439840181.99000007,454396871.8200001,454396871.8200001,454396871.82,0.0,454396871.82,False,0.35238427300051745,0.9679648106473623,1.0000000000000002,1.0000000000000002,0.2595706173358992,False
2026-06-30,65494608000165,MKL LEGAL CLAIMS I FUNDO DE INVESTIMENTO EM DIREITOS CREDITÓRIOS,Classe,162486340.1,QI CORRETORA DE TÍTULOS E VALORES MOBILIÁRIOS S.A.,1,0.0,159737086.21,159737086.21,159737086.21,159737086.21,159737086.21,0.0,159737086.21,False,1.0,1.0,1.0,1.0,1.0,False
2026-06-30,34218393000126,AGL FUNDO DE INVESTIMENTO EM DIREITOS CREDITORIOS,Classe,349488078.88,ACTUAL DISTRIBUIDORA DE TITULOS E VALORES MOBILIARIOS S.A.,25,0.0,159415631.08,242177858.94000003,257050859.13000003,278092390.0300001,265579816.38,16122088.51,281701904.89,False,0.565901856937209,0.859695496324622,0.9124924420740932,0.9871867573582459,0.3514539624050822,False
2026-06-30,29494026000115,MULVI FIDC RESPONSABILIDADE LIMITADA - ARRANJO DE PAGAMENTOS,Classe,206005384.41,GENIAL INVESTIMENTOS CORRETORA DE VALORES MOBILIÁRIOS S.A.,1,0.0,159083968.76,159083968.76,159083968.76,159083968.76,159083968.76,0.0,159083968.76,False,1.0,1.0,1.0,1.0,1.0,False
2026-06-30,40054735000112,JCI II - FUNDO DE INVESTIMENTO EM DIREITOS CREDITÓRIOS RESPONSABILIDADE LIMITADA,Classe,517918377.76,APEX DISTRIBUIDORA DE TÍTULOS E VALORES MOBILIÁRIOS S.A.,1,0.0,158681044.52,158681044.52,158681044.52,158681044.52,158681044.52,0.0,158681044.52,False,1.0,1.0,1.0,1.0,1.0,False
2026-06-30,54114034000136,BRAVANO FUNDO DE  INVESTIMENTO EM DIREITOS CREDITÓRIOS,Classe,147501531.31,QI CORRETORA DE TÍTULOS E VALORES MOBILIÁRIOS S.A.,25,0.0,158329469.96,256524171.77,314163759.05,365155394.28999996,2611027.79,147502864.9,150113892.69,False,1.0547289602766214,1.7088636312945913,2.0928360021865475,2.4325223185310496,1.2632963157076336,True
2026-06-30,54427427000108,FUNDO DE INVESTIMENTO EM DIREITOS CREDITÓRIOS VOITER CONSIGNADO II - RESPONSABILIDADE LIMITADA,Classe,544689767.38,BANVOX DISTRIBUIDORA DE TITULOS E VALORES MOBILIARIOS LTDA,4,0.0,156852601.4,247657250.21,247657250.21,247657250.21,247760224.2,0.0,247760224.2,False,0.6330822548553378,0.9995843804616642,0.9995843804616642,0.9995843804616642,0.4796815874874112,False
2026-06-30,52148267000124,AZ-ATHON FUNDO DE INVESTIMENTO EM DIREITOS CREDITÓRIOS DE RESPONSABILIDADE ILIMITADA,Classe,158225833.91,BANCO DAYCOVAL S.A.,1,0.0,155862449.7,155862449.7,155862449.7,155862449.7,155862449.7,0.0,155862449.7,False,1.0,1.0,1.0,1.0,1.0,False
2026-06-30,15675220000192,MP FUNDO DE INVESTIMENTO EM DIREITOS CREDITÓRIOS,Classe,671805123.57,QI CORRETORA DE TÍTULOS E VALORES MOBILIÁRIOS S.A.,25,0.0,154301502.88,415708447.5,439009865.60999995,442266814.2699999,370388424.21,96200726.41,466589150.62,False,0.33070100896037846,0.8909518083470434,0.9408917138914333,0.9478720490656914,0.1915533685456826,False
2026-06-30,08632394000102,RED - FUNDO DE  INVESTIMENTO EM DIREITOS CREDITÓRIOS MULTISETORIAL LP - RESPONSABILIDADE  LIMITADA,Classe,1569551198.23,HEMERA DISTRIBUIDORA DE TITULOS E VALORES MOBILIARIOS LTDA,25,0.0,153625456.8,445149750.64,536630807.40000004,665565244.7600001,811913150.89,563391770.0,1375304920.8899999,False,0.11170283365276153,0.32367349514893806,0.39019042195583115,0.4839401318576636,0.02968564505311191,False
2026-06-30,45778027000148,INFRA FUNDO DE  INVESTIMENTO EM DIREITOS CREDITORIOS NÃO PADRONIZADO,Classe,172341934.56,QI CORRETORA DE TÍTULOS E VALORES MOBILIÁRIOS S.A.,25,0.0,152453035.6,156770255.06,158616830.11,162046122.35,151913691.81,15039256.14,166952947.95,False,0.9131497075790329,0.9390086068258612,0.9500690587236799,0.9706095300487325,0.8341093243597889,False
2026-06-30,50991111000185,ROCKET IV CRÉDITOS JUDICIAIS FUNDO DE INVESTIMENTO EM DIREITOS CREDITÓRIOS,Classe,240128819.8,APEX GROUP DISTRIBUIDORA DE TÍTULOS E VALORES MOBILIÁRIOS S.A.,12,0.0,150696116.21,238224145.04999998,239861640.01,240014854.01,240014853.5,0.0,240014853.5,False,0.6278616261139022,0.9925391765389219,0.999361649965551,1.0000000021248685,0.45559256178276597,False
2026-06-30,37645459000152,FUNDO DE INVESTIMENTO EM DIREITOS CREDITÓRIOS BASSANO DI GRAPPO - RESPONSABILIDADE LIMITADA,Classe,257406030.04,APEX GROUP DISTRIBUIDORA DE TÍTULOS E VALORES MOBILIÁRIOS S.A.,24,0.0,150575273.35,188909403.27999997,199146146.40999997,207260722.58999997,208010899.05,0.0,208010899.05,False,0.7238816525368986,0.908170697510381,0.9573832300110908,0.9963935713781049,0.5359651352815088,False
2026-06-30,23216398000101,MULTIPLICA FUNDO DE INVESTIMENTO EM DIREITOS CREDITÓRIOS,Classe,1993263958.67,QI CORRETORA DE TÍTULOS E VALORES MOBILIÁRIOS S.A.,25,0.0,150247888.04,513696393.69000006,733749428.94,1008561382.71,1128646319.98,386450957.86,1515097277.8400002,False,0.09916715595595356,0.3390517567441952,0.48429195911834166,0.6656743414837736,0.032748338061093396,False
2026-06-30,50995214000113,ORION FUNDO DE INVESTIMENTO EM DIREITOS CREDITÓRIOS RESPONDABILIDADE LIMITADA,Classe,262720747.07,ID CORRETORA DE TITULOS E VALORES MOBILIARIOS S.A.,25,0.0,150072619.06,199592856.6,219937931.46999997,222710549.03,222620638.95,0.0,222620638.95,False,0.6741181759598934,0.8965604336659371,0.9879494215241986,1.0004038712691872,0.47158146719049493,False
2026-06-30,60882563000182,ST 1019.A FIDC RESPONSABILIDADE LIMITADA,Classe,150356762.36,BANCO DAYCOVAL S.A.,1,0.0,149839702.0,149839702.0,149839702.0,149839702.0,149839702.0,0.0,149839702.0,False,1.0,1.0,1.0,1.0,1.0,False
2026-06-30,10237131000140,IAA FUNDO DE INVESTIMENTO EM DIREITOS CREDITÓRIOS NÃO PADRONIZADOS,Classe,136816105.36,QI CORRETORA DE TÍTULOS E VALORES MOBILIÁRIOS S.A.,1,0.0,148280756.27,148280756.27,148280756.27,148280756.27,148280756.27,0.0,148280756.27,False,1.0,1.0,1.0,1.0,1.0,False
2026-06-30,46783889000121,MIDAS FUNDO DE INVESTIMENTO EM DIREITOS CREDITÓRIOS NÃO PADRONIZADOS,Classe,199764886.99,QI CORRETORA DE TÍTULOS E VALORES MOBILIÁRIOS S.A.,2,0.0,147103497.05,199803834.0,199803834.0,199803834.0,199803834.0,0.0,199803834.0,False,0.7362396111478021,1.0,1.0,1.0,0.6116183077505297,False
2026-06-30,41341188000119,GALAPAGOS ARQUIPÉLAGO FUNDO DE INVESTIMENTO EM DIREITOS  CREDITÓRIOS,Classe,197176707.93,VORTX DISTRIBUIDORA DE TITULOS E VALORES MOBILIARIOS LTDA.,9,0.0,146381045.7,184852138.85999995,188738601.85999998,188738601.85999998,196164737.2,0.0,196164737.2,False,0.7462148793376508,0.9423311319788008,0.96214337272846,0.96214337272846,0.5696864310331822,False
2026-06-30,46390186000133,SEED FUNDO DE INVESTIMENTO EM  DIREITOS CREDITÓRIOS NÃO PADRONIZADOS,Classe,145487429.59,QI CORRETORA DE TÍTULOS E VALORES MOBILIÁRIOS S.A.,1,0.0,145620866.86,145620866.86,145620866.86,145620866.86,145620866.86,0.0,145620866.86,False,1.0,1.0,1.0,1.0,1.0,False
2026-06-30,42085830000109,CLOUDWALK AKIRA I FUNDO DE INVESTIMENTO EM DIREITOS CREDITÓRIOS SEGMENTO MEIOS DE PAGAMENTO,Classe,308205214.77,VERT DISTRIBUIDORA DE TÍTULOS E VALORES MOBILIÁRIOS LTDA.,7,0.0,144576605.05,253167232.84,255414395.99,255414395.99,255414395.99,0.0,255414395.99,False,0.566047205325343,0.9912018931380516,1.0,1.0,0.38053929541116,False
2026-06-30,62015452000102,JC CARBON FUNDO DE INVESTIMENTO EM DIREITOS CREDITÓRIOS,Classe,313774844.88,QI CORRETORA DE TÍTULOS E VALORES MOBILIÁRIOS S.A.,1,0.0,143576993.66,143576993.66,143576993.66,143576993.66,143576993.66,0.0,143576993.66,False,1.0,1.0,1.0,1.0,1.0,False
2026-06-30,23956961000170,RIDOLFINVEST 2 FIDC NÃO PADRONIZADOS - RESPONSABILIDADE LIMITADA,Classe,225823999.67,QI CORRETORA DE TÍTULOS E VALORES MOBILIÁRIOS S.A.,22,0.0,143268485.4,202533462.06,205593785.5,207776684.79000005,207776684.79,0.0,207776684.79,False,0.6895310970275685,0.9747651054530044,0.9894940123228636,1.0000000000000002,0.5462437376864887,False
2026-06-30,55891903000100,SP TUNE FUNDO DE INVESTIMENTO EM DIREITOS CREDITÓRIOS RESPONSABILIDADE LIMITADA,Classe,194355297.24,FIDD DISTRIBUIDORA DE TITULOS E VALORES MOBILIARIOS LTDA.,2,0.0,142467604.0,193724403.38,193724403.38,193724403.38,193724403.38,0.0,193724403.38,False,0.7354138224937142,1.0,1.0,1.0,0.6108393356422039,False
2026-06-30,59400657000199,FUNDO DE INVESTIMENTO EM DIREITOS CREDITÓRIOS EXT VAMMO I RESPONSABILIDADE LIMITADA,Classe,137276419.21,BANCO DAYCOVAL S.A.,1,0.0,142174645.78,142174645.78,142174645.78,142174645.78,142174645.78,0.0,142174645.78,False,1.0,1.0,1.0,1.0,1.0,False
2026-06-30,37284201000178,ARTESANAL RECEBÍVEIS IMOBILIÁRIOS FUNDO DE INVESTIMENTO EM DIREITOS CREDITÓRIOS - RESPONSABILIDADE L,Classe,1250317417.94,QI CORRETORA DE TÍTULOS E VALORES MOBILIÁRIOS S.A.,25,0.0,141784409.31,379019258.77,559753934.6,839901005.4300001,1080433140.68,30028619.12,1110461759.8,False,0.12768058697990295,0.3413168039557376,0.5040731296328608,0.7563529297769521,0.037912811785463726,False
2026-06-30,50857998000113,LEO MADEIRAS FIDC SEGMENTO MEIOS DE PAGAMENTO DE RESPONSABILIDADE LIMITADA,Classe,176969443.65,BANCO GENIAL S.A.,1,0.0,141162080.57,141162080.57,141162080.57,141162080.57,141162080.57,0.0,141162080.57,False,1.0,1.0,1.0,1.0,1.0,False
2026-06-30,46473452000191,MILENIO ATIVY FUNDO DE INVESTIMENTO EM DIREITOS CREDITÓRIOS,Classe,66052437.42,BTG PACTUAL SERVIÇOS FINANCEIROS S/A DTVM,1,0.0,140000000.0,140000000.0,140000000.0,140000000.0,0.0,66545459.11,66545459.11,False,2.1038249923045726,2.1038249923045726,2.1038249923045726,2.1038249923045726,4.426079598245335,True
2026-06-30,41755753000194,ZEFIRO FUNDO DE INVESTIMENTO EM DIREITOS CREDITÓRIOS,Classe,87184529.62,ACTUAL DISTRIBUIDORA DE TITULOS E VALORES MOBILIARIOS S.A.,1,0.0,139800000.0,139800000.0,139800000.0,139800000.0,0.0,139800000.0,139800000.0,False,1.0,1.0,1.0,1.0,1.0,False
2026-06-30,47846781000101,ZENIT FUNDO DE INVESTIMENTO EM  DIREITOS CREDITÓRIOS - RESPONSABILIDADE LIMITADA,Classe,312158314.32,HEMERA DISTRIBUIDORA DE TITULOS E VALORES MOBILIARIOS LTDA,25,0.0,139547952.89,139643400.81,139746757.58,140001668.34,155296823.47,132378519.59,287675343.06,False,0.4850883339726988,0.48542012438262666,0.4857794070687986,0.48666551276450576,0.2353107976713492,False
2026-06-30,52073804000114,IF-AÇOR FUNDO DE INVESTIMENTO EM DIREITOS CREDITÓRIOS NÃO-PADRONIZADOS RESPONSABILIDADE LIMITADA,Classe,306388514.05,ID CORRETORA DE TITULOS E VALORES MOBILIARIOS S.A.,12,0.0,139506886.31,290304973.25000006,306367403.87,306488901.83,306488901.83,0.0,306488901.83,False,0.4551776115775318,0.9471957108940386,0.9996035812087337,1.0,0.3397989380392892,False
2026-06-30,32388184000103,PSS PRINCIPAL FUNDO DE INVESTIMENTO EM DIREITOS CREDITÓRIOS - NÃO PADRONIZADOS,Classe,152694861.29,QI CORRETORA DE TÍTULOS E VALORES MOBILIÁRIOS S.A.,9,0.0,138490299.14,150560916.26,152775799.7,152775799.7,152783674.77,0.0,152783674.77,False,0.9064469705188253,0.985451596753736,0.9999484560767904,0.9999484560767904,0.8238788361462718,False
2026-06-30,49686425000195,URANO FUNDO DE INVESTIMENTO EM DIREITOS CREDITÓRIOS NÃO PADRONIZADO,Classe,227408980.45,QI CORRETORA DE TÍTULOS E VALORES MOBILIÁRIOS S.A.,2,0.0,137031289.41,225585641.89999998,225585641.89999998,225585641.89999998,225585641.9,0.0,225585641.9,False,0.6074468581238193,0.9999999999999999,0.9999999999999999,0.9999999999999999,0.5230896546413601,False
2026-06-30,54028640000139,SUPER BOX FUNDO DE INVESTIMENTO EM DIREITOS CREDITÓRIOS,Classe,156416953.58,QI CORRETORA DE TÍTULOS E VALORES MOBILIÁRIOS S.A.,2,0.0,135898850.38,146373157.91,146373157.91,146373157.91,0.0,146373158.58,146373158.58,False,0.9284410591285062,0.9999999954226579,0.9999999954226579,0.9999999954226579,0.8671234816392127,False
2026-06-30,63350255000102,MERCADO CRÉDITO ESTRUTURADO FUNDO DE INVESTIMENTO EM DIREITOS CREDITÓRIOS  RESPONSABILIDADE LIMITADA,Classe,157903052.35,BTG PACTUAL SERVIÇOS FINANCEIROS S/A DTVM,1,0.0,135561326.16,135561326.16,135561326.16,135561326.16,0.0,154885311.18,154885311.18,False,0.8752368131440003,0.8752368131440003,0.8752368131440003,0.8752368131440003,0.7660394790824656,False
2026-06-30,59532738000142,CP III FUNDO DE INVESTIMENTO EM DIREITOS CREDITÓRIOS RESPONSABILIDADE LIMITADA,Classe,282968049.89,QI CORRETORA DE TÍTULOS E VALORES MOBILIÁRIOS S.A.,13,0.0,134904110.61,243662192.34,254902288.56,255353121.03,255353121.03,0.0,255353121.03,False,0.5283041384645966,0.9542166211133699,0.9982344744086874,1.0,0.3649999888249523,False
2026-06-30,41755684000119,TRAÇADO FUNDO DE INVESTIMENTO EM DIREITOS CREDITÓRIOS RESPONSABILIDADE LIMITADA,Classe,121832899.05,PLANNER CORRETORA DE VALORES S.A.,1,0.0,134692596.15,134692596.15,134692596.15,134692596.15,112158907.82,0.0,112158907.82,False,1.2009085927099394,1.2009085927099394,1.2009085927099394,1.2009085927099394,1.442181448044567,True
2026-06-30,48279539000158,ALGARVE AMAZÔNIA FUNDO DE INVESTIMENTO EM DIREITOS CREDITÓRIOS DE RESPONSABILIDADE LIMITADA,Classe,238674382.02,BANCO DAYCOVAL S.A.,2,0.0,134043956.26,235259156.04000002,235259156.04000002,235259156.04000002,235259156.04,0.0,235259156.04,False,0.5697714746422415,1.0000000000000002,1.0000000000000002,1.0000000000000002,0.5097361173475059,False
2026-06-30,52115758000179,PRECATO IV FUNDO DE INVESTIMENTO EM DIREITOS CREDITÓRIOS DE RESPONSABILIDADE LIMITADA,Classe,208782454.93,ID CORRETORA DE TITULOS E VALORES MOBILIARIOS S.A.,20,0.0,133470922.83,207527596.45,211471377.96999997,213659524.81,213356543.58,302981.23,213659524.81,False,0.6246897859980315,0.9713004680439455,0.9897587208342531,1.0,0.4422973263269062,False
2026-06-30,49826785000145,ASA FUNDO DE INVESTIMENTO EM DIREITOS CREDITÓRIOS RESPONSABILIDADE LIMITADA,Classe,3364983017.12,QI CORRETORA DE TÍTULOS E VALORES MOBILIÁRIOS S.A.,25,0.0,132423161.72,432020847.1,701708315.0699999,1206112232.09,703621079.01,2511699178.16,3215320257.17,False,0.0411850612469172,0.13436323990949753,0.2182390116521756,0.37511418322962736,0.0070834574971898835,False
2026-06-30,11230727000181,FIDC GM - VENDA DE VEÍCULOS,Classe,2984648919.61,BEM - DISTRIBUIDORA DE TITULOS E VALORES MOBILIARIOS LTDA.,24,0.0,131331014.02,394672530.32,629371460.9800001,1044151755.5399998,2617311838.6,0.0,2617311838.6,False,0.05017782446979988,0.15079308644059408,0.24046483559889864,0.39894052368575106,0.00855605556469627,False
2026-06-30,51983832000106,FUNDO DE INVESTIMENTO EM DIREITOS CREDITÓRIOS - ACR IV,Classe,527467198.34,BANCO GENIAL S.A.,6,0.0,130982612.12,512502203.67,518616701.04,518616701.04,518616701.04,0.0,518616701.04,False,0.2525615003476287,0.9882099875346506,1.0,1.0,0.21058698243569807,False
2026-06-30,47085610000107,FUNDO DE GESTÃO DE ATIVOS DE CRÉDITO - FIDC RESPONSABILIDADE LIMITADA,Classe,383115911.65,APEX DISTRIBUIDORA DE TÍTULOS E VALORES MOBILIÁRIOS S.A.,24,0.0,130573832.94,241592180.2,272603610.61999995,279632356.15999997,280580932.24,0.0,280580932.24,False,0.46536958836643716,0.8610427596460821,0.9715685540128702,0.9966192425393018,0.26446693495299756,False
2026-06-30,40054747000147,JCI III - FIDC RESPONSABILIDADE LIMITADA,Classe,424575799.25,APEX DISTRIBUIDORA DE TÍTULOS E VALORES MOBILIÁRIOS S.A.,1,0.0,130394774.23,130394774.23,130394774.23,130394774.23,130394774.24,0.0,130394774.24,False,0.9999999999233099,0.9999999999233099,0.9999999999233099,0.9999999999233099,0.9999999998466198,False
2026-06-30,17198676000134,AZUL FUNDO DE INVESTIMENTO EM DIREITOS CREDITÓRIOS MULTISSETORIAL - RESPONSABILIDADE LIMITADA,Classe,125576738.21,HEMERA DISTRIBUIDORA DE TITULOS E VALORES MOBILIARIOS LTDA,3,0.0,129193302.47,131026527.03,131026527.03,131026527.03,109167143.05,0.0,109167143.05,False,1.1834449346249518,1.2002377580769712,1.2002377580769712,1.2002377580769712,1.4007032802457355,True
2026-06-30,55331248000127,DB DRILLING FUNDO DE INVESTIMENTO EM DIREITOS CREDITÓRIOS NÃO PADRONIZADOS,Classe,128735586.42,QI CORRETORA DE TÍTULOS E VALORES MOBILIÁRIOS S.A.,1,0.0,128756394.42,128756394.42,128756394.42,128756394.42,128756394.42,0.0,128756394.42,False,1.0,1.0,1.0,1.0,1.0,False
2026-06-30,33953549000150,AGROSS FUNDO DE INVESTIMENTO EM DIREITOS CREDITÓRIOS,Classe,18799119.1,PLANNER CORRETORA DE VALORES S.A.,1,0.0,128621791.07,128621791.07,128621791.07,128621791.07,102031439.13,0.0,102031439.13,False,1.2606093981103292,1.2606093981103292,1.2606093981103292,1.2606093981103292,1.5891360546040867,True
2026-06-30,67220127000197,ORIZ JURI LSN IV FUNDO DE INVESTIMENTO EM DIREITOS CREDITÓRIOS RESPONSABILIDADE LIMITADA,Classe,164174167.14,LIMINE TRUST DISTRIBUIDORA DE TITULOS E VALORES MOBILIARIOS LTDA.,1,0.0,128247685.78,128247685.78,128247685.78,128247685.78,128247685.78,0.0,128247685.78,False,1.0,1.0,1.0,1.0,1.0,False
2026-06-30,58922423000149,PBG SUPPLIERS - FUNDO DE INVESTIMENTO EM DIREITOS CREDITÓRIO,Classe,164840396.17,LIMINE TRUST DISTRIBUIDORA DE TITULOS E VALORES MOBILIARIOS LTDA.,2,0.0,128156083.27,160537274.42,160537274.42,160537274.42,157031456.49,3505817.93,160537274.42000002,False,0.7982948740908365,0.9999999999999998,0.9999999999999998,0.9999999999999998,0.677959663817736,False
2026-06-30,64019393000168,CRONOS LEGAL CLAIMS  FUNDO DE INVESTIMENTO EM DIREITOS CREDITÓRIOS NÃO PADRONIZADOS  RESP LIMITADA,Classe,126622180.75,ID CORRETORA DE TITULOS E VALORES MOBILIARIOS S.A.,1,0.0,126947960.38,126947960.38,126947960.38,126947960.38,126947960.38,0.0,126947960.38,False,1.0,1.0,1.0,1.0,1.0,False
2026-06-30,17474548000176,FUNDO DE INVESTIMENTO EM DIREITOS CREDITÓRIOS LF I - SEGMENTO FINANCEIRO - RESPONSABILIDADE LIMITADA,Classe,132131158.97,FINAXIS CORRETORA DE TÍTULOS E VALORES MOBILIÁRIOS S.A.,2,0.0,124969665.22,125151761.86,125151761.86,125151761.86,125151761.86,0.0,125151761.86,False,0.9985449933960682,1.0,1.0,1.0,0.9970942208805714,False
2026-06-30,53908929000180,CHIMERA ALTERNATIVE ASSETS V FUNDO DE INVESTIMENTO EM DIREITOS CREDITÓRIOS,Classe,124211665.13,VORTX DISTRIBUIDORA DE TITULOS E VALORES MOBILIARIOS LTDA.,1,0.0,123715500.81,123715500.81,123715500.81,123715500.81,123715500.81,0.0,123715500.81,False,1.0,1.0,1.0,1.0,1.0,False
2026-06-30,10613882000114,ROYAL BANK FUNDO DE INVESTIMENTO EM DIREITOS CREDITÓRIOS DE RESPONSABILIDADE LIMITADA,Classe,808540098.3,INTRAG DTVM LTDA.,25,0.0,121629366.3,375236696.56,491068276.52,630255123.2399999,545802998.61,0.0,545802998.61,False,0.2228448114241847,0.687494750881944,0.8997170733224381,1.1547300488364385,0.12919621946774323,True
2026-06-30,37457423000145,FUNDO DE INVESTIMENTO EM DIREITOS CREDITÓRIOS ATIVOS JUDICIAIS I RESPONSABILIDADE LIMITADA,Classe,541353269.64,APEX GROUP DISTRIBUIDORA DE TÍTULOS E VALORES MOBILIÁRIOS S.A.,24,0.0,120420898.01,243063396.86999997,325978791.25,402600634.38000005,519268409.63,0.0,519268409.63,False,0.23190491810546462,0.46808816473775594,0.627765497004282,0.7753227943653832,0.07501387134098496,False
2026-06-30,29284754000100,FUNDO DE INVESTIMENTO EM DIREITOS CREDITÓRIOS RIOJA,Classe,119069945.18,PLANNER CORRETORA DE VALORES S.A.,1,0.0,119807465.16,119807465.16,119807465.16,119807465.16,119807465.16,0.0,119807465.16,False,1.0,1.0,1.0,1.0,1.0,False
2026-06-30,41575924000101,FINANCE ASSET FUNDO DE INVESTIMENTO EM DIREITOS CREDITÓRIOS  NÃO PADRONIZADOS,Classe,60405910.82,AZUMI DISTRIBUIDORA DE TÍTULOS E VALORES MOBILIÁRIOS LTDA.,24,0.0,119213694.92,136084865.55,140621018.19,140838422.41999996,10919200.04,126443417.8,137362617.84,False,0.8678758223642776,0.9906979620067498,1.0237211579193648,1.0253038609387057,0.7578606313601658,False
2026-06-30,66226268000154,LRS GCB FIDC RESPONSABILIDADE LIMITADA,Classe,124851107.98,BANCO DAYCOVAL S.A.,1,0.0,118426240.8,118426240.8,118426240.8,118426240.8,118426240.8,0.0,118426240.8,False,1.0,1.0,1.0,1.0,1.0,False
2026-06-30,20764347000118,FUNDO DE INVESTIMENTO EM DIREITOS CREDITÓRIOS NÃO PADRONIZADOS CERES,Classe,117966390.98,PLANNER CORRETORA DE VALORES S.A.,1,0.0,118151124.97,118151124.97,118151124.97,118151124.97,118151124.97,0.0,118151124.97,False,1.0,1.0,1.0,1.0,1.0,False
2026-06-30,39273613000138,VANGUARD FUNDO DE INVESTIMENTO EM DIREITOS CREDITÓRIOS,Classe,-694042.53,TRUSTEE DISTRIBUIDORA DE TITULOS E VALORES MOBILIARIOS LTDA.,1,0.0,117821208.3,117821208.3,117821208.3,117821208.3,0.0,0.0,0.0,True,,,,,,
2026-06-30,56028964000100,AURÃ FUNDO DE INVESTIMENTO EM DIREITOS CREDITÓRIOS,Classe,115273712.08,PLANNER CORRETORA DE VALORES S.A.,1,0.0,117461591.61,117461591.61,117461591.61,117461591.61,117461591.61,0.0,117461591.61,False,1.0,1.0,1.0,1.0,1.0,False
2026-06-30,36544636000141,PAY CARGO FUNDO DE INVESTIMENTO EM DIREITOS CREDITÓRIOS,Classe,229392653.83,CATÁLISE DISTRIBUIDORA DE TITULOS E VALORES MOBILIARIOS LTDA.,25,0.0,117422917.56,168292998.62,188725807.54000002,211499968.99999997,220851984.41,13625522.57,234477506.98,False,0.5007854231835368,0.7177362160983516,0.804878088183092,0.9020053638579503,0.2719144163117635,False
2026-06-30,64679472000103,PARANÁ III FUNDO DE INVESTIMENTO EM DIREITOS CREDITÓRIOS DO SEGMENTO  AGRONEGÓCIO - RESP LIMITADA,Classe,389014033.19,GENIAL INVESTIMENTOS CORRETORA DE VALORES MOBILIÁRIOS S.A.,9,0.0,114346286.87,127509993.71000002,131091802.92,131091802.92,131091802.92,0.0,131091802.92,False,0.8722611507584566,0.9726770924633189,1.0,1.0,0.7645620879981935,False
2026-06-30,27974792000151,ÓREAS FUNDO DE  INVESTIMENTO EM DIREITOS CREDITÓRIOS NÃO-PADRONIZADO,Classe,113578826.32,QI CORRETORA DE TÍTULOS E VALORES MOBILIÁRIOS S.A.,1,0.0,113258899.3,113258899.3,113258899.3,113258899.3,113258899.3,0.0,113258899.3,False,1.0,1.0,1.0,1.0,1.0,False
2026-06-30,33823944000118,EXPLORER FUNDO DE INVESTIMENTO EM DIREITOS CREDITÓRIOS,Classe,150730626.73,PLANNER CORRETORA DE VALORES S.A.,1,0.0,113039884.66,113039884.66,113039884.66,113039884.66,112977665.4,666200.05,113643865.45,False,0.9946853199017087,0.9946853199017087,0.9946853199017087,0.9946853199017087,0.9893988856279646,False
2026-06-30,32774233000138,FUNDO DE INVESTIMENTO EM DIREITOS CREDITÓRIOS PRECATÓRIOS BRASIL,Classe,1163772257.6,BTG PACTUAL SERVIÇOS FINANCEIROS S/A DTVM,25,0.0,109664415.47,289804652.5,384429681.7700001,515044407.0500001,1124255902.57,0.0,1124255902.57,False,0.09754399796284097,0.2577746328371674,0.3419414395701287,0.4581202605853623,0.02069263858072216,False
2026-06-30,21126275000146,VENDA DE VEÍCULOS FUNDO DE INVESTIMENTO EM DIREITOS CREDITÓRIOS,Classe,4242510733.6,S3 CACEIS BRASIL DISTRIBUIDORA DE TITULOS E VALORES MOBILIARIOS S.A,24,0.0,109292508.15,440723470.14000005,755937018.2,1403724773.16,4242802719.16,0.0,4242802719.16,False,0.025759507425704205,0.10387555097712757,0.17816925938749806,0.3308484664679184,0.004990532971245297,False
2026-06-30,63618462000197,EVOLUX CAPITAL FUNDO DE INVESTIMENTO EM DIREITOS CREDITÓRIOS DE RESPONSABILIDADE LIMITADA,Classe,152114009.74,CATÁLISE DISTRIBUIDORA DE TITULOS E VALORES MOBILIARIOS LTDA.,12,0.0,109259115.48,150817295.08,151853415.01999998,151916194.6,151914046.45,0.0,151914046.45,False,0.7192166757006295,0.9927804479201932,0.9996008833191079,1.0000141405620495,0.5602864948022416,False
2026-06-30,21053898000136,ARTESANAL SPECIAL SITS FIDC MULTISETORIAL - RESPONSABILIDADE LIMITADA,Classe,325574072.79,FIDD DISTRIBUIDORA DE TITULOS E VALORES MOBILIARIOS LTDA.,25,0.0,109012302.54,284776559.03,317793312.77,336737915.40999997,325245649.63,0.0,325245649.63,False,0.3351691334350285,0.875573768177875,0.9770870513764663,1.03533411067319,0.21200898318096256,False
2026-06-30,53109835000140,ALGARVE COFFEE II FUNDO DE INVESTIMENTO EM DIREITOS CREDITÓRIOS RESPONSABILIDADE LIMITADA,Classe,110535686.6,BANCO DAYCOVAL S.A.,1,0.0,108124114.53,108124114.53,108124114.53,108124114.53,108124114.53,0.0,108124114.53,False,1.0,1.0,1.0,1.0,1.0,False
2026-06-30,49669950000100,MAROSTICA CAPITAL FUNDO DE INVESTIMENTO EM DIREITOS CREDITORIOS NÃO PADRONIZADO,Classe,240349513.09,QI CORRETORA DE TÍTULOS E VALORES MOBILIÁRIOS S.A.,25,0.0,108034328.56,136882521.61,144593895.99000004,159035297.31000006,181462829.04,24923027.06,206385856.1,False,0.523458005318224,0.663235961013125,0.7005998314145135,0.7705726560687511,0.28216597614081773,False
2026-06-30,47117579000130,CRÉDITO CORPORATIVO SOLIS ITER  FUNDO DE INVESTIMENTO EM DIREITOS CREDITÓRIOS,Classe,353470202.33,HEMERA DISTRIBUIDORA DE TITULOS E VALORES MOBILIARIOS LTDA,25,0.0,106555584.38,144131922.21,144295777.84999996,144681501.66999996,65518623.87,113023727.41,178542351.28,False,0.5968084525384884,0.8072702144712116,0.8081879554935811,0.8103483606704743,0.3876043959026723,False
2026-06-30,48971114000105,BTS FUNDO DE INVESTIMENTO EM DIREITOS CREDITÓRIOS,Classe,386097116.86,SEFER INVESTIMENTOS DISTRIBUIDORA DE TÍTULOS E VALORES MOBILIÁRIOS LTDA.,1,0.0,106202874.32,106202874.32,106202874.32,106202874.32,0.0,106202874.32,106202874.32,False,1.0,1.0,1.0,1.0,1.0,False
2026-06-30,51864349000102,CVPAR EDUC FUNDO DE INVESTIMENTO EM DIREITOS CREDITÓRIOS,Classe,114697401.93,QI CORRETORA DE TÍTULOS E VALORES MOBILIÁRIOS S.A.,20,0.0,105991186.65,106462812.33000001,106732321.05000001,106926561.93000002,73668693.11,33255867.15,106924560.25999999,False,0.9912707276258105,0.9956815540893769,0.9982021042730265,1.0000187203949698,0.9826243019039733,False
2026-06-30,29828733000109,C6 BANK TV1 FUNDO DE INVESTIMENTO EM DIREITOS CREDITÓRIOS - RESPONSABILIDADE LIMITADA,Classe,490720357.85,HEMERA DISTRIBUIDORA DE TITULOS E VALORES MOBILIARIOS LTDA,25,0.0,104983785.71,217448368.6,250394213.55,297553461.27,156200285.64,201365433.5,357565719.14,False,0.2936069653503193,0.6081353915106751,0.7002746632206136,0.8321643975984649,0.12588461927795147,False
2026-06-30,62543465000146,PERNAMBUCANAS FORNECEDORES FUNDO DE INVESTIMENTO EM DIREITOS CREDITÓRIOS COMERCIAIS DE RESP LIMITADA,Classe,130839674.65,BANCO DAYCOVAL S.A.,1,0.0,104974913.08,104974913.08,104974913.08,104974913.08,104974913.08,0.0,104974913.08,False,1.0,1.0,1.0,1.0,1.0,False
2026-06-30,21838483000178,RIO FORMOSO II FUNDO DE INVESTIMENTO EM DIREITOS CREDITÓRIOS NÃO-PADRONIZADOS MULTISSETORIAL NP,Classe,641969978.44,BR-CAPITAL DTVM S.A.,3,0.0,104807201.24,642119708.03,642119708.03,642119708.03,642119708.03,0.0,642119708.03,False,0.16322065796974944,1.0,1.0,1.0,0.4627526544238845,False
2026-06-30,53523699000130,FUNDO DE INVESTIMENTO EM DIREITOS CREDITÓRIOS  SIGA ENERGIA PORTFÓLIO DE RESPONSABILIDADE  LIMITADA,Classe,147842692.85,BANCO DAYCOVAL S.A.,2,0.0,104340197.71,170150036.69,170150036.69,170150036.69,144603070.9,0.0,144603070.9,False,0.7215628067965186,1.1766695937437384,1.1766695937437384,1.1766695937437384,0.7277750716774921,True
2026-06-30,37035970000132,CD CASH FUNDO DE INVESTIMENTO EM DIREITOS CREDITÓRIOS RESPONSABILIDADE LIMITADA,Classe,291764021.23,QI CORRETORA DE TÍTULOS E VALORES MOBILIÁRIOS S.A.,25,0.0,103337755.53,127051041.84,142826805.94,169763865.24999997,0.0,232965452.02,232965452.02,False,0.44357545135545884,0.545364305043362,0.6130814878411172,0.728708328973284,0.2015653205728208,False
2026-06-30,30127068000105,ELDORADO FUNDO DE INVESTIMENTO EM DIREITOS CREDITÓRIOS NÃO-PADRONIZADOS,Classe,153306059.22,QI CORRETORA DE TÍTULOS E VALORES MOBILIÁRIOS S.A.,4,0.0,103114313.67,150821110.19,150821110.19,150821110.19,150821664.37,0.0,150821664.37,False,0.6836837008842246,0.9999963255941888,0.9999963255941888,0.9999963255941888,0.5027443802357103,False
2026-06-30,47085633000103,FUNDO DE CRÉDITO E RECEBÍVEIS - FIDC RESPONSABILIDADE LIMITADA,Classe,277948724.48,APEX DISTRIBUIDORA DE TÍTULOS E VALORES MOBILIÁRIOS S.A.,6,0.0,101050898.22,238590464.76999998,256984801.86999997,256984801.86999997,256984801.87,0.0,256984801.87,False,0.3932174100751618,0.9284224710327224,0.9999999999999999,0.9999999999999999,0.27307075392059316,False
2026-06-30,44395262000178,SAN PRECA FEDERAL I FUNDO DE INVESTIMENTO EM DIREITOS CREDITÓRIOS - RESPONSABILIDADE LIMITADA,Classe,98675681.42,APEX DISTRIBUIDORA DE TÍTULOS E VALORES MOBILIÁRIOS S.A.,1,0.0,100957883.8,100957883.8,100957883.8,100957883.8,100957883.8,0.0,100957883.8,False,1.0,1.0,1.0,1.0,1.0,False
2026-06-30,44395279000125,JUGIS FUNDO DE INVESTIMENTO EM DIREITOS CREDITÓRIOS,Classe,72484925.87,APEX DISTRIBUIDORA DE TÍTULOS E VALORES MOBILIÁRIOS S.A.,24,0.0,100717999.71,123173899.27999999,130368317.39999999,134951849.14999998,34642755.68,0.0,34642755.68,False,2.9073322180356063,3.5555456505185266,3.7632201838742407,3.895528704372399,8.65462269539788,True
2026-06-30,64078685000171,VOGAL FUNDO DE INVESTIMENTO EM DIREITOS CREDITÓRIOS - RESPONSABILIDADE LIMITADA,Classe,171258137.63,BNY MELLON SERVICOS FINANCEIROS DTVM S.A.,2,0.0,100182590.96,113483426.75,113483426.75,113483426.75,113483426.75,0.0,113483426.75,False,0.8827949052040763,1.0,1.0,1.0,0.7930638789003954,False
2026-06-30,60327259000173,BR GOLD FUNDO DE INVESTIMENTO EM DIREITOS CREDITÓRIOS,Classe,98107985.06,"MASTER S/A CORRETORA DE CAMBIO, TITULOS E VALORES MOBILIARIOS",1,0.0,100000000.01,100000000.01,100000000.01,100000000.01,100000000.01,0.0,100000000.01,False,1.0,1.0,1.0,1.0,1.0,False
2026-06-30,32969429000188,FUNDO DE INVESTIMENTO EM DIREITOS CREDITÓRIOS SANTA CRUZ CAPITAL,Classe,459089534.64,ID CORRETORA DE TITULOS E VALORES MOBILIARIOS S.A.,24,0.0,99868035.42,291609732.74,352922255.78999996,380402881.24,334204001.34,21367894.17,355571895.51,False,0.2808659421092839,0.8201146840408788,0.9925482307419161,1.0698339380686561,0.18028442247850227,True
2026-06-30,55711648000168,RIO BRAVO INLIRA STEFANINI CONSÓRCIO FIDC DE RESPONSABILIDADE LIMITADA,Classe,317988374.4,BANCO DAYCOVAL S.A.,14,0.0,99654584.33,227440582.55,259267337.29999998,259341902.58,259341902.58,0.0,259341902.58,False,0.3842594788524744,0.8769912624506975,0.9997124827139069,1.0,0.21878639490083526,False
2026-06-30,56780297000100,ST 1015.A FUNDO DE INVESTIMENTO EM DIREITOS CREDITÓRIOS RESPONSABILIDADE LIMITADA,Classe,104533194.75,BANCO DAYCOVAL S.A.,1,0.0,99549175.22,99549175.22,99549175.22,99549175.22,99549175.22,0.0,99549175.22,False,1.0,1.0,1.0,1.0,1.0,False
2026-06-30,29986319000110,KINEA VÉRTICE FUNDO DE INVESTIMENTO EM DIREITOS CREDITÓRIOS ABERTO RESPONSABILIDADE LIMITADA,Classe,771314631.91,INTRAG DTVM LTDA.,23,0.0,99418229.56,243313124.67999998,335983632.53,419155026.2699999,419155026.27,0.0,419155026.27,False,0.237187253710658,0.580484807364016,0.8015736695796536,0.9999999999999999,0.10095815663331249,False
2026-06-30,59629874000155,PARANÁ I FIDC - FUNDO DE INVESTIMENTO EM DIREITOS CREDITÓRIOS - RESPONSABILIDADE LIMITADA,Classe,397047434.06,GENIAL INVESTIMENTOS CORRETORA DE VALORES MOBILIÁRIOS S.A.,24,0.0,99257113.18,141656387.69,187453810.29,283281227.9800001,365688025.44,0.0,365688025.44,False,0.27142565868973345,0.3873695003262888,0.5126058203969174,0.7746527320361472,0.0851313632958285,False
2026-06-30,58817663000183,MD LESTE IC PRECATÓRIOS FUNDO DE INVESTIMENTO EM DIREITOS CREDITÓRIOS - DE RESPONSABILIDADE LIMITADA,Classe,104541573.63,VORTX DISTRIBUIDORA DE TITULOS E VALORES MOBILIARIOS LTDA.,1,0.0,99182985.7,99182985.7,99182985.7,99182985.7,99182985.7,0.0,99182985.7,False,1.0,1.0,1.0,1.0,1.0,False
2026-06-30,46744586000108,BYRON 61 FUNDO DE INVESTIMENTO EM DIREITOS CREDITÓRIOS NAO PADRONIZADOS,Classe,119989669.2,FINVEST DISTRIBUIDORA DE TÍTULOS E VALORES MOBILIÁRIOS LTDA.,4,0.0,98809591.36,130255751.85000001,130255751.85000001,130255751.85000001,110613683.86,11126987.44,121740671.3,False,0.8116399417291533,1.069944419223849,1.069944419223849,1.069944419223849,0.7229315236375917,True
2026-06-30,59818474000198,IGNIS FUNDO DE INVESTIMENTO EM DIREITOS CREDITÓRIOS DE RESPONSABILIDADE LIMITADA,Classe,101274969.71,HEMERA DISTRIBUIDORA DE TITULOS E VALORES MOBILIARIOS LTDA,1,0.0,98526865.49,98526865.49,98526865.49,98526865.49,0.0,98396334.67,98396334.67,False,1.001326582137818,1.001326582137818,1.001326582137818,1.001326582137818,1.0026549240958047,False
2026-06-30,63034209000196,OCEANO II FUNDO DE INVESTIMENTO EM DIREITOS CREDITÓRIOS,Classe,99309396.8,QI CORRETORA DE TÍTULOS E VALORES MOBILIÁRIOS S.A.,1,0.0,98300002.71,98300002.71,98300002.71,98300002.71,98300002.71,0.0,98300002.71,False,1.0,1.0,1.0,1.0,1.0,False
2026-06-30,42462074000190,HERA FUNDO DE INVESTIMENTO EM DIREITOS CREDITÓRIOS NÃO-PADRONIZADOS,Classe,144496238.29,QI CORRETORA DE TÍTULOS E VALORES MOBILIÁRIOS S.A.,3,0.0,97911583.62,143536453.63,143536453.63,143536453.63,143536453.64,0.0,143536453.64,False,0.6821374022906368,0.9999999999303314,0.9999999999303314,0.9999999999303314,0.5208925198625673,False
2026-06-30,63547404000110,FUNDO DE INVESTIMENTO EM DIREITOS CREDITÓRIOS VEXOR - RESPONSABILIDADE LIMITADA,Classe,-87864.34,BANVOX DISTRIBUIDORA DE TITULOS E VALORES MOBILIARIOS LTDA,1,0.0,97776857.18,97776857.18,97776857.18,97776857.18,0.0,0.0,0.0,True,,,,,,
2026-06-30,12803721000119,FUNDO DE INVESTIMENTO EM DIREITOS CREDITÓRIOS FRATTO,Classe,103640698.41,PLANNER CORRETORA DE VALORES S.A.,1,0.0,95054204.86,95054204.86,95054204.86,95054204.86,330803.24,82231840.71,82562643.94999999,False,1.1512979758444377,1.1512979758444377,1.1512979758444377,1.1512979758444377,1.3254870291834995,True
2026-06-30,38447838000109,ARTEB FUNDO DE INVESTIMENTO EM DIREITOS CREDITÓRIOS,Classe,94110701.93,PLANNER CORRETORA DE VALORES S.A.,1,0.0,94091563.62,94091563.62,94091563.62,94091563.62,94091563.62,0.0,94091563.62,False,1.0,1.0,1.0,1.0,1.0,False
2026-06-30,56780221000184,CLASSE ÚNICA DE COTAS DO ST 1014 FIDC RESPONSABILIDADE LIMITADA,Classe,46442051.98,BANCO DAYCOVAL S.A.,1,0.0,93663130.05,93663130.05,93663130.05,93663130.05,0.0,93663130.05,93663130.05,False,1.0,1.0,1.0,1.0,1.0,False
2026-06-30,37529228000183,ACTIUM FUNDO DE INVESTIMENTO EM DIREITOS CREDITÓRIOS NÃO PADRONIZADO,Classe,79805393.72,BARU DISTRIBUIDORA DE TÍTULOS E VALORES MOBILIÁRIOS LTDA.,1,0.0,93593905.71,93593905.71,93593905.71,93593905.71,93593905.71,0.0,93593905.71,False,1.0,1.0,1.0,1.0,1.0,False
2026-06-30,44615718000168,INTERLAKEN FUNDO DE INVESTIMENTO EM DIREITOS CREDITÓRIOS NÃO PADRONIZADOS,Classe,98152576.42,PLANNER CORRETORA DE VALORES S.A.,2,0.0,93526129.3,96026129.3,96026129.3,96026129.3,98155178.35,0.0,98155178.35,False,0.9528394820546928,0.9783093557997697,0.9783093557997697,0.9783093557997697,0.9085517930308454,False
2026-06-30,26689672000140,AFARE I - FUNDO DE INVESTIMENTO EM DIREITOS CREDITORIOS,Classe,16867314.37,ACTUAL DISTRIBUIDORA DE TITULOS E VALORES MOBILIARIOS S.A.,1,0.0,93347449.08,93347449.08,93347449.08,93347449.08,0.0,93347449.08,93347449.08,False,1.0,1.0,1.0,1.0,1.0,False
2026-06-30,49815454000100,AMADEUS FUNDO DE INVESTIMENTO EM DIREITOS CREDITÓRIOS,Classe,106372216.66,QI CORRETORA DE TÍTULOS E VALORES MOBILIÁRIOS S.A.,25,0.0,93070723.43,93913722.5,94261052.23,94974487.25,79149532.08,16010856.53,95160388.61,False,0.978040598504025,0.986899316740821,0.9905492569635693,0.998046441773563,0.9566083557438957,False
2026-06-30,31608972000197,GAD FUNDO DE INVESTIMENTO EM DIREITOS CREDITÓRIOS,Classe,189073282.29,PLANNER CORRETORA DE VALORES S.A.,2,0.0,92892803.59,186878884.23000002,186878884.23000002,186878884.23000002,87964728.41,93986080.64,181950809.05,False,0.510538007910001,1.027084656593342,1.027084656593342,1.027084656593342,0.527469497786703,False
2026-06-30,65530283000129,VKTECH FUNDO DE INVESTIMENTO EM DIREITOS CREDITÓRIOS - RESPONSABILIDADE LIMITADA,Classe,92841577.6,APEX GROUP DISTRIBUIDORA DE TÍTULOS E VALORES MOBILIÁRIOS S.A.,1,0.0,92199474.76,92199474.76,92199474.76,92199474.76,92199474.76,0.0,92199474.76,False,1.0,1.0,1.0,1.0,1.0,False
2026-06-30,41195764000167,PRISMA INFRATELCO VD FUNDO DE INVESTIMENTO EM DIREITOS CREDITÓRIOS,Classe,107100035.71,QI CORRETORA DE TÍTULOS E VALORES MOBILIÁRIOS S.A.,1,0.0,91979045.9,91979045.9,91979045.9,91979045.9,91979045.9,0.0,91979045.9,False,1.0,1.0,1.0,1.0,1.0,False
2026-06-30,54276269000124,VULCANO FUNDO DE INVESTIMENTO EM DIREITOS CREDITÓRIOS,Classe,1333286.25,TRUSTEE DISTRIBUIDORA DE TITULOS E VALORES MOBILIARIOS LTDA.,1,0.0,90000000.0,90000000.0,90000000.0,90000000.0,90000000.0,0.0,90000000.0,False,1.0,1.0,1.0,1.0,1.0,False
2026-06-30,43290912000158,SDL FUNDO DE INVESTIMENTO EM DIREITOS CREDITÓRIOS DE RESPONSABILIDADE LIMITADA,Classe,176865601.4,CATÁLISE DISTRIBUIDORA DE TITULOS E VALORES MOBILIARIOS LTDA.,25,0.0,89559699.91,119387953.91,123319450.94000001,125820435.41999999,118573289.84,5918402.68,124491692.52000001,False,0.7194030227809131,0.9590033800112399,0.9905837766659678,1.0106733459325932,0.5468295785354225,False
2026-06-30,54837785000180,CELOSIA FUNDO DE INVESTIMENTO EM DIREITOS CREDITÓRIOS RESPONSABILIDADE LIMITADA,Classe,170441347.34,BANVOX DISTRIBUIDORA DE TITULOS E VALORES MOBILIARIOS LTDA,4,0.0,88808912.28,173721758.77,173721758.77,173721758.77,173721758.77,0.0,173721758.77,False,0.5112135227549653,1.0,1.0,1.0,0.46263904402397726,False
2026-06-30,54349601000133,AERIS FIDC - INDÚSTRIA E COMÉRCIO - RESPONSABILIDADE LIMITADA,Classe,153642697.13,QI CORRETORA DE TÍTULOS E VALORES MOBILIÁRIOS S.A.,2,0.0,87846629.6,161111052.94,161111052.94,161111052.94,75880765.56,41028077.07,116908842.63,False,0.7514113357363582,1.378091248836444,1.378091248836444,1.378091248836444,0.9573467089562291,True
2026-06-30,55249383000128,ALGARVE PRECATÓRIOS I FUNDO DE INVESTIMENTO EM DIREITOS CREDITÓRIOS - RESPONSABILIDADE LIMITADA,Classe,43793744.44,BANCO DAYCOVAL S.A.,1,0.0,87617007.01,87617007.01,87617007.01,87617007.01,87617007.01,0.0,87617007.01,False,1.0,1.0,1.0,1.0,1.0,False
2026-06-30,09527140000197,BSPAR FUNDO DE INVESTIMENTO EM DIREITOS CREDITÓRIOS NÃO-PADRONIZADOS MULTISSETORIAL,Classe,412745731.73,S3 CACEIS BRASIL DISTRIBUIDORA DE TITULOS E VALORES MOBILIARIOS S.A,24,0.0,86026586.35,147574692.99,207099853.0,290058346.21000004,206817117.49,127481120.0,334298237.49,False,0.25733484865463385,0.44144621909475207,0.6195062664851623,0.8676634025588503,0.08630850329715666,False
2026-06-30,38421626000144,CRONOS FUNDO DE INVESTIMENTO EM DIREITOS CREDITÓRIOS NÃO PADRONIZADO,Classe,86114119.06,QI CORRETORA DE TÍTULOS E VALORES MOBILIÁRIOS S.A.,1,0.0,85687731.86,85687731.86,85687731.86,85687731.86,85678111.02,0.0,85678111.02,False,1.0001122905242128,1.0001122905242128,1.0001122905242128,1.0001122905242128,1.0002245936575875,False
2026-06-30,25167283000191,KRIPTA FUNDO DE INVESTIMENTO EM DIREITOS CREDITÓRIOS,Classe,191330728.55,ACTUAL DISTRIBUIDORA DE TITULOS E VALORES MOBILIARIOS S.A.,1,0.0,85614414.03,85614414.03,85614414.03,85614414.03,0.0,85614414.03,85614414.03,False,1.0,1.0,1.0,1.0,1.0,False
2026-06-30,58238773000190,FUNDO DE INVESTIMENTO EM DIREITOS CREDITÓRIOS CONRETORNO - RESPONSABILIDADE LIMITADA,Classe,218955447.38,BANCO DAYCOVAL S.A.,13,0.0,85194795.88,169044029.54,193355532.5,196615513.62,196615513.62,0.0,196615513.62,False,0.4333065805003388,0.8597695391764071,0.9834195122247547,1.0,0.2550430720470809,False
2026-06-30,37720508000174,PEREGRINE BRAZIL - FUNDO DE INVESTIMENTO EM DIREITOS CREDITÓRIOS,Classe,84859926.9,APEX DISTRIBUIDORA DE TÍTULOS E VALORES MOBILIÁRIOS S.A.,1,0.0,84636193.9,84636193.9,84636193.9,84636193.9,84636193.9,0.0,84636193.9,False,1.0,1.0,1.0,1.0,1.0,False
2026-06-30,66790195000129,ORIZ JURI LSN III FUNDO DE INVESTIMENTO EM DIREITOS CREDITÓRIOS RESPONSABILIDADE LIMITADA,Classe,93250782.25,LIMINE TRUST DISTRIBUIDORA DE TITULOS E VALORES MOBILIARIOS LTDA.,1,0.0,84402727.82,84402727.82,84402727.82,84402727.82,84402727.83,0.0,84402727.83,False,0.9999999998815203,0.9999999998815203,0.9999999998815203,0.9999999998815203,0.9999999997630408,False
2026-06-30,58893662000118,JIVE BOSSANOVA90 - FUNDO DE INVESTIMENTO EM DIREITOS CREDITÓRIOS,Classe,1554710409.76,BANCO DAYCOVAL S.A.,20,0.0,83702019.42,293879874.78000003,395409664.38,463748812.3900001,463748812.39,0.0,463748812.39,False,0.18048999196058083,0.6337048568716445,0.8526375783955029,1.0000000000000002,0.10131761763894025,False
2026-06-30,62169240000171,BNVT ORIGEM FUNDO DE INVESTIMENTO EM DIREITOS CREDITÓRIOS RESPONSABILIDADE LIMITADA,Classe,102384591.78,PLANNER CORRETORA DE VALORES S.A.,1,0.0,82443514.16,82443514.16,82443514.16,82443514.16,82443514.16,0.0,82443514.16,False,1.0,1.0,1.0,1.0,1.0,False
2026-06-30,61709339000156,FIDC MDR II HIGH GRADE RECEBÍVEIS DE CREDENCIADORAS RESPONSABILIDADE LIMITADA,Classe,135172905.51,INTRAG DTVM LTDA.,10,0.0,82265874.37,119488677.72,120283490.1,120283490.1,120136673.01,0.0,120136673.01,False,0.684769041033393,0.9946061824939495,1.001222083867661,1.001222083867661,0.5146212008531731,False
2026-06-30,57186320000103,JC LOKI FUNDO DE INVESTIMENTO EM DIREITOS CREDITÓRIOS,Classe,81671742.03,QI CORRETORA DE TÍTULOS E VALORES MOBILIÁRIOS S.A.,1,0.0,81633302.77,81633302.77,81633302.77,81633302.77,81633302.77,0.0,81633302.77,False,1.0,1.0,1.0,1.0,1.0,False
2026-06-30,09163026000125,MERIDIANO FUNDO DE INVESTIMENTO EM DIREITOS CREDITÓRIOS MULTISEGMENTOS,Classe,80699331.29,QI CORRETORA DE TÍTULOS E VALORES MOBILIÁRIOS S.A.,8,0.0,81249903.44,150206787.54,157033395.52,157033395.52,75783495.84,0.0,75783495.84,False,1.072131900744472,1.982051446361464,2.072131851129448,2.072131851129448,1.3801694602936343,True
2026-06-30,59700632000100,HALFDOME II FUNDO DE INVESTIMENTO EM DIREITOS CREDITÓRIOS,Classe,61290583.54,PLANNER CORRETORA DE VALORES S.A.,1,0.0,80692449.64,80692449.64,80692449.64,80692449.64,80692449.64,0.0,80692449.64,False,1.0,1.0,1.0,1.0,1.0,False
2026-06-30,51655558000146,CREDILOG II FUNDO DE INVESTIMENTO EM DIREITOS CREDITÓRIOS,Classe,86435509.5,CATÁLISE DISTRIBUIDORA DE TITULOS E VALORES MOBILIARIOS LTDA.,25,0.0,80603207.86,82940781.31,83982427.79,85396076.30000001,11618618.09,74002053.57,85620671.66,False,0.9413989203457273,0.9687004283189713,0.9808662576660755,0.997376855896531,0.8865287492710813,False
2026-06-30,43863266000170,LC SFH I FUNDO DE INVESTIMENTO EM DIREITOS CREDITÓRIOS DE RESPONSABILIDADE LIMITADA,Classe,153518417.09,VORTX DISTRIBUIDORA DE TITULOS E VALORES MOBILIARIOS LTDA.,4,0.0,80449507.06,124719720.19,124719720.19,124719720.19,166664033.53,0.0,166664033.53,False,0.4827046685241712,0.7483301438732436,0.7483301438732436,0.7483301438732436,0.28674580610615513,False
2026-06-30,60275910000109,ARC DEB I FUNDO DE INVESTIMENTO EM DIREITOS CREDITÓRIOS DE RESPONSABILIDADE LIMITADA,Classe,332259471.35,BANCO DAYCOVAL S.A.,2,0.0,80433526.66,95287238.52,95287238.52,95287238.52,95287238.52,0.0,95287238.52,False,0.844116462070812,1.0,1.0,1.0,0.7368322789362654,False
2026-06-30,55412790000104,BROOKLYN FUNDO DE INVESTIMENTO EM DIREITOS CREDITÓRIOS RESPONSABILIDADE LIMITADA,Classe,82050486.57,ID CORRETORA DE TITULOS E VALORES MOBILIARIOS S.A.,2,0.0,80347493.12,81558780.67,81558780.67,81558780.67,81558780.67,0.0,81558780.67,False,0.9851482876515643,1.0,1.0,1.0,0.97073772202249,False
2026-06-30,29969815000165,ALAMIN CAPITAL FUNDO DE INVESTIMENTO EM DIREITOS CREDITORIOS MULTISSETORIAL,Classe,181543357.28,QI CORRETORA DE TÍTULOS E VALORES MOBILIÁRIOS S.A.,5,0.0,80186205.34,155741427.85,155741427.85,155741427.85,155741429.21,0.0,155741429.21,False,0.5148675323370625,0.9999999912675771,0.9999999912675771,0.9999999912675771,0.35846273045049404,False
2026-06-30,09217017000170,ACCESS 1 FUNDO DE INVESTIMENTO EM COTAS DE FIDC - RESPONSABILIDADE LIMITADA,Classe,79700375.04,BANCO BNP PARIBAS BRASIL S/A,1,0.0,79700366.49,79700366.49,79700366.49,79700366.49,0.0,0.0,0.0,True,,,,,,
2026-06-30,54326983000180,ST 1007 FUNDO DE INVESTIMENTO EM DIREITOS CREDITÓRIOS RESPONSABILIDADE  LIMITADA,Classe,79055405.53,BANCO DAYCOVAL S.A.,1,0.0,79045908.94,79045908.94,79045908.94,79045908.94,79045908.94,0.0,79045908.94,False,1.0,1.0,1.0,1.0,1.0,False
2026-06-30,49815200000191,MSB LONGO PRAZO FUNDO DE INVESTIMENTO EM DIREITOS CREDITÓRIOS NÃO PADRONIZADOS,Classe,78385354.46,PLANNER CORRETORA DE VALORES S.A.,1,0.0,78553734.5,78553734.5,78553734.5,78553734.5,78553734.5,0.0,78553734.5,False,1.0,1.0,1.0,1.0,1.0,False
2026-06-30,58033772000100,AGROFORTE FUNDO DE INVESTIMENTO EM DIREITOS CREDITÓRIOS,Classe,114037581.51,BANCO DAYCOVAL S.A.,1,0.0,78440517.23,78440517.23,78440517.23,78440517.23,78440517.23,0.0,78440517.23,False,1.0,1.0,1.0,1.0,1.0,False
2026-06-30,63503400000130,CHIMERA ALTERNATIVE ASSETS XIII FUNDO DE INVESTIMENTO EM DIREITOS CREDITÓRIOS DE RESP LIMITADA,Classe,86277725.34,VORTX DISTRIBUIDORA DE TITULOS E VALORES MOBILIARIOS LTDA.,1,0.0,77829620.0,77829620.0,77829620.0,77829620.0,77829620.0,0.0,77829620.0,False,1.0,1.0,1.0,1.0,1.0,False
2026-06-30,62637894000182,VERDES CAMPOS FUNDO DE INVESTIMENTO EM DIREITOS CREDITÓRIOS DE RESPONSABILIDADE LIMITADA,Classe,77673321.21,CATÁLISE DISTRIBUIDORA DE TITULOS E VALORES MOBILIARIOS LTDA.,1,0.0,77707880.24,77707880.24,77707880.24,77707880.24,77707880.24,0.0,77707880.24,False,1.0,1.0,1.0,1.0,1.0,False
2026-06-30,29720595000131,DISTRESSED FUNDO DE INVESTIMENTO EM DIREITOS CREDITÓRIOS MULTISEGMENTOS DE RESPONSABILIDADE LIMITADA,Classe,314819121.43,HEMERA DISTRIBUIDORA DE TITULOS E VALORES MOBILIARIOS LTDA,25,0.0,77118701.1,144960986.29999998,184020526.42999995,235351414.51999992,196114322.85,118890534.33,315004857.18,False,0.2448174983407727,0.46018651140089056,0.5841831395153598,0.7471358271327082,0.07704773513445237,False
2026-06-30,13776087000135,V4 FIDC NP - AÇÕES JUDICIAIS,Classe,100171973.48,QI CORRETORA DE TÍTULOS E VALORES MOBILIÁRIOS S.A.,1,0.0,76927262.37,76927262.37,76927262.37,76927262.37,76927262.37,0.0,76927262.37,False,1.0,1.0,1.0,1.0,1.0,False
2026-06-30,53167853000189,AMENDOEIRA FUNDO DE INVESTIMENTO EM DIREITOS CREDITÓRIOS - RESPONSABILIDADE LIMITADA,Classe,77242601.33,QI CORRETORA DE TÍTULOS E VALORES MOBILIÁRIOS S.A.,1,0.0,76924703.15,76924703.15,76924703.15,76924703.15,76924703.15,0.0,76924703.15,False,1.0,1.0,1.0,1.0,1.0,False
2026-06-30,58546382000133,TEXAS FUNDO DE INVESTIMENTO EM DIREITOS CREDITÓRIOS RESPONSABILIDADE LIMITADA,Classe,72732312.07,QI CORRETORA DE TÍTULOS E VALORES MOBILIÁRIOS S.A.,7,3.0,76618621.87,103755094.14999999,74255094.14999999,74255094.14999999,74255094.15,0.0,74255094.15,False,1.0318298393807908,1.3972791407470053,0.9999999999999998,0.9999999999999998,1.274479312680652,False
2026-06-30,53315640000157,FLORENÇA FUNDO DE INVESTIMENTO EM DIREITOS CREDITÓRIOS,Classe,88365784.86,TRUSTEE DISTRIBUIDORA DE TITULOS E VALORES MOBILIARIOS LTDA.,5,0.0,76552108.45,90794715.7,90794715.7,90794715.7,90794715.7,0.0,90794715.7,False,0.8431339628061636,1.0,1.0,1.0,0.7257187636083744,False
2026-06-30,51863647000188,SOLUMA FUNDO DE INVESTIMENTO EM DIREITOS CREDITÓRIOS,Classe,97047493.27,PLANNER CORRETORA DE VALORES S.A.,1,0.0,76466311.69,76466311.69,76466311.69,76466311.69,76423104.08,0.0,76423104.08,False,1.000565373659185,1.000565373659185,1.000565373659185,1.000565373659185,1.001131066965745,False
2026-06-30,21824924000182,CIELO FUNDO DE INVESTIMENTO EM DIREITOS CREDITÓRIOS NÃO-PADRONIZADOS,Classe,238192598.63,BEM - DISTRIBUIDORA DE TITULOS E VALORES MOBILIARIOS LTDA.,9,0.0,76185536.03,172310078.96999997,178980549.75999996,178980549.75999996,175653419.34,0.0,175653419.34,False,0.4337264615528662,0.9809662665118487,1.0189414497736584,1.0189414497736584,0.2805157010985578,False
2026-06-30,20103394000110,BULLSEYE MASTER I FUNDO DE INVESTIMENTO EM DIREITOS CREDITÓRIOS,Classe,83260919.77,BNY MELLON SERVICOS FINANCEIROS DTVM S.A.,1,0.0,75938229.61,75938229.61,75938229.61,75938229.61,75938229.61,0.0,75938229.61,False,1.0,1.0,1.0,1.0,1.0,False
2026-06-30,32388130000130,PCS II BT FUNDO DE INVESTIMENTO EM DIREITOS CREDITÓRIOS NÃOPADRONIZADOS,Classe,136771196.65,QI CORRETORA DE TÍTULOS E VALORES MOBILIÁRIOS S.A.,8,0.0,75292769.39,120983668.88000001,129769730.83,129769730.83,129762050.87,0.0,129762050.87,False,0.5802372025194857,0.9323501599185229,1.0000591849462035,1.0000591849462035,0.3761989493507309,False
2026-06-30,45880888000132,FUNDO DE INVESTIMENTO EM DIREITOS CREDITÓRIOS PRODUÇÃO I,Classe,1724292.45,CBSF DISTRIBUIDORA DE TÍTULOS E VALORES MOBILIÁRIOS S.A.,1,0.0,74800388.2,74800388.2,74800388.2,74800388.2,3617005.86,0.0,3617005.86,False,20.680195469741374,20.680195469741374,20.680195469741374,20.680195469741374,427.67048466671173,True
2026-06-30,40634940000157,CANAL 86 FUNDO DE INVESTIMENTO EM DIREITOS CREDITÓRIOS NÃO-PADRONIZADOS,Classe,74622840.49,QI CORRETORA DE TÍTULOS E VALORES MOBILIÁRIOS S.A.,1,0.0,74601096.44,74601096.44,74601096.44,74601096.44,74601096.44,0.0,74601096.44,False,1.0,1.0,1.0,1.0,1.0,False
2026-06-30,23750225000160,TRAÇÃO FINANCEIRA  FUNDO DE INVESTIMENTO EM DIREITOS CREDITÓRIOS - RESPONSABILIDADE LIMITADA,Classe,322087626.33,QI CORRETORA DE TÍTULOS E VALORES MOBILIÁRIOS S.A.,25,0.0,74202842.36,104219222.47,121545197.61999999,151337624.69000003,286947008.25,0.0,286947008.25,False,0.25859423596203324,0.36320024071901086,0.4235806407645304,0.5274061772344686,0.0713071015851911,False
2026-06-30,30659408000130,PER FUNDO DE INVESTIMENTO EM DIREITOS CREDITORIOS - RESPONSABILIDADE LIMITADA,Classe,180307880.73,QI CORRETORA DE TÍTULOS E VALORES MOBILIÁRIOS S.A.,25,0.0,73963876.44,77987163.64,81061283.53999999,86701776.09999998,104065008.06,73848230.71,177913238.76999998,False,0.4157300319602293,0.43834379149726505,0.4556225500722472,0.4873261635806934,0.17309762811253812,False
2026-06-30,48967719000122,SOULPAY FUNDO DE INVESTIMENTO EM DIREITOS CREDITÓRIOS,Classe,78431250.09,QI CORRETORA DE TÍTULOS E VALORES MOBILIÁRIOS S.A.,1,0.0,73326587.96,73326587.96,73326587.96,73326587.96,73326588.34,0.0,73326588.34,False,0.9999999948177051,0.9999999948177051,0.9999999948177051,0.9999999948177051,0.9999999896354101,False
2026-06-30,42401957000190,ATIVOS ESPECIAIS III - FUNDO DE INVESTIMENTO EM DIREITOS CREDITÓRIOS DE RESPONSABILIDADE LIMITADA,Classe,1161233853.38,BANCO DAYCOVAL S.A.,24,0.0,73256601.28,209518796.37,237843174.67,247493157.73,1068573802.24,0.0,1068573802.24,False,0.06855549062351679,0.19607330437148637,0.2225800166272285,0.2316107293770369,0.009348533692150688,False
2026-06-30,52200741000110,NORDE FUNDO DE INVESTIMENTO EM DIREITOS CREDITÓRIOS,Classe,173284525.87,LIMINE TRUST DISTRIBUIDORA DE TITULOS E VALORES MOBILIARIOS LTDA.,4,0.0,73000299.53,166180749.7,166180749.7,166180749.7,156854373.33,0.0,156854373.33,False,0.4654017480049308,1.0594588226773796,1.0594588226773796,1.0594588226773796,0.42834536293756637,True
2026-06-30,28651441000172,VERMILLION I FUNDO DE INVESTIMENTO EM DIREITOS CREDITÓRIOS NÃO PADRONIZADOS,Classe,957903049.18,QI CORRETORA DE TÍTULOS E VALORES MOBILIÁRIOS S.A.,25,0.0,72740006.55,177013638.87,246188708.75999996,304243880.99,299963074.1,0.0,299963074.1,False,0.24249653650952496,0.5901180983729624,0.8207300498524926,1.0142711128789568,0.10632960055751432,False
2026-06-30,21397791000105,FP POLO PETROS 2 RECUPERAÇÃO DE CRÉDITO FUNDO DE INVESTIMENTO EM DIREITOS CREDITÓRIOS,Classe,52430984.09,QI CORRETORA DE TÍTULOS E VALORES MOBILIÁRIOS S.A.,2,0.0,72688879.49,78145175.41999999,78145175.41999999,78145175.41999999,51405544.51,0.0,51405544.51,False,1.4140280038442101,1.5201701716202674,1.5201701716202674,1.5201701716202674,2.0107413554358424,True
2026-06-30,47166884000112,FUNDO DE INVESTIMENTO EM DIREITOS CREDITÓRIOS COMERCIAIS VIKING,Classe,1146731982.97,BEM - DISTRIBUIDORA DE TITULOS E VALORES MOBILIARIOS LTDA.,24,0.0,72328590.45,241784343.46000004,374547478.63,582756012.91,784159404.41,0.0,784159404.41,False,0.0922371013383687,0.30833570585296766,0.47764201579882704,0.7431601401866301,0.03208222161641187,False
2026-06-30,63863686000164,ORIZ JURI LC FUNDO DE INVESTIMENTO EM DIREITOS CREDITÓRIOS - RESPONSABILIDADE LIMITADA,Classe,72352052.91,LIMINE TRUST DISTRIBUIDORA DE TITULOS E VALORES MOBILIARIOS LTDA.,1,0.0,71631850.75,71631850.75,71631850.75,71631850.75,71631850.75,0.0,71631850.75,False,1.0,1.0,1.0,1.0,1.0,False
2026-06-30,64655445000192,ST 2002 FUNDO DE INVESTIMENTO EM DIREITOS CREDITÓRIOS RESPONSABILIDADE LIMITADA,Classe,73364071.54,BANCO DAYCOVAL S.A.,2,0.0,71487875.02,72842723.31,72842723.31,72842723.31,72842723.31,0.0,72842723.31,False,0.981400361924497,1.0,1.0,1.0,0.9634926169220732,False
2026-06-30,29292271000140,PÁTRIA CRÉDITO ESTRUTURADO FEEDER TEAM FUNDO DE INVESTIMENTO EM COTAS DE FIDC RESP LIMITADA,Classe,74426927.65,BANVOX DISTRIBUIDORA DE TITULOS E VALORES MOBILIARIOS LTDA,1,0.0,71359999.28,71359999.28,71359999.28,71359999.28,0.0,0.0,0.0,True,,,,,,
2026-06-30,42583959000147,ISS VII FUNDO DE INVESTIMENTO EM DIREITOS CREDITÓRIOS,Classe,71182253.2,FINVEST DISTRIBUIDORA DE TÍTULOS E VALORES MOBILIÁRIOS LTDA.,7,0.0,71271554.0,83004020.94,84147787.3,84147787.3,71571554.0,0.0,71571554.0,False,0.9958083905793075,1.1597347870915309,1.1757155265903545,1.1757155265903545,1.0026211325137466,True
2026-06-30,29492703000166,FRADINHO N FUNDO DE INVESTIMENTO EM DIREITOS CREDITÓRIOS RESPONSABILIDADE  LIMITADA,Classe,255031163.5,FINAXIS CORRETORA DE TÍTULOS E VALORES MOBILIÁRIOS S.A.,25,0.0,71134905.41,181444252.71000004,195508928.82000002,201445897.74000004,163151065.82,57084019.49,220235085.31,False,0.32299533614215664,0.8238662448110913,0.8877283496623811,0.9146857661505089,0.20288479952207414,False
2026-06-30,59682007000183,HB FUNDO DE INVESTIMENTO EM DIREITOS CREDITÓRIOS DE RESPONSABILIDADE LIMITADA,Classe,117538310.95,CATÁLISE DISTRIBUIDORA DE TITULOS E VALORES MOBILIARIOS LTDA.,4,0.0,71020321.91,117482720.09,117482720.09,117482720.09,117482720.09,0.0,117482720.09,False,0.6045171737221734,1.0,1.0,1.0,0.5010854562739466,False
2026-06-30,10996108000130,FUNDO DE INVESTIMENTO EM DIREITOS CREDITÓRIOS NÃO-PADRONIZADOS - RECUPERARE,Classe,107323803.64,QI CORRETORA DE TÍTULOS E VALORES MOBILIÁRIOS S.A.,5,0.0,70846054.03,101276171.19000001,101276171.19000001,101276171.19000001,94694758.19,0.0,94694758.19,False,0.7481518025300953,1.0695013443805914,1.0695013443805914,1.0695013443805914,0.5915191123783128,True
2026-06-30,63507342000112,H3 CAPITAL FUNDO DE INVESTIMENTO EM DIREITOS CREDITÓRIOS RESPONSABILIDADE LIMITADA,Classe,75504664.49,GENIAL INVESTIMENTOS CORRETORA DE VALORES MOBILIÁRIOS S.A.,1,0.0,70629265.68,70629265.68,70629265.68,70629265.68,70629265.68,0.0,70629265.68,False,1.0,1.0,1.0,1.0,1.0,False
2026-06-30,55938045000101,KASTEN FUNDO DE INVESTIMENTO EM DIREITOS CREDITÓRIOS,Classe,166437821.33,QI CORRETORA DE TÍTULOS E VALORES MOBILIÁRIOS S.A.,25,0.0,70618193.2,141592415.8,154015325.42000005,163460327.89000002,160768717.71,0.0,160768717.71,False,0.4392533212050833,0.8807211864151903,0.9579931196429522,1.0167421263187235,0.24722300870493458,False
2026-06-30,55595705000190,NN FUNDO DE INVESTIMENTO EM DIREITOS CREDITÓRIOS CRÉDITO CORPORATIVO - RESPONSABILIDADE LIMITADA,Classe,72039932.56,BANCO DAYCOVAL S.A.,1,0.0,70395447.83,70395447.83,70395447.83,70395447.83,70395447.83,0.0,70395447.83,False,1.0,1.0,1.0,1.0,1.0,False
2026-06-30,45145657000185,LESTE CREDIT PRECATÓRIOS II FUNDO DE INVESTIMENTO EM DIREITOS CREDITÓRIOS RESPONSABILIDADE LIMITADA,Classe,69578818.22,PLANNER CORRETORA DE VALORES S.A.,1,0.0,70249244.11,70249244.11,70249244.11,70249244.11,70249244.11,0.0,70249244.11,False,1.0,1.0,1.0,1.0,1.0,False
2026-06-30,26545451000106,FORNECEDORES BRASIL FUNDO DE INVESTIMENTO EM DIREITOS CREDITÓRIOS NÃO PADRONIZADO,Classe,163166250.25,QI CORRETORA DE TÍTULOS E VALORES MOBILIÁRIOS S.A.,25,0.0,69886946.93,120513970.57000001,137563451.81,148699336.51,60933095.11,87942382.03,148875477.14,False,0.46943222801079254,0.809495108832939,0.9240168659922255,0.9988168593418891,0.25502821222717265,False
2026-06-30,46231905000173,VAIL II PRECATÓRIO FUNDO DE  INVESTIMENTO EM DIREITOS CREDITÓRIOS NÃO PADRONIZADO,Classe,113549267.52,QI CORRETORA DE TÍTULOS E VALORES MOBILIÁRIOS S.A.,25,0.0,69635637.64,110872867.94999999,115094488.19000001,117677815.41000001,117774156.1,0.0,117774156.1,False,0.5912641613910066,0.9414023553338795,0.9772474030064395,0.9991819878554835,0.40053686031432173,False
2026-06-30,28912351000198,SADESUL FUNDO DE INVESTIMENTO EM DIREITOS CREDITÓRIOS RESPONSABILIDADE LIMITADA,Classe,68946526.16,PLANNER CORRETORA DE VALORES S.A.,1,0.0,69572076.96,69572076.96,69572076.96,69572076.96,69572076.96,0.0,69572076.96,False,1.0,1.0,1.0,1.0,1.0,False
2026-06-30,32274415000140,DELTA ENERGIA STRATEGY - FUNDO DE INVESTIMENTO EM DIREITOS CREDITÓRIOS,Classe,74347037.95,APEX DISTRIBUIDORA DE TÍTULOS E VALORES MOBILIÁRIOS S.A.,1,0.0,69394819.79,69394819.79,69394819.79,69394819.79,69394819.79,0.0,69394819.79,False,1.0,1.0,1.0,1.0,1.0,False
2026-06-30,57624406000162,FUNDO DE INVESTIMENTO EM DIREITOS CREDITÓRIOS CONSÓRCIOS EXTERNOS -  RESPONSABILIDADE LIMITADA,Classe,99784414.9,BANCO DAYCOVAL S.A.,3,0.0,69306841.22,102398065.44999999,102398065.44999999,102398065.44999999,102398065.45,0.0,102398065.45,False,0.6768374081621871,0.9999999999999999,0.9999999999999999,0.9999999999999999,0.5104031562263337,False
2026-06-30,63573472000153,MARISA FUNDO DE INVESTIMENTO EM DIREITOS CREDITÓRIOS COMERCIAIS RESPONSABILIDADE LIMITADA,Classe,102135435.63,BTG PACTUAL SERVIÇOS FINANCEIROS S/A DTVM,25,0.0,69068544.56,77189882.62,83538271.17000002,92590783.04000002,0.0,0.0,0.0,True,,,,,,
2026-06-30,58723201000105,MATTEH FUNDO DE INVESTIMENTO EM DIREITOS CREDITÓRIOS,Classe,98687019.07,PLANNER CORRETORA DE VALORES S.A.,1,0.0,68398258.63,68398258.63,68398258.63,68398258.63,63582793.73,0.0,63582793.73,False,1.0757353462706993,1.0757353462706993,1.0757353462706993,1.0757353462706993,1.1572065352161414,True
2026-06-30,64637478000100,STRUCTURE II FUNDO DE INVESTIMENTO EM DIREITOS CREDITÓRIOS MULTISSETORIAL LP,Classe,71287452.52,PLANNER CORRETORA DE VALORES S.A.,1,0.0,68289125.51,68289125.51,68289125.51,68289125.51,68289125.51,0.0,68289125.51,False,1.0,1.0,1.0,1.0,1.0,False
2026-06-30,41195737000194,SANTA FÉ FUNDO DE INVESTIMENTO EM DIREITOS CREDITÓRIOS DE RESPONSABILIDADE LIMITADA,Classe,426113248.28,QI CORRETORA DE TÍTULOS E VALORES MOBILIÁRIOS S.A.,25,0.0,68067192.01,176868306.01,242723983.05999997,289828903.28,345379902.86,0.0,345379902.86,False,0.19707919148263553,0.5120978509328428,0.7027739050537295,0.8391597220336307,0.07280482072832288,False
2026-06-30,11003181000126,BBIF MASTER FUNDO DE INVESTIMENTO EM DIREITOS CREDITÓRIOS LP,Classe,31096078.74,S3 CACEIS BRASIL DISTRIBUIDORA DE TITULOS E VALORES MOBILIARIOS S.A,7,0.0,67861219.95,231962850.15,259752519.83,259752519.83,0.0,0.0,0.0,True,,,,,,
2026-06-30,62627122000160,SUMUP SMART III FIDC SEGMENTO MEIOS DE PAGAMENTO DE RESPONSABILIDADE LIMITADA,Classe,204070143.04,BEM - DISTRIBUIDORA DE TITULOS E VALORES MOBILIARIOS LTDA.,7,0.0,67798948.26,201942586.5,202006904.96,202006904.96,202006904.96,0.0,202006904.96,False,0.3356268849989315,0.9996816026659447,1.0,1.0,0.24606793508581562,False
2026-06-30,54134587000150,KATETO II FUNDO DE INVESTIMENTO EM DIREITOS CREDITÓRIOS,Classe,102268668.1,BTG PACTUAL SERVIÇOS FINANCEIROS S/A DTVM,1,0.0,67081050.93,67081050.93,67081050.93,67081050.93,70418349.28,0.0,70418349.28,False,0.9526075464119428,0.9526075464119428,0.9526075464119428,0.9526075464119428,0.9074611374809817,False
2026-06-30,31772157000169,SERRA DO MAR FUNDO DE INVESTIMENTO EM DIREITOS CREDITÓRIOS,Classe,87919197.91,PLANNER CORRETORA DE VALORES S.A.,1,0.0,66929956.9,66929956.9,66929956.9,66929956.9,66929956.9,0.0,66929956.9,False,1.0,1.0,1.0,1.0,1.0,False
2026-06-30,58568550000191,MENESTYS EDIFICA FUNDO DE INVESTIMENTOS EM DIREITOS CREDITÓRIOS,Classe,68268973.06,QORE DISTRIBUIDORA DE TÍTULOS E VALORES MOBILIÁRIOS LTDA.,2,0.0,66633231.62,68011382.69,68011382.69,68011382.69,68011382.69,0.0,68011382.69,False,0.9797364644638722,1.0,1.0,1.0,0.9602941506725923,False
2026-06-30,52287219000117,SC CRÉDITOS I FUNDO DE INVESTIMENTO EM DIREITOS CREDITORIOS RESPONSABILIDADE LIMITADA,Classe,70356015.63,PLANNER CORRETORA DE VALORES S.A.,1,0.0,66591539.27,66591539.27,66591539.27,66591539.27,66591539.27,0.0,66591539.27,False,1.0,1.0,1.0,1.0,1.0,False
2026-06-30,43489824000180,FUNDO DE INVESTIMENTO EM DIREITOS CREDITÓRIOS COMPLEMENTAR  AUTO-FORD,Classe,1883891566.03,BEM - DISTRIBUIDORA DE TITULOS E VALORES MOBILIARIOS LTDA.,24,0.0,65847928.64,241079479.07999998,397128714.07000005,722989567.2900001,1637165054.67,0.0,1637165054.67,False,0.0402207025199868,0.14725422973836555,0.24257096921119445,0.44161067647252683,0.009235437276782162,False
2026-06-30,35689601000138,ÁGIS  - FUNDO DE INVESTIMENTO EM DIREITOS CREDITÓRIOS NÃO PADRONIZADOS,Classe,485279694.2,CATÁLISE DISTRIBUIDORA DE TITULOS E VALORES MOBILIARIOS LTDA.,25,0.0,65706912.43,165268362.69,228954958.74,333152152.53999996,412683822.78,59723589.1,472407411.88,False,0.1390895036310115,0.34984286557294986,0.48465572931814777,0.7052221115968151,0.03819230610874649,False
2026-06-30,55406636000120,AERO FUNDO DE INVESTIMENTO EM DIREITOS CREDITÓRIOS,Classe,90018111.5,QI CORRETORA DE TÍTULOS E VALORES MOBILIÁRIOS S.A.,2,0.0,65536402.22,89356326.64,89356326.64,89356326.64,89356326.64,0.0,89356326.64,False,0.7334276674558697,1.0,1.0,1.0,0.6089769518677762,False
2026-06-30,56986018000169,FUNDO DE INVESTIMENTO EM DIREITOS CREDITÓRIOS KANAL,Classe,89547094.23,WNT CAPITAL DISTRIBUIDORA DE TITULOS E VALORES MOBILIARIOS S.A.,25,0.0,65282098.19,76630638.58999999,79880934.83999999,82635394.29999997,8952054.92,73125392.42,82077447.34,False,0.7953719359664481,0.9336381804439288,0.9732385378543619,1.006797810824802,0.6390706011600701,False
2026-06-30,50637204000106,ALMOUROL FUNDO DE INVESTIMENTO EM DIREITOS CREDITÓRIOS,Classe,64705025.67,TRUSTEE DISTRIBUIDORA DE TITULOS E VALORES MOBILIARIOS LTDA.,1,0.0,64632003.76,64632003.76,64632003.76,64632003.76,64632003.76,0.0,64632003.76,False,1.0,1.0,1.0,1.0,1.0,False
2026-06-30,44516049000177,ISAAC FUNDO DE INVESTIMENTO EM DIREITOS CREDITÓRIOS DO SEGMENTO DE SERVIÇOS EDUCACIONAIS,Classe,721268162.92,BANCO GENIAL S.A.,24,0.0,63891265.95,64126322.230000004,64383228.11,65030075.699999996,559353182.08,0.0,559353182.08,False,0.11422347811165598,0.11464370684643482,0.11510299784223227,0.1162594185272718,0.01304718541677548,False
2026-06-30,35138028000174,JIF CRÉDITOS - FUNDO DE INVESTIMENTO EM DIREITOS  CREDITÓRIOS CRÉD PRIV DE RESPONSABILIDADE ILIMITAD,Classe,640370291.03,BANCO DAYCOVAL S.A.,12,0.0,63747043.47,224126639.6,306593573.21,314327303.94,286415743.81,0.0,286415743.81,False,0.22256822415561053,0.7825220660658905,1.070449442239409,1.0974512076700496,0.14726199174083637,True
2026-06-30,11468186000124,ATLANTA FUNDO DE  INVESTIMENTO EM DIREITOS CREDITÓRIOS DE RESPONSABILIDADE LIMITADA,Classe,3090301588.05,QI CORRETORA DE TÍTULOS E VALORES MOBILIÁRIOS S.A.,25,0.0,62857477.66,241370235.71999997,385675062.87,658747811.64,74528522.07,2480568096.41,2555096618.48,False,0.024600822217593184,0.09446618729572293,0.150943435986164,0.2578171826754176,0.00326749869658578,False
2026-06-30,47862139000108,BLUE ROCKET FUNDO DE INVESTIMENTO EM DIREITOS CREDITÓRIOS,Classe,131073482.42,CATÁLISE DISTRIBUIDORA DE TITULOS E VALORES MOBILIARIOS LTDA.,25,0.0,62800839.74,80788992.63,90968827.95,102019838.89,116369089.88,177057.05,116546146.92999999,False,0.5388495578298224,0.6931931664675584,0.7805391284590278,0.8753600318616729,0.29918370523582677,False
2026-06-30,11812962000161,BERLANDA FUNDO DE INVESTIMENTO EM DIREITOS CREDITÓRIOS  SEGMENTO ECONÔMICO FINANCEIRO,Classe,198291764.01,FINAXIS CORRETORA DE TÍTULOS E VALORES MOBILIÁRIOS S.A.,25,0.0,62676621.75,64219624.129999995,64308886.80999999,64531744.069999985,158933912.55,0.0,158933912.55,False,0.39435650167035413,0.40406495441806195,0.40462658836117593,0.4060287891654246,0.15560389606817754,False
2026-06-30,53075146000162,TRINU FUNDO DE INVESTIMENTO EM DIREITOS CREDITÓRIOS RESPONSABILIDADE LIMITADA,Classe,179247105.67,QORE DISTRIBUIDORA DE TÍTULOS E VALORES MOBILIÁRIOS LTDA.,25,0.0,62567067.93,139728699.94000003,160889360.19000006,179789146.42000002,23999999.01,0.04,23999999.05,False,2.606961266942217,5.822029394621998,6.703723606605728,7.491214730693917,10.10212407830335,True
2026-06-30,57284265000186,METROPOL FUNDO DE INVESTIMENTO EM DIREITOS CREDITÓRIOS,Classe,142891879.57,QI CORRETORA DE TÍTULOS E VALORES MOBILIÁRIOS S.A.,6,0.0,62304611.69,142287563.65,142751288.98000002,142751288.98000002,22115112.82,120636175.87,142751288.69,False,0.43645568640225213,0.9967515176622537,1.0000000020315054,1.0000000020315054,0.2985977219231915,False
2026-06-30,61975703000120,MOUSTACHE RAPPI FUNDO DE INVESTIMENTO EM DIREITOS CREDITÓRIOS - RESPONSABILIDADE LIMITADA,Classe,68114624.08,LIMINE TRUST DISTRIBUIDORA DE TITULOS E VALORES MOBILIARIOS LTDA.,1,0.0,62021639.74,62021639.74,62021639.74,62021639.74,62021639.74,0.0,62021639.74,False,1.0,1.0,1.0,1.0,1.0,False
2026-06-30,56844622000150,TITANIUM FUNDO DE INVESTIMENTO EM DIREITOS CREDITÓRIOS - RESPONSABILIDADE LIMITADA,Classe,99611772.06,HEMERA DISTRIBUIDORA DE TITULOS E VALORES MOBILIARIOS LTDA,25,0.0,61877370.78,66623365.730000004,69030807.98,72065719.22,19225463.95,64866994.34,84092458.29,False,0.7358254478256613,0.7922632669417708,0.8208917824942324,0.8569819539758872,0.5425970955337582,False
2026-06-30,66733119000181,ST 2006 FUNDO DE INVESTIMENTOS EM DIREITOS CREDITÓRIOS DE  RESPONSABILIDADE LIMITADA,Classe,61782608.32,BANCO DAYCOVAL S.A.,1,0.0,61768845.36,61768845.36,61768845.36,61768845.36,61768845.36,0.0,61768845.36,False,1.0,1.0,1.0,1.0,1.0,False
2026-06-30,45953246000116,RUMOS DISTRIBUIDORA DE PETRÓLEO FUNDO DE INVESTIMENTO EM DIREITOS CREDITÓRIOS,Classe,31051233.72,BANCO GENIAL S.A.,17,0.0,61515348.2,63627415.32,64726134.32,64926449.32,30757674.44,0.0,30757674.44,False,1.9999999778916966,2.0686679496565996,2.1043897335692066,2.110902417107449,4.001691803045916,True
2026-06-30,61641236000100,JIVE ALM CP FIDC DE RESP ILIMITADA,Classe,332226801.16,BANCO DAYCOVAL S.A.,14,0.0,61415174.21,179917759.14999998,217115414.62,224843674.66,224843674.66,0.0,224843674.66,False,0.27314610607956696,0.8001904408565851,0.9656282968525294,1.0,0.16102994104476648,False
2026-06-30,53405469000177,XP PJUS FUNDO DE INVESTIMENTO EM DIREITOS CREDITÓRIOS,Classe,165407684.32,APEX GROUP DISTRIBUIDORA DE TÍTULOS E VALORES MOBILIÁRIOS S.A.,24,0.0,61369583.5,103216833.91000001,126839301.85000001,145710163.76999998,161148572.86,0.0,161148572.86,False,0.38082610606372325,0.6405072789547508,0.7870954089068686,0.9041976679283883,0.16842719791399474,False
2026-06-30,58321970000179,SIRIUS IV FUNDO DE INVESTIMENTO EM DIREITOS CREDITÓRIOS,Classe,169664370.3,QI CORRETORA DE TÍTULOS E VALORES MOBILIÁRIOS S.A.,25,0.0,61113037.02,144603423.28,158585839.91,176748157.04999998,86295157.67,78356609.78,164651767.45,False,0.37116538720763065,0.8782379048795326,0.9631590499516378,1.0734665031984751,0.23226932105180895,True
2026-06-30,62191905000143,PARANÁ II FIDC DO SEGMENTO AGRONEGÓCIO - RESPONSABILIDADE LIMITADA,Classe,325540613.13,GENIAL INVESTIMENTOS CORRETORA DE VALORES MOBILIÁRIOS S.A.,24,0.0,61069627.07,114379906.16999999,152877528.91,213486539.92000002,245788715.82,0.0,245788715.82,False,0.2484639169306841,0.46535865484469413,0.6219875814883128,0.8685774658440543,0.08293723079691365,False
2026-06-30,54857414000160,INDIE MERX RAIZ I CRÉDITO AGRO FIDC DO AGRONEGÓCIO - RESPONSABILIDADE LIMITADA,Classe,104193325.49,LIMINE TRUST DISTRIBUIDORA DE TITULOS E VALORES MOBILIARIOS LTDA.,16,0.0,61062404.85,89041198.65,99915758.33999999,106972429.71,102734553.88,0.0,102734553.88,False,0.5943706624873699,0.8667112990436048,0.9725623421376558,1.0412507347328348,0.3890180019116894,False
2026-06-30,54980022000194,BLC IV MASTER FUNDO DE INVESTIMENTO EM DIREITOS CREDITÓRIOS,Classe,347683030.1,QI CORRETORA DE TÍTULOS E VALORES MOBILIÁRIOS S.A.,3,0.0,61020090.75,96941894.77000001,96941894.77000001,96941894.77000001,96941894.77,0.0,96941894.77,False,0.6294501556295504,1.0000000000000002,1.0000000000000002,1.0000000000000002,0.4652823328027639,False
2026-06-30,65621080000148,LOG FUNDO DE INVESTIMENTO EM DIREITOS CREDITÓRIOS- RESPONSABILIDADE LIMITADA,Classe,62957940.54,ID CORRETORA DE TITULOS E VALORES MOBILIARIOS S.A.,1,0.0,60745894.48,60745894.48,60745894.48,60745894.48,60745894.48,0.0,60745894.48,False,1.0,1.0,1.0,1.0,1.0,False
2026-06-30,51430054000128,BRAVOS FUNDO DE INVESTIMENTO EM DIREITOS CREDITÓRIOS,Classe,248784842.29,CATÁLISE DISTRIBUIDORA DE TITULOS E VALORES MOBILIARIOS LTDA.,16,0.0,60733628.66,161826225.22000003,224877719.31000006,247226779.00000006,235106624.72,12101868.91,247208493.63,False,0.24567775875411776,0.6546143412944676,0.9096682561667049,1.0000739674018946,0.11928228464638822,False
2026-06-30,30143979000118,FUNDO DE INVESTIMENTO EM DIREITOS CREDITÓRIOS ALUMIE,Classe,57180258.36,INTRA INVESTIMENTOS DTVM LTDA,6,0.0,60578222.94,144596495.31,150939543.5,150939543.5,0.0,43781021.28,43781021.28,False,1.3836639979815473,3.3027209298119873,3.447602159270598,3.447602159270598,3.124615479546253,True
2026-06-30,32510444000163,G5 EO FUNDO DE INVESTIMENTO EM DIREITOS CREDITÓRIOS NÃO PADRONIZADOS,Classe,80527433.18,QI CORRETORA DE TÍTULOS E VALORES MOBILIÁRIOS S.A.,6,0.0,60548351.26,73178979.72,73660656.45,73660656.45,73660656.45,0.0,73660656.45,False,0.8219903837145345,0.9934608683493479,1.0,1.0,0.6849142524728982,False
2026-06-30,35654828000148,MACCABI FUNDO DE INVESTIMENTO EM DIREITOS CREDITÓRIOS DE RESPONSABILIDADE LIMITADA,Classe,45620498.95,BANCO DAYCOVAL S.A.,7,0.0,60531999.43,64775468.160000004,64835293.46,64835293.46,45398999.52,49137.61,45448137.13,False,1.3318917617427106,1.4252612373245583,1.4265775795066125,1.4265775795066125,1.7762561042188647,True
2026-06-30,63657457000193,MSV3 FUNDO DE INVESTIMENTO EM DIREITOS CREDITÓRIOS RECEBÍVEIS  COMERCIAIS RESPONSABILIDADE LIMITADA,Classe,311503782.69,QI CORRETORA DE TÍTULOS E VALORES MOBILIÁRIOS S.A.,25,0.0,60230220.72,127942087.84,168877709.36,219725815.89000002,224589515.47,0.0,224589515.47,False,0.26817912935052113,0.5696707950602892,0.7519394171477172,0.9783440488313905,0.10644973772003567,False
2026-06-30,23200289000198,CF FUNDO DE INVESTIMENTO EM DIREITOS  CREDITÓRIOS - RESPONSABILIDADE LIMITADA,Classe,1481651371.98,QI CORRETORA DE TÍTULOS E VALORES MOBILIÁRIOS S.A.,25,0.0,60216263.3,191634623.38,270665072.02000004,436397765.92999995,763503396.29,495766759.8,1259270156.09,False,0.04781838353651601,0.15217911935197476,0.2149380501960023,0.346548168254065,0.00724779776726845,False
2026-06-30,52766910000183,BELL FUNDO DE INVESTIMENTO EM DIREITOS CREDITÓRIOS,Classe,60156745.38,CATÁLISE DISTRIBUIDORA DE TITULOS E VALORES MOBILIARIOS LTDA.,1,0.0,60190628.41,60190628.41,60190628.41,60190628.41,60190628.41,0.0,60190628.41,False,1.0,1.0,1.0,1.0,1.0,False
2026-06-30,63709161000179,BW CAPITAL FUNDO DE INVESTIMENTO EM DIREITOS CREDITÓRIOS - CRÉDITO CORPORATIVO,Classe,103467817.93,AZUMI DISTRIBUIDORA DE TÍTULOS E VALORES MOBILIÁRIOS LTDA.,2,0.0,60054258.62,96873516.9,96873516.9,96873516.9,0.0,96873516.9,96873516.9,False,0.6199244183732117,1.0,1.0,1.0,0.5287637322443063,False
2026-06-30,63604811000111,SETE QUATTRO FUNDO DE INVESTIMENTO EM DIREITOS CREDITÓRIOS CRÉDITO CORPORATIVO,Classe,67889652.86,AZUMI DISTRIBUIDORA DE TÍTULOS E VALORES MOBILIÁRIOS LTDA.,1,0.0,59999297.03,59999297.03,59999297.03,59999297.03,0.0,59999297.03,59999297.03,False,1.0,1.0,1.0,1.0,1.0,False
2026-06-30,46231870000172,DAVOS FUNDO DE INVESTIMENTO EM DIREITOS CREDITÓRIOS NÃO PADRONIZADOS - RESPONSABILIDADE LIMITADA,Classe,83718334.89,QI CORRETORA DE TÍTULOS E VALORES MOBILIÁRIOS S.A.,4,0.0,59271267.46,74971405.69999999,74971405.69999999,74971405.69999999,74971405.7,0.0,74971405.7,False,0.7905849824555177,0.9999999999999998,0.9999999999999998,0.9999999999999998,0.6643745623339801,False
2026-06-30,37511828000114,MERCADO CRÉDITO I BRASIL FIDC SEGMENTO FINANCEIRO DE RESPONSABILIDADE LIMITADA,Classe,754432811.09,BANCO GENIAL S.A.,24,0.0,59255030.1,63045659.95,67130011.47999999,76774119.69999999,716370289.31,0.0,716370289.31,False,0.08271564438703034,0.08800708361415281,0.09370853660703723,0.10717099919644628,0.006868384541500408,False
2026-06-30,62344612000159,CARMELO FUNDO DE  INVESTIMENTO EM DIREITOS CREDITÓRIOS RESPONSABILIDADE LIMITADA,Classe,146293737.45,ID CORRETORA DE TITULOS E VALORES MOBILIARIOS S.A.,25,0.0,59016170.58,59254585.949999996,59483256.699999996,60023100.90999999,67571857.39,0.0,67571857.39,False,0.8733838739903254,0.8769121974552844,0.8802963097001232,0.8882854967796526,0.7628091102463893,False
2026-06-30,56797968000145,PJUS ABETO FIDC DE PRECATÓRIOS FEDERAIS DE RESPONSABILIDADE LIMITADA,Classe,161249639.39,APEX GROUP DISTRIBUIDORA DE TÍTULOS E VALORES MOBILIÁRIOS S.A.,24,0.0,58832891.71,119847618.59,128767937.24000001,132381978.12999998,133065321.85,0.0,133065321.85,False,0.4421354180942824,0.9006675587881577,0.9677046990887357,0.994864599502714,0.27991048016285375,False
2026-06-30,10756703000106,KOBOLD H FUNDO DE INVESTIMENTO EM DIREITOS CREDITÓRIOS RESPONSABILIDADE  LIMITADA,Classe,244308940.33,FINAXIS CORRETORA DE TÍTULOS E VALORES MOBILIÁRIOS S.A.,25,0.0,58830442.38,113909960.17,124337870.32,135899973.45,59167189.9,95023314.13,154190504.03,False,0.38154387489746894,0.7387611895207059,0.8063912307842788,0.8813770621280197,0.1930893490551006,False
2026-06-30,52041044000163,MALBEC FUNDO DE INVESTIMENTO EM DIREITOS CREDITÓRIOS,Classe,378539698.25,CATÁLISE DISTRIBUIDORA DE TITULOS E VALORES MOBILIARIOS LTDA.,25,0.0,58811305.06,149939131.89999998,197810381.45999995,263557062.01999995,289270559.9,77292484.45,366563044.34999996,False,0.16043980964934937,0.40904050261224867,0.5396353628903398,0.7189951799078569,0.04796569873749561,False
2026-06-30,54091598000109,JUGIS II PRÉ-PRECATÓRIOS FUNDO DE INVESTIMENTO EM DIREITOS CREDITÓRIOS,Classe,194268474.85,APEX GROUP DISTRIBUIDORA DE TÍTULOS E VALORES MOBILIÁRIOS S.A.,19,0.0,58527398.53,181815954.67000002,191697077.81,193249883.82,193249883.82,0.0,193249883.82,False,0.30285864794886275,0.9408334487763524,0.991964776488837,1.0,0.21930460583707953,False
2026-06-30,50963249000170,BOREAL I FUNDO DE INVESTIMENTO EM DIREITOS CREDITÓRIOS  COMERCIAL - RESPONSABILIDADE LIMITADA,Classe,378793185.92,ID CORRETORA DE TITULOS E VALORES MOBILIARIOS S.A.,25,0.0,58330344.76,179788334.05,231774406.20000002,310549988.85999995,175885358.95,209547829.97,385433188.91999996,False,0.15133710961280755,0.4664578433262961,0.6013348431395897,0.8057167825380428,0.059388852904013745,False
2026-06-30,62107005000175,MARIS II FUNDO DE INVESTIMENTO EM DIREITOS CREDITÓRIOS RESPONSABILIDADE LIMITADA,Classe,95691277.6,QI CORRETORA DE TÍTULOS E VALORES MOBILIÁRIOS S.A.,4,0.0,58128131.9,90166598.25999999,90166598.25999999,90166598.25999999,90166598.26,0.0,90166598.26,False,0.644674780037554,0.9999999999999999,0.9999999999999999,0.9999999999999999,0.46224002039378054,False
2026-06-30,65343721000140,ST 2004 FUNDO DE INVESTIMENTO EM DIREITOS CREDITÓRIOS RESPONSABILIDADE LIMITADA,Classe,67326049.87,BANCO DAYCOVAL S.A.,1,0.0,58121403.27,58121403.27,58121403.27,58121403.27,58121403.27,0.0,58121403.27,False,1.0,1.0,1.0,1.0,1.0,False
2026-06-30,54272451000107,ARP CRÉDITO FUNDO DE INVESTIMENTO EM DIREITOS CREDITÓRIOS RESPONSABILIDADE LIMITADA,Classe,72915726.02,PLANNER CORRETORA DE VALORES S.A.,1,0.0,57881971.79,57881971.79,57881971.79,57881971.79,56427477.0,0.0,56427477.0,False,1.0257763569687868,1.0257763569687868,1.0257763569687868,1.0257763569687868,1.0522171345161555,False
2026-06-30,51292131000120,SPESI I FUNDO DE INVESTIMENTO EM DIREITOS CREDITÓRIOS NÃO-PADRONIZADOS MULTISSETORIAL RESP LIMITADA,Classe,80680446.92,ID CORRETORA DE TITULOS E VALORES MOBILIARIOS S.A.,25,0.0,57509385.88,61524087.160000004,61870962.20999999,62334798.96999999,61084618.84,0.0,61084618.84,False,0.9414708149466452,1.0071944186334552,1.0128730175440674,1.020466365408199,0.8898220215651107,False
2026-06-30,50990958000145,PETUNIA FUNDO DE INVESTIMENTO EM DIREITOS CREDITÓRIOS,Classe,1250837.93,TRUSTEE DISTRIBUIDORA DE TITULOS E VALORES MOBILIARIOS LTDA.,1,0.0,57464265.46,57464265.46,57464265.46,57464265.46,0.0,0.0,0.0,True,,,,,,
2026-06-30,49427492000195,IBITIPOCA FUNDO DE INVESTIMENTO EM DIREITOS CREDITÓRIOS NÃO-PADRONIZADOS,Classe,165395941.67,PLANNER CORRETORA DE VALORES S.A.,6,0.0,57438481.98,134790493.11,135187638.37,135187638.37,168816965.31,0.0,168816965.31,False,0.3402411711081599,0.7984416309254411,0.8007941507641356,0.8007941507641356,0.20517807164483964,False
2026-06-30,59714095000158,PETROCASH FUNDO DE INVESTIMENTO EM DIREITOS CREDITÓRIOS RESPONSABILIDADE LIMITADA,Classe,92840031.16,PLANNER CORRETORA DE VALORES S.A.,7,0.0,57405771.36,65911250.480000004,68076143.38,68076143.38,71897256.74,0.0,71897256.74,False,0.7984417481684295,0.916742216164839,0.9468531410896777,0.9468531410896777,0.6448803561957754,False
2026-06-30,58486398000106,FUNDO DE INVESTIMENTO EM DIREITOS CREDITÓRIOS BB CONSÓRCIOS RESPONSABILIDADE LIMITADA,Classe,71042998.84,GENIAL INVESTIMENTOS CORRETORA DE VALORES MOBILIÁRIOS S.A.,1,0.0,57155813.1,57155813.1,57155813.1,57155813.1,57155813.1,0.0,57155813.1,False,1.0,1.0,1.0,1.0,1.0,False
2026-06-30,36643574000125,VIVO PAY I FUNDO DE INVESTIMENTO EM DIREITOS CREDITORIOS RESPONSABILIDADE LIMITADA,Classe,245340390.99,BTG PACTUAL SERVIÇOS FINANCEIROS S/A DTVM,25,0.0,57021936.48,225236220.04,398505748.67999995,777125126.3900002,0.0,186224878.68,186224878.68,False,0.3061993482513353,1.2094851216256406,2.1399168118926437,4.17304675883492,0.7515854483893338,True
2026-06-30,55791365000173,GOTHAN FUNDO DE INVESTIMENTO EM COTAS DE FUNDOS DE INVESTIMENTOS EM DIREITOS CREDITÓRIOS,Classe,97807745.94,TRUSTEE DISTRIBUIDORA DE TITULOS E VALORES MOBILIARIOS LTDA.,2,0.0,56946987.74,97839115.30000001,97839115.30000001,97839115.30000001,0.0,0.0,0.0,True,,,,,,
2026-06-30,52808215000137,LUMUS FUNDO DE INVESTIMENTO EM DIREITOS CREDITÓRIOS - RESPONSABILIDADE LIMITADA,Classe,117104978.58,APEX GROUP DISTRIBUIDORA DE TÍTULOS E VALORES MOBILIÁRIOS S.A.,10,0.0,56797536.5,112031797.03,115584003.79,115584003.79,115584003.67,0.0,115584003.67,False,0.491396168125139,0.9692673161751536,1.000000001038206,1.000000001038206,0.3418095570557944,False
2026-06-30,58598420000100,FUNDO DE INVESTIMENTO EM DIREITOS CREDITÓRIOS BZR IV,Classe,151218155.79,BANCO DAYCOVAL S.A.,24,0.0,56720451.73,115955830.21000001,141249399.37,155191199.77999997,155147285.07,0.0,155147285.07,False,0.36559100408626954,0.7473919389416488,0.9104213412839968,1.0002830517464754,0.18181710435456114,False
2026-06-30,55595058000117,ATIVOS ESPECIAIS IV A FUNDO DE INVESTIMENTO EM DIREITOS CREDITÓRIOS,Classe,382042857.75,BANCO DAYCOVAL S.A.,13,0.0,56670154.62,156859379.55,213633493.92,224758312.42,224758312.42,0.0,224758312.42,False,0.2521381923979833,0.6979024618092032,0.9505031943859262,1.0,0.1309782286160832,False
2026-06-30,47228232000165,AGRO FLEX FUNDO DE INVESTIMENTO EM DIREITOS CREDITÓRIOS,Classe,2352850421.12,BANCO DAYCOVAL S.A.,24,0.0,56532944.5,255062302.07,439220712.8300001,756908630.6600001,2004963612.54,111564138.51,2116527751.05,False,0.02671023069362273,0.1205097839815541,0.20751946796450207,0.35761809892854046,0.0061048450902910605,False
2026-06-30,57213492000110,FUNDO DE INVESTIMENTO EM DIREITOS CREDITÓRIOS DE CONSÓRCIOS CONSORCIEI III RESPONSABILIDADE LIMITADA,Classe,129460738.27,BANCO DAYCOVAL S.A.,13,0.0,56493769.05,141936578.87,158422658.10000002,159204502.47,159204502.47,0.0,159204502.47,False,0.3548503225318361,0.8915362107723436,0.9950890561644303,1.0,0.2053121207520097,False
2026-06-30,46230862000101,BIO-STARS  FUNDO DE INVESTIMENTO EM DIREITOS CREDITÓRIOS NÃO  PADRONIZADO,Classe,118101092.88,QI CORRETORA DE TÍTULOS E VALORES MOBILIÁRIOS S.A.,25,0.0,56448195.77,110994847.2,112705537.23,114067486.77000001,33470048.38,79454623.62,112924672.0,False,0.4998747817483145,0.982910512239522,0.9980594606464742,1.0101201513341567,0.3494251698591076,False
2026-06-30,34691408000179,BRIT FUNDO DE INVESTIMENTO EM DIREITOS CREDITÓRIOS,Classe,56665580.94,PLANNER CORRETORA DE VALORES S.A.,1,0.0,56444363.11,56444363.11,56444363.11,56444363.11,56444363.11,0.0,56444363.11,False,1.0,1.0,1.0,1.0,1.0,False
2026-06-30,36566311000160,OBSIDE FUNDO DE INVESTIMENTO EM DIREITOS CREDITORIOS,Classe,56313725.91,PLANNER CORRETORA DE VALORES S.A.,1,0.0,56372592.14,56372592.14,56372592.14,56372592.14,56372592.14,0.0,56372592.14,False,1.0,1.0,1.0,1.0,1.0,False
2026-06-30,61089007000116,VAREJO ENERGIA II FUNDO DE INVESTIMENTO EM DIREITOS CREDITÓRIOS,Classe,83625587.76,QI CORRETORA DE TÍTULOS E VALORES MOBILIÁRIOS S.A.,25,0.0,56124069.92,74443090.22000001,77713680.06000003,81649203.70000003,36653480.0,45518478.61,82171958.61,False,0.6830075717967604,0.9059427507784947,0.945744526169084,0.9936382810043383,0.49211297652432023,False
2026-06-30,43237790000136,FUNDO DE INVESTIMENTO EM DIREITOS CREDITÓRIOS CONSORCIEI II - RESPONSABILIDADE LIMITADA,Classe,123560153.31,BANCO DAYCOVAL S.A.,13,0.0,55846768.15,192971306.37000003,206881741.50000003,207305310.77,207305310.77,0.0,207305310.77,False,0.26939381312792593,0.9308555851909497,0.9979567852438188,1.0,0.214481101830753,False
2026-06-30,20460014000103,FLOWINVEST FUNDO DE INVESTIMENTO EM DIREITOS CREDITÓRIOS RESPONSABILIDADE LIMITADA,Classe,575196961.52,QI CORRETORA DE TÍTULOS E VALORES MOBILIÁRIOS S.A.,25,0.0,55732470.99,202971210.74,305806067.75000006,427195472.09000003,260029908.95,232850076.47,492879985.41999996,False,0.11307513520255534,0.4118065588868277,0.6204473234785791,0.8667332509474331,0.049084792559823336,False
2026-06-30,59510243000112,ADEMICON FUNDO DE INVESTIMENTO EM DIREITOS CREDITÓRIOS,Classe,104937430.16,GENIAL INVESTIMENTOS CORRETORA DE VALORES MOBILIÁRIOS S.A.,24,0.0,55598096.39,64251092.720000006,69396602.39,76431875.52,85648918.37,0.0,85648918.37,False,0.6491395040135636,0.7501681742487135,0.8102449360797456,0.8923857647544042,0.42533549173918717,False
2026-06-30,64415486000101,MURALE FUNDO DE INVESTIMENTO EM DIREITOS CREDITÓRIOS,Classe,64581043.83,QI CORRETORA DE TÍTULOS E VALORES MOBILIÁRIOS S.A.,4,0.0,55488606.45,58101003.18,58101003.18,58101003.18,56035402.33,1784266.68,57819669.01,False,0.9596839172566548,1.0048657174075373,1.0048657174075373,1.0048657174075373,0.9217221441163531,False
2026-06-30,14166140000149,FUNDO DE INVESTIMENTO EM DIREITOS CREDITÓRIOS SIFRA STAR,Classe,1277114152.59,FIDD DISTRIBUIDORA DE TITULOS E VALORES MOBILIARIOS LTDA.,25,0.0,55470208.92,225083453.45999998,383825390.72,577687302.49,353064370.88,754228627.07,1107292997.95,False,0.05009533070532861,0.20327361762127177,0.3466339906696779,0.5217113298463083,0.014902738822335625,False
2026-06-30,57334752000106,DOLPHIN FUNDO DE INVESTIMENTO EM DIREITOS CREDITÓRIOS - RESPONSABILIDADE LIMITADA,Classe,55089279.36,APEX DISTRIBUIDORA DE TÍTULOS E VALORES MOBILIÁRIOS S.A.,1,0.0,55015200.0,55015200.0,55015200.0,55015200.0,55015200.0,0.0,55015200.0,False,1.0,1.0,1.0,1.0,1.0,False
2026-06-30,64447553000170,FUNDO DE INVESTIMENTOS EM DIREITOS CREDITÓRIOS GCB CRÉDITO MULTIESTRATÉGIA II RESP LIMITADA,Classe,58144593.54,BANCO DAYCOVAL S.A.,4,0.0,54959275.84,57788150.02,57788150.02,57788150.02,57788150.02,0.0,57788150.02,False,0.9510475040467474,1.0,1.0,1.0,0.9055413876905297,False
2026-06-30,42793689000107,FUNDO DE INVESTIMENTO EM DIREITOS CREDITÓRIOS SIGA ENERGIA DE RESPONSABILIDADE LIMITADA,Classe,49644881.49,BANCO DAYCOVAL S.A.,1,0.0,54928777.79,54928777.79,54928777.79,54928777.79,0.0,46294726.49,46294726.49,False,1.1865018319498013,1.1865018319498013,1.1865018319498013,1.1865018319498013,1.4077865972202346,True
2026-06-30,34644098000131,DELTA ENERGIA PRÉ-PAGAMENTO I - FIDC DE RESPONSABILIDADE LIMITADA,Classe,54948857.33,BANCO DAYCOVAL S.A.,1,0.0,54884632.18,54884632.18,54884632.18,54884632.18,0.0,54884632.18,54884632.18,False,1.0,1.0,1.0,1.0,1.0,False
2026-06-30,41557655000142,PROSPEROUS FUNDO DE INVESTIMENTO EM DIREITOS CREDITÓRIOS NÃO PADRONIZADO,Classe,71624570.0,BARU DISTRIBUIDORA DE TÍTULOS E VALORES MOBILIÁRIOS LTDA.,14,0.0,54841471.81,65931618.23,71299263.13,72545180.32999998,72545180.33,0.0,72545180.33,False,0.7559629952056389,0.9088352655556766,0.9828256378393098,0.9999999999999998,0.5792139919404421,False
2026-06-30,59356952000195,BEFLY FUNDO DE INVESTIMENTO EM DIREITOS CREDITÓRIOS RESPONSABILIDADE LIMITADA,Classe,65120262.59,BANVOX DISTRIBUIDORA DE TITULOS E VALORES MOBILIARIOS LTDA,1,0.0,54736661.51,54736661.51,54736661.51,54736661.51,54237239.49,0.0,54237239.49,False,1.0092081017525252,1.0092081017525252,1.0092081017525252,1.0092081017525252,1.0185009926429354,False
2026-06-30,47279584000140,ROMAPE FUNDO DE INVESTIMENTO EM DIREITOS CREDITÓRIOS NÃO PADRONIZADOS,Classe,177282696.72,ID CORRETORA DE TITULOS E VALORES MOBILIARIOS S.A.,25,0.0,54715476.83,124717146.64999998,145652588.81999996,147632910.48,133987761.33,0.0,133987761.33,False,0.40836175100530725,0.9308099890021498,1.087058902799865,1.101838772545749,0.26540295056148167,True
2026-06-30,58488141000185,CLASSE ÚNICA DE COTAS DO ST 1016 FUNDO DE INVESTIMENTO EM DIREITOS CREDITÓRIOS RESP LIMITADA,Classe,54666545.02,BANCO DAYCOVAL S.A.,1,0.0,54644852.94,54644852.94,54644852.94,54644852.94,54644852.94,0.0,54644852.94,False,1.0,1.0,1.0,1.0,1.0,False
2026-06-30,35949242000100,XP OPUS I FUNDO DE INVESTIMENTO EM DIREITOS  CREDITÓRIOS DO SETOR DO ENTRETENIMENTO DE RESP LIMITADA,Classe,194935789.77,APEX GROUP DISTRIBUIDORA DE TÍTULOS E VALORES MOBILIÁRIOS S.A.,1,0.0,54340000.0,54340000.0,54340000.0,54340000.0,200368391.93,0.0,200368391.93,False,0.2712004596961782,0.2712004596961782,0.2712004596961782,0.2712004596961782,0.07354968933941837,False
2026-06-30,62387472000104,DIGGER FIDC - SEGMENTO DE RECEBÍVEIS COMERCIAIS - RESPONSABILIDADE LIMITADA,Classe,304341088.96,BEM - DISTRIBUIDORA DE TITULOS E VALORES MOBILIARIOS LTDA.,24,0.0,54282850.13,159425550.47,204928329.08999997,240553772.50999996,249498514.47,0.0,249498514.47,False,0.21756782899213228,0.6389839667328742,0.8213609188227884,0.9641491173644821,0.1033067684775164,False
2026-06-30,57584003000137,CACO3 II FUNDO DE INVESTIMENTO EM DIREITOS CREDITÓRIOS DE RESPONSABILIDADE LIMITADA,Classe,82904582.44,BANCO DAYCOVAL S.A.,1,0.0,54013658.87,54013658.87,54013658.87,54013658.87,54013658.87,0.0,54013658.87,False,1.0,1.0,1.0,1.0,1.0,False
2026-06-30,20717010000150,SOLITUDE PRECATÓRIO FUNDO DE INVESTIMENTO EM DIREITOS CREDITÓRIOS NÃO PADRONIZADO,Classe,68576251.45,QI CORRETORA DE TÍTULOS E VALORES MOBILIÁRIOS S.A.,18,0.0,53948181.83,63638622.059999995,65004517.57999999,65637980.25999998,65637980.26,0.0,65637980.26,False,0.8219049644170145,0.9695396142282212,0.9903491442379734,0.9999999999999998,0.6827914256254777,False
2026-06-30,62800204000164,DOMINUS WISE FUNDO DE INVESTIMENTO EM DIREITOS CREDITÓRIOS,Classe,38834134.3,APEX GROUP DISTRIBUIDORA DE TÍTULOS E VALORES MOBILIÁRIOS S.A.,1,0.0,53612188.29,53612188.29,53612188.29,53612188.29,53612188.29,0.0,53612188.29,False,1.0,1.0,1.0,1.0,1.0,False
2026-06-30,42154687000160,MULTIPLIKE PLUS FUNDO DE INVESTIMENTO EM DIREITOS CREDITÓRIOS,Classe,2118132225.34,QI CORRETORA DE TÍTULOS E VALORES MOBILIÁRIOS S.A.,25,0.0,53562296.57,239879971.7,399810300.03,680562958.7700002,31236158.84,2016216815.69,2047452974.53,False,0.026160452638623075,0.11716018618452777,0.19527203066618798,0.3323949156518361,0.005321964584987019,False
2026-06-30,51852080000144,ANTARES FUNDO DE INVESTIMENTO EM DIREITOS CREDITORIOS - RESPONSABILIDADE LIMITADA,Classe,60388116.72,APEX GROUP DISTRIBUIDORA DE TÍTULOS E VALORES MOBILIÁRIOS S.A.,9,0.0,53094778.68,61060881.78,61742650.720000006,61742650.720000006,61742650.02,0.0,61742650.02,False,0.8599368291254305,0.9889579044666991,1.000000011337382,1.000000011337382,0.7483213104953184,False
2026-06-30,46285232000134,ROQUEDAL FUNDO DE  INVESTIMENTO EM DIREITOS CREDITÓRIOS,Classe,511432466.92,QI CORRETORA DE TÍTULOS E VALORES MOBILIÁRIOS S.A.,25,0.0,52771947.51,131935160.36999999,171678001.57,226161976.21000004,10682816.85,412753932.1,423436748.95000005,False,0.12462769856621815,0.31158174319343046,0.4054395420230093,0.5341104114624343,0.02884913316569983,False
2026-06-30,40211648000121,CRÉDITO ENERGIA FUNDO DE INVESTIMENTO EM DIREITOS CREDITÓRIOS RESPONSABILIDADE LIMITADA,Classe,53032270.13,QI CORRETORA DE TÍTULOS E VALORES MOBILIÁRIOS S.A.,1,0.0,52761237.14,52761237.14,52761237.14,52761237.14,52761237.14,0.0,52761237.14,False,1.0,1.0,1.0,1.0,1.0,False
2026-06-30,62968483000170,QUATTRO CAPITAL FUNDO DE INVESTIMENTO EM DIREITOS CREDITÓRIOS CRÉDITO CORPORATIVO,Classe,65448786.59,AZUMI DISTRIBUIDORA DE TÍTULOS E VALORES MOBILIÁRIOS LTDA.,3,0.0,52737278.64,63479092.84,63479092.84,63479092.84,52737278.64,10741814.2,63479092.84,False,0.8307818571529542,1.0,1.0,1.0,0.7046830308393972,False
2026-06-30,58426775000103,CVPAR NC FUNDO DE  INVESTIMENTO EM DIREITOS CREDITÓRIOS RESPONSABILIDADE LIMITADA,Classe,51990254.18,QI CORRETORA DE TÍTULOS E VALORES MOBILIÁRIOS S.A.,1,0.0,52023277.46,52023277.46,52023277.46,52023277.46,52023277.46,0.0,52023277.46,False,1.0,1.0,1.0,1.0,1.0,False
2026-06-30,66571503000125,FUNDO DE INVESTIMENTO EM DIREITOS CREDITÓRIOS NEXA CITRINO - RESPONSABILIDADE LIMITADA,Classe,55973793.41,VORTX DISTRIBUIDORA DE TITULOS E VALORES MOBILIARIOS LTDA.,1,0.0,52010715.0,52010715.0,52010715.0,52010715.0,55975339.91,0.0,55975339.91,False,0.9291719368497892,0.9291719368497892,0.9291719368497892,0.9291719368497892,0.8633604882291885,False
2026-06-30,08678936000188,SIFRA PLUS FUNDO DE INVESTIMENTO EM DIREITOS CREDITÓRIOS MULTISSEGMENTOS,Classe,1234030780.83,QI CORRETORA DE TÍTULOS E VALORES MOBILIÁRIOS S.A.,25,0.0,51970484.66,160607045.15,248784439.19000003,435998473.0799999,222404063.27,902250396.63,1124654459.9,False,0.04621017967120409,0.14280568021246326,0.22120966755613183,0.38767327088069986,0.007698241789738781,False
2026-06-30,44302112000172,CLASSE ÚNICA FUNDO DE INVESTIMENTO EM DIREITOS CREDITÓRIOS AGRO CITI-BAYER RESPONSABILIDADE LIMITADA,Classe,1021572769.62,VORTX DISTRIBUIDORA DE TITULOS E VALORES MOBILIARIOS LTDA.,24,0.0,51788440.23,211722256.83,364450522.26,560048987.63,722557301.97,0.0,722557301.97,False,0.07167381754886785,0.2930179464697881,0.5043897850957316,0.7750928349946323,0.032194494042540066,False
2026-06-30,46323013000100,VCE 2 FUNDO DE INVESTIMENTO EM DIREITOS CREDITÓRIOS DE RESPONSABILIDADE LIMITADA,Classe,118948467.24,BANCO DAYCOVAL S.A.,19,0.0,51730405.24,103719256.98,119485650.77000001,122984262.46000001,114678397.13,0.0,114678397.13,False,0.45109110813048914,0.9044358796053222,1.0419194352232748,1.0724274626945165,0.26765489922066094,True
2026-06-30,39617894000107,CANAL 78 FUNDO DE INVESTIMENTO EM DIREITOS CREDITÓRIOS NÃO PADRONIZADOS,Classe,51543021.0,QI CORRETORA DE TÍTULOS E VALORES MOBILIÁRIOS S.A.,1,0.0,51684022.79,51684022.79,51684022.79,51684022.79,51684022.79,0.0,51684022.79,False,1.0,1.0,1.0,1.0,1.0,False
2026-06-30,29243005000127,MULTIFRIGO FUNDO DE INVESTIMENTO EM DIREITOS CREDITÓRIOS,Classe,22574483.64,PLANNER CORRETORA DE VALORES S.A.,1,0.0,51561784.34,51561784.34,51561784.34,51561784.34,0.0,0.0,0.0,True,,,,,,
2026-06-30,18911897000170,SPREAD INVESTIMENTOS FUNDO DE INVESTIMENTO EM DIREITOS CREDITÓRIOS,Classe,552241945.03,QI CORRETORA DE TÍTULOS E VALORES MOBILIÁRIOS S.A.,2,0.0,51530049.06,96244443.18,96244443.18,96244443.18,96244443.18,0.0,96244443.18,False,0.5354080439078083,1.0,1.0,1.0,0.5025074591467544,False
2026-06-30,65924624000140,DIFAL FUNDO DE INVESTIMENTO EM DIREITOS CREDITÓRIOS -  RESPONSABILIDADE LIMITADA,Classe,182374743.99,APEX GROUP DISTRIBUIDORA DE TÍTULOS E VALORES MOBILIÁRIOS S.A.,16,0.0,51381961.83,116921410.58,163814595.42999998,182768220.67999998,182768220.52,0.0,182768220.52,False,0.28113181648216223,0.6397250585870069,0.8962969326063664,1.0000000008754255,0.12807721347195797,False
2026-06-30,61670371000175,PBL CREDITOS JUDICIAIS FUNDO DE INVESTIMENTO EM DIREITOS CREDITÓRIOS DE RESPONSABILIDADE LIMITADA,Classe,56958667.15,GENIAL INVESTIMENTOS CORRETORA DE VALORES MOBILIÁRIOS S.A.,1,0.0,51344777.54,51344777.54,51344777.54,51344777.54,51344777.54,0.0,51344777.54,False,1.0,1.0,1.0,1.0,1.0,False
2026-06-30,64276709000105,DTB TOWERS INFRA FUNDO DE INVESTIMENTO EM DIREITOS CREDITÓRIOS RESPONSABILIDADE LIMITADA,Classe,51581362.82,LIMINE TRUST DISTRIBUIDORA DE TITULOS E VALORES MOBILIARIOS LTDA.,1,0.0,51196011.02,51196011.02,51196011.02,51196011.02,51196011.02,0.0,51196011.02,False,1.0,1.0,1.0,1.0,1.0,False
2026-06-30,17015979000174,EXCLUSIVO FUNDO DE INVESTIMENTO EM DIREITOS CREDITÓRIOS MULTISEGMENTOS DE RESPONSABILIDADE  LIMITADA,Classe,256890104.05,BANCO FINAXIS S.A.,25,0.0,51063109.69,170819322.98000002,243064449.46,320877010.0500001,228950829.89,6006380.6,234957210.48999998,False,0.21732940046193344,0.72702311465036,1.0345051720400174,1.365682752960914,0.1483643268216423,True
2026-06-30,53405628000133,XP ADDEBITARE FUNDO DE INVESTIMENTO EM DIREITOS CREDITÓRIOS,Classe,64967739.46,APEX GROUP DISTRIBUIDORA DE TÍTULOS E VALORES MOBILIÁRIOS S.A.,4,0.0,51032979.41,60175707.28,60175707.28,60175707.28,60175706.72,0.0,60175706.72,False,0.8480661414989028,1.000000009306081,1.000000009306081,1.000000009306081,0.7345958422538356,False
2026-06-30,55521594000178,BTG EMPRESAS FUNDO DE INVESTIMENTO EM DIREITOS CREDITÓRIOS,Classe,67303088.45,BTG PACTUAL SERVIÇOS FINANCEIROS S/A DTVM,6,0.0,50596586.87,53927227.6,54286331.550000004,54286331.550000004,54161897.35,0.0,54161897.35,False,0.9341730874573949,0.9956672538909865,1.0022974490571461,1.0022974490571461,0.8736815677845512,False
2026-06-30,66685178000121,JGP SPECIAL SITUATIONS V FUNDO DE INVESTIMENTO EM DIREITOS CREDITÓRIOS - RESPONSABILIDADE LIMITADA,Classe,54575368.23,BNY MELLON SERVICOS FINANCEIROS DTVM S.A.,1,0.0,50500000.0,50500000.0,50500000.0,50500000.0,50500000.0,0.0,50500000.0,False,1.0,1.0,1.0,1.0,1.0,False
2026-06-30,48887873000194,DJF IV FUNDO DE INVESTIMENTO EM DIREITOS CREDITÓRIOS- RESPONSABILIDADE LIMITADA,Classe,327184751.15,APEX DISTRIBUIDORA DE TÍTULOS E VALORES MOBILIÁRIOS S.A.,5,0.0,50391352.12,94010353.85999998,94010353.85999998,94010353.85999998,94010353.86,0.0,94010353.86,False,0.5360191728992179,0.9999999999999999,0.9999999999999999,0.9999999999999999,0.35808704352444165,False
2026-06-30,63606839000198,FORTEZZA FUNDO DE INVESTIMENTO EM DIREITOS CREDITÓRIOS CRÉDITO CORPORATIVO,Classe,50201475.26,AZUMI DISTRIBUIDORA DE TÍTULOS E VALORES MOBILIÁRIOS LTDA.,1,0.0,50270688.45,50270688.45,50270688.45,50270688.45,50270688.45,0.0,50270688.45,False,1.0,1.0,1.0,1.0,1.0,False
2026-06-30,57377286000146,JIVEMAUÁ BOSSANOVA SECURITIZADO MASTER FIDC CRÉD PRIV RESPONSABILIDADE LIMITADA,Classe,460838990.45,BANCO DAYCOVAL S.A.,9,0.0,50267188.1,117814012.14,138844019.84,138844019.84,138844019.84,0.0,138844019.84,False,0.3620407141620252,0.8485350127125791,1.0,1.0,0.20454318845812153,False
2026-06-30,66733060000121,MARGEM MASTER FUNDO DE  INVESTIMENTO EM DIREITOS CREDITÓRIOS DE RESPONSABILIDADE LIMITADA,Classe,50202448.6,BANCO DAYCOVAL S.A.,1,0.0,50000000.0,50000000.0,50000000.0,50000000.0,50000000.0,0.0,50000000.0,False,1.0,1.0,1.0,1.0,1.0,False
2026-06-30,52298532000150,IOX REAL FUNDO DE INVESTIMENTO EM DIREITOS CREDITÓRIOS,Classe,297885563.73,QI CORRETORA DE TÍTULOS E VALORES MOBILIÁRIOS S.A.,18,0.0,49927379.36,167485935.36,235833425.46,264083813.76000002,24753819.8,236698624.77,261452444.57000002,False,0.19096160849485835,0.6405980851908162,0.9020127000451859,1.010064427564744,0.1051774369032408,False
2026-06-30,26459204000189,JAPUÍRA FUNDO DE INVESTIMENTO EM DIREITOS CREDITÓRIOS NÃO PADRONIZADOS,Classe,1036550916.66,QI CORRETORA DE TÍTULOS E VALORES MOBILIÁRIOS S.A.,25,0.0,49827349.6,245491902.98000002,480894800.35,862299564.25,921420964.52,0.0,921420964.52,False,0.05407663979726877,0.26642752057186503,0.5219056423363612,0.9358367103131864,0.04113891461738847,False
2026-06-30,33512447000107,DESKONT FUNDO DE INVESTIMENTO EM DIREITOS CREDITÓRIOS,Classe,67607868.97,BANVOX DISTRIBUIDORA DE TITULOS E VALORES MOBILIARIOS LTDA,2,0.0,49285795.04,53248423.12,53248423.12,53248423.12,53190860.37,0.0,53190860.37,False,0.9265839036474304,1.001082192496974,1.001082192496974,1.001082192496974,0.8641077255400205,False
2026-06-30,56125110000134,FUNDO DE INVESTIMENTO EM DIREITOS CREDITÓRIOS NXCO - RESPONSABILIDADE LIMITADA,Classe,101201557.44,BANCO DAYCOVAL S.A.,9,0.0,49242612.78,75866302.04,80260579.44,80260579.44,80260579.44,0.0,80260579.44,False,0.6135342296751303,0.9452498669875041,1.0,1.0,0.42336207886308697,False
2026-06-30,58557938000197,JVD FUNDO DE INVESTIMENTO EM DIREITOS CREDITORIOS,Classe,171957404.18,ACTUAL DISTRIBUIDORA DE TITULOS E VALORES MOBILIARIOS S.A.,25,0.0,49161056.38,118600675.11,152359029.54,159807027.83999997,26291283.62,131730994.41,158022278.03,False,0.31110206100602433,0.7505313591763565,0.964161708332512,1.011294292376048,0.16259697853711805,False
2026-06-30,53823009000169,POLO SPECIAL SITUATIONS VII FUNDO DE INVESTIMENTO EM DIREITOS CREDITÓRIOS - NÃO PADRONIZADO - RESPON,Classe,49104668.38,QI CORRETORA DE TÍTULOS E VALORES MOBILIÁRIOS S.A.,1,0.0,49043247.59,49043247.59,49043247.59,49043247.59,49043247.59,0.0,49043247.59,False,1.0,1.0,1.0,1.0,1.0,False
2026-06-30,57270666000187,MOBILITAS FUNDO DE INVESTIMENTO EM DIREITOS CREDITÓRIOS - RESPONSABILIDADE LIMITADA,Classe,53019295.56,LIMINE TRUST DISTRIBUIDORA DE TITULOS E VALORES MOBILIARIOS LTDA.,2,0.0,48940191.41,49170374.279999994,49170374.279999994,49170374.279999994,49170374.28,0.0,49170374.28,False,0.995318667523472,0.9999999999999999,0.9999999999999999,0.9999999999999999,0.9906811647944556,False
2026-06-30,52258572000179,ALGARVE TETRA FUNDO DE INVESTIMENTO EM DIREITOS CREDITÓRIOS,Classe,51272578.61,BANCO DAYCOVAL S.A.,1,0.0,48928543.63,48928543.63,48928543.63,48928543.63,48928543.63,0.0,48928543.63,False,1.0,1.0,1.0,1.0,1.0,False
2026-06-30,50095909000149,VITA AUTO FUNDO DE INVESTIMENTO EM DIREITOS CREDITÓRIOS,Classe,2489750068.19,BEM - DISTRIBUIDORA DE TITULOS E VALORES MOBILIARIOS LTDA.,24,0.0,48715490.3,196113181.59,328209069.32,584915817.42,2186604951.8,0.0,2186604951.8,False,0.02227905422966215,0.08968843751522688,0.15009984727685732,0.26749953938341753,0.003379871551037865,False
2026-06-30,45019040000113,AFL INVEST FUNDO  DE INVESTIMENTO EM DIREITOS CREDITÓRIOS NÃO-PADRONIZADOS  RESP LIMITADA,Classe,127839848.73,ID CORRETORA DE TITULOS E VALORES MOBILIARIOS S.A.,4,0.0,48242787.13,64502907.63,64502907.63,64502907.63,20196659.45,105658511.69,125855171.14,False,0.38331986435690607,0.5125169434496071,0.5125169434496071,0.5125169434496071,0.1631622820537202,False
2026-06-30,17024362000115,EXP 1 FUNDO DE INVESTIMENTO EM DIREITOS CREDITÓRIOS NÃO PADRONIZADOS,Classe,1001151211.75,QORE DISTRIBUIDORA DE TÍTULOS E VALORES MOBILIÁRIOS LTDA.,25,0.0,48186221.76,150155780.53,206259066.15999997,222028870.86999997,466459569.2,0.0,466459569.2,False,0.10330203289138569,0.32190524205029003,0.4421799439418596,0.47598738568230015,0.026469470983267525,False
2026-06-30,29242908000193,FUNDO DE INVESTIMENTO EM DIREITOS CREDITÓRIOS AGORA TELECOM,Classe,3197939.68,QI CORRETORA DE TÍTULOS E VALORES MOBILIÁRIOS S.A.,2,0.0,47837169.94,48113336.839999996,48113336.839999996,48113336.839999996,2891344.18,0.0,2891344.18,False,16.544958663482255,16.64047371904371,16.64047371904371,16.64047371904371,273.7447803021754,True
2026-06-30,36399603000155,GREENWOOD FUNDO DE INVESTIMENTO EM DIREITOS CREDITÓRIOS NÃO PADRONIZADOS,Classe,47774677.33,CATÁLISE DISTRIBUIDORA DE TITULOS E VALORES MOBILIARIOS LTDA.,1,0.0,47528837.73,47528837.73,47528837.73,47528837.73,47291193.54,0.0,47291193.54,False,1.0050251256568306,1.0050251256568306,1.0050251256568306,1.0050251256568306,1.010075503201528,False
2026-06-30,41196339000192,SYNGENTA TECH I FUNDO DE INVESTIMENTO EM DIREITOS CREDITÓRIOS DE RESPONSABILIDADE ILIMITADA,Classe,52587089.83,BANCO DAYCOVAL S.A.,24,0.0,47471489.95,114244667.69,138024007.62,152922644.82,64287841.61,0.0,64287841.61,False,0.7384209636090161,1.7770804685442916,2.1469690716530496,2.378717981351746,0.9197634883493452,True
2026-06-30,44062564000124,SFT FUNDO DE INVESTIMENTO EM DIREITOS CREDITÓRIOS,Classe,628122237.49,HEMERA DISTRIBUIDORA DE TITULOS E VALORES MOBILIARIOS LTDA,25,0.0,47222903.83,136713038.63,211150646.52000004,343653710.65999997,31113960.65,475716267.73,506830228.38,False,0.09317302162686762,0.26974128805809566,0.41661020731716925,0.6780450166881974,0.025795658025809368,False
2026-06-30,37294908000165,FUNDO DE INVESTIMENTO EM DIREITOS CREDITORIOS CCS ASSET II - RESPONSABILIDADE LIMITADA,Classe,373009337.34,APEX GROUP DISTRIBUIDORA DE TÍTULOS E VALORES MOBILIÁRIOS S.A.,24,0.0,47026481.58,117636892.03,141751284.93,155485759.07000002,127730544.8,0.0,127730544.8,False,0.3681694277091974,0.9209769849036141,1.1097681071661727,1.2172950433544227,0.22322066165478865,True
2026-06-30,50491214000186,ADGM FUNDO DE INVESTIMENTO EM DIREITOS CREDITÓRIOS,Classe,710016994.04,QI CORRETORA DE TÍTULOS E VALORES MOBILIÁRIOS S.A.,25,0.0,46838474.11,184215072.24,305079600.25,503580477.0400001,81296845.44,625430373.61,706727219.05,False,0.0662751806460227,0.26065937079319856,0.4316794259885667,0.7125528258511471,0.02562106816507207,False
2026-06-30,12254372000123,GARSON - FUNDO DE INVESTIMENTO EM DIREITOS CREDITÓRIOS,Classe,286636165.44,HEMERA DISTRIBUIDORA DE TITULOS E VALORES MOBILIARIOS LTDA,25,0.0,46602778.75,85739120.39,107236866.59999998,141808211.56000003,103129992.49,154415789.39,257545781.88,False,0.18094949336702373,0.332908268829458,0.4163798211611385,0.550613605568868,0.04435666871998171,False
2026-06-30,51475474000120,FIDARA FUNDO DE INVESTIMENTO EM DIREITOS CREDITÓRIOS DE CLASSE ÚNICA  FECHADA,Classe,64579309.86,APEX GROUP DISTRIBUIDORA DE TÍTULOS E VALORES MOBILIÁRIOS S.A.,3,0.0,46550146.79,85525383.14999999,85525383.14999999,85525383.14999999,62568969.02,0.0,62568969.02,False,0.7439813619930411,1.3668977528247594,1.3668977528247594,1.3668977528247594,0.9395162117683039,True
2026-06-30,08845618000164,FIDC MULTISETORIAL MAXIMUM,Classe,2479947.43,BNY MELLON SERVICOS FINANCEIROS DTVM S.A.,24,0.0,46480639.64,130286865.14,200392576.67999998,289119154.89,0.0,0.0,0.0,True,,,,,,
2026-06-30,55013574000196,FUNDO DE INVESTIMENTO EM DIREITOS CREDITÓRIOS DE CONSÓRCIOS YELLOWSTONE - RESPONSABILIDADE LIMITADA,Classe,170317911.66,BANCO DAYCOVAL S.A.,17,0.0,46414200.24,155875416.04000002,221482740.73000002,245265640.38000003,245265640.38,0.0,245265640.38,False,0.18924053189060075,0.6355371090646693,0.9030320773299018,1.0000000000000002,0.10518851015318519,False
2026-06-30,62837773000184,JACARANDÁ FUNDO DE INVESTIMENTO EM DIREITOS CREDITÓRIOS ECO INVEST BRASIL DE RESP LIMITADA,Classe,548942005.71,INTRAG DTVM LTDA.,1,0.0,46403249.25,46403249.25,46403249.25,46403249.25,46403249.25,0.0,46403249.25,False,1.0,1.0,1.0,1.0,1.0,False
2026-06-30,57391433000132,MLC ISE FUNDO DE INVESTIMENTO EM DIREITOS CREDITÓRIOS - RESPONSABILIDADE LIMITADA,Classe,42692472.74,BANCO DAYCOVAL S.A.,1,0.0,46018365.75,46018365.75,46018365.75,46018365.75,46018365.75,0.0,46018365.75,False,1.0,1.0,1.0,1.0,1.0,False
2026-06-30,31523738000167,IMPETUS FUNDO DE INVESTIMENTO EM DIREITOS CREDITÓRIOS,Classe,257301424.5,HEMERA DISTRIBUIDORA DE TITULOS E VALORES MOBILIARIOS LTDA,25,0.0,45787485.09,71202520.87,87436872.95000002,118928074.85000002,132342361.95,0.0,132342361.95,False,0.3459775420004887,0.5380176069163771,0.6606869611639119,0.8986395066375799,0.1385474638206746,False
2026-06-30,46879430000126,MULTIPLIER FUNDO DE INVESTIMENTO EM DIREITOS CREDITÓRIOS NÃO-PADRONIZADO,Classe,33042658.13,ID CORRETORA DE TITULOS E VALORES MOBILIARIOS S.A.,25,0.0,45673351.57,70861821.15,78203288.3,86606321.40000002,35062962.86,0.0,35062962.86,False,1.3026095869982621,2.020987827895158,2.2303673711845584,2.470022905531493,1.953193896869842,True
2026-06-30,36335689000152,FUNDO DE INVESTIMENTO EM DIREITOS CREDITÓRIOS SETOR PÚBLICO,Classe,131989610.83,APEX GROUP DISTRIBUIDORA DE TÍTULOS E VALORES MOBILIÁRIOS S.A.,10,0.0,45651603.65,64831986.01,65498569.16,65498569.16,65498569.14,0.0,65498569.14,False,0.6969862738897687,0.9898229360007054,1.0000000003053502,1.0000000003053502,0.5221943726624353,False
2026-06-30,35817199000120,AXIS RENOVÁVEIS FUNDO DE INVESTIMENTO EM DIREITOS CREDITÓRIOS,Classe,53696578.03,BANCO DAYCOVAL S.A.,2,0.0,45413843.33,53542232.07,53542232.07,53542232.07,53542232.07,0.0,53542232.07,False,0.8481873387464849,1.0,1.0,1.0,0.7424688457267188,False
2026-06-30,64125992000166,FBS FUNDO DE INVESTIMENTO EM DIREITOS CREDITÓRIOS RESPONSABILIDADE LIMITADA,Classe,51986674.96,APEX GROUP DISTRIBUIDORA DE TÍTULOS E VALORES MOBILIÁRIOS S.A.,1,0.0,45195430.27,45195430.27,45195430.27,45195430.27,45195430.03,0.0,45195430.03,False,1.0000000053102716,1.0000000053102716,1.0000000053102716,1.0000000053102716,1.000000010620543,False
2026-06-30,63947144000170,ST2 MASTER FUNDO DE INVESTIMENTO EM DIREITOS CREDITÓRIOS,Classe,93509021.8,BANCO DAYCOVAL S.A.,8,0.0,45026635.32,79599375.21000001,86099257.24,86099257.24,86099257.24,0.0,86099257.24,False,0.5229619483765015,0.9245071068164771,1.0,1.0,0.3185758729146126,False
2026-06-30,55106118000190,DBANK FUNDO DE INVESTIMENTO EM DIREITOS CREDITÓRIOS DE RESPONSABILIDADE LIMITADA,Classe,169013209.68,CATÁLISE DISTRIBUIDORA DE TITULOS E VALORES MOBILIARIOS LTDA.,25,0.0,44844252.39,133608029.66,161778863.58,169012137.67000002,169017719.01,0.0,169017719.01,False,0.26532278776846335,0.7904971765244035,0.9571710263728521,0.9999669777817813,0.16655705543074245,False
2026-06-30,52554072000184,ST1 MASTER FUNDO DE INVESTIMENTO EM DIREITOS CREDITÓRIOS,Classe,454716263.57,BANCO DAYCOVAL S.A.,14,0.0,44222125.7,161507204.46000004,178194794.01000002,179270085.73,179270085.73,0.0,179270085.73,False,0.2466787781125027,0.9009155309003826,0.994001834072755,1.0,0.18079304121049242,False
2026-06-30,23104485000169,CVPAR I FUNDO DE INVESTIMENTO EM DIREITOS CREDITÓRIOS RESPONSABILIDADE LIMITADA,Classe,518028566.05,QI CORRETORA DE TÍTULOS E VALORES MOBILIÁRIOS S.A.,25,0.0,44065635.45,151543430.92000002,221585467.45000002,326299527.23999995,196485892.62,160981946.75,357467839.37,False,0.12327160823099811,0.4239358460528354,0.6198752532270355,0.912808066356596,0.05319862103868396,False
2026-06-30,61427502000198,JC ODIN FUNDO DE INVESTIMENTO EM DIREITOS CREDITÓRIOS,Classe,81376831.89,QI CORRETORA DE TÍTULOS E VALORES MOBILIÁRIOS S.A.,2,0.0,44043895.4,80987666.3,80987666.3,80987666.3,80987666.3,0.0,80987666.3,False,0.5438346036154397,1.0,1.0,1.0,0.5038429449482454,False
2026-06-30,28296597000182,HT3 FUNDO DE INVESTIMENTO EM DIREITOS CREDITÓRIOS  RESPONSABILIDADE LIMITADA,Classe,57311583.88,ID CORRETORA DE TITULOS E VALORES MOBILIARIOS S.A.,8,0.0,43787273.52,79200195.65,79232754.33000001,79232754.33000001,57018235.98,0.0,57018235.98,False,0.7679520905444891,1.3890327241582967,1.3896037463837376,1.3896037463837376,0.9712913225509443,True
2026-06-30,61194816000198,B100 FUNDO DE INVESTIMENTO EM DIREITOS CREDITÓRIOS,Classe,97674686.9,PLANNER CORRETORA DE VALORES S.A.,1,0.0,43411485.12,43411485.12,43411485.12,43411485.12,43411485.12,0.0,43411485.12,False,1.0,1.0,1.0,1.0,1.0,False
2026-06-30,42043830000146,ALGARVE MALL FUNDO DE INVESTIMENTO EM DIREITOS CREDITÓRIOS - RESPONSABILIDADE LIMITADA,Classe,43501803.46,APEX DISTRIBUIDORA DE TÍTULOS E VALORES MOBILIÁRIOS S.A.,1,0.0,43378458.17,43378458.17,43378458.17,43378458.17,43378458.17,0.0,43378458.17,False,1.0,1.0,1.0,1.0,1.0,False
2026-06-30,64113643000124,PLANNER FUNDO DE INVESTIMENTO EM DIREITOS CREDITÓRIOS,Classe,52900035.87,PLANNER CORRETORA DE VALORES S.A.,1,0.0,43234816.92,43234816.92,43234816.92,43234816.92,43234816.92,0.0,43234816.92,False,1.0,1.0,1.0,1.0,1.0,False
2026-06-30,63864746000163,PRISMA CAPITAL FUNDO DE INVESTIMENTO EM DIREITOS CREDITORIOS,Classe,65009539.66,ACTUAL DISTRIBUIDORA DE TITULOS E VALORES MOBILIARIOS S.A.,2,0.0,42976660.5,64291035.94,64291035.94,64291035.94,0.0,64291035.94,64291035.94,False,0.6684704931509928,1.0,1.0,1.0,0.5567646141250775,False
2026-06-30,62771666000109,APOENA PRECATÓRIOS - FUNDO DE INVESTIMENTO EM DIREITOS CREDITÓRIOS,Classe,42932288.52,PLANNER CORRETORA DE VALORES S.A.,1,0.0,42952262.7,42952262.7,42952262.7,42952262.7,42952262.7,0.0,42952262.7,False,1.0,1.0,1.0,1.0,1.0,False
2026-06-30,57182384000128,FUTURA FUNDO DE INVESTIMENTO EM DIREITOS CREDITÓRIOS RESPONSABILIDADE LIMITADA,Classe,42997580.59,BANCO DAYCOVAL S.A.,1,0.0,42739598.28,42739598.28,42739598.28,42739598.28,42739598.28,0.0,42739598.28,False,1.0,1.0,1.0,1.0,1.0,False
2026-06-30,61068908000121,TAXATION MIND FUNDO DE INVESTIMENTO EM DIREITOS CREDITÓRIOS,Classe,59882283.74,PLANNER CORRETORA DE VALORES S.A.,1,0.0,42738678.29,42738678.29,42738678.29,42738678.29,42738678.29,0.0,42738678.29,False,1.0,1.0,1.0,1.0,1.0,False
2026-06-30,42196361000103,GRIFFIN INVESTMENTS FUNDO DE INVESTIMENTO EM DIREITOS CREDITÓRIOS NÃO PADRONIZADOS RESP LIMITADA,Classe,10110104.76,ID CORRETORA DE TITULOS E VALORES MOBILIARIOS S.A.,3,0.0,42496209.4,42987391.5,42987391.5,42987391.5,42987391.5,0.0,42987391.5,False,0.9885738100670751,1.0,1.0,1.0,0.9773497630002155,False
2026-06-30,32526025000110,COBUCCIO FUNDO DE INVESTIMENTO EM DIREITOS CREDITÓRIOS  DE CLASSE ÚNICA FECHADA DE RESPONS LIMITADA,Classe,1759550198.61,QI CORRETORA DE TÍTULOS E VALORES MOBILIÁRIOS S.A.,13,0.0,42310391.91,48402123.55,49447902.68,49917127.33,1759992785.45,0.0,1759992785.45,False,0.024040093947988516,0.02750131929525177,0.028095514418462243,0.02836212042609995,0.0005821794250135533,False
2026-06-30,37298599000100,QUARTER PRECATÓRIOS FUNDO DE  INVESTIMENTO EM DIREITOS CREDITÓRIOS NÃO PADRONIZADOS,Classe,106200940.34,BARU DISTRIBUIDORA DE TÍTULOS E VALORES MOBILIÁRIOS LTDA.,25,0.0,42300373.61,80680873.91,90916720.08,96157491.62,96254417.77,0.0,96254417.77,False,0.43946423021410586,0.8382043731518589,0.9445459459039643,0.9989930212841597,0.24762686271065718,False
2026-06-30,54048775000166,LOGIC FUNDO DE INVESTIMENTO EM DIREITOS CREDITÓRIOS,Classe,52396773.41,PLANNER CORRETORA DE VALORES S.A.,1,0.0,42111175.8,42111175.8,42111175.8,42111175.8,42111175.8,0.0,42111175.8,False,1.0,1.0,1.0,1.0,1.0,False
2026-06-30,62335320000150,ISTAMBUL FUNDO DE INVESTIMENTO EM DIREITOS CREDITÓRIOS,Classe,82093594.05,CATÁLISE DISTRIBUIDORA DE TITULOS E VALORES MOBILIARIOS LTDA.,7,0.0,41975505.92,77632147.62,77912828.72,77912828.72,77912828.72,0.0,77912828.72,False,0.5387496078579035,0.9963974982732472,1.0,1.0,0.378676200069259,False
2026-06-30,17012019000150,FUNDO DE INVESTIMENTO EM DIREITOS CREDITÓRIOS NÃO PADRONIZADOS SIFRA PERFORMANCE,Classe,415759589.5,FIDD DISTRIBUIDORA DE TITULOS E VALORES MOBILIARIOS LTDA.,25,0.0,41903117.42,101898224.9,146094883.73999998,210779612.78,141784302.22,204277557.75,346061859.97,False,0.12108562736047412,0.2944508964635211,0.42216407133876266,0.6090807371788165,0.028176014036985688,False
2026-06-30,47425662000177,IOX SPECIAL FUNDO DE INVESTIMENTO EM DIREITOS CREDITORIOS NÃO PADRONIZADO,Classe,263240297.4,QI CORRETORA DE TÍTULOS E VALORES MOBILIÁRIOS S.A.,25,0.0,41804395.35,126538045.41000001,176245365.3,233327315.19,262846323.28,0.0,262846323.28,False,0.15904500709133906,0.4814145536865811,0.6705262721603781,0.8876948031015274,0.06838982689388878,False
2026-06-30,48928987000135,CREDIAL BANK PAN FUNDO DE INVESTIMENTO EM DIREITOS CREDITÓRIOS NÃO-PADRONIZADOS,Classe,41410831.66,CATÁLISE DISTRIBUIDORA DE TITULOS E VALORES MOBILIARIOS LTDA.,2,0.0,41449401.35,41468467.08,41468467.08,41468467.08,41468467.08,0.0,41468467.08,False,0.9995402354766764,1.0,1.0,1.0,0.9990808937201867,False
2026-06-30,35448967000115,ATIVOS ESPECIAIS II - FUNDO DE INVESTIMENTO EM DIREITOS CREDITÓRIOS - RESPONSABILIDADE LIMITADA,Classe,427000000.0,VORTX DISTRIBUIDORA DE TITULOS E VALORES MOBILIARIOS LTDA.,24,0.0,41442104.68,63376322.61,63933558.37,64988360.699999996,335187618.19,0.0,335187618.19,False,0.12363853087350225,0.1890771590914654,0.19073961835236847,0.193886519588446,0.017594515254617492,False
2026-06-30,49743173000199,AEG 4 FUNDO DE INVESTIMENTO EM DIREITOS CREDITÓRIOS DE RESPONSABILIDADE LIMITADA,Classe,41465661.46,BANCO DAYCOVAL S.A.,1,0.0,41418717.73,41418717.73,41418717.73,41418717.73,41418717.73,0.0,41418717.73,False,1.0,1.0,1.0,1.0,1.0,False
2026-06-30,53429996000111,SC FUNDO DE INVESTIMENTO DIREITOS CREDITÓRIOS  RESPONSABILIDADE ILIMITADA,Classe,257026052.64,CATÁLISE DISTRIBUIDORA DE TITULOS E VALORES MOBILIARIOS LTDA.,17,0.0,41368722.04,173219678.57,231536213.25,257543900.01,257226825.44,0.0,257226825.44,False,0.1608258468736168,0.6734121850382386,0.9001246773307766,1.0012326652535466,0.10643682112343636,False
2026-06-30,67063613000149,CHEMICAL XV - FUNDO DE INVESTIMENTO EM DIREITOS CREDITÓRIOS RESPONSABILIDADE LIMITADA,Classe,749412873.0,BEM - DISTRIBUIDORA DE TITULOS E VALORES MOBILIARIOS LTDA.,24,0.0,41283848.88,153688675.04999998,243658829.45,372614852.91999996,613376180.48,0.0,613376180.48,False,0.06730592121737293,0.25056185737393694,0.39724207950058277,0.6074817783573022,0.020694803155300034,False
2026-06-30,14051028000162,FUNDO DE INVESTIMENTO EM DIREITOS CREDITÓRIOS DA INDÚSTRIA EXODUS INSTITUCIONAL - RESPONS. LIMITADA,Classe,1168381489.17,QI CORRETORA DE TÍTULOS E VALORES MOBILIÁRIOS S.A.,25,0.0,41236391.67,162127803.66,257661162.31,471033582.15999997,0.0,1161369321.44,1161369321.44,False,0.03550669964216926,0.1396005565731452,0.22185979735586772,0.4055846606796519,0.007655378112910551,False
2026-06-30,42739077000128,FUNDO DE INVESTIMENTO EM DIREITOS CREDITÓRIOS EMPÍRICA LAUNCHPAD,Classe,43504604.39,MERITO DISTRIBUIDORA DE TITULOS E VALORES MOBILIARIOS LTDA.,24,0.0,41125558.95,43512377.870000005,45269065.43000001,48993580.16000001,41341933.25,0.0,41341933.25,False,0.9947662268551508,1.0524998336888371,1.0949914982507503,1.1850819811383642,0.9914358892229117,True
2026-06-30,60095481000198,ST 1020 FUNDO DE INVESTIMENTO EM DIREITOS CREDITÓRIOS RESPONSABILIDADE LIMITADA,Classe,41309285.35,BANCO DAYCOVAL S.A.,1,0.0,41060604.02,41060604.02,41060604.02,41060604.02,41060604.02,0.0,41060604.02,False,1.0,1.0,1.0,1.0,1.0,False
2026-06-30,55466785000184,RM 2 FUNDO DE INVESTIMENTO EM DIREITOS CREDITÓRIOS NÃO PADRONIZADO,Classe,53328292.99,PLANNER CORRETORA DE VALORES S.A.,1,0.0,40966357.54,40966357.54,40966357.54,40966357.54,53208601.96,0.0,53208601.96,False,0.769919825572504,0.769919825572504,0.769919825572504,0.769919825572504,0.592776537809595,False
2026-06-30,59499177000127,PETTRA FUNDO DE INVESTIMENTO EM DIREITOS CREDITÓRIOS,Classe,228524339.69,QI CORRETORA DE TÍTULOS E VALORES MOBILIÁRIOS S.A.,25,0.0,40844464.0,114770001.31,133043817.34000002,151840949.63,51779874.72,159409803.15,211189677.87,False,0.19340180075061356,0.5434451269945488,0.629973106080954,0.7189790294744768,0.07274723284196934,False
2026-06-30,62541630000120,ST 1023 FUNDO DE INVESTIMENTO EM DIREITOS CREDITÓRIOS RESPONSABILIDADE LIMITADA,Classe,41666896.69,BANCO DAYCOVAL S.A.,1,0.0,40823618.56,40823618.56,40823618.56,40823618.56,40823618.56,0.0,40823618.56,False,1.0,1.0,1.0,1.0,1.0,False
2026-06-30,66004736000146,NONI FUNDO DE  INVESTIMENTO EM DIREITOS CREDITORIOS MULTISSETORIAL RESPONSABILIDADE  LIMITADA,Classe,40841749.07,ID CORRETORA DE TITULOS E VALORES MOBILIARIOS S.A.,1,0.0,40813431.0,40813431.0,40813431.0,40813431.0,40813431.0,0.0,40813431.0,False,1.0,1.0,1.0,1.0,1.0,False
2026-06-30,63615453000142,UDA FUNDO DE INVESTIMENTO EM DIREITOS CREDITÓRIOS DE RESPONSABILIDADE LIMITADA,Classe,40937552.16,BANCO DAYCOVAL S.A.,1,0.0,40712259.42,40712259.42,40712259.42,40712259.42,40712259.42,0.0,40712259.42,False,1.0,1.0,1.0,1.0,1.0,False
2026-06-30,54105228000175,ERGA OMNES II FUNDO DE INVESTIMENTO EM DIREITOS CREDITÓRIOS NÃO-PADRONIZADO,Classe,51296794.93,PLANNER CORRETORA DE VALORES S.A.,8,0.0,40624790.26,50887048.84,51496842.17,51496842.17,51496842.17,0.0,51496842.17,False,0.7888792506128924,0.9881586267370149,1.0,1.0,0.6437943639945357,False
2026-06-30,39737206000134,QG DISTRESSED II FUNDO DE INVESTIMENTO EM DIREITOS CREDITÓRIOS - RESPONSABILIDADE LIMITADA,Classe,44679759.85,BNY MELLON SERVICOS FINANCEIROS DTVM S.A.,2,0.0,40606110.65,41007310.65,41007310.65,41007310.65,41007310.65,0.0,41007310.65,False,0.9902163786495469,1.0,1.0,1.0,0.980624195792552,False
2026-06-30,55567840000122,HOLE IN ONE FUNDO DE INVESTIMENTO EM DIREITOS CREDITÓRIOS,Classe,40378402.28,PLANNER CORRETORA DE VALORES S.A.,1,0.0,40593055.34,40593055.34,40593055.34,40593055.34,40593055.34,0.0,40593055.34,False,1.0,1.0,1.0,1.0,1.0,False
2026-06-30,08611414000169,V3 FIDC MULTICARTEIRA - NP,Classe,63277565.36,QI CORRETORA DE TÍTULOS E VALORES MOBILIÁRIOS S.A.,1,0.0,40584091.15,40584091.15,40584091.15,40584091.15,40584091.15,0.0,40584091.15,False,1.0,1.0,1.0,1.0,1.0,False
2026-06-30,42867116000172,DUBLIN FUNDO INVESTIMENTO EM DIREITOS  CREDITÓRIOS,Classe,56177295.48,PLANNER CORRETORA DE VALORES S.A.,1,0.0,40486243.31,40486243.31,40486243.31,40486243.31,40486243.31,0.0,40486243.31,False,1.0,1.0,1.0,1.0,1.0,False
2026-06-30,36115099000114,VERTICAL BANK FUNDO DE INVESTIMENTO EM DIREITOS CREDITÓRIOS,Classe,1323786.13,TRUSTEE DISTRIBUIDORA DE TITULOS E VALORES MOBILIARIOS LTDA.,16,0.0,40270416.13,56798812.31,56878773.19000001,56902438.05000002,1257935.91,0.0,1257935.91,False,32.01309049997627,45.15238960782987,45.21595475400652,45.23476720686034,1083.118849741257,True
2026-06-30,29292189000115,FUNDO DE INVESTIMENTO EM DIREITOS CREDITORIOS HENDRIKSEN,Classe,8755587.75,PLANNER CORRETORA DE VALORES S.A.,1,0.0,40116851.89,40116851.89,40116851.89,40116851.89,846879.01,7928788.7,8775667.71,False,4.5713731667718305,4.5713731667718305,4.5713731667718305,4.5713731667718305,20.897452629881514,True
2026-06-30,42321262000106,SAINT-TROPEZ FUNDO DE INVESTIMENTO EM DIREITOS CREDITÓRIOS,Classe,7798485.16,FIDD DISTRIBUIDORA DE TITULOS E VALORES MOBILIARIOS LTDA.,25,0.0,40045110.73,41641366.23,43200141.73,46894819.78,72.9,0.0,72.9,False,549315.6478737997,571212.1567901233,592594.5367626885,643275.9914951989,302133541218.0743,True
2026-06-30,62121679000124,BORDER FUNDO DE INVESTIMENTO EM DIREITOS CREDITÓRIOS,Classe,27288863.17,PLANNER CORRETORA DE VALORES S.A.,1,0.0,39544249.19,39544249.19,39544249.19,39544249.19,27248189.23,0.0,27248189.23,False,1.4512615446189778,1.4512615446189778,1.4512615446189778,1.4512615446189778,2.1061600708898616,True
2026-06-30,42043708000170,ALGARVE COFFEE CRÉDITOS JUDICIAIS FUNDO DE INVESTIMENTO EM DIREITOS CREDITÓRIOS,Classe,39684251.83,APEX DISTRIBUIDORA DE TÍTULOS E VALORES MOBILIÁRIOS S.A.,1,0.0,39500000.0,39500000.0,39500000.0,39500000.0,39500000.0,0.0,39500000.0,False,1.0,1.0,1.0,1.0,1.0,False
2026-06-30,63819527000162,ALIANÇA FUNDO DE INVESTIMENTO EM DIREITOS CREDITÓRIOS,Classe,42014625.65,BTG PACTUAL SERVIÇOS FINANCEIROS S/A DTVM,1,0.0,39367552.67,39367552.67,39367552.67,39367552.67,0.0,0.0,0.0,True,,,,,,
2026-06-30,26558785000106,UNIQUE FUNDO DE INVESTIMENTO EM DIREITOS CREDITÓRIOS - RESPONSABILIDADE LIMITADA,Classe,519145597.58,QI CORRETORA DE TÍTULOS E VALORES MOBILIÁRIOS S.A.,25,0.0,39185485.03,127787678.56,206008831.41,315723456.84999996,324061098.45,149146950.37,473208048.82,False,0.0828081541041274,0.27004544592733287,0.4353451551039913,0.6671979854047149,0.02538915247963393,False
2026-06-30,44680409000171,JUST TEC FUNDO DE INVESTIMENTO EM DIREITOS CREDITORIOS,Classe,403020270.2,GENIAL INVESTIMENTOS CORRETORA DE VALORES MOBILIÁRIOS S.A.,10,0.0,39168963.54,89814667.91,107134351.83999999,107134351.83999999,199336890.1,0.0,199336890.1,False,0.19649631094550724,0.45056721746257444,0.537453713591371,0.537453713591371,0.06042597986001319,False
2026-06-30,60851290000109,LRS FUNDO DE INVESTIMENTO EM DIREITOS CREDITÓRIOS RESPONSABILIDADE LIMITADA,Classe,39320950.24,INTRAG DTVM LTDA.,25,0.0,39163825.69,39163825.69,39163825.69,39163825.69,39163825.69,0.0,39163825.69,False,1.0,1.0,1.0,1.0,1.0,False
2026-06-30,36335649000100,FUNDO DE INVESTIMENTO EM DIREITOS CREDITÓRIOS SPECIAL SITUATIONS,Classe,123951361.74,APEX GROUP DISTRIBUIDORA DE TÍTULOS E VALORES MOBILIÁRIOS S.A.,24,0.0,39154600.08,88420991.45999998,96523592.37999998,98063485.71999997,98063490.71,0.0,98063490.71,False,0.3992780574759534,0.9016708544618764,0.9842969251976365,0.9999999491145992,0.27624752668361624,False
2026-06-30,65225163000118,FUNDO DE INVESTIMENTO EM DIREITOS CREDITÓRIOS  VAREJO CORPORATIVO I - RESPONSABILIDADE LIMITADA,Classe,41330853.64,APEX GROUP DISTRIBUIDORA DE TÍTULOS E VALORES MOBILIÁRIOS S.A.,1,0.0,38755835.61,38755835.61,38755835.61,38755835.61,38755835.61,0.0,38755835.61,False,1.0,1.0,1.0,1.0,1.0,False
2026-06-30,32302296000191,FUNDO DE INVESTIMENTO EM  DIREITOS CREDITÓRIOS SOLIS EXT CAPITAL,Classe,75693426.45,HEMERA DISTRIBUIDORA DE TITULOS E VALORES MOBILIARIOS LTDA,25,0.0,38591469.87,55664933.14999999,55792340.849999994,55925214.32999999,44447864.47,18963167.89,63411032.36,False,0.6085923605675863,0.8778430357981951,0.8798522713406269,0.8819477029249235,0.4040305086719361,False
2026-06-30,55658832000191,MOOREA FUNDO DE INVESTIMENTO EM DIREITOS CREDITÓRIOS,Classe,64026946.67,QI CORRETORA DE TÍTULOS E VALORES MOBILIÁRIOS S.A.,3,0.0,38522924.9,64052948.11,64052948.11,64052948.11,64052948.11,0.0,64052948.11,False,0.6014231356508908,1.0,1.0,1.0,0.5189530627537187,False
2026-06-30,38314663000153,EMUNAH FUNDO DE INVESTIMENTO EM DIREITOS CREDITÓRIOS,Classe,153012233.43,QI CORRETORA DE TÍTULOS E VALORES MOBILIÁRIOS S.A.,25,0.0,38514919.63,76256613.92,103491379.29,140571903.76999998,115161355.53,27884088.57,143045444.1,False,0.2692495372524766,0.5330936220987971,0.7234860218103235,0.9827080104119162,0.10281196166305089,False
2026-06-30,44395637000108,CM FEDERAL FUNDO DE INVESTIMENTO EM DIREITOS CREDITÓRIOS  NÃO PADRONIZADOS,Classe,41102801.49,QI CORRETORA DE TÍTULOS E VALORES MOBILIÁRIOS S.A.,3,0.0,38491406.97,40955382.68,40955382.68,40955382.68,40955382.68,0.0,40955382.68,False,0.9398375610538917,1.0,1.0,1.0,0.8868687660276863,False
2026-06-30,46191210000105,SQUARE FUNDO DE INVESTIMENTO EM DIREITOS CREDITÓRIOS,Classe,112664748.65,LIMINE TRUST DISTRIBUIDORA DE TITULOS E VALORES MOBILIARIOS LTDA.,25,0.0,38477726.24,64436999.550000004,68328781.24999999,72339804.56999998,36744436.24,22818496.31,59562932.55,False,0.6460012056609191,1.0818305410988367,1.1471695285090524,1.2145104593242526,0.47428048520275656,True
2026-06-30,49963418000193,OPI CRÉDITO AGRÍCOLA FUNDO INVESTIMENTO EM DIREITOS CREDITÓRIOS RESPONSABILIDADE LIMITADA,Classe,157515922.16,ID CORRETORA DE TITULOS E VALORES MOBILIARIOS S.A.,2,0.0,38428325.3,73863494.58,73863494.58,73863494.58,112613914.41,0.0,112613914.41,False,0.34123958394778614,0.6559002496892249,0.6559002496892249,0.6559002496892249,0.21545578821770364,False
2026-06-30,32388176000159,BOMTRATO FUNDO DE INVESTIMENTO EM DIREITOS CREDITÓRIOS - NÃO PADRONIZADOS,Classe,171241189.77,QI CORRETORA DE TÍTULOS E VALORES MOBILIÁRIOS S.A.,25,0.0,38392151.05,92187108.74000001,113270401.91,146022208.68,169888880.62,0.0,169888880.62,False,0.22598389553153791,0.5426317979350285,0.6667322869903314,0.8595159856672202,0.08378989371734887,False
2026-06-30,46930133000168,BARDU 82 FUNDO DE INVESTIMENTO EM DIREITOS CREDITORIOS NAO PADRONIZADOS,Classe,77819800.06,PLANNER CORRETORA DE VALORES S.A.,8,0.0,38091061.57,66503061.83,67029693.03,67029693.03,70019695.66,0.0,70019695.66,False,0.5440049576188061,0.9497765050697166,0.9572976917163596,0.9572976917163596,0.35006736033403124,False
2026-06-30,54904072000192,COLISEU FUNDO DE INVESTIMENTO EM DIREITOS CREDITÓRIOS,Classe,73669773.82,QORE DISTRIBUIDORA DE TÍTULOS E VALORES MOBILIÁRIOS LTDA.,1,0.0,37718974.91,37718974.91,37718974.91,37718974.91,705344.84,0.0,705344.84,False,53.475935132665036,53.475935132665036,53.475935132665036,53.475935132665036,2859.6756383129987,True
2026-06-30,28279473000199,FUNDO DE INVESTIMENTO EM DIREITOS CREDITÓRIOS AUTO-HONDA,Classe,1844741719.62,BEM - DISTRIBUIDORA DE TITULOS E VALORES MOBILIARIOS LTDA.,24,0.0,37706710.05,148718020.39999998,248536687.83999997,456038685.73,1199658157.42,0.0,1199658157.42,False,0.03143121214721077,0.12396699799869225,0.2071729236389357,0.3801405282907946,0.006719206195366053,False
2026-06-30,55635126000124,VAIL III FUNDO DE INVESTIMENTO EM DIREITOS CREDITÓRIOS - RESPONSABILIDADE LIMITADA,Classe,107755465.56,QI CORRETORA DE TÍTULOS E VALORES MOBILIÁRIOS S.A.,14,0.0,37697232.29,102012060.41,104707498.58999999,105092545.82000001,105092545.82,0.0,105092545.82,False,0.35870510125967375,0.9706878790882449,0.9963361128327836,1.0000000000000002,0.3068793669026053,False
2026-06-30,37036039000179,GREEN LIFE ESG FUNDO DE INVESTIMENTO EM  DIREITOS CREDITÓRIOS,Classe,120767476.17,QI CORRETORA DE TÍTULOS E VALORES MOBILIÁRIOS S.A.,7,0.0,37512749.94,92802179.98,98746621.93,98746621.93,98746621.93,0.0,98746621.93,False,0.37988894411590324,0.9398010601900496,1.0,1.0,0.2316047704627942,False
2026-06-30,47239759000195,FUNDO DE INVESTIMENTO EM DIREITOS CREDITÓRIOS FRV23 RESPONSABILIDADE LIMITADA,Classe,88029600.36,ID CORRETORA DE TITULOS E VALORES MOBILIARIOS S.A.,25,0.0,37261536.91,72148960.33,85912869.17999999,88839954.89999998,74223236.79,0.0,74223236.79,False,0.5020198326222846,0.9720535434763002,1.1574928943488882,1.1969291389346854,0.32218235683959656,True
2026-06-30,34736673000126,BW GSS FUNDO DE INVESTIMENTO EM DIREITOS CREDITÓRIOS RESPONSABILIDADE LIMITADA,Classe,133467544.5,LIONS TRUST DISTRIBUIDORA DE TÍTULOS E VALORES MOBILIÁRIOS LTDA.,2,0.0,37245717.3,133245717.3,133245717.3,133245717.3,133245717.3,0.0,133245717.3,False,0.27952656231450973,1.0,1.0,1.0,0.5972170734497156,False
2026-06-30,64679924000149,MOZART FUNDO DE INVESTIMENTO EM DIREITOS CREDITÓRIOS,Classe,37871418.69,QI CORRETORA DE TÍTULOS E VALORES MOBILIÁRIOS S.A.,1,0.0,37170203.69,37170203.69,37170203.69,37170203.69,37170203.69,0.0,37170203.69,False,1.0,1.0,1.0,1.0,1.0,False
2026-06-30,41673514000195,CENTAURO FUNDO DE INVESTIMENTO EM DIREITOS CREDITÓRIOS RESPONSABILIDADE LIMITADA,Classe,85593035.46,ACTUAL DISTRIBUIDORA DE TITULOS E VALORES MOBILIARIOS S.A.,25,0.0,37107217.33,58425109.47,60735665.95,63572569.14,60009899.17,20022284.96,80032184.13,False,0.4636536879928832,0.7300201800702749,0.7588905214850096,0.7943375509624493,0.23730687242613174,False
2026-06-30,42358012000132,LONDRES FUNDO DE INVESTIMENTO EM DIREITOS CREDITÓRIOS NÃO PADRONIZADO,Classe,36602329.31,SEFER INVESTIMENTOS DISTRIBUIDORA DE TÍTULOS E VALORES MOBILIÁRIOS LTDA.,1,0.0,37065695.01,37065695.01,37065695.01,37065695.01,0.0,37065695.01,37065695.01,False,1.0,1.0,1.0,1.0,1.0,False
2026-06-30,48968438000194,LIFT IV FUNDO DE INVESTIMENTO EM DIREITOS CREDITÓRIOS,Classe,132473587.82,APEX DISTRIBUIDORA DE TÍTULOS E VALORES MOBILIÁRIOS S.A.,7,0.0,36860233.87,45311912.55,48320137.42999999,48320137.42999999,90725436.59,0.0,90725436.59,False,0.40628334517227144,0.4994400055055166,0.5325974638002013,0.5325974638002013,0.16851351859632294,False
2026-06-30,64756178000140,G5 FUNDO DE INVESTIMENTO EM DIREITOS CREDITÓRIOS DE INFRAESTRUTURA ALLOCATION,Classe,197909403.35,QI CORRETORA DE TÍTULOS E VALORES MOBILIÁRIOS S.A.,17,0.0,36546504.7,131584406.35,166487627.97000003,177862474.21,177862474.21,0.0,177862474.21,False,0.20547619649578247,0.7398098274211564,0.9360469582438742,1.0,0.13080184868643535,False
2026-06-30,54218941000125,CLOUDWALK BIG PICTURE II FUNDO DE INVESTIMENTO EM DIREITOS CREDITÓRIOS SEGMENTO MEIOS DE PAGAMENTO,Classe,301953274.03,BANCO GENIAL S.A.,21,0.0,36542283.34,162105953.39,231034657.84,266881348.37000003,266881348.37,0.0,266881348.37,False,0.13692333152236016,0.6074083272588195,0.865683043236492,1.0000000000000002,0.09112398444533358,False
2026-06-30,55325522000155,POLÍGONO MASTER PRO FUNDO DE INVESTIMENTO EM DIREITOS CREDITÓRIOS,Classe,227063726.01,BTG PACTUAL SERVIÇOS FINANCEIROS S/A DTVM,2,0.0,36335656.9,59860468.31,59860468.31,59860468.31,0.0,59814310.35,59814310.35,False,0.6074743098663846,1.0007716875732564,1.0007716875732564,1.0007716875732564,0.5237078644587421,False
2026-06-30,12167116000107,VIA INVEST FUNDO DE INVESTIMENTO EM DIREITOS CREDITÓRIOS MULTISSETORIAL RESPONSABILIDADE LIMITADA,Classe,376013947.71,QI CORRETORA DE TÍTULOS E VALORES MOBILIÁRIOS S.A.,25,0.0,36270081.53,134661773.29000002,194484520.27000004,246136691.56000003,148551103.04,201267337.1,349818440.14,False,0.1036825889323743,0.3849476123560192,0.5559584571704278,0.7036126839439747,0.03857694194337578,False
2026-06-30,19388423000159,FUNDO DE INVESTIMENTO EM DIREITOS CREDITÓRIOS IOX I,Classe,1021885945.83,QI CORRETORA DE TÍTULOS E VALORES MOBILIÁRIOS S.A.,25,0.0,35914487.06,124957694.63000001,191195539.95,346677353.8899999,124051471.93,760749983.99,884801455.9200001,False,0.04059044751758098,0.1412268185070642,0.2160886362367006,0.3918137245033478,0.007386141125015445,False
2026-06-30,61135235000185,AURA FUNDO DE INVESTIMENTO EM DIREITOS CREDITÓRIOS - RESPONSABILIDADE LIMITADA,Classe,56425378.94,APEX GROUP DISTRIBUIDORA DE TÍTULOS E VALORES MOBILIÁRIOS S.A.,7,0.0,35899265.82,51097096.1,51562684.75,51562684.75,51562684.62,0.0,51562684.62,False,0.6962256927575778,0.9909704367910392,1.0000000025212032,1.0000000025212032,0.5226932659125602,False
2026-06-30,64447452000107,JIVEMAUÁ BOSSANOVA SECURITIZADO MASTER II FIDC CRED PRIV RESP LIMITADA,Classe,209409610.98,BANCO DAYCOVAL S.A.,6,0.0,35878966.89,116086682.71000001,118953983.53,118953983.53,118953983.53,0.0,118953983.53,False,0.3016205580114211,0.9758957141668412,1.0,1.0,0.2518398310053161,False
2026-06-30,64013807000141,REDWOOD HIGH YIELD CP FUNDO DE INVESTIMENTO EM DIREITOS CREDITÓRIOS RESPONSABILIDADE LIMITADA,Classe,47343845.41,PLANNER CORRETORA DE VALORES S.A.,1,0.0,35845394.54,35845394.54,35845394.54,35845394.54,35777017.51,0.0,35777017.51,False,1.0019111998360648,1.0019111998360648,1.0019111998360648,1.0019111998360648,1.003826052356943,False
2026-06-30,37569593000111,MJC FUNDO DE INVESTIMENTO EM DIREITOS CREDITÓRIOS CLASSE ÚNICA FECHADA,Classe,35330338.66,PLANNER CORRETORA DE VALORES S.A.,1,0.0,35632440.26,35632440.26,35632440.26,35632440.26,22082168.46,0.0,22082168.46,False,1.6136295819201443,1.6136295819201443,1.6136295819201443,1.6136295819201443,2.6038004276477795,True
2026-06-30,33823914000101,CROWN FUNDO DE INVESTIMENTO EM DIREITOS CREDITÓRIOS NÃO PADRONIZADOS,Classe,54752750.04,QI CORRETORA DE TÍTULOS E VALORES MOBILIÁRIOS S.A.,25,0.0,35481459.63,39603810.5,42295866.75000001,46639202.72000002,49538762.78,0.0,49538762.78,False,0.7162362892987858,0.799450940587257,0.8537933605212255,0.941468864031247,0.5160818011121238,False
2026-06-30,32510577000130,MULTIPLICA LONG TERM LONGO PRAZO FUNDO DE INVESTIMENTO EM DIREITOS CREDITÓRIOS,Classe,387912834.57,QI CORRETORA DE TÍTULOS E VALORES MOBILIÁRIOS S.A.,25,0.0,35432019.98,140973150.72,219809444.93999997,309075247.78000003,318851766.45,721893.84,319573660.28999996,False,0.11087277952709523,0.441128817037276,0.687820907206595,0.9671486927287029,0.059141544456605744,False
2026-06-30,32321312000193,211 FUNDO DE INVESTIMENTO EM DIREITOS CREDITÓRIOS DE RESPONSABILIDADE LIMITADA,Classe,88091733.52,BANCO DAYCOVAL S.A.,13,0.0,35377175.39,72035119.53999999,77995309.71000001,79394292.89000002,29898172.63,49496120.26,79394292.89,False,0.445588393097911,0.9073085346298623,0.9823792979435151,1.0000000000000002,0.3092027992856189,False
2026-06-30,55122381000173,FUTURO CAPITAL FUNDO DE INVESTIMENTO EM DIREITOS CREDITÓRIOS DE RESPONSABILIDADE LIMITADA,Classe,74029724.67,CATÁLISE DISTRIBUIDORA DE TITULOS E VALORES MOBILIARIOS LTDA.,25,0.0,35369088.74,59752338.239999995,66737014.70999999,68719279.13,71548013.34,0.0,71548013.34,False,0.4943406125327924,0.8351362316107042,0.9327584595935895,0.9604638329151404,0.27709365139811615,False
2026-06-30,24504464000101,IOX II FUNDO DE  INVESTIMENTO EM DIREITOS CREDITÓRIOS DE  RESPONSABILIDADE LIMITADA,Classe,1893430371.86,QI CORRETORA DE TÍTULOS E VALORES MOBILIÁRIOS S.A.,25,0.0,35076693.04,144020628.78,239200084.79999998,437371012.65000004,303983892.31,1301591159.83,1605575052.1399999,False,0.021846809959614053,0.08970034044066721,0.14898094267295744,0.272407703437499,0.003380694469731423,False
2026-06-30,56973257000184,DOMUS OCTANTE I FUNDO DE INVESTIMENTO EM DIREITOS CREDITÓRIOS DE RESPONSABILIDADE LIMITADA,Classe,112201745.85,BANCO DAYCOVAL S.A.,24,0.0,35047780.34,77205316.7,98910064.71000001,108246346.42000002,108514023.28,0.0,108514023.28,False,0.32297927291448597,0.7114777829293659,0.911495691711487,0.9975332509853653,0.15454010181296346,False
2026-06-30,40676423000140,ADJUD I FUNDO DE INVESTIMENTOS EM DIREITOS CREDITÓRIOS,Classe,49075557.94,APEX GROUP DISTRIBUIDORA DE TÍTULOS E VALORES MOBILIÁRIOS S.A.,6,0.0,34825028.71,48056157.05,48199425.129999995,48199425.129999995,48198111.48,0.0,48198111.48,False,0.7225392788356612,0.9970547719476747,1.0000272552172618,1.0000272552172618,0.5795121780342232,False
2026-06-30,53337453000174,CM ESTADUAL II FUNDO DE INVESTIMENTO EM DIREITOS CREDITÓRIOS - RESPONSABILIDADE LIMITADA,Classe,73640952.96,QI CORRETORA DE TÍTULOS E VALORES MOBILIÁRIOS S.A.,9,0.0,34744668.96,72948676.7,73359754.88000001,73359754.88000001,73335079.65,0.0,73335079.65,False,0.47377965805482014,0.9947309943366237,1.0003364723965362,1.0003364723965362,0.4476570518515516,False
2026-06-30,56264671000114,ORIZ ALBRIGHT FUNDO DE INVESTIMENTO EM DIREITOS CREDITÓRIOS DE RESPONSABILIDADE LIMITADA,Classe,81402095.95,BANCO DAYCOVAL S.A.,3,0.0,34568999.7,74778255.56,74778255.56,74778255.56,74778255.56,0.0,74778255.56,False,0.4622867896705988,1.0,1.0,1.0,0.4178621653585326,False
2026-06-30,61286809000116,HESTIA FUNDO DE INVESTIMENTO EM DIREITOS CREDITÓRIOS DE RESPONSABILIDADE LIMITADA,Classe,34231972.81,PLANNER CORRETORA DE VALORES S.A.,1,0.0,34441609.88,34441609.88,34441609.88,34441609.88,34441609.88,0.0,34441609.88,False,1.0,1.0,1.0,1.0,1.0,False
2026-06-30,50118274000158,ATIVA FUNDO DE INVESTIMENTO EM DIREITOS CREDITÓRIOS NÃO PADRONIZADO,Classe,113497571.8,LIMINE TRUST DISTRIBUIDORA DE TITULOS E VALORES MOBILIARIOS LTDA.,25,0.0,34392082.9,58734865.35999999,67560357.14,77478510.91,52227894.48,25409680.38,77637574.86,False,0.4429824471207085,0.7565262756585799,0.8702017967695185,0.9979511988842151,0.23390211091926874,False
2026-06-30,25382606000160,URA FIAGRO RESPONSABILIDADE LIMITADA,Classe,655903885.92,QI CORRETORA DE TÍTULOS E VALORES MOBILIÁRIOS S.A.,25,0.0,34364800.56,150394949.61,260469130.46,477049137.53999996,105355644.57,427971644.66,533327289.23,False,0.06443473126907634,0.28199372626728925,0.48838515433188606,0.8944772697244641,0.036159642026428684,False
2026-06-30,57786054000141,SUCCESSUS FUNDO DE INVESTIMENTO EM DIREITOS CREDITÓRIOS,Classe,35115709.85,PLANNER CORRETORA DE VALORES S.A.,1,0.0,34205404.89,34205404.89,34205404.89,34205404.89,34205404.89,0.0,34205404.89,False,1.0,1.0,1.0,1.0,1.0,False
2026-06-30,32528241000102,DANIELE MÚLTIPLO FUNDO DE INVESTIMENTO EM DIREITOS CREDITÓRIOS,Classe,672100372.1,HEMERA DISTRIBUIDORA DE TITULOS E VALORES MOBILIARIOS LTDA,25,0.0,33932914.68,139477163.81,226839672.57999998,384069234.84,150959880.97,450568779.36,601528660.33,False,0.056411135358678206,0.23187118587746508,0.37710534433314485,0.6384886708960779,0.020114145561681732,False
2026-06-30,32302284000167,SOLIS WAREHOUSE FUNDO DE INVESTIMENTO EM DIREITOS CREDITÓRIOS MULTISSETORIAL - RESPONSABILIDADE LIMI,Classe,217280481.48,HEMERA DISTRIBUIDORA DE TITULOS E VALORES MOBILIARIOS LTDA,25,0.0,33927944.41,111690386.7,143602531.67,190194000.36,130899886.35,85017678.14,215917564.49,False,0.15713378617500723,0.5172825423620079,0.6650803606885385,0.8808639575443555,0.0701071107576327,False
2026-06-30,62966067000132,FIDUCIA FUNDO DE INVESTIMENTO EM DIREITOS CREDITÓRIOS CRÉDITO CORPORATIVO,Classe,34511553.0,AZUMI DISTRIBUIDORA DE TÍTULOS E VALORES MOBILIÁRIOS LTDA.,1,0.0,33846193.4,33846193.4,33846193.4,33846193.4,33846193.4,0.0,33846193.4,False,1.0,1.0,1.0,1.0,1.0,False
2026-06-30,52112338000139,FIZZ CARD FUNDO  DE INVESTIMENTO EM DIREITOS CREDITÓRIOS NÃO-PADRONIZADOS RESPONSABILIDADE LIMITADA,Classe,44071975.7,ID CORRETORA DE TITULOS E VALORES MOBILIARIOS S.A.,25,0.0,33600720.94,44390851.4,44440916.449999996,44511187.260000005,329461.64,38993518.64,39322980.28,False,0.8544805276900542,1.128878103437586,1.1301512788084127,1.1319382951916992,0.8014424334325124,True
2026-06-30,47463370000129,ÍMPAR II FUNDO DE INVESTIMENTO EM DIREITOS CREDITÓRIOS NÃO PADRONIZADO,Classe,47315500.99,QI CORRETORA DE TÍTULOS E VALORES MOBILIÁRIOS S.A.,16,0.0,33367844.67,40842579.17,42535089.339999996,43062756.03999999,43062756.04,0.0,43062756.04,False,0.7748655157836479,0.9484432239325852,0.9877465645833289,0.9999999999999998,0.611888410303004,False
2026-06-30,55395204000160,MATRI INFINITY FUNDO DE INVESTIMENTO EM DIREITOS CREDITÓRIOS,Classe,47187887.04,QI CORRETORA DE TÍTULOS E VALORES MOBILIÁRIOS S.A.,25,0.0,33351873.61,35742869.56,37423514.0,40120693.69999999,46592833.71,0.0,46592833.71,False,0.7158155225669789,0.7671323401892313,0.8032032186093023,0.8610915135515588,0.5135862428248525,False
2026-06-30,54681307000124,QUATTUOR FUNDO DE INVESTIMENTO EM DIREITOS CREDITÓRIOS,Classe,84772900.87,QI CORRETORA DE TÍTULOS E VALORES MOBILIÁRIOS S.A.,25,0.0,33287668.48,55793257.8,65971051.21,71815685.57,2623505.08,68781215.82,71404720.89999999,False,0.4661830206803596,0.78136651326089,0.9239032150603926,1.0057554271597189,0.2519040292268283,False
2026-06-30,46231978000165,CASA DO PRECATÓRIO I FUNDO DE INVESTIMENTO EM DIREITOS CREDITÓRIOS PODER PÚBLICO RL,Classe,62788722.52,QI CORRETORA DE TÍTULOS E VALORES MOBILIÁRIOS S.A.,9,0.0,33155191.9,52543390.029999994,53088990.599999994,53088990.599999994,53088990.6,0.0,53088990.6,False,0.6245210452353185,0.989722905562269,0.9999999999999999,0.9999999999999999,0.5010762597789172,False
2026-06-30,53205572000173,PEDRA AZUL FUNDO DE INVESTIMENTO EM DIREITOS CREDITÓRIOS,Classe,88186237.07,PLANNER CORRETORA DE VALORES S.A.,24,0.0,33138037.0,93035581.14999999,125665562.80999999,134463220.20999998,91985996.89,0.0,91985996.89,False,0.3602508873130722,1.0114102612950437,1.3661379672851202,1.4617792354938077,0.2701501107901425,True
2026-06-30,14788370000140,FUNDO DE INVESTIMENTO EM DIREITOS CREDITÓRIOS HUNGRIA,Classe,5387503.68,APEX GROUP DISTRIBUIDORA DE TÍTULOS E VALORES MOBILIÁRIOS S.A.,11,0.0,32904908.47,117067027.35,176699533.22,179359687.89,0.0,0.0,0.0,True,,,,,,
2026-06-30,63670619000123,ANTENA MULTI TELE INFRA FIDC,Classe,34263412.36,FIDD DISTRIBUIDORA DE TITULOS E VALORES MOBILIARIOS LTDA.,2,0.0,32895610.48,34431793.92,34431793.92,34431793.92,34431793.92,0.0,34431793.92,False,0.9553847399421238,1.0,1.0,1.0,0.9147505227443115,False
2026-06-30,32024768000191,GFS EXCELÊNCIA FUNDO DE INVESTIMENTO EM DIREITOS CREDITÓRIOS NÃO PADRONIZADO,Classe,160025366.37,PLANNER CORRETORA DE VALORES S.A.,24,0.0,32878342.42,96957263.11999999,116686816.90999998,125424890.39999998,75485521.56,0.0,75485521.56,False,0.4355582599222886,1.2844484758965742,1.545817191145072,1.661575462525028,0.4263534651593428,True
2026-06-30,55790739000136,PAZ FUNDO DE INVESTIMENTO EM DIREITOS CREDITÓRIOS RESPONSABILIDADE LIMITADA,Classe,5077316.63,QI CORRETORA DE TÍTULOS E VALORES MOBILIÁRIOS S.A.,1,0.0,32700000.0,32700000.0,32700000.0,32700000.0,32700000.0,0.0,32700000.0,False,1.0,1.0,1.0,1.0,1.0,False
2026-06-30,56213199000190,FUNDO DE INVESTIMENTO EM DIREITOS CREDITÓRIOS UNIBLUE INVESTCOOP,Classe,37484275.42,BTG PACTUAL SERVIÇOS FINANCEIROS S/A DTVM,13,0.0,32494842.32,59233509.93,63087559.34,63644784.34,0.0,34453087.8,34453087.8,False,0.9431619745850472,1.7192511241329145,1.8311148105569803,1.8472882520561773,1.107144961336762,True
2026-06-30,33554498000193,LATACHE HIGH YIELD FUNDO DE INVESTIMENTO EM DIREITOS CREDITÓRIOS NÃO PADRONIZADOS FIDC NP,Classe,317361753.43,APEX GROUP DISTRIBUIDORA DE TÍTULOS E VALORES MOBILIÁRIOS S.A.,4,0.0,32479860.71,39332822.95,39332822.95,39332822.95,234605539.06,0.0,234605539.06,False,0.13844456034643465,0.16765513341072777,0.16765513341072777,0.16765513341072777,0.019480166877439278,False
2026-06-30,51051312000165,SSG FUNDO DE INVESTIMENTO EM DIREITOS CREDITÓRIOS,Classe,98371843.0,BANCO DAYCOVAL S.A.,7,0.0,32391673.56,90603693.05,92682796.21999998,92682796.21999998,92682796.22,0.0,92682796.22,False,0.3494896019657444,0.9775675394485849,0.9999999999999999,0.9999999999999999,0.25619057359236114,False
2026-06-30,35138041000123,BC CONSÓRCIO FUNDO DE INVESTIMENTO EM DIREITOS CREDITÓRIOS,Classe,93196528.13,APEX GROUP DISTRIBUIDORA DE TÍTULOS E VALORES MOBILIÁRIOS S.A.,8,0.0,32373111.59,87130348.81,90591229.92,90591229.92,90376362.93,0.0,90376362.93,False,0.35820330162073716,0.9640833729665115,1.0023774688760867,1.0023774688760867,0.24792023243536476,False
2026-06-30,59509925000105,CERRADO FUNDO DE INVESTIMENTOS EM DIREITOS CREDITÓRIOS MULTISSETORIAL,Classe,33701164.03,PLANNER CORRETORA DE VALORES S.A.,1,0.0,32297750.28,32297750.28,32297750.28,32297750.28,32369647.96,0.0,32369647.96,False,0.997778855053078,0.997778855053078,0.997778855053078,0.997778855053078,0.9955626435910311,False
2026-06-30,51226491000124,WL3 FUNDO DE INVESTIMENTO EM DIREITOS CREDITÓRIOS,Classe,6422747.04,PLANNER CORRETORA DE VALORES S.A.,2,0.0,32243516.98,48473768.57,48473768.57,48473768.57,21613221.84,0.0,21613221.84,False,1.4918422259621797,2.242783094942776,2.242783094942776,2.242783094942776,2.7895054158691246,True
2026-06-30,65095860000100,VICENZA FUNDO DE INVESTIMENTO EM DIREITOS CREDITÓRIOS,Classe,17857263.0,PLANNER CORRETORA DE VALORES S.A.,1,0.0,32042105.05,32042105.05,32042105.05,32042105.05,32042105.05,0.0,32042105.05,False,1.0,1.0,1.0,1.0,1.0,False
2026-06-30,60487508000198,MOAB FUNDO DE INVESTIMENTO EM DIREITOS CREDITÓRIOS SEGMENTO RECEBÍVEIS COMERCIAIS,Classe,914908738.26,BEM - DISTRIBUIDORA DE TITULOS E VALORES MOBILIARIOS LTDA.,24,0.0,32038150.57,104327158.17,174539396.39999998,301097668.68,853577232.83,0.0,853577232.83,False,0.037533979747537125,0.12222345460657101,0.20447991076486638,0.352748008146519,0.006243186523832013,False
2026-06-30,48979218000166,BRASIL SPECIAL SITUATIONS I FUNDO DE INVESTIMENTO EM DIREITOS CREDITORIOS,Classe,28451851.08,PLANNER CORRETORA DE VALORES S.A.,1,0.0,31986000.0,31986000.0,31986000.0,31986000.0,31986000.0,0.0,31986000.0,False,1.0,1.0,1.0,1.0,1.0,False
2026-06-30,52532399000155,VERGINIA FUNDO DE INVESTIMENTO EM DIREITOS CREDITÓRIOS,Classe,32036260.86,CATÁLISE DISTRIBUIDORA DE TITULOS E VALORES MOBILIARIOS LTDA.,4,0.0,31869627.16,32718794.279999997,32718794.279999997,32718794.279999997,32559389.9,0.0,32559389.9,False,0.9788152437094653,1.0048958036526354,1.0048958036526354,1.0048958036526354,0.9587312474149422,False
2026-06-30,13990000000128,FUNDO DE INVESTIMENTO EM DIREITOS CREDITÓRIOS MULTISETORIAL ITÁLIA,Classe,37584697.62,APEX GROUP DISTRIBUIDORA DE TÍTULOS E VALORES MOBILIÁRIOS S.A.,12,0.0,31796567.49,143072208.8,219693320.11999997,223209922.17,14695744.29,0.0,14695744.29,False,2.1636581899180554,9.735621821982589,14.949451744985417,15.188745650799563,25.140594801307508,True
2026-06-30,60401316000117,NAPOLI FUNDO DE INVESTIMENTO EM DIREITOS CREDITÓRIOS,Classe,33877309.58,QI CORRETORA DE TÍTULOS E VALORES MOBILIÁRIOS S.A.,5,0.0,31786621.46,33104306.910000004,33104306.910000004,33104306.910000004,31600820.94,1503485.96,33104306.900000002,False,0.9601959514216563,1.0000000003020755,1.0000000003020755,1.0000000003020755,0.9231451520804862,False
2026-06-30,53390769000120,CONFIANÇA CONDOMÍNIO GARANTIDO FUNDO DE INVESTIMENTO EM DIREITOS CREDITÓRIOS,Classe,31933114.81,QI CORRETORA DE TÍTULOS E VALORES MOBILIÁRIOS S.A.,2,0.0,31623599.37,31639899.18,31639899.18,31639899.18,16299.81,31623599.55,31639899.36,False,0.999484828007367,0.9999999943109806,0.9999999943109806,0.9999999943109806,0.9989701868132363,False
2026-06-30,29469420000101,MULTIPLIKE FUNDO DE INVESTIMENTO EM DIREITOS CREDITÓRIOS - RESPONSABILIDADE LIMITADA,Classe,1178965486.16,QI CORRETORA DE TÍTULOS E VALORES MOBILIÁRIOS S.A.,25,0.0,31589404.13,104406155.24,176006230.29,325278069.88,75115206.2,1069579900.36,1144695106.56,False,0.027596347664079247,0.09120870233625611,0.15375817480248355,0.284161317730723,0.003711043640894652,False
2026-06-30,48963423000133,PINTIA FUNDO DE INVESTIMENTO EM DIREITOS CREDITÓRIOS NÃO PADRONIZADOS,Classe,31376331.79,"MASTER S/A CORRETORA DE CAMBIO, TITULOS E VALORES MOBILIARIOS",2,0.0,31581737.23,36717186.6,36717186.6,36717186.6,31581737.23,0.0,31581737.23,False,1.0,1.1626081976618359,1.1626081976618359,1.1626081976618359,1.0264414259468306,True
2026-06-30,64168221000156,PAIOL FUNDO DE INVESTIMENTO EM DIREITOS  CREDITÓRIOS,Classe,52298604.2,QI CORRETORA DE TÍTULOS E VALORES MOBILIÁRIOS S.A.,4,0.0,31459272.85,51881584.14000001,51881584.14000001,51881584.14000001,0.0,51881584.33,51881584.33,False,0.6063668497457391,0.9999999963378144,0.9999999963378144,0.9999999963378144,0.41958801959044834,False
2026-06-30,38314763000180,SOMA III FUNDO DE INVESTIMENTO EM DIREITOS CREDITÓRIOS RESPONSABILIDADE LIMITADA,Classe,2464460565.77,GENIAL INVESTIMENTOS CORRETORA DE VALORES MOBILIÁRIOS S.A.,24,0.0,31371730.22,119200963.02999999,173516800.29999998,256215238.06,2274812019.32,0.0,2274812019.32,False,0.013790911052675823,0.052400357487838584,0.07627742372834333,0.11263138926819515,0.0008057142245230225,False
2026-06-30,60300116000178,ACCRÉDITO FUNDO DE INVESTIMENTO EM DIREITOS CREDITÓRIOS RESPONSABILIDADE LIMITADA,Classe,35698925.51,PLANNER CORRETORA DE VALORES S.A.,1,0.0,31330062.05,31330062.05,31330062.05,31330062.05,32781332.72,0.0,32781332.72,False,0.9557287471380145,0.9557287471380145,0.9557287471380145,0.9557287471380145,0.913417438105999,False
2026-06-30,44395590000174,ELITE FUNDO DE INVESTIMENTO EM DIREITOS  CREDITÓRIOS - NÃO PADRONIZADOS,Classe,105707723.35,QI CORRETORA DE TÍTULOS E VALORES MOBILIÁRIOS S.A.,25,0.0,31311796.4,54439912.46,64408538.74,77262700.61000001,74633302.88,18904033.2,93537336.08,False,0.3347518511027495,0.5820126458747873,0.6885864130758769,0.8260092049651626,0.1361440152016614,False
2026-06-30,56806240000132,FUNDO DE INVESTIMENTO EM DIREITOS CREDITÓRIOS EXT WARREN I DE RESPONSABILIDADE LIMITADA,Classe,32030120.6,BANCO DAYCOVAL S.A.,1,0.0,31302286.5,31302286.5,31302286.5,31302286.5,31302286.5,0.0,31302286.5,False,1.0,1.0,1.0,1.0,1.0,False
2026-06-30,56006480000152,RHODES FUNDO DE INVESTIMENTO EM  DIREITOS CREDITÓRIOS,Classe,653885.92,QORE DISTRIBUIDORA DE TÍTULOS E VALORES MOBILIÁRIOS LTDA.,2,0.0,31183361.38,33568089.94,33568089.94,33568089.94,627723.3,0.0,627723.3,False,49.67692194952776,53.47593428505839,53.47593428505839,53.47593428505839,2482.2290691049866,True
2026-06-30,23216640000139,JC SILOS FUNDO DE INVESTIMENTO EM DIREITOS CREDITÓRIOS NÃO-PADRONIZADO,Classe,32276336.16,QI CORRETORA DE TÍTULOS E VALORES MOBILIÁRIOS S.A.,1,0.0,31163633.97,31163633.97,31163633.97,31163633.97,31163633.97,0.0,31163633.97,False,1.0,1.0,1.0,1.0,1.0,False
2026-06-30,50292336000143,SPECIAL SITUATIONS III FUNDO DE INVESTIMENTO EM DIREITOS CREDITÓRIOS,Classe,33156140.62,BNY MELLON SERVICOS FINANCEIROS DTVM S.A.,2,0.0,31038978.78,31043978.78,31043978.78,31043978.78,31043978.78,0.0,31043978.78,False,0.9998389381710562,1.0,1.0,1.0,0.9996779282239379,False
2026-06-30,37120828000193,G5 SPECIAL F FUNDO DE INVESTIMENTO EM DIREITOS CREDITÓRIOS,Classe,706366188.04,QI CORRETORA DE TÍTULOS E VALORES MOBILIÁRIOS S.A.,15,0.0,30995201.39,103632999.41,130030852.85,134342739.32,134342739.32,0.0,134342739.32,False,0.2307173543347992,0.7714075203063233,0.9679038369187245,1.0,0.1387387791408655,False
2026-06-30,52307401000192,FUNDO DE INVESTIMENTO EM DIREITOS CREDITÓRIOS HNDI FORNECEDORES - RESPONSABILIDADE LIMITADA,Classe,95206965.14,QI CORRETORA DE TÍTULOS E VALORES MOBILIÁRIOS S.A.,25,0.0,30830888.05,56698390.07,69366622.06,82079823.88000001,90267899.47,0.0,90267899.47,False,0.3415487480158599,0.6281124342418467,0.7684528217370737,0.9092913910916777,0.14476638111966883,False
2026-06-30,54639537000125,GAVEA REAL FUNDO DE INVESTIMENTO EM DIREITOS CREDITÓRIOS,Classe,401726080.07,QI CORRETORA DE TÍTULOS E VALORES MOBILIÁRIOS S.A.,25,0.0,30821147.64,133863084.44999999,227485113.6,366943703.79,65506702.34,333269403.32,398776105.65999997,False,0.07728935410758633,0.3356848179969259,0.5704582355141303,0.9201747511493567,0.04300773970837192,False
2026-06-30,54591932000185,CLÁSSICO FUNDO DE INVESTIMENTO EM DIREITOS CREDITÓRIOS NÃO-PADRONIZADOS,Classe,146593727.9,QI CORRETORA DE TÍTULOS E VALORES MOBILIÁRIOS S.A.,25,0.0,30810887.09,66367726.580000006,76150461.39999999,88004594.14999998,91214811.92,0.0,91214811.92,False,0.3377838142890949,0.727598129985817,0.834847540625176,0.9648059596634859,0.1736755527920417,False
2026-06-30,13842701000110,NEW TRADE BANK FUNDO DE INVESTIMENTO EM DIREITOS CREDITÓRIOS,Classe,205402109.63,QI CORRETORA DE TÍTULOS E VALORES MOBILIÁRIOS S.A.,25,0.0,30690369.09,78961086.25,120551282.44,183121536.88,4253816.08,192469263.29,196723079.37,False,0.15600797419542753,0.40138191463284634,0.6127968453221757,0.9308594470279818,0.05584908260349799,False
2026-06-30,54618084000150,BONTEMPO FUNDO DE INVESTIMENTO EM DIREITOS CREDITÓRIOS DE RESPONSABILIDADE LIMITADA,Classe,65178265.14,CATÁLISE DISTRIBUIDORA DE TITULOS E VALORES MOBILIARIOS LTDA.,25,0.0,30563279.4,37826895.88999999,41606365.72999999,48530257.40999999,61221977.7,0.0,61221977.7,False,0.49922071367518067,0.6178646510793785,0.6795985247957775,0.7926933959534598,0.2553576824653466,False
2026-06-30,41195699000170,MILENIO WAREHOUSE FUNDO DE  INVESTIMENTO EM DIREITOS CREDITÓRIOS,Classe,98679165.68,QI CORRETORA DE TÍTULOS E VALORES MOBILIÁRIOS S.A.,25,0.0,30484543.17,65855719.62000001,66295064.320000015,66739494.01000001,92563466.38,0.0,92563466.38,False,0.32933666339646434,0.711465572709249,0.7162119885165003,0.7210133394963294,0.20174230156756248,False
2026-06-30,54019802000172,LOTTE WORD FUNDO DE INVESTIMENTO EM DIREITOS CREDITÓRIOS,Classe,73035498.42,QORE DISTRIBUIDORA DE TÍTULOS E VALORES MOBILIÁRIOS LTDA.,5,0.0,30471022.93,72447589.8,72447589.8,72447589.8,72447589.8,0.0,72447589.8,False,0.42059401857423834,1.0,1.0,1.0,0.3076721150520176,False
2026-06-30,56886293000100,ATHENAS FUNDO DE INVESTIMENTO EM DIREITOS CREDITÓRIOS,Classe,48352562.34,ACTUAL DISTRIBUIDORA DE TITULOS E VALORES MOBILIARIOS S.A.,25,0.0,30455889.04,33249582.77,34333338.25999999,36618736.41999998,17476469.28,26409069.71,43885538.99,False,0.6939846186448763,0.7576432586956817,0.7823383066532092,0.834414644613209,0.4833283071130272,False
2026-06-30,57041943000180,CREDICAN FUNDO DE INVESTIMENTO EM DIREITOS CREDITÓRIOS  RESPONSABILIDADE LIMITADA,Classe,30480975.56,ID CORRETORA DE TITULOS E VALORES MOBILIARIOS S.A.,1,0.0,30423712.26,30423712.26,30423712.26,30423712.26,30423712.26,0.0,30423712.26,False,1.0,1.0,1.0,1.0,1.0,False
2026-06-30,26756137000164,BASSO FUNDO DE INVESTIMENTO EM DIREITOS CREDITORIOS,Classe,603633491.31,QI CORRETORA DE TÍTULOS E VALORES MOBILIÁRIOS S.A.,25,0.0,30369006.09,97475459.38000001,159494198.66000003,265418634.13999996,42789442.82,546206199.88,588995642.7,False,0.05156066342152585,0.16549436415720364,0.27079011642406503,0.45062919807572954,0.010462058008791603,False
2026-06-30,62967950000147,MAGGIORE FUNDO DE INVESTIMENTO EM DIREITOS CREDITÓRIOS CRÉDITO CORPORATIVO,Classe,34167223.08,AZUMI DISTRIBUIDORA DE TÍTULOS E VALORES MOBILIÁRIOS LTDA.,2,0.0,30277647.42,33423330.26,33423330.26,33423330.26,3145682.84,30277647.42,33423330.26,False,0.9058836203475314,1.0,1.0,1.0,0.8294830265328381,False
2026-06-30,53073677000116,ALBAREDO FUNDO DE INVESTIMENTO EM DIREITOS CREDITÓRIOS RESPONSABILIDADE ILIMITADA,Classe,59040477.81,CATÁLISE DISTRIBUIDORA DE TITULOS E VALORES MOBILIARIOS LTDA.,25,0.0,30205886.57,42967196.849999994,45110557.129999995,46749832.06999999,52640372.18,1861561.51,54501933.69,False,0.5542167869090151,0.788360961546647,0.8276872777869324,0.8577646498912688,0.3426866210699611,False
2026-06-30,45938235000167,MAKENA FUNDO DE INVESTIMENTO EM DIREITOS CREDITÓRIOS,Classe,643719944.74,LIMINE TRUST DISTRIBUIDORA DE TITULOS E VALORES MOBILIARIOS LTDA.,25,0.0,30113432.41,112012135.13999999,139966762.32999998,185216897.13,34782463.64,528812721.28,563595184.92,False,0.05343096111489043,0.19874572767313414,0.24834627064790785,0.32863463366226375,0.009417708708971196,False
2026-06-30,08756222000140,FUNDO DE INVESTIMENTO EM DIREITOS CREDITORIOS MULTISSETORIAL TRADEMAX RESPONSABILIDADE LIMITADA,Classe,332410774.37,QI CORRETORA DE TÍTULOS E VALORES MOBILIÁRIOS S.A.,25,0.0,30061435.0,107281267.82,148369271.12,204575953.80999997,35518534.35,265683202.1,301201736.45,False,0.0998049857026314,0.3561774546336617,0.4925910217806117,0.6791991182426663,0.034789791381940875,False
2026-06-30,24069733000140,MEG - FUNDO DE INVESTIMENTO EM DIREITOS CREDITÓRIOS,Classe,933195240.21,TRUSTEE DISTRIBUIDORA DE TITULOS E VALORES MOBILIARIOS LTDA.,13,0.0,30009338.01,173563866.39999998,395291594.35,936768320.01,936768320.02,0.0,936768320.02,False,0.032034962507441866,0.18527939373130636,0.4219737003291919,0.999999999989325,0.2436746505646598,False
2026-06-30,32316940000180,FINANZI FUNDO DE INVESTIMENTO EM DIREITOS CREDITÓRIOS NÃO PADRONIZADOS,Classe,183539705.5,QI CORRETORA DE TÍTULOS E VALORES MOBILIÁRIOS S.A.,25,0.0,30002663.25,58101827.57,71976574.64999999,91709659.63000001,43502417.23,129087254.47,172589671.7,False,0.17383811530826385,0.33664718750374684,0.4170387135048939,0.5313739734635582,0.040159475276066246,False
2026-06-30,10740479000156,FUNDO DE INVESTIMENTO EM DIREITOS CREDITÓRIOS CAIXA HABITAÇÃO,Classe,2653417.61,CAIXA ECONOMICA FEDERAL,4,0.0,29977639.29,52672329.05,52672329.05,52672329.05,0.0,0.0,0.0,True,,,,,,
2026-06-30,24270499000115,SÃO LUÍS FUNDO DE INVESTIMENTO EM DIREITOS CREDITÓRIOS,Classe,39953760.29,PLANNER CORRETORA DE VALORES S.A.,1,0.0,29939712.17,29939712.17,29939712.17,29939712.17,27013656.45,0.0,27013656.45,False,1.1083176476096779,1.1083176476096779,1.1083176476096779,1.1083176476096779,1.2283680080030503,True
2026-06-30,36672404000179,FUNDO DE INVESTIMENTO EM DIREITOS CREDITÓRIOS CRÉDITOS NÃO PADRONIZADOS I RESPONSABILIDADE LIMITADA,Classe,891514870.24,BTG PACTUAL SERVIÇOS FINANCEIROS S/A DTVM,25,0.0,29893489.94,76110784.03000002,104229244.09,158709864.83,0.0,0.0,0.0,True,,,,,,
2026-06-30,59717706000111,SILVER BIRD FUNDO DE INVESTIMENTO EM DIREITOS CREDITÓRIOS,Classe,29908601.68,PLANNER CORRETORA DE VALORES S.A.,1,0.0,29865820.34,29865820.34,29865820.34,29865820.34,29865820.34,0.0,29865820.34,False,1.0,1.0,1.0,1.0,1.0,False
2026-06-30,65470525000136,DHT GROWTH CAPITAL FUNDO DE INVESTIMENTO EM DIREITOS CREDITÓRIOS CRÉDITO CORPORATIVO,Classe,30876769.77,AZUMI DISTRIBUIDORA DE TÍTULOS E VALORES MOBILIÁRIOS LTDA.,1,0.0,29847133.4,29847133.4,29847133.4,29847133.4,0.0,29847133.4,29847133.4,False,1.0,1.0,1.0,1.0,1.0,False
2026-06-30,52651831000127,HYUNDAI FUNDO DE INVESTIMENTO EM DIREITOS CREDITÓRIOS,Classe,2187326043.42,S3 CACEIS BRASIL DISTRIBUIDORA DE TITULOS E VALORES MOBILIARIOS S.A,24,0.0,29712764.02,125476605.88000001,234308992.58,448681942.75999993,1640907151.97,0.0,1640907151.97,False,0.018107523015137194,0.07646782801169365,0.14279235257077103,0.2734353020652828,0.00329673926461126,False
2026-06-30,63821288000185,EXANTE - CG CRÉDITOS PRIVADOS AUTO I - FUNDO DE INVESTIMENTO EM DIREITOS CREDITÓRIOS,Classe,31574073.93,PLANNER CORRETORA DE VALORES S.A.,1,0.0,29614078.12,29614078.12,29614078.12,29614078.12,29614078.12,0.0,29614078.12,False,1.0,1.0,1.0,1.0,1.0,False
2026-06-30,56348388000170,JUSTOO CRÉDITO JUDICIAL PRIVADO FUNDO DE INVESTIMENTO EM DIREITOS CREDITÓRIOS,Classe,30962083.85,PLANNER CORRETORA DE VALORES S.A.,1,0.0,29605873.33,29605873.33,29605873.33,29605873.33,29605873.33,0.0,29605873.33,False,1.0,1.0,1.0,1.0,1.0,False
2026-06-30,40366022000194,MILLENNIUM FUNDO DE INVESTIMENTO EM DIREITOS CREDITÓRIOS RESPONSABILIDADE LIMITADA,Classe,75806561.0,BTG PACTUAL SERVIÇOS FINANCEIROS S/A DTVM,3,0.0,29524986.06,73070278.13,73070278.13,73070278.13,73010668.88,0.0,73010668.88,False,0.4043927622211917,1.0008164457457303,1.0008164457457303,1.0008164457457303,0.345931857238992,False
2026-06-30,48887679000109,DJF IV FUNDO DE INVESTIMENTO EM DIREITOS CREDITÓRIOS NÃO-PADRONIZADOS - RESPONSABILIDADE LIMITADA,Classe,391369662.08,APEX DISTRIBUIDORA DE TÍTULOS E VALORES MOBILIÁRIOS S.A.,15,0.0,29491540.85,107489330.51,160690307.33,231879609.73999998,211091870.63,0.0,211091870.63,False,0.13970950544889774,0.5092063952496133,0.7612339918653551,1.0984772130161116,0.12927336038022946,True
2026-06-30,55106451000108,CAPITALIZA FUNDO DE INVESTIMENTO EM DIREITOS CREDITÓRIOS DE RESPONSABILIDADE LIMITADA,Classe,60176891.6,CATÁLISE DISTRIBUIDORA DE TITULOS E VALORES MOBILIARIOS LTDA.,3,0.0,29233006.61,60289956.03,60289956.03,60289956.03,60289956.03,0.0,60289956.03,False,0.4848735765448857,1.0,1.0,1.0,0.38734275291915177,False
2026-06-30,40975325000104,3RD - FUNDO DE INVESTIMENTO EM DIREITOS CREDITÓRIOS,Classe,62522911.43,CATÁLISE DISTRIBUIDORA DE TITULOS E VALORES MOBILIARIOS LTDA.,25,0.0,29194137.98,39905177.06,45198688.410000004,55058648.339999996,62450043.25,0.0,62450043.25,False,0.46747986807839403,0.6389935856449548,0.7237575197355849,0.8816430778052343,0.2299670071883464,False
2026-06-30,50774127000136,BOCAINA ORIZ FUNDO DE INVESTIMENTO EM DIREITOS CREDITÓRIOS DE RESPONSABILIDADE LIMITADA,Classe,41447399.82,BANCO DAYCOVAL S.A.,4,0.0,29179155.43,53687262.22,53687262.22,53687262.22,39170269.47,0.0,39170269.47,False,0.7449311895172929,1.3706125320664024,1.3706125320664024,1.3706125320664024,0.7467690317882095,True
2026-06-30,51943745000125,V SELECT FUNDO DE INVESTIMENTO EM DIREITOS CREDITÓRIOS,Classe,890681446.37,HEMERA DISTRIBUIDORA DE TITULOS E VALORES MOBILIARIOS LTDA,25,0.0,29177586.28,80472615.17,104750515.3,121404918.39999999,88563613.52,26151821.44,114715434.96,False,0.25434751906030695,0.7014977121261835,0.9131335755866274,1.058313717263353,0.12995165065255995,True
2026-06-30,10810396000196,CORPORE FUNDO DE INVESTIMENTO EM DIREITOS CREDITÓRIOS MULTISSETORIAL,Classe,73685561.09,QI CORRETORA DE TÍTULOS E VALORES MOBILIÁRIOS S.A.,25,0.0,29049820.9,75043793.94000001,92707923.73000002,111876592.97,41899304.87,21109617.68,63008922.55,False,0.4610429717624175,1.1910026533218352,1.4713459614617712,1.7755674663571914,0.4525333778107873,True
2026-06-30,59904247000185,LEPTA MULTISETORIAL FUNDO DE INVESTIMENTO EM DIREITOS CREDITÓRIOS,Classe,337304845.12,HEMERA DISTRIBUIDORA DE TITULOS E VALORES MOBILIARIOS LTDA,25,0.0,28884458.14,72708740.33999999,102334859.59,160774447.21,33411314.86,300372965.86,333784280.72,False,0.08653630445895732,0.21783152934332703,0.306589811147653,0.4816717158255516,0.015568928939748799,False
2026-06-30,32302163000115,ALPE FUNDO DE INVESTIMENTO EM DIREITOS CREDITÓRIOS,Classe,674233494.55,HEMERA DISTRIBUIDORA DE TITULOS E VALORES MOBILIARIOS LTDA,25,0.0,28763484.27,102603110.54,135393820.86999997,185429934.63,569522758.36,5946275.05,575469033.41,False,0.04998267951892922,0.17829475537895567,0.23527559783314525,0.3222240014049343,0.008479940217685202,False
2026-06-30,33019220000116,GENESIS FUNDO DE  INVESTIMENTO EM DIREITOS CREDITÓRIOS RESPONSABILIDADE  LIMITADA,Classe,197463653.8,QI CORRETORA DE TÍTULOS E VALORES MOBILIÁRIOS S.A.,25,0.0,28745892.02,80492335.84,105585915.92999999,138872070.91,81927789.67,87640337.48,169568127.15,False,0.16952414644865055,0.474690245111904,0.6226754856860491,0.8189750824289858,0.06575402410938518,False
2026-06-30,47669200000103,FERT-AGRO FUNDO DE INVESTIMENTO EM  DIREITOS CREDITÓRIOS DE RESPONSABILIDADE LIMITADA,Classe,212788449.8,AZUMI DISTRIBUIDORA DE TÍTULOS E VALORES MOBILIÁRIOS LTDA.,25,0.0,28723646.59,91460495.63,121340428.74,170141545.79,200258757.0,343516.3,200602273.3,False,0.14318704428161633,0.45592950730533915,0.6048806264450244,0.848153627529205,0.057801413241211484,False
2026-06-30,41184960000136,CIMARRON CRÉDITOS JUDICIAIS FUNDO DE INVESTIMENTO EM DIREITOS CREDITÓRIOS,Classe,77868288.4,BTG PACTUAL SERVIÇOS FINANCEIROS S/A DTVM,22,0.0,28704897.27,78514193.72,95073665.25999999,106211651.78,77253354.29,0.0,77253354.29,False,0.3715682967272229,1.0163208373485888,1.2306736210198024,1.374848416047981,0.2834451463885301,True
2026-06-30,49974540000165,HT3 II FUNDO DE INVESTIMENTO EM DIREITOS CREDITÓRIOS NÃO PADRONIZADO,Classe,4605771.4,ID CORRETORA DE TITULOS E VALORES MOBILIARIOS S.A.,25,0.0,28667077.8,41905479.15,42015560.190000005,42140949.43000001,113291.01,6493797.77,6607088.779999999,False,4.338836476176426,6.342502809535428,6.359163860062436,6.3781418463095045,22.50154244577863,True
2026-06-30,56834392000149,RAT FUNDO DE INVESTIMENTO EM DIREITOS CREDITÓRIOS RESPONSABILIDADE LIMITADA,Classe,13199419.91,PLANNER CORRETORA DE VALORES S.A.,6,0.0,28628280.32,54930463.53999999,56396128.70999999,56396128.70999999,16093311.34,0.0,16093311.34,False,1.7788930888849628,3.413248049422251,3.504320988920854,3.504320988920854,3.8890668761283282,True
2026-06-30,19527871000196,TS FUNDO DE INVESTIMENTO EM DIREITOS CREDITÓRIOS,Classe,41874397.55,PLANNER CORRETORA DE VALORES S.A.,2,0.0,28551437.77,56715623.19,56715623.19,56715623.19,29734621.7,0.0,29734621.7,False,0.960208542690153,1.9073934675281239,1.9073934675281239,1.9073934675281239,1.8191597272954598,True
2026-06-30,53210273000127,MARIS FUNDO DE INVESTIMENTO EM DIREITOS CREDITÓRIOS RESPONSABILIDADE LIMITADA,Classe,81982249.81,QI CORRETORA DE TÍTULOS E VALORES MOBILIÁRIOS S.A.,5,0.0,28507279.49,78322461.10999998,78322461.10999998,78322461.10999998,79302670.54,0.0,79302670.54,False,0.3594743946941991,0.9876396415993884,0.9876396415993884,0.9876396415993884,0.26160892689676973,False
2026-06-30,56266633000109,ST 1013 FUNDO DE INVESTIMENTO EM DIREITOS CREDITÓRIOS RESPONSABILIDADE LIMITADA,Classe,28619701.44,BANCO DAYCOVAL S.A.,1,0.0,28463957.0,28463957.0,28463957.0,28463957.0,28463957.0,0.0,28463957.0,False,1.0,1.0,1.0,1.0,1.0,False
2026-06-30,63764461000150,WSUL PRECATÓRIOS FEDERAIS  - FUNDO DE INVESTIMENTO EM DIREITOS CREDITÓRIOS - RESP LIMITADA,Classe,31483977.62,ID CORRETORA DE TITULOS E VALORES MOBILIARIOS S.A.,1,0.0,28405452.5,28405452.5,28405452.5,28405452.5,28405452.5,0.0,28405452.5,False,1.0,1.0,1.0,1.0,1.0,False
2026-06-30,58944590000190,BONA FIDE - FUNDO DE INVESTIMENTO EM DIREITOS CREDITÓRIOS NÃO PADRONIZADOS RESPONSABILIDADE LIMITADA,Classe,62279620.51,INTER DISTRIBUIDORA DE TÍTULOS E VALORES MOBILIÁRIOS,3,0.0,28388403.2,54535086.6,54535086.6,54535086.6,56340532.06,0.0,56340532.06,False,0.5038717626906273,0.9679547673054048,0.9679547673054048,0.9679547673054048,0.3974925536830304,False
2026-06-30,64156127000187,MEZZUS OPORTUNIDADES PRECATÓRIOS FUNDO DE INVESTIMENTO EM DIREITOS CREDITÓRIOS,Classe,78942551.18,APEX GROUP DISTRIBUIDORA DE TÍTULOS E VALORES MOBILIÁRIOS S.A.,24,0.0,28220305.25,55856200.080000006,68100342.26000002,77299673.51,78396286.04,0.0,78396286.04,False,0.35996992556000934,0.7124852834418788,0.868667965026472,0.9860119326387417,0.17141947766696686,False
2026-06-30,48953684000172,FUNDO DE INVESTIMENTO EM DIREITOS CREDITÓRIOS NÃO-PADRONIZADOS ALVARINHO,Classe,-486226.81,SEFER INVESTIMENTOS DISTRIBUIDORA DE TÍTULOS E VALORES MOBILIÁRIOS LTDA.,2,0.0,28105887.31,28555887.31,28555887.31,28555887.31,450000.0,0.0,450000.0,False,62.457527355555555,63.457527355555555,63.457527355555555,63.457527355555555,3901.9427233699703,True
2026-06-30,61784023000129,CONCRETO PIX FUNDO DE INVESTIMENTO EM DIREITOS CREDITÓRIOS  RESPONSABILIDADE LIMITADA,Classe,50110384.91,ID CORRETORA DE TITULOS E VALORES MOBILIARIOS S.A.,4,0.0,28084009.37,52504855.08,52504855.08,52504855.08,52504855.08,0.0,52504855.08,False,0.5348840469554536,1.0,1.0,1.0,0.386213053152014,False
2026-06-30,60777129000132,DIRECTCON FUNDO DE INVESTIMENTO DIREITOS CREDITÓRIOS DE RESPONSABILIDADE LIMITADA,Classe,154708417.44,BANCO DAYCOVAL S.A.,18,0.0,28001303.79,105762905.0,141871548.69,153458414.26999998,153458414.27,0.0,153458414.27,False,0.18246835094186195,0.6891958678389385,0.9244950781283737,0.9999999999999998,0.11720682406254862,False
2026-06-30,28296620000139,KATCH DIVERSIFIED FUNDO DE INVESTIMENTO EM DIREITOS CREDITÓRIOS,Classe,258000127.07,QORE DISTRIBUIDORA DE TÍTULOS E VALORES MOBILIÁRIOS LTDA.,25,0.0,27848211.51,124257990.66999999,221905816.35,338593550.77000004,233478101.16,0.03,233478101.19,False,0.11927547537889929,0.532204048416863,0.95043524518566,1.4502154550865527,0.114879940405535,True
2026-06-30,55039863000164,JIVE DISTRESSED & SPECIAL SITS IV (PROFISSIONAL) FIDC - RESPONSABILIDADE LIMITADA,Classe,227210224.23,APEX DISTRIBUIDORA DE TÍTULOS E VALORES MOBILIÁRIOS S.A.,1,0.0,27833032.88,27833032.88,27833032.88,27833032.88,27833032.88,0.0,27833032.88,False,1.0,1.0,1.0,1.0,1.0,False
2026-06-30,55582283000119,JIVE DISTRESSED & SPECIAL SITS IV (OFFSHORE) FIDC RESPONSABILIDADE LIMITADA,Classe,262460353.17,APEX DISTRIBUIDORA DE TÍTULOS E VALORES MOBILIÁRIOS S.A.,1,0.0,27833032.88,27833032.88,27833032.88,27833032.88,27833032.88,0.0,27833032.88,False,1.0,1.0,1.0,1.0,1.0,False
2026-06-30,31570767000180,FUNDO DE  INVESTIMENTO EM DIREITOS CREDITÓRIOS TRADEPAY VAREJO I - RESPONSABILIDADE  LIMITADA,Classe,702136589.85,HEMERA DISTRIBUIDORA DE TITULOS E VALORES MOBILIARIOS LTDA,25,0.0,27822151.38,91138838.23,131851271.59,199852028.14,659806238.49,0.0,659806238.49,False,0.0421671541688851,0.13812970068087846,0.19983332059992084,0.3028950265723032,0.005755836990620919,False
2026-06-30,40226165000109,VAIL PRECATÓRIO FUNDO DE INVESTIMENTO EM DIREITOS CREDITÓRIOS NÃO PADRONIZADO,Classe,37404623.05,QI CORRETORA DE TÍTULOS E VALORES MOBILIÁRIOS S.A.,12,0.0,27792239.27,38314904.39,39088152.69,39211250.6,39211250.6,0.0,39211250.6,False,0.7087822715350987,0.9771405860235429,0.99686064820386,1.0,0.5358737252250484,False
2026-06-30,66279914000141,ORIZ JURI LC II FUNDO DE INVESTIMENTO EM DIREITOS CREDITÓRIOS - RESPONSABILIDADE LIMITADA,Classe,28375054.48,LIMINE TRUST DISTRIBUIDORA DE TITULOS E VALORES MOBILIARIOS LTDA.,1,0.0,27784855.09,27784855.09,27784855.09,27784855.09,27784855.09,0.0,27784855.09,False,1.0,1.0,1.0,1.0,1.0,False
2026-06-30,54083491000100,FUNDO DE INVESTIMENTOS EM DIREITOS CREDITÓRIOS GCB CRÉDITO MULTIESTRATÉGIA RESPONSABILIDADE LIMITADA,Classe,56164343.78,BANCO DAYCOVAL S.A.,11,0.0,27735690.41,44598767.28,51950349.89000001,52002441.470000006,50361242.94,0.0,50361242.94,False,0.5507348268398398,0.8855771755501475,1.031554164616097,1.0325885231219436,0.3403216743528137,False
2026-06-30,46322902000145,BOCAINA VD FUNDO DE INVESTIMENTO EM DIREITOS CREDITÓRIOS DE RESPONSABILIDADE LIMITADA,Classe,50096334.83,BANCO DAYCOVAL S.A.,3,0.0,27454235.28,50131840.47,50131840.47,50131840.47,50131840.47,0.0,50131840.47,False,0.54764068150319,1.0,1.0,1.0,0.4110141574858548,False
2026-06-30,51774918000129,AF6 FUNDO DE INVESTIMENTO EM DIREITOS CREDITÓRIOS NÃO-PADRONIZADO,Classe,61691374.05,CATÁLISE DISTRIBUIDORA DE TITULOS E VALORES MOBILIARIOS LTDA.,5,0.0,27369270.36,58870523.25,58870523.25,58870523.25,51879020.89,6991502.36,58870523.25,False,0.4649061847772858,1.0,1.0,1.0,0.29873826985629787,False
2026-06-30,53374563000106,PRIMO CAPITAL II FUNDO DE INVESTIMENTO EM DIREITOS CREDITÓRIOS DE RESPONSABILIDADE LIMITADA,Classe,89017883.77,BANCO DAYCOVAL S.A.,22,0.0,27297490.41,59119626.26,61449392.379999995,63119573.06,63119573.06,0.0,63119573.06,False,0.4324726718929426,0.9366290580546585,0.9735394173466229,1.0,0.33425338170360414,False
2026-06-30,54244336000129,SANTÉ FUNDO DE INVESTIMENTO EM DIREITOS CREDITORIOS,Classe,37035081.57,QI CORRETORA DE TÍTULOS E VALORES MOBILIÁRIOS S.A.,25,0.0,27111678.0,28089085.73,28953468.240000006,30575679.930000007,32063461.42,84031.44,32147492.860000003,False,0.843352796377291,0.8737566519518623,0.9006446744102334,0.9511062048650224,0.711806333840911,False
2026-06-30,31570816000184,FUNDO DE INVESTIMENTO EM DIREITOS CREDITÓRIOS ANGÁ MULTIESTRATÉGIA II DE RESPONSABILIDADE  LIMITADA,Classe,155543794.7,BANCO DAYCOVAL S.A.,24,0.0,27063210.92,32305386.750000004,33082434.790000007,34724336.14,112173953.77,0.0,112173953.77,False,0.24126109502648052,0.2879936532881648,0.2949208232227581,0.3095579229666659,0.05941293213828671,False
2026-06-30,42700626000150,STARS BANK FUNDO DE INVESTIMENTO EM DIREITOS CREDITÓRIOS LP DE RESPONSABILIDADE LIMITADA,Classe,594906046.84,QI CORRETORA DE TÍTULOS E VALORES MOBILIÁRIOS S.A.,25,0.0,27015524.12,111212320.18,166159740.19000003,257049069.25,66583880.66,377904022.46,444487903.12,False,0.06077898617795797,0.25020325502531304,0.37382286227290484,0.5783038580930818,0.01880167361400172,False
2026-06-30,52653470000158,FUNDO DE INVESTIMENTO EM DIREITOS CREDITÓRIOS ST,Classe,645139954.3,BTG PACTUAL SERVIÇOS FINANCEIROS S/A DTVM,25,0.0,26979230.22,121317367.1,190597904.46,320558615.51,343700222.49,0.0,343700222.49,False,0.07849640021919091,0.35297436301057306,0.55454693360155,0.9326692115229186,0.04348218690985983,False
2026-06-30,23033778000100,ITUPEVA FUNDO DE INVESTIMENTO EM DIREITOS CREDITÓRIOS,Classe,62643994.76,SEFER INVESTIMENTOS DISTRIBUIDORA DE TÍTULOS E VALORES MOBILIÁRIOS LTDA.,8,0.0,26860135.85,47667025.13,49603987.99,49603987.99,45168491.76,4435496.23,49603987.989999995,False,0.5414914594248939,0.9609514690554622,1.0000000000000002,1.0000000000000002,0.37175161506978405,False
2026-06-30,13974813000124,G5 BRJUS FUNDO DE INVESTIMENTO EM DIREITOS CREDITÓRIOS NÃO PADRONIZADOS,Classe,92121774.21,QI CORRETORA DE TÍTULOS E VALORES MOBILIÁRIOS S.A.,14,0.0,26526195.33,71481202.85,89024343.80000001,91859614.89,91859614.89,0.0,91859614.89,False,0.28876884974713396,0.7781570055088655,0.9691347378998358,1.0,0.15638131479057663,False
2026-06-30,58036896000149,ORIZ JUS III FUNDO DE INVESTIMENTO EM DIREITOS CREDITÓRIOS - RESPONSABILIDADE LIMITADA,Classe,246524312.1,LIMINE TRUST DISTRIBUIDORA DE TITULOS E VALORES MOBILIARIOS LTDA.,25,0.0,26511666.67,81325140.62000002,114226602.88000003,158314664.90000004,214431192.68,0.0,214431192.68,False,0.12363717395147775,0.37925984369896765,0.5326958333457702,0.7383005379084758,0.04266028956664583,False
2026-06-30,58594307000148,RÉGIA DESENVOLVE SP FUNDO DE INVESTIMENTO EM DIREITOS CREDITÓRIOS IS DO AGRONEGÓCIO,Classe,70376581.53,BANCO DAYCOVAL S.A.,3,0.0,26299727.56,52365472.98,52365472.98,52365472.98,52365472.98,0.0,52365472.98,False,0.5022341261014616,1.0,1.0,1.0,0.3792547826953467,False
2026-06-30,45755835000190,B7 FUNDO DE INVESTIMENTO EM PRECATÓRIOS E DIREITOS CREDITÓRIOS NÃO PADRONIZADOS,Classe,34226333.14,QI CORRETORA DE TÍTULOS E VALORES MOBILIÁRIOS S.A.,7,0.0,26293227.94,33442268.270000003,34025161.7,34025161.7,34025161.7,0.0,34025161.7,False,0.7727583537097489,0.982868753567158,1.0,1.0,0.6119412049329009,False
2026-06-30,52804600000106,FUNDO DE INVESTIMENTO EM DIREITOS CREDITÓRIOS AGRO OPEN GROWTH SILOS RESPONSABILIDADE LIMITADA,Classe,83105973.46,QI CORRETORA DE TÍTULOS E VALORES MOBILIÁRIOS S.A.,13,0.0,26292297.93,88440135.20000002,127093906.91,137148614.54999998,74297438.57,0.0,74297438.57,False,0.3538789282113471,1.1903524119028055,1.710609535889415,1.8459400107149615,0.38212338046228356,True
2026-06-30,61250504000154,JAUNE FUNDO DE INVESTIMENTO EM DIREITO CREDITÓRIOS  DE RESPONSABILIDADE LIMITADA,Classe,35948903.11,CATÁLISE DISTRIBUIDORA DE TITULOS E VALORES MOBILIARIOS LTDA.,1,0.0,26278909.56,26278909.56,26278909.56,26278909.56,26278909.56,0.0,26278909.56,False,1.0,1.0,1.0,1.0,1.0,False
2026-06-30,59733020000114,AMFI  CATÁLISE FUNDO DE INVESTIMENTO EM DIREITOS CREDITÓRIOS DE  RESPONSABILIDADE LIMITADA,Classe,26264059.87,BANCO DAYCOVAL S.A.,1,0.0,26208226.81,26208226.81,26208226.81,26208226.81,26208226.81,0.0,26208226.81,False,1.0,1.0,1.0,1.0,1.0,False
2026-06-30,32155992000112,GOLDEN BIRD FUNDO DE INVESTIMENTO EM DIREITOS CREDITÓRIOS,Classe,138251209.18,SEFER INVESTIMENTOS DISTRIBUIDORA DE TÍTULOS E VALORES MOBILIÁRIOS LTDA.,2,0.0,26183265.08,28274614.25,28274614.25,28274614.25,28274614.25,0.0,28274614.25,False,0.9260343871888543,1.0,1.0,1.0,0.8630105981347655,False
2026-06-30,60307274000150,BSB FUNDO DE INVESTIMENTO EM DIREITOS CREDITÓRIOS,Classe,26336643.69,FINVEST DISTRIBUIDORA DE TÍTULOS E VALORES MOBILIÁRIOS LTDA.,1,0.0,26135249.33,26135249.33,26135249.33,26135249.33,26061039.61,0.0,26061039.61,False,1.0028475349069161,1.0028475349069161,1.0028475349069161,1.0028475349069161,1.0057031782688786,False
2026-06-30,63565094000166,ALGARVE GAMA FUNDO DE INVESTIMENTO EM DIREITOS CREDITÓRIOS RESPONSABILIDADE LIMITADA,Classe,37009263.6,BANCO DAYCOVAL S.A.,2,0.0,26112574.99,36144562.19,36144562.19,36144562.19,36144562.19,0.0,36144562.19,False,0.7224482303239651,1.0,1.0,1.0,0.5989664303485276,False
2026-06-30,27944346000102,QG P FUNDO DE INVESTIMENTO EM DIREITOS CREDITÓRIOS - RESPONSABILIDADE LIMITADA,Classe,26721153.86,BNY MELLON SERVICOS FINANCEIROS DTVM S.A.,2,0.0,26109716.34,29587158.62,29587158.62,29587158.62,26109716.34,0.0,26109716.34,False,1.0,1.1331857548629347,1.1331857548629347,1.1331857548629347,1.0177384452984097,True
2026-06-30,30868828000127,ARC CRÉDITO I FUNDO DE INVESTIMENTO EM DIREITOS CREDITÓRIOS,Classe,59642525.15,BANCO DAYCOVAL S.A.,3,0.0,26093136.36,30253632.0,30253632.0,30253632.0,30253632.0,0.0,30253632.0,False,0.8624794656059808,1.0,1.0,1.0,0.7555414748441425,False
2026-06-30,54486959000108,GALES FUNDO DE INVESTIMENTO EM DIREITOS CREDITÓRIOS - RESPONSABILIDADE LIMITADA,Classe,34119701.61,APEX GROUP DISTRIBUIDORA DE TÍTULOS E VALORES MOBILIÁRIOS S.A.,4,0.0,26072748.69,32925386.020000003,32925386.020000003,32925386.020000003,32925385.53,0.0,32925385.53,False,0.7918737554718619,1.000000014882134,1.000000014882134,1.000000014882134,0.6502370020575724,False
2026-06-30,50366328000102,MFM FUNDO DE INVESTIMENTO EM DIREITOS CREDITÓRIOS SEGMENTO ECONÔMICO DE  TELECOMUNICAÇÕES,Classe,26084695.69,FINAXIS CORRETORA DE TÍTULOS E VALORES MOBILIÁRIOS S.A.,1,0.0,26051622.35,26051622.35,26051622.35,26051622.35,26051622.35,0.0,26051622.35,False,1.0,1.0,1.0,1.0,1.0,False
2026-06-30,21917325000103,LABRADOR FUNDO DE INVESTIMENTO EM DIREITOS CREDITÓRIOS,Classe,260167064.91,LIMINE TRUST DISTRIBUIDORA DE TITULOS E VALORES MOBILIARIOS LTDA.,3,0.0,26008659.08,44626573.65,44626573.65,44626573.65,61293133.65,172989913.42,234283047.07,False,0.11101383307614669,0.19048144630228536,0.19048144630228536,0.19048144630228536,0.015507868597379652,False
2026-06-30,57300010000160,LB I FUNDO  DE INVESTIMENTO EM DIREITOS CREDITÓRIOS RESPONSABILIDADE LIMITADA,Classe,25459261.93,VORTX DISTRIBUIDORA DE TITULOS E VALORES MOBILIARIOS LTDA.,1,0.0,25985998.6,25985998.6,25985998.6,25985998.6,25985998.6,0.0,25985998.6,False,1.0,1.0,1.0,1.0,1.0,False
2026-06-30,60261285000146,FUNDO DE INVESTIMENTO EM DIREITOS CREDITÓRIOS LEIRIA - RESPONSABILIDADE LIMITADA,Classe,-120947.21,BANVOX DISTRIBUIDORA DE TITULOS E VALORES MOBILIARIOS LTDA,1,0.0,25833121.53,25833121.53,25833121.53,25833121.53,0.0,0.0,0.0,True,,,,,,
2026-06-30,55675974000167,LUME FUNDO DE INVESTIMENTO EM DIREITOS CREDITÓRIOS DE RESPONSABILIDADE LIMITADA,Classe,24887040.25,CATÁLISE DISTRIBUIDORA DE TITULOS E VALORES MOBILIARIOS LTDA.,25,0.0,25821888.35,26877221.1,27717766.990000002,29144278.439999998,28375383.6,0.0,28375383.6,False,0.9100101945405947,0.9472020353585634,0.9768243975387173,1.027097249180448,0.828865311804096,False
2026-06-30,51137980000100,SALTRI AGRO - FUNDO DE INVESTIMENTO EM DIREITOS CREDITÓRIOS,Classe,91589557.69,QI CORRETORA DE TÍTULOS E VALORES MOBILIÁRIOS S.A.,25,0.0,25638316.7,45787615.56,56065981.160000004,74042404.6,64505576.87,25638316.7,90143893.57,False,0.28441545716117667,0.5079391819751413,0.6219609442148485,0.8213801475360435,0.10486249634556898,False
2026-06-30,26984508000165,OCEAN ASSET FUNDO DE INVESTIMENTO EM DIREITOS CREDITORIOS,Classe,72764523.79,QI CORRETORA DE TÍTULOS E VALORES MOBILIÁRIOS S.A.,25,0.0,25446375.61,73376965.80000001,86281159.41999999,89020453.3,56869501.31,11092434.25,67961935.56,False,0.3744209961109,1.0796773987583,1.2695512378959088,1.3098575337279579,0.29399790593398745,True
2026-06-30,59017361000193,ITAÚ SONETO CRÉDITO PRIVADO FUNDO DE  INVESTIMENTO EM DIREITOS CREDITÓRIOS RESPONSABILIDADE LIMITADA,Classe,466110651.55,INTRAG DTVM LTDA.,25,0.0,25360457.5,69327506.66,93094530.05,121059476.81,133456406.7,0.0,133456406.7,False,0.1900280258332476,0.5194767967628788,0.6975650877463644,0.907108769098906,0.07584994102999071,False
2026-06-30,53936215000185,FDR FUNDO DE INVESTIMENTO EM DIREITOS CREDITÓRIOS,Classe,38904304.74,FIDD DISTRIBUIDORA DE TITULOS E VALORES MOBILIARIOS LTDA.,2,0.0,25285896.22,26134052.189999998,26134052.189999998,26134052.189999998,26122743.73,0.0,26122743.73,False,0.9679647927243207,1.0004328970998178,1.0004328970998178,1.0004328970998178,0.9380100177555752,False
2026-06-30,29800237000139,ROOT GENERAL FUNDO DE INVESTIMENTO EM DIREITOS CREDITÓRIOS,Classe,47876269.3,BNY MELLON SERVICOS FINANCEIROS DTVM S.A.,3,0.0,25285559.01,43008991.15,43008991.15,43008991.15,43008991.15,0.0,43008991.15,False,0.5879133254210266,1.0,1.0,1.0,0.47381713501838724,False
2026-06-30,48213143000108,AXIUM CAPITAL FUNDO DE INVESTIMENTO EM DIREITOS  CREDITÓRIOS NP - RESPONSABILIDADE LIMITADA,Classe,52791311.04,BARU DISTRIBUIDORA DE TÍTULOS E VALORES MOBILIÁRIOS LTDA.,25,0.0,25271684.92,44988707.06,47676208.93,49222239.02,35294173.27,14675680.73,49969854.0,False,0.5057386183277622,0.9003169603017052,0.9540994242248536,0.985038679920898,0.31684358078261043,False
2026-06-30,54304772000146,ST 1008 FUNDO DE INVESTIMENTO EM DIREITOS CREDITÓRIOS  RESPONSABILIDADE LIMITADA,Classe,25848150.88,BANCO DAYCOVAL S.A.,1,0.0,25252703.89,25252703.89,25252703.89,25252703.89,23663690.08,0.0,23663690.08,False,1.0671498741163365,1.0671498741163365,1.0671498741163365,1.0671498741163365,1.1388088538265129,True
2026-06-30,32771763000122,SÃO MARTINHO FUNDO DE INVESTIMENTO EM DIREITOS CREDITÓRIOS MULTISSETORIAL,Classe,155446814.96,QI CORRETORA DE TÍTULOS E VALORES MOBILIÁRIOS S.A.,25,0.0,25219391.09,86114895.51,122106999.53,164891360.46,142048354.04,4841920.25,146890274.29,False,0.1716886377392849,0.5862532146953894,0.8312803561720411,1.1225478423061634,0.0929778720207227,True
2026-06-30,64082064000161,G5 SAÚDE II FUNDO DE INVESTIMENTO EM DIREITOS CREDITÓRIOS,Classe,37067210.99,QI CORRETORA DE TÍTULOS E VALORES MOBILIÁRIOS S.A.,1,0.0,25158946.78,25158946.78,25158946.78,25158946.78,25158946.78,0.0,25158946.78,False,1.0,1.0,1.0,1.0,1.0,False
2026-06-30,56844535000101,SARFATY CRÉDITO CORPORATIVO FUNDO DE INVESTIMENTO EM DIREITOS CREDITÓRIOS,Classe,347695795.17,HEMERA DISTRIBUIDORA DE TITULOS E VALORES MOBILIARIOS LTDA,25,0.0,25057590.17,100038389.74999999,180133312.75,289812027.04,7108784.57,326202064.15,333310848.71999997,False,0.07517784154409507,0.30013541453623044,0.5404363927599675,0.8694947318785251,0.03833482077696624,False
2026-06-30,31024386000103,GAVEA OPEN FUNDO DE INVESTIMENTO EM DIREITOS CREDITÓRIOS,Classe,561229780.43,QI CORRETORA DE TÍTULOS E VALORES MOBILIÁRIOS S.A.,25,0.0,25045664.16,97346443.79,151386874.9,229110979.18999997,49914831.55,459130143.71,509044975.26,False,0.04920127960639955,0.1912334833288145,0.29739390870654914,0.4500800328556021,0.011622967247043111,False
2026-06-30,59958357000120,ATLAS FUNDO DE INVESTIMENTO EM DIREITOS CREDITÓRIOS,Classe,14293076.32,BARU DISTRIBUIDORA DE TÍTULOS E VALORES MOBILIÁRIOS LTDA.,1,0.0,25031395.49,25031395.49,25031395.49,25031395.49,25031395.49,0.0,25031395.49,False,1.0,1.0,1.0,1.0,1.0,False
2026-06-30,53744997000150,ALGARVE LEGAL CLAIMS II FUNDO DE INVESTIMENTO EM DIREITOS CREDITÓRIOS - RESPONSABILIDADE LIMITADA,Classe,305467755.78,APEX GROUP DISTRIBUIDORA DE TÍTULOS E VALORES MOBILIÁRIOS S.A.,2,0.0,25000000.0,123528199.2,123528199.2,123528199.2,271610809.2,0.0,271610809.2,False,0.09204346496236572,0.4547985389971733,0.4547985389971733,0.4547985389971733,0.14006324318027702,False
2026-06-30,39615917000136,PCS II CLAIMS FUNDO DE  INVESTIMENTO EM DIREITOS CREDITÓRIOS - NÃO PADRONIZADOS,Classe,208495781.89,QI CORRETORA DE TÍTULOS E VALORES MOBILIÁRIOS S.A.,13,0.0,24976156.44,68577001.11,81547833.03,83152565.33,83152565.33,0.0,83152565.33,False,0.30036543479902766,0.8247129939749268,0.9807013494576933,1.0,0.1871084402170101,False
2026-06-30,30828789000134,DIPLOMATA FUNDO DE INVESTIMENTO EM DIREITOS CREDITÓRIOS,Classe,24289802.11,TRUSTEE DISTRIBUIDORA DE TITULOS E VALORES MOBILIARIOS LTDA.,2,0.0,24960916.95,25386473.89,25386473.89,25386473.89,25747907.83,0.0,25747907.83,False,0.9694347639739862,0.9859625899554109,0.9859625899554109,0.9859625899554109,0.9400769306329705,False
2026-06-30,35157905000154,LUNA FUNDO DE INVESTIMENTO EM DIREITOS CREDITÓRIOS,Classe,185749798.75,TRUSTEE DISTRIBUIDORA DE TITULOS E VALORES MOBILIARIOS LTDA.,10,0.0,24927952.06,286475949.46,681617571.1899999,681617571.1899999,582162002.1,0.0,582162002.1,False,0.04281961373308256,0.4920897420762803,1.17083830399655,1.17083830399655,0.36265122847091713,True
2026-06-30,41755875000180,BTZ FUNDO DE INVESTIMENTO EM DIREITOS CREDITÓRIOS RESPONSABILIDADE LIMITADA,Classe,72089358.14,ACTUAL DISTRIBUIDORA DE TITULOS E VALORES MOBILIARIOS S.A.,25,0.0,24887013.91,46672033.18000001,50029622.440000005,55059874.00000001,858137.46,57892676.0,58750813.46,False,0.4236028821446722,0.7944065865875418,0.8515562507753575,0.9371763684172145,0.22551436832603156,False
2026-06-30,24220859000174,DIP FINANCING 11 FUNDO DE INVESTIMENTO EM DIREITOS CREDITÓRIOS NÃO-PADRONIZADOS,Classe,185864324.86,QI CORRETORA DE TÍTULOS E VALORES MOBILIÁRIOS S.A.,25,0.0,24864178.63,86239146.68,111658272.12,146558765.16,52127188.36,116861918.68,168989107.04000002,False,0.14713480096746476,0.5103237018678787,0.66074242343662,0.8672675282277768,0.0654843058256307,False
2026-06-30,30142432000106,IPÊ - FUNDO DE INVESTIMENTO EM DIREITOS CREDITÓRIOS NÃO-PADRONIZADOS,Classe,80904387.8,CATÁLISE DISTRIBUIDORA DE TITULOS E VALORES MOBILIARIOS LTDA.,25,0.0,24802424.78,45248724.379999995,50069350.47,56657991.480000004,80845864.96,0.0,80845864.96,False,0.3067865597364994,0.5596912643879517,0.6193186317540513,0.7008149582917148,0.11703071263764792,False
2026-06-30,65344431000110,JIF CRÉDITOS II PFN - FUNDO DE INVESTIMENTO EM DIREITOS CREDITÓRIOS,Classe,138958808.6,BANCO DAYCOVAL S.A.,14,0.0,24738341.13,44380967.919999994,52098281.57,52366145.49,52366145.49,0.0,52366145.49,False,0.47241096129032656,0.8475125962531483,0.9948847883018017,1.0,0.2657962666413855,False
2026-06-30,47463389000175,LEXIS II FUNDO DE INVESTIMENTO EM DIREITOS  CREDITÓRIOS,Classe,71611394.49,QI CORRETORA DE TÍTULOS E VALORES MOBILIÁRIOS S.A.,10,0.0,24696999.26,65880250.21,69272614.61,69272614.61,69272614.61,0.0,69272614.61,False,0.35651894185086547,0.9510287807223854,1.0,1.0,0.24526293880588124,False
2026-06-30,54407927000170,SOLARIS FUNDO DE INVESTIMENTO EM DIREITOS CREDITÓRIOS,Classe,41267882.45,PLANNER CORRETORA DE VALORES S.A.,10,0.0,24623365.52,47900331.739999995,48583735.239999995,48583735.239999995,19760926.93,0.0,19760926.93,False,1.2460632847449125,2.4239921492387198,2.4585757243119364,2.4585757243119364,2.2008476770519865,True
2026-06-30,65783221000129,FIDC JOHN DEERE I SEGMENTO RECEBÍVEIS COMERCIAIS - RESPONSABILIDADE LIMITADA,Classe,767075838.68,BEM - DISTRIBUIDORA DE TITULOS E VALORES MOBILIARIOS LTDA.,24,0.0,24617587.96,56330605.46000001,79776417.78,114211026.07000002,144168960.21,0.0,144168960.21,False,0.17075511902244023,0.3907263073684341,0.5533536321812665,0.7922026066057317,0.052011858391232915,False
2026-06-30,54389751000170,ÁRTICO DISTRESSED MULTIESTRATÉGIA FUNDO DE INVESTIMENTO EM DIREITOS CREDITÓRIOS NÃO PADRONIZADOS,Classe,28021489.14,QORE DISTRIBUIDORA DE TÍTULOS E VALORES MOBILIÁRIOS LTDA.,7,0.0,24564411.56,27550506.4,27623187.34,27623187.34,24679411.56,2175168.99,26854580.549999997,False,0.9147196141925963,1.0259146050970438,1.0286210685200965,1.0286210685200965,0.8407690785754447,False
2026-06-30,45121179000173,EVEREST FUNDO DE INVESTIMENTO EM DIREITOS CREDITÓRIOS RECEBÍVEIS IMOBILIÁRIOS,Classe,204503477.54,QI CORRETORA DE TÍTULOS E VALORES MOBILIÁRIOS S.A.,25,0.0,24545353.32,72379255.62,98753765.74,147583270.41,197144759.25,381290.11,197526049.36,False,0.12426388012886848,0.3664289133231516,0.499953125473678,0.7471585185254372,0.03934865263129167,False
2026-06-30,55037275000191,W CAPITAL II - FUNDO DE INVESTIMENTO EM DIREITOS CREDITÓRIOS DE RESPONSABILIDADE LIMITADA,Classe,26769608.45,BANCO DAYCOVAL S.A.,1,0.0,24405729.56,24405729.56,24405729.56,24405729.56,24405729.56,0.0,24405729.56,False,1.0,1.0,1.0,1.0,1.0,False
2026-06-30,52324264000102,ROOT ANGELIM FUNDO DE INVESTIMENTO EM DIREITOS CREDITÓRIOS,Classe,24645734.74,BNY MELLON SERVICOS FINANCEIROS DTVM S.A.,1,0.0,24308700.92,24308700.92,24308700.92,24308700.92,24308700.92,0.0,24308700.92,False,1.0,1.0,1.0,1.0,1.0,False
2026-06-30,29720639000123,FUNDO DE INVESTIMENTO EM DIREITOS CREDITÓRIOS JPM III,Classe,284558014.72,HEMERA DISTRIBUIDORA DE TITULOS E VALORES MOBILIARIOS LTDA,25,0.0,24115035.74,78750679.77000001,104111616.28,149606126.03,15346601.04,263917290.0,279263891.04,False,0.08635214402475654,0.28199377827447175,0.37280729668372237,0.5357159691245988,0.02165768269911839,False
2026-06-30,63939263000180,MLC 1C FUNDO DE INVESTIMENTO EM DIREITOS CREDITÓRIOS - RESPONSABILIDADE LIMITADA,Classe,26774542.72,QI CORRETORA DE TÍTULOS E VALORES MOBILIÁRIOS S.A.,1,0.0,24095047.16,24095047.16,24095047.16,24095047.16,24095047.17,0.0,24095047.17,False,0.9999999995849769,0.9999999995849769,0.9999999995849769,0.9999999995849769,0.9999999991699537,False
2026-06-30,26756123000140,BERGAMO FUNDO DE INVESTIMENTO EM DIREITOS CREDITÓRIOS,Classe,121231134.25,QI CORRETORA DE TÍTULOS E VALORES MOBILIÁRIOS S.A.,25,0.0,24090505.07,49695118.16,63658781.62,77749295.77000001,118086979.4,0.0,118086979.4,False,0.2040064467090603,0.4208348660665292,0.5390838341657166,0.6584070162946348,0.058189376937061034,False
2026-06-30,63977188000142,ATLANTIS FUNDO DE INVESTIMENTO EM DIREITOS CREDITÓRIOS RESPONSABILIDADE LIMITADA,Classe,162751803.35,QI CORRETORA DE TÍTULOS E VALORES MOBILIÁRIOS S.A.,25,0.0,24063510.96,34418340.79,39394955.58,48020076.389999986,0.0,113786513.52,113786513.52,False,0.21147946461836545,0.3024817241100402,0.34621814449983684,0.4220190504524036,0.04834911022341703,False
2026-06-30,47410102000149,MÖBIUS TOTAL RETURN 1 - FUNDO DE INVESTIMENTO EM DIREITOS CREDITÓRIOS RESPONSABILIDADE LIMITADA,Classe,120006878.15,BANCO DAYCOVAL S.A.,7,0.0,24009994.07,84310347.81,87734069.16000001,87734069.16000001,87734069.16,0.0,87734069.16,False,0.2736678499000559,0.9609761477749746,1.0000000000000002,1.0000000000000002,0.20818463137958026,False
2026-06-30,57456281000109,MPA FUNDO DE INVESTIMENTO EM DIREITOS CREDITÓRIOS NÃO PADRONIZADOS,Classe,105935308.52,QI CORRETORA DE TÍTULOS E VALORES MOBILIÁRIOS S.A.,5,0.0,23940355.92,50341025.629999995,50341025.629999995,50341025.629999995,50314095.59,0.0,50314095.59,False,0.4758180712436016,1.0005352384790822,1.0005352384790822,1.0005352384790822,0.32687628759120724,False
2026-06-30,52322327000183,GOLDEN STONE II FUNDO DE INVESTIMENTO EM DIREITOS CREDITÓRIOS MULTISSETORIAL,Classe,76400539.88,QI CORRETORA DE TÍTULOS E VALORES MOBILIÁRIOS S.A.,25,0.0,23925865.71,38450670.01,47304002.5,58404469.750000015,74483966.96,0.0,74483966.96,False,0.3212216895328477,0.516227472559955,0.635089730457074,0.7841213637475146,0.11774843054596795,False
2026-06-30,54410544000150,SP SELECIONADOS I FUNDO DE INVESTIMENTO EM DIREITOS CREDITÓRIOS - RESPONSABILIDADE LIMITADA,Classe,44806919.14,QI CORRETORA DE TÍTULOS E VALORES MOBILIÁRIOS S.A.,11,0.0,23879379.06,43601191.25,44668502.57,44710097.22,44710097.22,0.0,44710097.22,False,0.5340936509822244,0.9751978626988099,0.9990696810656589,1.0,0.3911324412608535,False
2026-06-30,51388629000191,GRUPOSC - FUNDO DE INVESTIMENTO EM DIREITOS CREDITÓRIOS,Classe,59351910.23,QI CORRETORA DE TÍTULOS E VALORES MOBILIÁRIOS S.A.,5,0.0,23834299.85,48556499.68,48556499.68,48556499.68,48247100.57,0.0,48247100.57,False,0.49400481206989144,1.0064128021444751,1.0064128021444751,1.0064128021444751,0.4349276948701925,False
2026-06-30,62681110000113,ÁSIA FUNDO DE INVESTIMENTO EM DIREITOS CREDITÓRIOS,Classe,1337788554.49,TRUSTEE DISTRIBUIDORA DE TITULOS E VALORES MOBILIARIOS LTDA.,5,0.0,23812843.9,1338648590.15,1338648590.15,1338648590.15,1338648590.14,0.0,1338648590.14,False,0.017788719216825663,1.0000000000074702,1.0000000000074702,1.0000000000074702,0.2994389847388306,False
2026-06-30,33499726000170,BRISTOL FUNDO DE INVESTIMENTO EM DIREITOS CREDITÓRIOS MULTISSETORIAL,Classe,151656896.17,QI CORRETORA DE TÍTULOS E VALORES MOBILIÁRIOS S.A.,25,0.0,23726463.67,57051819.44,75789465.94999999,110827950.77999999,37672996.91,109253350.94,146926347.85,False,0.1614854246171205,0.388302168228161,0.5158330487284346,0.7543095734819899,0.04768171635019463,False
2026-06-30,58341346000133,SOLAR MONT BLANC FUNDO DE INVESTIMENTO EM DIREITOS CREDITÓRIOS,Classe,5006757.07,QI CORRETORA DE TÍTULOS E VALORES MOBILIÁRIOS S.A.,13,0.0,23711305.59,35355414.09,35779361.38,35825774.29000001,0.0,5373866.14,5373866.14,False,4.412336476620909,6.579139332636969,6.658029889073494,6.666666671008669,22.68902352075922,True
2026-06-30,59701895000134,MV I FUNDO DE INVESTIMENTO EM DIREITOS CREDITÓRIOS RESPONSABILIDADE LIMITADA,Classe,33473811.74,VORTX DISTRIBUIDORA DE TITULOS E VALORES MOBILIARIOS LTDA.,17,0.0,23695348.08,28498345.63,31111377.889999997,32084261.139999997,32084261.14,0.0,32084261.14,False,0.7385349463590608,0.8882344369922429,0.9696772431269395,0.9999999999999999,0.5530977152938972,False
2026-06-30,53962432000140,BASÃ FUNDO DE INVESTIMENTO EM DIREITOS CREDITÓRIOS DE RESPONSABILIDADE LIMITADA,Classe,113705933.43,CATÁLISE DISTRIBUIDORA DE TITULOS E VALORES MOBILIARIOS LTDA.,25,0.0,23645749.28,36151810.629999995,40639310.26,48242894.760000005,113787436.07,0.0,113787436.07,False,0.20780632815606778,0.3177135532587275,0.35715112022560574,0.4239738272186908,0.04710511091942803,False
2026-06-30,54968636000150,BEAUTY E CAFÉ FRANCHISING GROUP FUNDO DE INVESTIMENTO EM DIREITOS CREDITÓRIOS - INDÚSTRIA E COMÉRCIO,Classe,29988912.45,QI CORRETORA DE TÍTULOS E VALORES MOBILIÁRIOS S.A.,25,0.0,23631282.86,27918052.259999998,28498695.589999996,28974836.559999995,28063055.06,0.0,28063055.06,False,0.8420780563440194,0.9948329645617707,1.0155236316597953,1.0324904575802802,0.7166818033666728,False
2026-06-30,33475501000183,XPJUS FUNDO DE INVESTIMENTO EM DIREITOS CREDITÓRIOS,Classe,122579783.81,APEX GROUP DISTRIBUIDORA DE TÍTULOS E VALORES MOBILIÁRIOS S.A.,24,0.0,23631126.53,65941150.78,90860684.16,111111651.8,118076063.01,0.0,118076063.01,False,0.20013477691916823,0.5584633252415891,0.7695097705985073,0.9410175861858624,0.08494393251126725,False
2026-06-30,55847813000103,SIZE PROSP FUNDO DE INVESTIMENTO EM  DIREITOS CREDITÓRIOS - RESPONSABILIDADE LIMITADA,Classe,90113658.06,HEMERA DISTRIBUIDORA DE TITULOS E VALORES MOBILIARIOS LTDA,25,0.0,23600294.78,34920467.57,58794185.07000001,61138474.730000004,71312705.28,9642730.19,80955435.47,False,0.29152205337399073,0.43135420577090994,0.7262537064825946,0.7552114861102359,0.18783851711154176,False
2026-06-30,24506241000175,ACL NP FUNDO DE INVESTIMENTO EM DIREITOS CREDITÓRIOS NÃO PADRONIZADOS,Classe,103928514.12,QI CORRETORA DE TÍTULOS E VALORES MOBILIÁRIOS S.A.,25,0.0,23533010.38,59852275.5,77251122.38000001,97058769.19,0.0,85098000.55,85098000.55,False,0.2765401093786333,0.7033335109305339,0.9077900994231998,1.1405528750698715,0.13864334280629442,True
2026-06-30,51139857000128,ZEFIROS I FUNDO DE INVESTIMENTO EM DIREITOS CREDITÓRIOS NÃO PADRONIZADOS,Classe,52658706.2,PLANNER CORRETORA DE VALORES S.A.,12,0.0,23511749.83,92172458.66999999,93800832.33,93813232.33,42317700.7,0.0,42317700.7,False,0.555600834664441,2.1781064931535843,2.2165862222755406,2.2168792438668574,0.9680366993684129,True
2026-06-30,45188001000140,PERSA FUNDO DE INVESTIMENTO EM DIREITOS CREDITÓRIOS NÃO-PADRONIZADOS,Classe,30020952.27,QI CORRETORA DE TÍTULOS E VALORES MOBILIÁRIOS S.A.,25,0.0,23368671.24,35316270.71,39874972.71000001,40534281.839999996,27364251.9,2096038.38,29460290.279999997,False,0.7932261025908669,1.1987753811772695,1.353515947433496,1.3758955344549986,0.6808561016219519,True
2026-06-30,23711475000191,MULTINVEST 1940 FUNDO DE INVESTIMENTO EM DIREITOS CREDITÓRIOS DE RESPONSABILIDADE LIMITADA,Classe,212864381.0,BANCO DAYCOVAL S.A.,7,0.0,23353328.68,63333223.22,66260839.17,66260839.17,65137621.49,0.0,65137621.49,False,0.35852289576746715,0.9722986773430617,1.0172437625800081,1.0172437625800081,0.28499002771009774,False
2026-06-30,20057764000120,HARPIA FUNDO DE INVESTIMENTO EM DIREITOS CREDITÓRIOS - RESPONSABILIDADE  LIMITADA,Classe,605109132.84,HEMERA DISTRIBUIDORA DE TITULOS E VALORES MOBILIARIOS LTDA,25,0.0,23339741.44,78097267.75,132415687.14,223893394.69999993,68159413.5,471972916.19,540132329.69,False,0.043211154298790924,0.14458913761896575,0.2451541591965024,0.41451581842638413,0.00852354948172873,False
2026-06-30,55364405000109,JRP FUNDO DE INVESTIMENTO EM DIREITOS CREDITÓRIOS RESPONSABILIDADE LIMITADA,Classe,30503431.45,BANCO DAYCOVAL S.A.,5,0.0,23112762.32,27779508.37,27779508.37,27779508.37,27779508.37,0.0,27779508.37,False,0.8320076083477499,1.0,1.0,1.0,0.7070922045716113,False
2026-06-30,51769350000158,WBL FUNDO DE INVESTIMENTO EM DIREITOS CREDITÓRIOS MULTISEGMENTOS,Classe,51333059.22,FINAXIS CORRETORA DE TÍTULOS E VALORES MOBILIÁRIOS S.A.,25,0.0,23104377.14,29117489.87,29477690.340000007,30238290.870000005,43659137.32,0.0,43659137.32,False,0.5291991220682233,0.66692774198865,0.6751780302927893,0.6925993669633966,0.2970875626013001,False
2026-06-30,45064053000104,JGP SPECIAL SITUATIONS MASTER II FIDC DE RESPONSABILIDADE LIMITADA,Classe,23583484.56,BANCO DAYCOVAL S.A.,1,0.0,23071284.95,23071284.95,23071284.95,23071284.95,23071284.95,0.0,23071284.95,False,1.0,1.0,1.0,1.0,1.0,False
2026-06-30,26506898000168,TREVISO FUNDO DE INVESTIMENTO EM DIREITOS CREDITÓRIOS,Classe,410611327.08,QI CORRETORA DE TÍTULOS E VALORES MOBILIÁRIOS S.A.,25,0.0,22966483.12,99900138.39,166131013.66,271470719.10999995,32205514.95,370387972.15,402593487.09999996,False,0.057046335462191344,0.24814146674257018,0.4126520149560562,0.6743047958015513,0.02289908895330786,False
2026-06-30,55048271000109,ST 1009 FUNDO DE INVESTIMENTO EM DIREITOS CREDITÓRIOS - RESPONSABILIDADE LIMITADA,Classe,21214415.99,BANCO DAYCOVAL S.A.,1,0.0,22929942.45,22929942.45,22929942.45,22929942.45,21275388.04,0.0,21275388.04,False,1.0777684715733156,1.0777684715733156,1.0777684715733156,1.0777684715733156,1.161584878317481,True
2026-06-30,10842374000108,MÚLTIPLO - FUNDO DE INVESTIMENTO EM DIREITOS CREDITÓRIOS NÃO-PADRONIZADOS MULTISSETORIAL,Classe,109014177.21,QI CORRETORA DE TÍTULOS E VALORES MOBILIÁRIOS S.A.,25,0.0,22894553.18,43408504.31,47502083.10000001,52930557.36000001,4632789.64,97472280.69,102105070.33,False,0.22422542882547955,0.425135638903193,0.46522746565351697,0.518393035614493,0.06501595571779072,False
2026-06-30,57310139000159,LC III FUNDO DE INVESTIMENTO EM DIREITOS CREDITÓRIOS DE RESPONSABILIDADE LIMITADA,Classe,23652479.89,VORTX DISTRIBUIDORA DE TITULOS E VALORES MOBILIARIOS LTDA.,1,0.0,22839960.43,22839960.43,22839960.43,22839960.43,22839960.43,0.0,22839960.43,False,1.0,1.0,1.0,1.0,1.0,False
2026-06-30,60315519000190,CUPERTINO KAYA PRECATÓRIOS FIDC DE RESPONSABILIDADE LIMITADA,Classe,72011239.19,BANCO DAYCOVAL S.A.,24,0.0,22740912.49,57313697.79999999,66976030.30999999,74778687.75999999,75065231.74,0.0,75065231.74,False,0.3029486749440361,0.7635185620756467,0.892237707890942,0.9961827336923106,0.17692194329950753,False
2026-06-30,53604320000117,BEM BARATO FUNDO DE INVESTIMENTO EM DIREITOS CREDITÓRIOS,Classe,58728466.41,LIMINE TRUST DISTRIBUIDORA DE TITULOS E VALORES MOBILIARIOS LTDA.,5,0.0,22644789.66,58660711.3,58660711.3,58660711.3,50560711.3,8100000.0,58660711.3,False,0.3860299194837755,1.0,1.0,1.0,0.24637148192935054,False
2026-06-30,53164551000157,PRIME PLUS FUNDO DE INVESTIMENTO EM DIREITOS CREDITÓRIOS RESPONSABILIDADE LIMITADA,Classe,108024251.97,QI CORRETORA DE TÍTULOS E VALORES MOBILIÁRIOS S.A.,25,0.0,22568549.87,61836248.99,80362994.58,92191881.49000002,71216790.22,22236574.54,93453364.75999999,False,0.24149531617142816,0.6616802845868982,0.859926175867314,0.9865014676224916,0.11712001109472342,False
2026-06-30,56973948000188,TORONTO FUNDO DE INVESTIMENTO DIREITOS CREDITÓRIOS DE  RESPONSABILIDADE LIMITADA,Classe,54931339.38,FIDD DISTRIBUIDORA DE TITULOS E VALORES MOBILIARIOS LTDA.,4,0.0,22402081.82,24852484.07,24852484.07,24852484.07,0.0,22694109.39,22694109.39,False,0.9871320101185077,1.0951072651897533,1.0951072651897533,1.0951072651897533,0.9829284014845221,True
2026-06-30,09104359000183,DETOMASO FIDC-NP MULTISSETORIAL,Classe,189647469.18,QI CORRETORA DE TÍTULOS E VALORES MOBILIÁRIOS S.A.,25,0.0,22399670.99,77951012.02,102772916.27,127768113.49000001,28436574.53,121220831.6,149657406.13,False,0.14967298691881983,0.5208630433717915,0.6867212183319965,0.8537373244262577,0.07144977956292548,False
2026-06-30,28796986000177,KINERET FUNDO DE INVESTIMENTO EM DIREITOS CREDITÓRIOS,Classe,98217809.86,ID CORRETORA DE TITULOS E VALORES MOBILIARIOS S.A.,25,0.0,22362049.83,45979118.589999996,59568689.1,75180594.96000001,501442.62,74483607.61,74985050.23,False,0.29822010869379123,0.613177139296023,0.7944075374662851,1.002607782876723,0.126886750817323,False
2026-06-30,54759252000128,ITAÚ PIRINEUS II FUNDO DE INVESTIMENTO EM DIREITOS CREDITÓRIOS DE INFRA - RESP LIMITADA,Classe,747930967.3,INTRAG DTVM LTDA.,25,0.0,22354145.34,97132677.23,178720484.10999998,346588499.46,683481437.23,0.0,683481437.23,False,0.032706294746784104,0.142114579766288,0.2614854981787286,0.507092776161774,0.01100772944932732,False
2026-06-30,16829910000111,FUNDO DE INVESTIMENTO EM DIREITOS CREDITÓRIOS DIAMOND MOUNTAIN DISTRESSED ASSETS,Classe,21513406.01,PLANNER CORRETORA DE VALORES S.A.,1,0.0,22317400.0,22317400.0,22317400.0,22317400.0,22317400.0,0.0,22317400.0,False,1.0,1.0,1.0,1.0,1.0,False
2026-06-30,32156003000105,ATLÂNTICO CORPORATE FUNDO DE INVESTIMENTO EM DIREITOS CREDITÓRIOS NÃO - PADRONIZADOS,Classe,50487103.09,ID CORRETORA DE TITULOS E VALORES MOBILIARIOS S.A.,25,0.0,22273179.97,54815263.28,56414384.53,56858830.629999995,57040542.77,0.0,57040542.77,False,0.39047980415982986,0.9609877574452119,0.9890225757050592,0.9968143336094695,0.26094794630882007,False
2026-06-30,20791371000146,INTERBANK FUNDO DE INVESTIMENTO EM DIREITOS CREDITÓRIOS,Classe,473536709.71,QI CORRETORA DE TÍTULOS E VALORES MOBILIÁRIOS S.A.,25,0.0,22205437.9,82926170.58000001,119871639.25,179049522.35000005,15894229.11,387438325.26,403332554.37,False,0.055054911039066984,0.2056024729011264,0.29720298535593753,0.44392529293766775,0.012529151968784217,False
2026-06-30,54519336000194,AVANTI FUNDO DE INVESTIMENTO EM DIREITOS CREDITÓRIOS  RESPONSABILIDADE LIMITADA,Classe,27149227.47,ID CORRETORA DE TITULOS E VALORES MOBILIARIOS S.A.,1,0.0,22201487.12,22201487.12,22201487.12,22201487.12,25955617.81,0.0,25955617.81,False,0.8553634624503667,0.8553634624503667,0.8553634624503667,0.8553634624503667,0.7316466528950798,False
2026-06-30,31844721000101,PONTUAL BRASIL FUNDO DE INVESTIMENTO EM DIREITOS CREDITÓRIOS MULTISSETORIAL - RESPONSABILIDADE LIMIT,Classe,166559632.75,QI CORRETORA DE TÍTULOS E VALORES MOBILIÁRIOS S.A.,25,0.0,22170000.0,77996426.25999999,104271655.70999998,144551336.33,16693421.51,143766722.88,160460144.39,False,0.13816515050687972,0.4860797461980895,0.6498290033727421,0.9008550807399658,0.06094893701867469,False
2026-06-30,53959749000127,GM FUNDO DE INVESTIMENTO EM DIREITOS CREDITÓRIOS DE RESPONSABILIDADE LIMITADA,Classe,99702301.95,BANCO DAYCOVAL S.A.,24,0.0,22110156.09,58570971.56,68967905.69000001,72228857.38000001,27567288.54,44601608.4,72168896.94,False,0.3063668287514774,0.8115819146951202,0.9556458337909579,1.0008308349239405,0.18544657993871175,False
2026-06-30,59764569000176,AUGME LVG FUNDO DE INVESTIMENTO EM DIREITOS CREDITÓRIOS RESPONSABILIDADE LIMITADA,Classe,279238098.22,BANCO DAYCOVAL S.A.,13,0.0,22108154.13,70833285.05,106975902.92999999,119190218.79,119190218.79,0.0,119190218.79,False,0.18548631216922357,0.5942877340866403,0.8975224982049888,1.0,0.09980312875106956,False
2026-06-30,12778706000168,FUNDO DE INVESTIMENTO EM DIREITOS CREDITÓRIOS - BRASILFACTORS CRÉDITO CORPORATIVO,Classe,110933332.06,BANCO FINAXIS S.A.,25,0.0,21870258.53,47345107.32,63764465.5,84988972.3,100994665.54,0.0,100994665.54,False,0.21654865049617947,0.4687881985335995,0.6313646880165706,0.8415194193235802,0.07220222095961101,False
2026-06-30,46075436000140,CREDIT OPPORTUNITIES I FUNDO DE INVESTIMENTO EM DIREITOS CREDITÓRIOS RESPONSABILIDADE LIMITADA,Classe,255962888.15,BTG PACTUAL SERVIÇOS FINANCEIROS S/A DTVM,1,0.0,21869910.89,21869910.89,21869910.89,21869910.89,0.0,4836706.73,4836706.73,False,4.521653288248882,4.521653288248882,4.521653288248882,4.521653288248882,20.445348459131928,True
2026-06-30,51390507000130,FUNDO DE INVESTIMENTO EM DIREITOS CREDITÓRIOS ZONDA HY,Classe,203578064.8,BANCO DAYCOVAL S.A.,25,0.0,21856810.39,65744572.78000001,108571360.42999999,165578723.58999997,167536480.51,0.0,167536480.51,False,0.13046000682039754,0.3924194454835514,0.6480460858405077,0.9883144440300979,0.056431218448615,False
2026-06-30,55501349000107,LAUSANNE FUNDO DE INVESTIMENTO EM DIREITOS CREDITÓRIOS NÃO PADRONIZADOS,Classe,2259393.89,PLANNER CORRETORA DE VALORES S.A.,19,0.0,21828224.5,53030902.77,78453115.30000001,94827031.01000002,0.01,0.0,0.01,False,2182822450.0,5303090277.0,7845311530.000001,9482703101.000002,8.986072089424731e+18,True
2026-06-30,58223324000179,SV FUNDO DE INVESTIMENTO EM DIREITOS CREDITÓRIOS,Classe,82485166.8,QI CORRETORA DE TÍTULOS E VALORES MOBILIÁRIOS S.A.,25,0.0,21761686.17,48333199.78,57739595.68000001,70891290.84000002,82223783.23,0.0,82223783.23,False,0.26466413141228556,0.5878250535468581,0.702224993935006,0.8621750064905158,0.10414260359989168,False
2026-06-30,23076742000104,FUNDO DE INVESTIMENTO EM DIREITOS CREDITÓRIOS EMPÍRICA OPORTUNA PRECATÓRIOS FEDERAIS RESP LIMITADA,Classe,48987529.27,FIDD DISTRIBUIDORA DE TITULOS E VALORES MOBILIARIOS LTDA.,13,0.0,21708850.85,34722305.7,36841363.95,37089835.25000001,34601181.76,0.0,34601181.76,False,0.6274020061099786,1.0035005723457697,1.064742938710542,1.0719239448889855,0.4313675303253096,True
2026-06-30,47117821000176,B33 FUNDO  DE INVESTIMENTO EM DIREITOS CREDITORIOS,Classe,26892755.8,HEMERA DISTRIBUIDORA DE TITULOS E VALORES MOBILIARIOS LTDA,6,0.0,21699390.0,25549451.52,25769738.54,25769738.54,25769738.54,0.0,25769738.54,False,0.8420492884053918,0.9914517169175749,1.0,1.0,0.7179385263543401,False
2026-06-30,34691362000198,ZEUS FUNDO DE INVESTIMENTO EM DIREITOS CREDITÓRIOS,Classe,90714623.91,ACTUAL DISTRIBUIDORA DE TITULOS E VALORES MOBILIARIOS S.A.,25,0.0,21613697.22,50750230.589999996,51246587.3,51886622.89,11474594.32,37446227.95,48920822.27,False,0.4418097696868495,1.0373952896765157,1.047541413289495,1.0606245047074512,0.36566169159686956,True
2026-06-30,59999281000180,FITZ ROY SPECIAL SITUATIONS II FIDC DE RESPONSABILIDADE LIMITADA,Classe,39349427.86,BANCO DAYCOVAL S.A.,7,0.0,21513618.04,35212746.58,38745112.949999996,38745112.949999996,35290968.84,3454144.11,38745112.95,False,0.5552601709475723,0.9088306601516823,0.9999999999999998,0.9999999999999998,0.34469693807523444,False
2026-06-30,57654431000199,ARC TURBI FUNDO DE INVESTIMENTO EM DIREITOS CREDITÓRIOS,Classe,32745701.56,BANCO DAYCOVAL S.A.,2,0.0,21486864.95,31986864.95,31986864.95,31986864.95,31986864.95,0.0,31986864.95,False,0.6717402591215804,1.0,1.0,1.0,0.5589894332062952,False
2026-06-30,31495065000189,JP MM FUNDO DE INVESTIMENTO EM DIREITOS CREDITÓRIOS MULTISSEGMENTOS DE  RESPONSABILIDADE LIMITADA,Classe,689016117.95,FINAXIS CORRETORA DE TÍTULOS E VALORES MOBILIÁRIOS S.A.,25,0.0,21474873.9,21630398.25,21775914.09,22134284.69,527550514.22,0.0,527550514.22,False,0.0407067632788706,0.04100156793891334,0.04127740093703893,0.041956711430233815,0.0016571104074221664,False
2026-06-30,55102997000182,ARC FIAGRO - DIREITOS CREDITÓRIOS - RESPONSABILIDADE LIMITADA,Classe,269406.81,VORTX DISTRIBUIDORA DE TITULOS E VALORES MOBILIARIOS LTDA.,1,0.0,21451330.26,21451330.26,21451330.26,21451330.26,0.02,0.0,0.02,False,1072566513.0000001,1072566513.0000001,1072566513.0000001,1072566513.0000001,1.1503989248089793e+18,True
2026-06-30,60776193000107,CAPITAL FUTEBOL FUNDO DE INVESTIMENTO EM DIREITOS CREDITÓRIOS DE RESPONSABILIDADE LIMITADA,Classe,28847299.95,BANCO DAYCOVAL S.A.,2,0.0,21434740.05,28637341.47,28637341.47,28637341.47,28530167.67,0.0,28530167.67,False,0.7513008790529832,1.003756507891564,1.003756507891564,1.003756507891564,0.6281868553980685,False
2026-06-30,63482686000114,RESOLVE CAPITAL FIDC MULTICARTEIRA FINANCEIRO - RESP LIMITADA,Classe,82590986.82,GENIAL INVESTIMENTOS CORRETORA DE VALORES MOBILIÁRIOS S.A.,24,0.0,21366143.02,59506521.029999994,73599119.89,82366391.44000001,83237583.19,0.0,83237583.19,False,0.2566886519425865,0.7148996733142655,0.8842053921964671,0.9895336731724733,0.13140091324368103,False
2026-06-30,58153083000139,JBA CAPITAL FUNDO DE INVESTIMENTO EM DIREITOS CREDITÓRIOS  RESPONSABILIDADE LIMITADA,Classe,67191686.95,ID CORRETORA DE TITULOS E VALORES MOBILIARIOS S.A.,25,0.0,21359890.11,36029824.77,40615411.1,49344250.01,66857376.53,0.0,66857376.53,False,0.3194844192011553,0.5389057519155397,0.607493341916807,0.7380524419449577,0.11751393267950383,False
2026-06-30,49409950000163,VERDE AM II FUNDO DE INVESTIMENTO EM DIREITOS CREDITÓRIOS DE RESPONSABILIDADE LIMITADA,Classe,68642304.62,BANCO DAYCOVAL S.A.,4,0.0,21305067.54,45718971.199999996,45718971.199999996,45718971.199999996,45718971.2,0.0,45718971.2,False,0.46600058970705793,0.9999999999999999,0.9999999999999999,0.9999999999999999,0.31305219934355455,False
2026-06-30,57660538000140,HOMMA PREC FUNDO DE INVESTIMENTO EM DIREITOS CREDITÓRIOS - RESP LIMITADA,Classe,44242299.9,HEMERA DISTRIBUIDORA DE TITULOS E VALORES MOBILIARIOS LTDA,12,0.0,21303417.06,38117137.16,39183085.559999995,39302592.21999999,39172153.06,130439.16,39302592.22,False,0.5420359283365356,0.9698377386060364,0.996959318628882,0.9999999999999998,0.4354977807501575,False
2026-06-30,60871638000120,MINERVA FUNDO DE INVESTIMENTO EM DIREITOS CREDITÓRIOS II - CRÉDITO MERCANTIL RESP LIMITADA,Classe,838018529.68,BEM - DISTRIBUIDORA DE TITULOS E VALORES MOBILIARIOS LTDA.,24,0.0,21290985.85,91364287.92,152826755.24999997,229209895.23,708388121.91,0.0,708388121.91,False,0.03005553762334965,0.1289749010382302,0.21573873209214603,0.3235654129998539,0.005829361237767938,False
2026-06-30,22588302000165,ONE FUNDO DE INVESTIMENTO EM DIREITOS CREDITÓRIOS NÃO-PADRONIZADOS,Classe,-3171956.18,RJI CORRETORA DE TÍTULOS E VALORES MOBILIÁRIOS LTDA.,24,0.0,21277133.33,77508247.61999999,124053909.53999999,171822902.39,0.0,4622526.57,4622526.57,False,4.602922883794261,16.76750721629708,26.836819142393807,37.17077658463302,87.72173838873407,True
2026-06-30,52343885000125,LCBANK FUNDO DE INVESTIMENTO EM DIREITOS CREDITÓRIOS NÃO PADRONIZADOS,Classe,38721124.41,ID CORRETORA DE TITULOS E VALORES MOBILIARIOS S.A.,17,0.0,21243243.89,29310618.499999996,29576483.529999997,29657017.88999999,29778786.77,0.0,29778786.77,False,0.7133683468730516,0.9842784639409269,0.9932064646702192,0.995910885123007,0.5468804304022283,False
2026-06-30,55728962000153,JMP43 FUNDO DE INVESTIMENTO EM DIREITOS CREDITÓRIOS,Classe,26250108.51,QI CORRETORA DE TÍTULOS E VALORES MOBILIÁRIOS S.A.,4,0.0,21183747.4,21608204.919999998,21608204.919999998,21608204.919999998,21608204.72,0.0,21608204.72,False,0.9803566596346094,1.0000000092557435,1.0000000092557435,1.0000000092557435,0.9612582693444476,False
2026-06-30,35688101000181,FUNDO DE INVESTIMENTO EM DIREITOS CREDITÓRIOS CLAIMS S1,Classe,148669339.97,APEX GROUP DISTRIBUIDORA DE TÍTULOS E VALORES MOBILIÁRIOS S.A.,2,0.0,21145488.69,139782470.61,139782470.61,139782470.61,147976145.02,0.0,147976145.02,False,0.1428979562019408,0.9446284101475102,0.9446284101475102,0.9446284101475102,0.6631915466704605,False
2026-06-30,60869787000154,VRE FUNDO DE INVESTIMENTO EM DIREITOS CREDITÓRIOS RESPONSABILIDADE LIMITADA,Classe,32475477.76,PLANNER CORRETORA DE VALORES S.A.,1,0.0,21057460.7,21057460.7,21057460.7,21057460.7,22492168.67,0.0,22492168.67,False,0.9362129996867037,0.9362129996867037,0.9362129996867037,0.9362129996867037,0.876494780782376,False
2026-06-30,50695489000131,MLC 1A  - FUNDO DE INVESTIMENTO EM DIREITOS CREDITÓRIOS - RESPONSABILIDADE LIMITADA,Classe,23020024.58,BANCO DAYCOVAL S.A.,1,0.0,21012750.92,21012750.92,21012750.92,21012750.92,21012750.92,0.0,21012750.92,False,1.0,1.0,1.0,1.0,1.0,False
2026-06-30,50309743000116,ARPEL CAPITAL FUNDO DE INVESTIMENTO EM DIREITOS CREDITORIOS,Classe,20054572.62,PLANNER CORRETORA DE VALORES S.A.,1,0.0,20998273.63,20998273.63,20998273.63,20998273.63,12897484.37,5672139.39,18569623.759999998,False,1.1307861646196327,1.1307861646196327,1.1307861646196327,1.1307861646196327,1.278677350095179,True
2026-06-30,50198834000121,JGP ESTRUTURADOS III FUNDO DE INVESTIMENTO EM DIREITOS CREDITÓRIOS - RESPONSABILIDADE LIMITADA,Classe,148711484.28,BNY MELLON SERVICOS FINANCEIROS DTVM S.A.,14,0.0,20980000.0,81385936.36,120620619.1,124289475.91,119545536.75,0.0,119545536.75,False,0.1754979781794321,0.6807944367693008,1.0089930781125545,1.0396831139745584,0.12280425343573044,False
2026-06-30,65562163000103,PRECATO VI FUNDO DE INVESTIMENTO EM DIREITOS CREDITÓRIOS DE  RESPONSABILIDADE LIMITADA,Classe,40368242.38,ID CORRETORA DE TITULOS E VALORES MOBILIARIOS S.A.,5,0.0,20904585.3,25145951.29,25145951.29,25145951.29,25145951.29,0.0,25145951.29,False,0.8313300641886355,1.0,1.0,1.0,0.7084605886729662,False
2026-06-30,32511681000149,BLP PCJ VII FUNDO DE INVESTIMENTO EM DIREITOS CREDITÓRIOS RESPONSABILIDADE LIMITADA,Classe,20186737.08,TRUSTEE DISTRIBUIDORA DE TITULOS E VALORES MOBILIARIOS LTDA.,6,0.0,20867825.06,22657568.200000003,22743151.080000002,22743151.080000002,17623734.0,0.0,17623734.0,False,1.1840751261906244,1.2856281307922601,1.290484245847106,1.290484245847106,1.4069441068663504,True
2026-06-30,13606266000124,TERRAS RARAS FIDC MULTISETORIAL DE RESPONSABILIDADE ILIMITADA,Classe,290399473.36,BANCO DAYCOVAL S.A.,24,0.0,20850578.33,93238942.85000001,128290919.31000002,142605079.81000003,145870892.38,74222181.73,220093074.11,False,0.09473527694732964,0.4236341521741854,0.5828939407965272,0.6479307919463546,0.042829464842305126,False
2026-06-30,59688936000108,ITAÚ PIRINEUS III FUNDO DE INVESTIMENTOS EM DIREITOS CREDITÓRIOS DE INFRAESTRUTURA RESP LIMITADA,Classe,708363721.37,INTRAG DTVM LTDA.,25,0.0,20828911.17,95955941.35,177044062.92999998,342970512.99,603664326.25,0.0,603664326.25,False,0.03450412798018144,0.15895579244525548,0.293282301489983,0.5681477239520745,0.013866613901707903,False
2026-06-30,45899460000131,VOLUS FUNDO DE  INVESTIMENTO EM DIREITOS CREDITÓRIOS NÃO-PADRONIZADOS  RESPONSABILIDADE LIMITADA,Classe,44581102.67,ID CORRETORA DE TITULOS E VALORES MOBILIARIOS S.A.,25,0.0,20820771.4,38461174.68,45136988.690000005,52523244.11,10504244.47,33736837.57,44241082.04,False,0.4706207542838841,0.8693542948435535,1.0202505591791355,1.187205232966766,0.28464759915573684,True
2026-06-30,37564538000139,FUNDO DE INVESTIMENTO EM DIREITOS CREDITÓRIOS CLAIMS,Classe,141607154.47,APEX GROUP DISTRIBUIDORA DE TÍTULOS E VALORES MOBILIÁRIOS S.A.,2,0.0,20807160.87,138276036.02,138276036.02,138276036.02,141007266.28,0.0,141007266.28,False,0.14756091241910146,0.9806305708063544,0.9806305708063544,0.9806305708063544,0.715779278599412,False
2026-06-30,54020246000154,ROYAL CAPITAL FUNDO DE INVESTIMENTO EM DIREITOS CREDITÓRIOS,Classe,7628825.79,QORE DISTRIBUIDORA DE TÍTULOS E VALORES MOBILIÁRIOS LTDA.,3,0.0,20800000.02,30565741.22,30565741.22,30565741.22,2483860.77,0.0,2483860.77,False,8.374060362489642,12.30573854588476,12.30573854588476,12.30573854588476,85.21547676012082,True
2026-06-30,56415135000172,ITAÚ CRÉDITO ESTRUTURADO DOLOMITAS I FIDC - RESPONSABILIDADE LIMITADA,Classe,343078065.63,INTRAG DTVM LTDA.,25,0.0,20763978.35,26188919.900000002,26188919.900000002,26188919.900000002,26188919.9,0.0,26188919.9,False,0.7928535590350941,1.0000000000000002,1.0000000000000002,1.0000000000000002,0.6501014201921674,False
2026-06-30,22945783000119,LEVE FUNDO DE INVESTIMENTO EM DIREITOS CREDITÓRIOS - RESPONSABILIDADE LIMITADA,Classe,330500809.21,QI CORRETORA DE TÍTULOS E VALORES MOBILIÁRIOS S.A.,25,0.0,20711405.79,92880306.52999999,149645651.89999998,229405434.52000004,221151781.11,101088739.41,322240520.52,False,0.06427312665886331,0.28823285904615253,0.464391168616897,0.7119074725605835,0.027756777174473366,False
2026-06-30,10841829000170,SPREADSUL FUNDO DE INVESTIMENTO EM DIREITOS CREDITÓRIOS,Classe,37318581.45,QI CORRETORA DE TÍTULOS E VALORES MOBILIÁRIOS S.A.,25,0.0,20669649.54,32858870.69,37375145.839999996,41411733.400000006,3518405.35,10474038.41,13992443.76,False,1.4772008302858457,2.3483296594647167,2.6710949481779442,2.9595783345853524,2.436022623818273,True
2026-06-30,63269491000190,FMV FUNDO DE INVESTIMENTO  EM DIREITOS CREDITÓRIOS RESPONSABILIDADE LIMITADA,Classe,19297786.09,ID CORRETORA DE TITULOS E VALORES MOBILIARIOS S.A.,2,0.0,20658172.36,20812540.05,20812540.05,20812540.05,20658172.36,154367.69,20812540.05,False,0.9925829480866272,1.0,1.0,1.0,0.9852759214914256,False
2026-06-30,52498421000198,SOLAR PUGLIA FUNDO DE INVESTIMENTO EM DIREITOS CREDITÓRIOS RESPONSABILIDADE LIMITADA,Classe,304498232.36,QI CORRETORA DE TÍTULOS E VALORES MOBILIÁRIOS S.A.,25,0.0,20563591.7,73264507.17999999,113469030.67,171188152.02999997,23540814.33,220705956.39,244246770.71999997,False,0.08419186726351328,0.2999610065018591,0.46456716842360557,0.7008819462601901,0.028789320424005227,False
2026-06-30,67106913000168,LEF I FUNDO DE INVESTIMENTO DIREITOS CREDITÓRIOS RESP LIMITADA,Classe,21072606.26,INTER DISTRIBUIDORA DE TÍTULOS E VALORES MOBILIÁRIOS,1,0.0,20519734.04,20519734.04,20519734.04,20519734.04,20519734.04,0.0,20519734.04,False,1.0,1.0,1.0,1.0,1.0,False
2026-06-30,61621980000134,SARFATY PRIVATE CREDIT FUNDO  DE INVESTIMENTO EM DIREITOS CREDITÓRIOS - RESPONSABILIDADE  LIMITADA,Classe,84280818.85,HEMERA DISTRIBUIDORA DE TITULOS E VALORES MOBILIARIOS LTDA,17,0.0,20398676.18,57492085.71,72396743.75999999,83491991.62,0.0,83150595.8,83150595.8,False,0.24532206875660176,0.691421211800866,0.8706701745605531,1.0041057531424207,0.14254199958591704,False
2026-06-30,33701697000187,MELBOURNE FUNDO DE INVESTIMENTO EM DIREITOS CREDITORIOS,Classe,14814111.29,TRUSTEE DISTRIBUIDORA DE TITULOS E VALORES MOBILIARIOS LTDA.,1,0.0,20383492.82,20383492.82,20383492.82,20383492.82,20383492.82,0.0,20383492.82,False,1.0,1.0,1.0,1.0,1.0,False
2026-06-30,53979245000179,GS3 I FUNDO DE INVESTIMENTO EM DIREITOS CREDITÓRIOS,Classe,144397273.44,FIDD DISTRIBUIDORA DE TITULOS E VALORES MOBILIARIOS LTDA.,25,0.0,20196784.17,53449728.72,69610414.44,84038423.15999998,11496623.49,96247330.2,107743953.69,False,0.18745167109896504,0.4960810039864057,0.6460725827853181,0.7799827301845135,0.0676015717567111,False
2026-06-30,45144657000160,VECTIS PRO SOLUTTI CRÉDITOS JUDICIAIS FIDC DE RESPONSABILIDADE LIMITADA,Classe,25731273.86,BANCO DAYCOVAL S.A.,24,0.0,20194629.81,42067654.32,49547435.31,56946764.580000006,26473482.54,0.0,26473482.54,False,0.7628248296946579,1.5890487493074645,1.8715873604893694,2.1510870167518203,0.8247083278980817,True
2026-06-30,48969748000123,OKNO 1 FUNDO DE INVESTIMENTO EM DIREITOS CREDITÓRIOS,Classe,265565589.53,APEX DISTRIBUIDORA DE TÍTULOS E VALORES MOBILIÁRIOS S.A.,24,0.0,20028581.56,37708317.510000005,49880881.06,73584452.64000002,237263151.21,0.0,237263151.21,False,0.08441505331888995,0.15893035778077746,0.2102344203287209,0.3101385624557895,0.009988338349150088,False
2026-06-30,55051705000120,REASON X FUNDO DE INVESTIMENTO EM DIREITOS CREDITÓRIOS - RESPONSABILIDADE LIMITADA,Classe,57332412.5,BARU DISTRIBUIDORA DE TÍTULOS E VALORES MOBILIÁRIOS LTDA.,18,0.0,19911982.79,46411765.32,52211434.89000001,52990456.280000016,52990456.28,0.0,52990456.28,False,0.3757654526465232,0.8758514000098736,0.985298835966166,1.0000000000000002,0.21989196518188628,False
2026-06-30,59143807000126,AZQ CDO FUNDO DE INVESTIMENTO EM DIREITOS CREDITÓRIOS DE RESPONSABILIDADE ILIMITADA,Classe,306182343.58,BANCO DAYCOVAL S.A.,25,0.0,19902354.51,87458150.69,146653310.32,219626239.34000003,222870060.37,0.0,222870060.37,False,0.0893002607750853,0.3924176739792032,0.6580215847589936,0.9854452364547543,0.05459036263421057,False
2026-06-30,61755814000120,DILARY INVEST FUNDO DE INVESTIMENTO EM DIREITOS CREDITÓRIOS,Classe,20429983.35,AZUMI DISTRIBUIDORA DE TÍTULOS E VALORES MOBILIÁRIOS LTDA.,2,0.0,19884442.66,20384220.39,20384220.39,20384220.39,0.0,20384220.39,20384220.39,False,0.9754821268393871,1.0,1.0,1.0,0.9521665058874139,False
2026-06-30,61909085000110,RED WOOD FUNDO DE  INVESTIMENTO EM DIREITOS CREDITÓRIOS NÃO PADRONIZADOS RESPONSABILIDADE  LIMITADA,Classe,56997679.08,ID CORRETORA DE TITULOS E VALORES MOBILIARIOS S.A.,24,0.0,19876865.64,33598882.51,38639488.01,41653786.53,15926118.2,39768036.08,55694154.28,False,0.35689321252765416,0.6032748489380598,0.693779957870293,0.7479023080337543,0.1471983281146506,False
2026-06-30,63381126000173,OPENSEA SP FUNDO DE INVESTIMENTO EM DIREITOS CREDITÓRIOS RESPONSABILIDADE LIMITADA,Classe,26820758.02,QI CORRETORA DE TÍTULOS E VALORES MOBILIÁRIOS S.A.,7,0.0,19725612.08,24503276.65,24738704.909999996,24738704.909999996,24738704.91,0.0,24738704.91,False,0.7973583157146765,0.9904834040077484,0.9999999999999999,0.9999999999999999,0.6494417137119787,False
2026-06-30,39680495000182,SOLAR VIALOC FUNDO DE INVESTIMENTO EM DIREITOS CREDITÓRIOS,Classe,64460423.69,QI CORRETORA DE TÍTULOS E VALORES MOBILIÁRIOS S.A.,25,0.0,19524404.08,46133253.19,59607966.98,63904854.00999998,19614676.28,44984314.39,64598990.67,False,0.3022400795662462,0.714148204353051,0.9227383642029897,0.9892546825762963,0.14850167818837137,False
2026-06-30,24546098000145,GII GESTAO INTELIGENTE FUNDO DE INVESTIMENTO EM DIREITOS CREDITORIOS RESPONSABILIDADE LIMITADA,Classe,296537103.08,QI CORRETORA DE TÍTULOS E VALORES MOBILIÁRIOS S.A.,25,0.0,19496251.37,60550009.22,104313635.12,189311054.42,34421307.14,250999636.32,285420943.46,False,0.06830701045850997,0.21214283887505164,0.3654729532299333,0.6632696680386763,0.020767902189429074,False
2026-06-30,09057948000158,FIDC MULTISETORIAL EXICON I,Classe,103078927.08,QI CORRETORA DE TÍTULOS E VALORES MOBILIÁRIOS S.A.,25,0.0,19447294.38,51867682.93,65953783.94,85214965.98,9183335.85,76598491.95,85781827.8,False,0.22670645845109866,0.6046465115074174,0.7688549618430957,0.9933918192869283,0.11038308281963598,False
2026-06-30,60315422000188,CLASSE ÚNICA DE COTAS DO INARI FIDC DE RESPONSABILIDADE LIMITADA,Classe,22638713.33,BANCO DAYCOVAL S.A.,2,0.0,19439888.02,22356612.11,22356612.11,22356612.11,22356612.11,0.0,22356612.11,False,0.869536400432722,1.0,1.0,1.0,0.7731143024895459,False
2026-06-30,61746700000114,VERSÁTIL GESTÃO DE CAPITAL FUNDO DE INVESTIMENTO EM DIREITOS CREDITÓRIOS,Classe,3596609.34,PLANNER CORRETORA DE VALORES S.A.,1,0.0,19420965.9,19420965.9,19420965.9,19420965.9,3653335.15,0.0,3653335.15,False,5.31595517591645,5.31595517591645,5.31595517591645,5.31595517591645,28.25937943235289,True
2026-06-30,59744598000176,MEDCASH FUNDO DE INVESTIMENTO EM DIREITOS CREDITÓRIOS DE RESPONSABILIDADE LIMITADA,Classe,20729640.84,CATÁLISE DISTRIBUIDORA DE TITULOS E VALORES MOBILIARIOS LTDA.,1,0.0,19419251.93,19419251.93,19419251.93,19419251.93,19419251.93,0.0,19419251.93,False,1.0,1.0,1.0,1.0,1.0,False
2026-06-30,35844801000118,NF FUNDO DE INVESTIMENTO EM DIREITOS CREDITÓRIOS,Classe,6038065.82,TRUSTEE DISTRIBUIDORA DE TITULOS E VALORES MOBILIARIOS LTDA.,22,0.0,19411006.83,49632273.150000006,56261024.35999999,64911644.54999999,0.0,5978354.39,5978354.39,False,3.2468812592423113,8.301995818953117,9.410787766966086,10.857777962875163,20.427462700162437,True
2026-06-30,35823530000114,BANMINAS FUNDO DE INVESTIMENTO EM DIREITOS CREDITÓRIOS,Classe,421195259.86,LIMINE TRUST DISTRIBUIDORA DE TITULOS E VALORES MOBILIARIOS LTDA.,24,0.0,19406159.08,59997242.45,89564706.98,142926244.21,103103042.22,281005920.35,384108962.57000005,False,0.05052253649630323,0.15619849651143222,0.23317525938665834,0.37209817561586606,0.00808926864095543,False
2026-06-30,47425750000179,CEREALIS FUNDO DE INVESTIMENTO EM DIREITOS CREDITÓRIOS,Classe,215299982.37,QI CORRETORA DE TÍTULOS E VALORES MOBILIÁRIOS S.A.,25,0.0,19401212.92,39032383.760000005,54994750.510000005,82266890.94999999,0.0,210066595.02,210066595.02,False,0.09235743987830551,0.18580957032356246,0.26179674357440824,0.3916229086407933,0.013107678781756808,False
2026-06-30,29330482000120,YUNUS NEGOCIOS SOCIAIS FUNDO DE INVESTIMENTO EM DIREITOS CREDITORIOS,Classe,23512489.01,LIMINE TRUST DISTRIBUIDORA DE TITULOS E VALORES MOBILIARIOS LTDA.,1,0.0,19390162.28,19390162.28,19390162.28,19390162.28,14410608.91,0.0,14410608.91,False,1.3455477420211246,1.3455477420211246,1.3455477420211246,1.3455477420211246,1.810498726058147,True
2026-06-30,32969565000178,SANTIAGO HOME EQUITY FUNDO DE INVESTIMENTO EM DIREITOS CREDITÓRIOS,Classe,98947749.51,QI CORRETORA DE TÍTULOS E VALORES MOBILIÁRIOS S.A.,25,0.0,19389833.52,31495855.86,40666136.71000001,55643681.69000002,72485922.48,0.0,72485922.48,False,0.26749792037688364,0.43450996803814146,0.5610211654714118,0.7676481140921256,0.08498170959944933,False
2026-06-30,41351629000163,SIFRA LP FUNDO DE INVESTIMENTO EM DIREITOS CREDITÓRIOS,Classe,306361844.98,QI CORRETORA DE TÍTULOS E VALORES MOBILIÁRIOS S.A.,25,0.0,19375331.83,75287753.30000001,116490969.80000001,174292425.97,48320927.54,250911080.66,299232008.2,False,0.06475019817081186,0.25160327517395586,0.38929982958955395,0.5824658498883142,0.01964962442671261,False
2026-06-30,45683318000152,LETO FUNDO DE INVESTIMENTO EM DIREITOS CREDITÓRIOS HIGH YIELD - RESPONSABILIDADE LIMITADA,Classe,157783000.67,BNY MELLON SERVICOS FINANCEIROS DTVM S.A.,23,0.0,19298438.86,84883116.45,139458769.76,201384770.01999998,158521212.9,0.0,158521212.9,False,0.1217404188811881,0.5354685022726066,0.8797483138611538,1.270396348449842,0.09779053281773394,True
2026-06-30,20953316000105,PANGU FUNDO DE INVESTIMENTO EM DIREITOS CREDITÓRIOS MULTISSETORIAL - NÃO PADRONIZADOS,Classe,46044954.85,QI CORRETORA DE TÍTULOS E VALORES MOBILIÁRIOS S.A.,25,0.0,19266574.15,30914117.330000002,35432426.45,40581114.5,1003733.57,43223507.1,44227240.67,False,0.4356268638542672,0.6989836322972215,0.8011448580836821,0.9175592663081686,0.22064523658708887,False
2026-06-30,18185812000114,GAVEA SUL FUNDO DE INVESTIMENTO EM DIREITOS CREDITÓRIOS MULTISSETORIAL LP,Classe,561951177.27,QI CORRETORA DE TÍTULOS E VALORES MOBILIÁRIOS S.A.,25,0.0,19195745.57,76459009.56,126642443.22999999,233421120.02000004,40756952.53,480350557.55,521107510.08000004,False,0.036836440079424465,0.1467240599703928,0.2430255576446364,0.4479327499697047,0.009192078237821227,False
2026-06-30,65653001000180,FIDC PLURIS FUNDO DE INVESTIMENTOS EM DIREITOS CREDITÓRIOS,Classe,109052360.7,ID CORRETORA DE TITULOS E VALORES MOBILIARIOS S.A.,24,0.0,19183581.21,57629809.08,76595698.84,87151651.29,105523840.59,2367969.29,107891809.88000001,False,0.17780386881392074,0.5341444280534113,0.7099306140585803,0.8077689250642126,0.07757924651790603,False
2026-06-30,31933790000191,INVISTA ATIVOS ALTERNATIVOS I FUNDO DE INVESTIMENTO EM DIREITOS CREDITÓRIOS,Classe,95090625.9,QI CORRETORA DE TÍTULOS E VALORES MOBILIÁRIOS S.A.,17,0.0,19111101.42,48894865.67,65194646.4,69839549.12000002,68201565.45,0.0,68201565.45,False,0.2802149964433111,0.7169170582432723,0.9559112898632153,1.024016804587878,0.14317790712127254,False
2026-06-30,54248022000102,CLOUDWALK BIG PICTURE IV FUNDO DE INVESTIMENTO EM DIREITOS CREDITÓRIOS SEGMENTO MEIOS DE PAGAMENTO,Classe,310583203.44,BANCO GENIAL S.A.,24,0.0,19037155.35,77039299.45,140463331.16,236584577.12,276878253.57,0.0,276878253.57,False,0.06875641226618417,0.2782425071549472,0.5073108102528834,0.8544715017143338,0.03575418844362782,False
2026-06-30,42273967000197,PLETORA FUNDO DE INVESTIMENTO EM DIREITOS CREDITORIOS,Classe,75758538.04,LIMINE TRUST DISTRIBUIDORA DE TITULOS E VALORES MOBILIARIOS LTDA.,3,0.0,18972152.54,39901916.33,39901916.33,39901916.33,20211025.35,19690890.97,39901916.32,False,0.47546970896960666,1.0000000002506144,1.0000000002506144,1.0000000002506144,0.4052912438490972,False
2026-06-30,54219179000100,CLOUDWALK BIG PICTURE III FUNDO DE INVESTIMENTO EM DIREITOS CREDITÓRIOS SEGMENTO MEIOS DE PAGAMENTO,Classe,151890811.96,BANCO GENIAL S.A.,24,0.0,18933825.82,69345602.75,105509902.24,131770304.89999999,132600947.64,0.0,132600947.64,False,0.14278801288361592,0.5229646091087317,0.7956949336927076,0.9937357707106654,0.07669323052224415,False
2026-06-30,60232878000184,SINAI DIRECT FUNDO DE INVESTIMENTO EM DIREITOS  CREDITÓRIOS RESPONSABILIDADE LIMITADA,Classe,18948112.62,ID CORRETORA DE TITULOS E VALORES MOBILIARIOS S.A.,1,0.0,18798264.6,18798264.6,18798264.6,18798264.6,18704273.28,0.0,18704273.28,False,1.0050251254669436,1.0050251254669436,1.0050251254669436,1.0050251254669436,1.0100755028198456,False
2026-06-30,46073195000109,FUNDO DE INVESTIMENTO EM DIREITOS CREDITÓRIOS AGRO CITI-SYNGENTA RESPONSABILIDADE LIMITADA,Classe,222957471.5,VORTX DISTRIBUIDORA DE TITULOS E VALORES MOBILIARIOS LTDA.,24,0.0,18692626.9,55995952.14000001,81917535.1,128356432.31,203249418.55,0.0,203249418.55,False,0.09196890713565092,0.275503627707672,0.40303945607523606,0.6315217687986837,0.024059736262454372,False
2026-06-30,51645270000190,LUTÈCE FUNDO DE INVESTIMENTO EM DIREITOS CREDITÓRIOS,Classe,93126126.7,PLANNER CORRETORA DE VALORES S.A.,24,0.0,18676943.95,46026959.59,57996441.279999994,77487559.77,92535800.39,0.0,92535800.39,False,0.2018347911974007,0.4973962444374552,0.6267459841009541,0.837379256929989,0.07370410692919195,False
2026-06-30,48984429000197,VISHNU FUNDO DE INVESTIMENTO EM DIREITOS CREDITÓRIOS,Classe,25427209.67,CATÁLISE DISTRIBUIDORA DE TITULOS E VALORES MOBILIARIOS LTDA.,14,0.0,18623925.77,26664624.419999998,27711101.18,27726202.599999998,23959497.82,0.0,23959497.82,False,0.7773086860966604,1.112904144332354,1.156581051413706,1.1572113409178288,0.6409431301988014,True
2026-06-30,54856185000160,FDCE FUNDO DE INVESTIMENTO EM DIREITOS CREDITÓRIOS,Classe,24513422.59,PLANNER CORRETORA DE VALORES S.A.,21,0.0,18595325.1,44744383.77,50548996.150000006,54600440.7,15492638.95,0.0,15492638.95,False,1.2002684087593742,2.8881060169545876,3.2627750709958945,3.524282782049859,2.3471780856374256,True
2026-06-30,44395252000132,B2CYCLE FUNDO DE INVESTIMENTO EM DIREITOS CREDITÓRIOS RESPONSABILIDADE LIMITADA,Classe,133990931.41,INTRAG DTVM LTDA.,25,0.0,18534349.02,66013837.15,78745729.15,89168257.83,0.0,0.0,0.0,True,,,,,,
2026-06-30,52258677000128,ITAÚ PIRINEUS FUNDO DE INVESTIMENTOS EM DIREITOS CREDITÓRIOS DE INFRAESTRUTURA - RESP LIMITADA,Classe,613928390.52,INTRAG DTVM LTDA.,25,0.0,18532356.72,79702773.41,147703182.27999997,299295977.6700001,549481160.11,0.0,549481160.11,False,0.033727010251434326,0.14505096661374958,0.2688048162569058,0.5446883340096399,0.01253112654451292,False
2026-06-30,63866372000115,BAÍA FUNDO DE INVESTIMENTO EM DIREITOS CREDITÓRIOS,Classe,20145896.55,PLANNER CORRETORA DE VALORES S.A.,1,0.0,18491820.36,18491820.36,18491820.36,18491820.36,18789082.08,0.0,18789082.08,False,0.9841790184994498,0.9841790184994498,0.9841790184994498,0.9841790184994498,0.9686083404545404,False
2026-06-30,13805152000103,PUMA FUNDO DE INVESTIMENTO EM DIREITOS CREDITORIOS,Classe,234467583.91,QI CORRETORA DE TÍTULOS E VALORES MOBILIÁRIOS S.A.,25,0.0,18474371.39,65152659.85,107073785.48,164843695.23,5459659.21,217009811.8,222469471.01000002,False,0.08304227679477683,0.29286112631189465,0.48129653472852024,0.7409722083736615,0.030151519589638333,False
2026-06-30,60762129000169,NEOWISE  FEEDER I FUNDO DE INVESTIMENTO EM DIREITOS CREDITÓRIOS - RESPONSABILIDADE LIMITADA,Classe,29754968.83,ID CORRETORA DE TITULOS E VALORES MOBILIARIOS S.A.,4,0.0,18469413.69,35764919.34,35764919.34,35764919.34,3678725.26,35764919.34,39443644.6,False,0.46824815194689184,0.9067346514931331,0.9067346514931331,0.9067346514931331,0.4006764854338751,False
2026-06-30,57391545000193,VRF FUNDO DE INVESTIMENTO DIREITOS CREDITÓRIOS DE RESPONSABILIDADE LIMITADA,Classe,22013606.61,BANCO DAYCOVAL S.A.,1,0.0,18462348.24,18462348.24,18462348.24,18462348.24,18462348.24,0.0,18462348.24,False,1.0,1.0,1.0,1.0,1.0,False
2026-06-30,50200709000109,MOOVPAY FUNDO DE INVESTIMENTO EM DIREITOS CREDITÓRIOS DE CLASSE ÚNICA ABERTA,Classe,43333776.46,APEX GROUP DISTRIBUIDORA DE TÍTULOS E VALORES MOBILIÁRIOS S.A.,24,0.0,18449807.36,18478133.39,18499388.840000004,18548918.070000008,40365414.72,0.0,40365414.72,False,0.45706968423288874,0.45777142432887163,0.45829800011528293,0.4595250215727254,0.20891300762675666,False
2026-06-30,48348391000166,AGROCETE FUNDO DE INVESTIMENTO EM DIREITOS CREDITÓRIOS NÃO-PADRONIZADOS,Classe,18463411.33,CATÁLISE DISTRIBUIDORA DE TITULOS E VALORES MOBILIARIOS LTDA.,1,0.0,18443049.83,18443049.83,18443049.83,18443049.83,18443049.83,0.0,18443049.83,False,1.0,1.0,1.0,1.0,1.0,False
2026-06-30,56056018000160,VETRO FUNDO DE INVESTIMENTO EM DIREITOS  CREDITÓRIOS RESPONSABILIDADE LIMITADA,Classe,29922490.57,ID CORRETORA DE TITULOS E VALORES MOBILIARIOS S.A.,6,0.0,18402368.02,29356224.24,29863277.41,29863277.41,0.0,29863277.41,29863277.41,False,0.616220643412628,0.983020846538759,1.0,1.0,0.41448973164281816,False
2026-06-30,62014120000103,ITAÚ CRÉDITO ESTRUTURADO ALPES III CHAMADA DE CAPITAL FIDC RESPONSABILIDADE LIMITADA,Classe,209397046.92,INTRAG DTVM LTDA.,4,0.0,18389538.92,31295603.76,31295603.76,31295603.76,30226353.81,0.0,30226353.81,False,0.6083942190181093,1.0353747579586081,1.0353747579586081,1.0353747579586081,0.4994786921995685,False
2026-06-30,10841847000152,MULTI ASSET FUNDO DE INVESTIMENTO EM DIREITOS CREDITÓRIOS,Classe,442471992.48,QI CORRETORA DE TÍTULOS E VALORES MOBILIÁRIOS S.A.,25,0.0,18321450.86,76015904.44999999,127155401.72999999,224142200.46,98390485.02,306138962.59,404529447.60999995,False,0.04529077170585465,0.18791191815357197,0.3143291606612243,0.5540812956491903,0.014351934228409568,False
2026-06-30,58533096000133,RAYO FUNDO DE INVESTIMENTO EM DIREITOS CREDITÓRIOS,Classe,59560285.51,QI CORRETORA DE TÍTULOS E VALORES MOBILIÁRIOS S.A.,6,0.0,18296653.81,48044677.349999994,52457826.99999999,52457826.99999999,43308872.77,9148954.22,52457826.99,False,0.3487878713216214,0.9158724275627871,1.000000000190629,1.000000000190629,0.21945915033314406,False
2026-06-30,65084272000162,KINEA SPECIAL OPPORTUNITIES FUNDO DE INVESTIMENTO EM DIREITOS CREDITÓRIOS RESPONSABILIDADE LIMITADA,Classe,49014959.96,INTRAG DTVM LTDA.,1,0.0,18273579.73,18273579.73,18273579.73,18273579.73,18273579.73,0.0,18273579.73,False,1.0,1.0,1.0,1.0,1.0,False
2026-06-30,49938183000180,CRUCE II FUNDO DE INVESTIMENTO EM DIREITOS CREDITÓRIOS NÃO PADRONIZADOS,Classe,41300684.62,QI CORRETORA DE TÍTULOS E VALORES MOBILIÁRIOS S.A.,11,0.0,18245902.86,30474728.79,33165336.41,33305007.37,32487858.26,0.0,32487858.26,False,0.5616222132582032,0.9380344049186331,1.0208532721541121,1.0251524462911763,0.3553283722623253,False
2026-06-30,59090507000126,CONCRETO BEM REAL FUNDO DE INVESTIMENTO EM DIREITOS CREDITÓRIOS  RESPONSABILIDADE LIMITADA,Classe,68846077.31,ID CORRETORA DE TITULOS E VALORES MOBILIARIOS S.A.,8,0.0,18144637.97,55268435.67,65713437.63,65713437.63,59261661.84,6387970.1,65649631.940000005,False,0.2763859816698311,0.8418696957891886,1.0009719123796201,1.0009719123796201,0.1711718399616468,False
2026-06-30,42518335000146,AFA CREDIT OPPORTUNITY FUNDO DE INVESTIMENTO EM  DIREITOS CREDITORIOS,Classe,11006726.19,PLANNER CORRETORA DE VALORES S.A.,1,0.0,18099436.93,18099436.93,18099436.93,18099436.93,0.0,28329.39,28329.39,False,638.8925751666379,638.8925751666379,638.8925751666379,638.8925751666379,408183.72260305804,True
2026-06-30,50640401000184,BELA VISTA FUNDO DE INVESTIMENTO EM DIREITOS CREDITÓRIOS - RESPONSABILIDADE LIMITADA,Classe,66799228.75,QI CORRETORA DE TÍTULOS E VALORES MOBILIÁRIOS S.A.,25,0.0,18082063.98,39180596.339999996,49011360.69999999,57845691.47999999,0.0,58276637.56,58276637.56,False,0.31027980914964787,0.672320812944308,0.841012157737125,0.9926051656711264,0.1476823332202897,False
2026-06-30,63823304000179,NTZ FINANCIAMENTOS LONGO PRAZO FUNDO DE INVESTIMENTO EM DIREITOS CREDITÓRIOS  RESP  LIMITADA,Classe,51750794.0,APEX GROUP DISTRIBUIDORA DE TÍTULOS E VALORES MOBILIÁRIOS S.A.,23,0.0,18030402.56,29650443.46,33697041.71,35492675.919999994,35475065.15,0.0,35475065.15,False,0.5082556574247757,0.8358108247195144,0.9498796286213446,1.000496426713398,0.30065000697485816,False
2026-06-30,52511479000124,ALGARVE BETA FUNDO DE INVESTIMENTO EM DIREITOS CREDITÓRIOS,Classe,52686355.03,BANCO DAYCOVAL S.A.,5,0.0,17999999.58,52082999.58,52082999.58,52082999.58,52082999.58,0.0,52082999.58,False,0.34560220657705826,1.0,1.0,1.0,0.2555339702127008,False
2026-06-30,49250454000100,NINE CAPITAL FUNDO DE INVESTIMENTO EM DIREITOS CREDITÓRIOS,Classe,139826739.9,CATÁLISE DISTRIBUIDORA DE TITULOS E VALORES MOBILIARIOS LTDA.,25,0.0,17976824.7,41140375.94,47393808.78,58058484.550000004,139726767.72,0.0,139726767.72,False,0.12865698529593095,0.29443446385621436,0.3391891872498831,0.41551440355611774,0.03118161386613458,False
2026-06-30,20998706000100,FMC 202201 FUNDO DE INVESTIMENTO EM DIREITOS CREDITÓRIOS - RESPONSABILIDADE LIMITADA,Classe,501754369.49,FINAXIS CORRETORA DE TÍTULOS E VALORES MOBILIÁRIOS S.A.,25,0.0,17959712.09,66157420.260000005,106881692.19,194005511.57000002,458337283.61,0.0,458337283.61,False,0.03918448865548095,0.14434221833084274,0.2331944094710519,0.42328110434733834,0.008438594583967923,False
2026-06-30,53319087000120,CPM FUNDO DE INVESTIMENTO EM DIREITOS CREDITÓRIOS,Classe,25207483.89,PLANNER CORRETORA DE VALORES S.A.,3,0.0,17922001.96,25472786.71,25472786.71,25472786.71,25472786.71,0.0,25472786.71,False,0.7035744523768284,1.0,1.0,1.0,0.5587227807128475,False
2026-06-30,53823295000162,ITAÚ HIMALAIA PRIVATE MARKETS FUNDO DE INVESTIMENTO EM DIREITOS CREDITÓRIOS RESPONSABILIDADE LIMITAD,Classe,316605115.85,INTRAG DTVM LTDA.,6,0.0,17848340.64,52896913.89,55335772.44,55335772.44,55239570.06,0.0,55239570.06,False,0.32310788481180297,0.9575909774921227,1.0017415483121157,1.0017415483121157,0.22650300362244685,False
2026-06-30,08621199000187,FAMCRED FUNDO DE  INVESTIMENTO EM DIREITOS CREDITÓRIOS NÃO-PADRONIZADOS  RESPONSABILIDADE LIMITADA,Classe,161827873.73,ID CORRETORA DE TITULOS E VALORES MOBILIARIOS S.A.,25,0.0,17816035.19,39368692.32,49316497.330000006,60568154.379999995,0.0,98741153.74,98741153.74,False,0.1804317097297875,0.39870601900868574,0.4994523100252364,0.6134033489165507,0.049406729615431945,False
2026-06-30,41801514000123,MLC1 FUNDO DE INVESTIMENTO EM DIREITOS CREDITÓRIOS - RESPONSABILIDADE LIMITADA,Classe,175881125.07,BANCO DAYCOVAL S.A.,8,0.0,17766432.69,62927019.58,81855128.4,81855128.4,81855128.4,0.0,81855128.4,False,0.21704727653936465,0.7687608682561177,1.0,1.0,0.1451108679542255,False
2026-06-30,55932544000183,KIN FUNDO DE INVESTIMENTO EM DIREITOS CREDITÓRIOS RESPONSABILIDADE LIMITADA,Classe,77127692.47,ID CORRETORA DE TITULOS E VALORES MOBILIARIOS S.A.,25,0.0,17688414.11,68573350.38,75360282.5,80894209.82000001,70447665.4,7093486.06,77541151.46000001,False,0.22811647463250087,0.8843478474184627,0.9718746895172814,1.0432423080759858,0.18531508419642917,False
2026-06-30,62800819000190,HOVERLA FUNDO DE INVESTIMENTO EM DIREITOS CREDITÓRIOS DE RECEBÍVEIS DE CARTÕES - RESP LIMITADA,Classe,111290466.27,BANCO DAYCOVAL S.A.,19,0.0,17686283.52,60939246.96999999,84243133.92000002,93724758.03000002,3306926.02,89850401.6,93157327.61999999,False,0.18985391672187601,0.6541540910080478,0.9043103325552441,1.0060910979790516,0.11134651594976638,False
2026-06-30,42462120000150,SIFRA ENERGY PODIUM FUNDO DE INVESTIMENTO EM DIREITOS CREDITÓRIOS,Classe,15152673.01,QI CORRETORA DE TÍTULOS E VALORES MOBILIÁRIOS S.A.,6,0.0,17659000.0,22515830.31,22580456.299999997,22580456.299999997,0.0,6831975.44,6831975.44,False,2.584757535369594,3.2956544571536104,3.3051137988282924,3.3051137988282924,6.835161016921656,True
2026-06-30,53145978000108,CREDI PLUS FUNDO DE INVESTIMENTO EM DIREITOS CREDITÓRIOS,Classe,64760314.58,FIDD DISTRIBUIDORA DE TITULOS E VALORES MOBILIARIOS LTDA.,25,0.0,17634822.61,37972671.87,44317034.05,50933672.599999994,52854140.22,0.0,52854140.22,False,0.3336507326880513,0.7184427125659901,0.8384780050443511,0.963664764727867,0.16340472023786384,False
2026-06-30,54233539000110,GARSON  CARD FUNDO DE INVESTIMENTO EM DIREITOS CREDITÓRIOS - RESPONSABILIDADE LIMITADA,Classe,129019307.56,HEMERA DISTRIBUIDORA DE TITULOS E VALORES MOBILIARIOS LTDA,25,0.0,17614487.63,35410468.419999994,51486203.169999994,86561508.94,72415469.34,0.0,72415469.34,False,0.24324205574499144,0.4889903875889178,0.7109834906719392,1.1953455488023217,0.12081010305780171,True
2026-06-30,27771731000197,FUNDO DE INVESTIMENTO EM DIREITOS CREDITORIOS XPCE V,Classe,388134717.51,BANCO GENIAL S.A.,11,0.0,17555008.78,94017430.71000001,280132050.23,327858983.44,327859983.44,0.0,327859983.44,False,0.05354422517749152,0.2867609206940793,0.8544258658552197,0.9999969499174938,0.11769974732360229,False
2026-06-30,61591473000103,WH1 FUNDO DE INVESTIMENTO EM DIREITOS CREDITÓRIOS RESPONSABILIDADE LIMITADA,Classe,17237770.44,PLANNER CORRETORA DE VALORES S.A.,1,0.0,17533656.0,17533656.0,17533656.0,17533656.0,14756407.65,0.0,14756407.65,False,1.1882062637379092,1.1882062637379092,1.1882062637379092,1.1882062637379092,1.4118341251860016,True
2026-06-30,54976450000143,JGP SPECIAL SITUATIONS IV FUNDO DE INVESTIMENTO EM DIREITOS CREDITÓRIOS - RESPONSABILIDADE LIMITADA,Classe,18445032.74,BANCO DAYCOVAL S.A.,1,0.0,17532742.17,17532742.17,17532742.17,17532742.17,17532742.17,0.0,17532742.17,False,1.0,1.0,1.0,1.0,1.0,False
2026-06-30,11468192000181,DEL CRED NP FUNDO DE INVESTIMENTO EM DIREITOS CREDITÓRIOS NÃO PADRONIZADOS MULTISSETORIAL,Classe,338088492.32,LIMINE TRUST DISTRIBUIDORA DE TITULOS E VALORES MOBILIARIOS LTDA.,24,0.0,17455662.12,62701495.51,98454779.16000001,138517178.01,263360120.4,6680195.06,270040315.46,False,0.06464094848306323,0.23219309088419327,0.364592890481139,0.5129499933150463,0.01671315763524813,False
2026-06-30,57271402000148,ROOT CAPITAL FIGUEIRA FUNDO DE INVESTIMENTO EM DIREITOS CREDITÓRIOS DE RESPONSABILIDADE LIMITADA,Classe,177286416.46,XP INVESTIMENTOS CCTVM S.A.,13,0.0,17422274.05,61216111.37,83318935.24000001,85084896.39,85084896.39,0.0,85084896.39,False,0.20476341617838104,0.7194709515706093,0.9792447164546639,1.0,0.1284644156918057,False
2026-06-30,23956882000169,SB CRÉDITO FUNDO DE INVESTIMENTO EM DIREITOS CREDITÓRIOS MULTISSETORIAL DE CLASSE UNICA FECHADA,Classe,954213469.15,QI CORRETORA DE TÍTULOS E VALORES MOBILIÁRIOS S.A.,25,0.0,17369913.71,74135312.24000001,123888008.20000002,234145205.43,129264111.88,618700290.38,747964402.26,False,0.02322291496429003,0.09911609699070922,0.1656335620059834,0.31304324740926476,0.004360841843062833,False
2026-06-30,57441816000178,PROSPER INVEST FUNDO DE INVESTIMENTO EM DIREITOS CREDITÓRIOS MULTISSETORIAL  RESP LIMITADA,Classe,31830651.37,ID CORRETORA DE TITULOS E VALORES MOBILIARIOS S.A.,25,0.0,17313838.22,24602235.729999997,27095810.86,29414415.519999996,24192726.3,7300709.46,31493435.76,False,0.5497602215249695,0.7811861467730822,0.8603637617212457,0.9339856008139772,0.31941524833298995,False
2026-06-30,55257461000136,SELLOR FUNDO DE INVESTIMENTO EM DIREITOS CREDITÓRIOS MULTISSETORIAL,Classe,210746904.77,QI CORRETORA DE TÍTULOS E VALORES MOBILIÁRIOS S.A.,25,0.0,17312824.12,61047829.34,79194950.47000001,100129941.25000001,194299639.44,0.0,194299639.44,False,0.08910373776244822,0.3141942492325193,0.4075918550248032,0.5153377615037741,0.024822347600993652,False
2026-06-30,46405697000181,RELOAD FUNDO DE INVESTIMENTO EM DIREITOS CREDITÓRIOS,Classe,28154032.64,BANCO DAYCOVAL S.A.,1,0.0,17297353.54,17297353.54,17297353.54,17297353.54,0.0,17297353.54,17297353.54,False,1.0,1.0,1.0,1.0,1.0,False
2026-06-30,45207408000177,FITZ ROY SPECIAL SITUATIONS FIDC DE RESP LIMITADA,Classe,93324825.55,BANCO DAYCOVAL S.A.,19,0.0,17293543.67,66474925.78,93967714.06000002,109202036.18000002,109202036.18,0.0,109202036.18,False,0.15836283163708312,0.6087333909271434,0.8604941569506183,1.0000000000000002,0.09283536459033281,False
2026-06-30,21081976000106,TAIPATSB FUNDO DE INVESTIMENTO EM DIREITOS CREDITÓRIOS MULTISSETORIAL,Classe,306003884.27,QI CORRETORA DE TÍTULOS E VALORES MOBILIÁRIOS S.A.,25,0.0,17285460.25,51683384.22,80926371.36,131749435.83999999,30000.0,266436932.39,266466932.39,False,0.06486906309523265,0.19395796602768103,0.3037013659974757,0.4944307147543997,0.013827377191923666,False
2026-06-30,57810758000102,YELLOW CAPITAL FUNDO DE INVESTIMENTO EM DIREITOS CREDITÓRIOS DE RESPONSABILIDADE LIMITADA,Classe,65764869.15,FIDD DISTRIBUIDORA DE TITULOS E VALORES MOBILIARIOS LTDA.,11,0.0,17186448.59,51537714.81999999,64939211.55999999,65660034.3,0.0,65660034.3,65660034.3,False,0.26174900414269203,0.7849175738246605,0.9890218951652298,1.0,0.14787241293905662,False
2026-06-30,63023974000100,INCOR CRED FUNDO DE INVESTIMENTO EM DIREITOS CREDITÓRIOS  RESPONSABILIDADE LIMITADA,Classe,50108143.37,ID CORRETORA DE TITULOS E VALORES MOBILIARIOS S.A.,9,0.0,17183063.5,44173963.89,48851759.120000005,48851759.120000005,3334280.64,45517478.48,48851759.12,False,0.35173888943878834,0.9042451016245002,1.0000000000000002,1.0000000000000002,0.23901792578772513,False
2026-06-30,50041229000142,MOMENTO PRECATÓRIOS I FUNDO DE INVESTIMENTO EM DIREITOS  CREDITÓRIOS DE RESPONSABILIDADE LIMITADA,Classe,55554639.88,BANCO DAYCOVAL S.A.,6,0.0,17125008.37,45660087.690000005,45671739.52,45671739.52,45671739.52,0.0,45671739.52,False,0.37495853124886624,0.9997448787779389,1.0,1.0,0.30264755310705643,False
2026-06-30,51306712000174,ATF FUNDO DE INVESTIMENTO EM DIREITOS CREDITÓRIOS RESPONSABILIDADE LIMITADA,Classe,310409334.13,QI CORRETORA DE TÍTULOS E VALORES MOBILIÁRIOS S.A.,25,0.0,16994638.96,56732564.449999996,78365789.12,112033047.46,1605997.65,263346356.63,264952354.28,False,0.06414224552252958,0.21412364726544522,0.29577313752488316,0.4228422418228606,0.012401752423481092,False
2026-06-30,55657044000180,ANIL FUNDO DE INVESTIMENTO EM DIREITOS CREDITÓRIOS DE RESPONSABILIDADE LIMITADA,Classe,40046133.31,CATÁLISE DISTRIBUIDORA DE TITULOS E VALORES MOBILIARIOS LTDA.,25,0.0,16991150.65,19313844.739999995,20676421.84999999,23335809.489999983,39962215.39,0.0,39962215.39,False,0.4251803981380823,0.4833026535569152,0.5173992895092093,0.5839468423424656,0.1822400280842993,False
2026-06-30,52258255000152,BINVEST FUNDO DE INVESTIMENTO EM DIREITOS CREDITÓRIOS RESPONSABILIDADE LIMITADA,Classe,329825623.67,ID CORRETORA DE TITULOS E VALORES MOBILIARIOS S.A.,25,0.0,16988546.06,74105818.53,118793304.86999999,189266134.18000004,35243091.32,260366951.68,295610043.0,False,0.05746944822168981,0.25068775667408566,0.4018581495554939,0.6402561031392294,0.02152608255336687,False
2026-06-30,54023881000195,PRECATÓRIOS ESTADUAIS E MUNICIPAIS PULVERIZADOS I FI DIREITOS CREDITÓRIOS-RESPONSABILIDADE LIMITADA,Classe,25424397.56,QI CORRETORA DE TÍTULOS E VALORES MOBILIÁRIOS S.A.,6,0.0,16851629.28,25402468.810000002,25453155.560000002,25453155.560000002,25453155.56,0.0,25453155.56,False,0.6620644438476846,0.9980086260864389,1.0000000000000002,1.0000000000000002,0.5359931185405299,False
2026-06-30,51776829000111,ARKAD MULTIESTRATÉGIA FUNDO DE INVESTIMENTO EM DIREITOS CREDITÓRIOS,Classe,91792382.91,QORE DISTRIBUIDORA DE TÍTULOS E VALORES MOBILIÁRIOS LTDA.,25,0.0,16733431.44,53443595.75,65757096.94,76443833.00999999,45711722.04,35423608.21,81135330.25,False,0.20624099745991975,0.6586969645076413,0.8104619373260022,0.9421768885941029,0.1128844102254411,False
2026-06-30,35179032000180,SEQUOIA CAPITAL FUNDO DE INVESTIMENTO EM DIREITOS CREDITORIOS,Classe,48144101.48,TRUSTEE DISTRIBUIDORA DE TITULOS E VALORES MOBILIARIOS LTDA.,7,0.0,16709936.65,33046940.6,39436394.08,39436394.08,39435685.35,0.0,39435685.35,False,0.42372629007701523,0.8379958483465281,1.0000179717936613,1.0000179717936613,0.30131125516455926,False
2026-06-30,64024849000188,FUNDO DE INVESTIMENTO EM DIREITOS CREDITÓRIOS SPECIAL 2 DE RESPONSABILIDADE LIMITADA,Classe,256845872.9,QI CORRETORA DE TÍTULOS E VALORES MOBILIÁRIOS S.A.,7,0.0,16708643.27,47629982.809999995,50633405.10999999,50633405.10999999,50633405.11,0.0,50633405.11,False,0.32999248685133514,0.9406829879705871,0.9999999999999999,0.9999999999999999,0.22062163399278176,False
2026-06-30,52756013000199,NM VOLPI MORTGAGE FUNDO DE INVESTIMENTO EM DIREITOS CREDITORIOS RESPONSABILIDADE LIMITADA,Classe,650997738.88,QI CORRETORA DE TÍTULOS E VALORES MOBILIÁRIOS S.A.,25,0.0,16689155.14,61602259.23,102427803.28,200274042.59000003,524410125.5,0.0,524410125.5,False,0.031824624141434506,0.11746962202773104,0.19532003349923877,0.38190346229308275,0.00641491164554314,False
2026-06-30,26208328000191,ÁRTICO MIDDLE CORPORATE FUNDO DE INVESTIMENTO EM DIREITOS CREDITÓRIOS,Classe,362729545.48,QI CORRETORA DE TÍTULOS E VALORES MOBILIÁRIOS S.A.,25,0.0,16647356.6,63562533.01,103974658.9,185924530.81999996,51872431.2,270110759.47,321983190.67,False,0.05170256424057194,0.19740947618332388,0.32291952472315066,0.5774355190192325,0.015605258972564345,False
2026-06-30,30808102000107,SAM - FUNDO DE INVESTIMENTO EM DIREITOS CREDITÓRIOS,Classe,16876386.32,APEX DISTRIBUIDORA DE TÍTULOS E VALORES MOBILIÁRIOS S.A.,2,0.0,16538972.53,16998891.03,16998891.03,16998891.03,16998891.03,0.0,16998891.03,False,0.9729442056432782,1.0,1.0,1.0,0.947352443303103,False
2026-06-30,65815236000121,RAIDERS FUNDO DE INVESTIMENTO EM DIREITOS CREDITÓRIOS RESPONSABILIDADE LIMITADA,Classe,8026781.6,BTG PACTUAL SERVIÇOS FINANCEIROS S/A DTVM,1,0.0,16538531.13,16538531.13,16538531.13,16538531.13,0.0,8261208.38,8261208.38,False,2.0019506068917248,2.0019506068917248,2.0019506068917248,2.0019506068917248,4.007806232434144,True
2026-06-30,58265368000161,OCTOPUS CAPITAL FUNDO DE INVESTIMENTO EM DIREITOS CREDITÓRIOS RESPONSABILIDADE LIMITADA,Classe,16614161.0,PLANNER CORRETORA DE VALORES S.A.,1,0.0,16518391.67,16518391.67,16518391.67,16518391.67,16518391.67,0.0,16518391.67,False,1.0,1.0,1.0,1.0,1.0,False
2026-06-30,57246541000111,ZTIRAH FUNDO DE INVESTIMENTO EM DIREITOS CREDITÓRIOS,Classe,16644790.77,PLANNER CORRETORA DE VALORES S.A.,1,0.0,16500000.0,16500000.0,16500000.0,16500000.0,16500000.0,0.0,16500000.0,False,1.0,1.0,1.0,1.0,1.0,False
2026-06-30,29492605000129,GAZIN FUNDO DE INVESTIMENTO EM DIREITOS CREDITÓRIOS MULTISSEGMENTOS - RESPONSABILIDADE LIMITADA,Classe,2494236413.23,FINAXIS CORRETORA DE TÍTULOS E VALORES MOBILIÁRIOS S.A.,25,0.0,16478201.02,54093583.05,86446578.79,129894138.21000002,91436741.46,2357103119.17,2448539860.63,False,0.006729807133203141,0.02209217988229194,0.03530535899373009,0.053049631863693145,0.00016357047225785067,False
2026-06-30,62935248000100,NTZ EMPREENDIMENTOS FUNDO DE INVESTIMENTO EM DIREITOS CREDITÓRIOS MULTICARTEIRA DE RESP LIMITADA,Classe,86986428.65,APEX GROUP DISTRIBUIDORA DE TÍTULOS E VALORES MOBILIÁRIOS S.A.,24,0.0,16475099.62,54962335.57,75720173.32999998,84856022.75,86842728.31,0.0,86842728.31,False,0.18971190726746065,0.6328950810228178,0.8719230130553228,0.977122948591526,0.10353812633925198,False
2026-06-30,31772126000108,IRLA FUNDO DE INVESTIMENTO EM DIREITOS CREDITORIOS MULTISSETORIAL,Classe,55713486.68,QI CORRETORA DE TÍTULOS E VALORES MOBILIÁRIOS S.A.,14,0.0,16454598.88,39103216.760000005,45193959.2,46846657.470000006,16212716.28,30392058.94,46604775.22,False,0.3530668006084206,0.8390388447409404,0.9697280801518692,1.005190074383112,0.19167012858501148,False
2026-06-30,51902751000134,MFDH2 FUNDO DE INVESTIMENTO EM DIREITOS CREDITÓRIOS,Classe,71447537.89,PLANNER CORRETORA DE VALORES S.A.,1,0.0,16452127.11,16452127.11,16452127.11,16452127.11,16452127.11,0.0,16452127.11,False,1.0,1.0,1.0,1.0,1.0,False
2026-06-30,54782494000132,HALFDOME FUNDO DE INVESTIMENTO EM DIREITOS  CREDITÓRIOS,Classe,247452217.13,PLANNER CORRETORA DE VALORES S.A.,1,0.0,16369647.49,16369647.49,16369647.49,16369647.49,16369647.49,0.0,16369647.49,False,1.0,1.0,1.0,1.0,1.0,False
2026-06-30,46322877000108,AUGME NAMARI VENTURE DEBT FUNDO DE INVESTIMENTO EM DIREITOS CREDITÓRIOS DE RESPONSABILIDADE LIMITADA,Classe,30810974.96,BANCO DAYCOVAL S.A.,6,0.0,16326237.14,27905863.25,29229797.41,29229797.41,29229797.41,0.0,29229797.41,False,0.5585477350730635,0.9547060097122992,1.0,1.0,0.35510279232020264,False
2026-06-30,14605855000150,DEL MONTE FUNDO DE INVESTIMENTO EM DIREITOS CREDITÓRIOS MULTISEGMENTOS,Classe,411926192.35,HEMERA DISTRIBUIDORA DE TITULOS E VALORES MOBILIARIOS LTDA,25,0.0,16304751.39,46629390.05,74460401.68,128122045.88,1832615.1,396412020.31,398244635.41,False,0.04094154682890823,0.11708730238636912,0.18697151212932644,0.32171694101565496,0.0054135807408961685,False
2026-06-30,49260024000179,FATOR FUNDO DE INVESTIMENTO EM DIREITOS CREDITÓRIOS,Classe,111882221.66,BANCO DAYCOVAL S.A.,14,0.0,16284464.36,61637914.43,87123534.41999999,90426355.74999999,88575803.83,0.0,88575803.83,False,0.1838477739502553,0.6958775620969716,0.9836042198071688,1.020892296089705,0.12232540433064827,False
2026-06-30,11507489000109,BFC FUNDO DE INVESTIMENTO EM DIREITOS CREDITÓRIOS,Classe,336031124.63,QI CORRETORA DE TÍTULOS E VALORES MOBILIÁRIOS S.A.,25,0.0,16281708.08,37723244.6,56500871.84,85013409.89,52686141.62,182446947.08,235133088.70000002,False,0.06924464850956555,0.16043358596854088,0.24029315547369834,0.36155443013155125,0.009242746946746105,False
2026-06-30,55993250000161,K2 FUNDO DE INVESTIMENTO EM DIREITOS CREDITÓRIOS,Classe,45863174.66,QI CORRETORA DE TÍTULOS E VALORES MOBILIÁRIOS S.A.,25,0.0,16241341.87,37677801.26,41434201.78,43949478.830000006,14193821.13,30128535.73,44322356.86,False,0.36643678316343037,0.8500856887870831,0.9348375112559392,0.9915871344301975,0.2213773660238823,False
2026-06-30,29720582000162,SG FUNDO DE INVESTIMENTO EM DIREITOS CREDITÓRIOS,Classe,191641668.27,HEMERA DISTRIBUIDORA DE TITULOS E VALORES MOBILIARIOS LTDA,25,0.0,16229753.65,49711132.41,66029258.330000006,76506047.02999999,33074804.53,140539940.39,173614744.92,False,0.09348142438868609,0.28633012958033266,0.38032056759018745,0.4406656074358963,0.021504310142588655,False
2026-06-30,27538324000134,FUNDO DE INVESTIMENTO EM DIREITOS CREDITÓRIOS DB CRÉDITO GLOBAL,Classe,53877274.09,INTRA INVESTIMENTOS DTVM LTDA,13,0.0,16200746.2,42371993.55,43049235.45999999,43094615.08,38352474.43,1601076.86,39953551.29,False,0.40548951662414284,1.060531346574073,1.0774820778140644,1.078617887236126,0.3394904311744231,True
2026-06-30,11629795000118,FUNDO DE INVESTIMENTO EM DIREITOS CREDITÓRIOS NP EXODUS INSTITUCIONAL - RESPONSABILIDADE LIMITADA,Classe,90621806.84,QI CORRETORA DE TÍTULOS E VALORES MOBILIÁRIOS S.A.,25,0.0,16198659.56,45708813.00000001,55639051.81,68730187.73,12900000.0,74471754.61,87371754.61,False,0.1853992704198939,0.5231531998416394,0.6368082231878621,0.7866408089981701,0.07467408937317034,False
2026-06-30,52200745000106,AKIREDE FUNDO DE INVESTIMENTO EM DIREITOS CREDITÓRIOS,Classe,31574360.53,LIMINE TRUST DISTRIBUIDORA DE TITULOS E VALORES MOBILIARIOS LTDA.,25,0.0,16157356.52,30990137.56,32394429.54,34469261.74999999,18254282.65,13468802.36,31723085.009999998,False,0.509324881703868,0.9768954548471892,1.0211626495275719,1.0865671399592545,0.3585455563692808,True
2026-06-30,59197255000139,BF3 FUNDO DE INVESTIMENTO EM DIREITOS CREDITÓRIOS,Classe,43286670.43,QI CORRETORA DE TÍTULOS E VALORES MOBILIÁRIOS S.A.,25,0.0,16060900.16,33657345.47,37800060.32,41998031.60000001,0.0,42701297.28,42701297.28,False,0.3761220661444036,0.7882042845045854,0.885220420169867,0.9835305781136213,0.24932016600817114,False
2026-06-30,63606548000108,AURA INVEST FUNDO DE INVESTIMENTO EM DIREITOS CREDITÓRIOS CRÉDITO CORPORATIVO,Classe,17393645.26,AZUMI DISTRIBUIDORA DE TÍTULOS E VALORES MOBILIÁRIOS LTDA.,1,0.0,16055748.66,16055748.66,16055748.66,16055748.66,0.0,16055748.66,16055748.66,False,1.0,1.0,1.0,1.0,1.0,False
2026-06-30,13039712000166,FUNDO DE INVESTIMENTO EM DIREITOS  CREDITÓRIOS PREMIUM SOLIS - RESPONSABILIDADE LIMITADA,Classe,64340720.32,HEMERA DISTRIBUIDORA DE TITULOS E VALORES MOBILIARIOS LTDA,25,0.0,16035354.49,42544764.34,50890835.5,55534962.42,6102872.83,49882236.49,55985109.32,False,0.2864217768754372,0.7599300038305258,0.9090066290505548,0.9919595244973615,0.15958037328514704,False
2026-06-30,44395657000170,CM ESTADUAL FUNDO DE INVESTIMENTO EM DIREITOS CREDITÓRIOS  NÃO PADRONIZADOS,Classe,18067373.92,QI CORRETORA DE TÍTULOS E VALORES MOBILIÁRIOS S.A.,4,0.0,16001996.58,17199725.040000003,17199725.040000003,17199725.040000003,17199725.04,0.0,17199725.04,False,0.930363511206456,1.0000000000000002,1.0000000000000002,1.0000000000000002,0.8679357170746377,False
2026-06-30,53165079000177,GDV CAPTA FUNDO DE INVESTIMENTO EM DIREITOS CREDITÓRIOS,Classe,31753730.17,FIDD DISTRIBUIDORA DE TITULOS E VALORES MOBILIARIOS LTDA.,3,0.0,15888555.54,36841520.849999994,36841520.849999994,36841520.849999994,28641386.8,0.0,28641386.8,False,0.5547411391406508,1.2863036663434186,1.2863036663434186,1.2863036663434186,0.6467412661863475,True
2026-06-30,63882874000130,FUNDO DE INVESTIMENTO EM DIREITOS CREDITÓRIOS MOTO HONDA II,Classe,636583666.49,S3 CACEIS BRASIL DISTRIBUIDORA DE TITULOS E VALORES MOBILIARIOS S.A,24,0.0,15835635.3,47278725.38,70768184.89,116987053.89000002,0.0,565337541.53,565337541.53,False,0.02801093884043728,0.08362919832291224,0.12517864053124206,0.2069331068539909,0.002441760879879972,False
2026-06-30,60693131000123,Z8 FUNDO DE INVESTIMENTO EM DIREITOS CREDITÓRIOS,Classe,16039871.41,PLANNER CORRETORA DE VALORES S.A.,1,0.0,15816477.85,15816477.85,15816477.85,15816477.85,15816477.85,0.0,15816477.85,False,1.0,1.0,1.0,1.0,1.0,False
2026-06-30,24270541000106,DISAM CASH - FIDC AGRONEGÓCIO DE RESPONSABILIDADE ILIMITADA,Classe,273574186.12,BANCO DAYCOVAL S.A.,24,0.0,15730102.25,48144478.21000001,65278379.56999999,83696188.81,0.0,267147237.35,267147237.35,False,0.05888177024039886,0.18021701698125386,0.24435356404032824,0.31329610457601836,0.008820928297988603,False
2026-06-30,21397569000102,FS FUNDO DE INVESTIMENTO EM DIREITOS CREDITÓRIOS NÃO PADRONIZADOS,Classe,108713638.58,QI CORRETORA DE TÍTULOS E VALORES MOBILIÁRIOS S.A.,25,0.0,15707220.45,42478771.86,55723795.4,75344719.88000001,33388914.82,57171696.46,90560611.28,False,0.17344428475019452,0.469064544282524,0.6153204424350701,0.8319811319188791,0.06091876563845015,False
2026-06-30,50555281000117,RECEBÍVEIS BRASIL INFRA FUNDO DE INVESTIMENTO EM DIREITOS CREDITÓRIOS NÃO-PADRONIZADOS,Classe,18406983.19,ID CORRETORA DE TITULOS E VALORES MOBILIARIOS S.A.,1,0.0,15699545.79,15699545.79,15699545.79,15699545.79,15699545.79,0.0,15699545.79,False,1.0,1.0,1.0,1.0,1.0,False
2026-06-30,45145595000101,KP DRACMA FUNDO DE INVESTIMENTO EM DIREITOS CREDITÓRIOS RESPONSABILIDADE LIMITADA,Classe,15794090.96,PLANNER CORRETORA DE VALORES S.A.,1,0.0,15684803.36,15684803.36,15684803.36,15684803.36,15684803.36,0.0,15684803.36,False,1.0,1.0,1.0,1.0,1.0,False
2026-06-30,09172117000127,FUNDO DE INVESTIMENTO EM DIREITOS CREDITÓRIOS MULTISETORIAL ÁSIA LP,Classe,371328923.76,HEMERA DISTRIBUIDORA DE TITULOS E VALORES MOBILIARIOS LTDA,25,0.0,15640054.33,67454605.61,105434023.41,166783386.95999998,33940436.68,256479319.92,290419756.59999996,False,0.05385327263234819,0.23226589815962956,0.3630401204254711,0.5742838879577795,0.0175732047061102,False
2026-06-30,55928021000163,FUNDO DE INVESTIMENTO EM DIREITOS CREDITÓRIOS BDR KYIV I,Classe,12675594.27,BANCO DAYCOVAL S.A.,12,0.0,15605419.48,17722040.75,17902528.77,17903222.89,278288.48,14733454.26,15011742.74,False,1.0395474896074592,1.180545194314994,1.192568316688326,1.1926145551572382,1.0878939352605739,True
2026-06-30,12769511000151,ID FINANCIAL FUNDO DE INVESTIMENTO EM DIREITOS CREDITÓRIOS MULTISEGMENTOS,Classe,26368603.63,FINAXIS CORRETORA DE TÍTULOS E VALORES MOBILIÁRIOS S.A.,25,0.0,15579001.66,19217485.309999995,20760908.999999996,22771917.359999992,24342676.98,0.0,24342676.98,False,0.6399871991400019,0.7894565304296288,0.8528605550267625,0.9354730122208602,0.4173070405862809,False
2026-06-30,32274874000123,CREDIT PARTNERS FUNDO DE INVESTIMENTO EM DIREITO CREDITÓRIOS,Classe,140936265.13,LIMINE TRUST DISTRIBUIDORA DE TITULOS E VALORES MOBILIARIOS LTDA.,25,0.0,15568659.1,49519112.20999999,69683963.11,94620813.18,0.0,134060024.6,134060024.6,False,0.11613200241050829,0.3693801515981521,0.5197967352155775,0.7058093079001271,0.04037933837413301,False
2026-06-30,61621939000168,VGR IMOBILIÁRIO FUNDO DE INVESTIMENTO EM DIREITOS CREDITÓRIOS RESPONSABILIDADE LIMITADA,Classe,29551851.58,HEMERA DISTRIBUIDORA DE TITULOS E VALORES MOBILIARIOS LTDA,2,0.0,15505144.31,28436241.87,28436241.87,28436241.87,28436241.87,0.0,28436241.87,False,0.5452599672236506,1.0,1.0,1.0,0.5040969292661719,False
2026-06-30,60942645000175,VOLT FUNDO DE INVESTIMENTO EM DIREITOS CREDITÓRIOS RESPONSABILIDADE LIMITADA,Classe,15986583.52,APEX GROUP DISTRIBUIDORA DE TÍTULOS E VALORES MOBILIÁRIOS S.A.,1,0.0,15462371.35,15462371.35,15462371.35,15462371.35,15462371.37,0.0,15462371.37,False,0.9999999987065373,0.9999999987065373,0.9999999987065373,0.9999999987065373,0.9999999974130748,False
2026-06-30,57660236000171,INTRA SOLIDEZ FUNDO DE INVESTIMENTO EM DIREITOS CREDITÓRIOS,Classe,328755715.72,HEMERA DISTRIBUIDORA DE TITULOS E VALORES MOBILIARIOS LTDA,25,0.0,15461671.85,70376623.35,119800323.6,195351287.82999995,57732556.41,248893817.48,306626373.89,False,0.05042512049386451,0.22951914558806708,0.3907045636034476,0.6370987770937174,0.02005131957305683,False
2026-06-30,61536498000104,POLÍGONO DELTA FUNDO DE INVESTIMENTO EM DIREITOS CREDITÓRIOS,Classe,361288775.99,BTG PACTUAL SERVIÇOS FINANCEIROS S/A DTVM,2,0.0,15433926.36,15636365.5,15636365.5,15636365.5,0.0,15421728.49,15421728.49,False,1.0007909534918806,1.0139178309447723,1.0139178309447723,1.0139178309447723,1.0017548475028506,False
2026-06-30,51942865000108,EVEREST FUNDO DE INVESTIMENTO EM DIREITOS CREDITÓRIOS,Classe,15067867.45,PLANNER CORRETORA DE VALORES S.A.,1,0.0,15420000.0,15420000.0,15420000.0,15420000.0,15420000.0,0.0,15420000.0,False,1.0,1.0,1.0,1.0,1.0,False
2026-06-30,16502939000194,FUNDO DE INVESTIMENTO EM DIREITOS CREDITORIOS F COBALTO - FINANCEIRO,Classe,26581137.41,BEM - DISTRIBUIDORA DE TITULOS E VALORES MOBILIARIOS LTDA.,19,0.0,15403566.28,39763800.24,46503254.66,47345116.339999996,26334272.83,0.0,26334272.83,False,0.5849246865268389,1.5099638595185012,1.7658833779159262,1.7978516682664747,0.6219420257944509,True
2026-06-30,60327212000100,MTR CRÉDITOS SELECIONADOS II FUNDO DE INVESTIMENTO EM DIREITOS CREDITÓRIOS - RESPONSABILIDADE LIMITA,Classe,269572747.06,QI CORRETORA DE TÍTULOS E VALORES MOBILIÁRIOS S.A.,25,0.0,15356103.38,27085747.87,30754810.46,38830965.84,241029310.63,0.0,241029310.63,False,0.06371052275701396,0.11237532812587625,0.12759780285482036,0.16110474588548593,0.005563253866333624,False
2026-06-30,64382297000180,ST 1024 FUNDO DE INVESTIMENTO EM DIREITOS CREDITÓRIOS RESPONSABILIDADE LIMITADA,Classe,20558344.78,BANCO DAYCOVAL S.A.,2,0.0,15351906.12,20395620.119999997,20395620.119999997,20395620.119999997,20395620.12,0.0,20395620.12,False,0.7527060236303321,0.9999999999999998,0.9999999999999998,0.9999999999999998,0.627720668758108,False
2026-06-30,45521649000196,FIDC SINAI MACRO FUNDO DE INVESTIMENTO EM DIREITOS CREDITÓRIOS NÃO PADRONIZADO RESP LIMITADA,Classe,186688047.62,ID CORRETORA DE TITULOS E VALORES MOBILIARIOS S.A.,3,0.0,15331268.39,20705948.53,20705948.53,20705948.53,107632938.33,13174408.11,120807346.44,False,0.1269067556054168,0.17139643523487033,0.17139643523487033,0.17139643523487033,0.017140245243743035,False
2026-06-30,61290894000196,KREDITON FUNDO DE INVESTIMENTO EM DIREITOS CREDITÓRIOS,Classe,49357122.01,QI CORRETORA DE TÍTULOS E VALORES MOBILIÁRIOS S.A.,25,0.0,15305338.62,27712881.82,34373317.21,38061888.260000005,1981497.23,38485255.3,40466752.529999994,False,0.37822008594965456,0.6848308818320689,0.8494211929785414,0.9405718492429769,0.17396093089151698,False
2026-06-30,63442029000143,FIDELIS FUNDO DE INVESTIMENTO EM DIREITOS CREDITÓRIOS,Classe,56027465.85,CATÁLISE DISTRIBUIDORA DE TITULOS E VALORES MOBILIARIOS LTDA.,25,0.0,15301170.94,30250196.45,37650887.64999999,46402388.519999996,56087749.68,0.0,56087749.68,False,0.27280771696669004,0.5393369607906865,0.6712854030481045,0.8273177081402207,0.09872327261190729,False
2026-06-30,47425628000100,BIOENERGY FUNDO DE INVESTIMENTO EM DIREITOS CREDITÓRIOS NÃO PADRONIZADO,Classe,27142564.91,QI CORRETORA DE TÍTULOS E VALORES MOBILIÁRIOS S.A.,2,0.0,15294388.44,27606931.72,27606931.72,27606931.72,27606931.72,0.0,27606931.72,False,0.554005370648267,1.0,1.0,1.0,0.5058331601177134,False
2026-06-30,59534745000183,CHEMICAL XIV - FIDC - INDÚSTRIA PETROQUÍMICA,Classe,525889772.19,BEM - DISTRIBUIDORA DE TITULOS E VALORES MOBILIARIOS LTDA.,24,0.0,15235534.57,75458413.64999999,132599748.98,230625350.99999994,481333151.93,0.0,481333151.93,False,0.03165278458155256,0.15676961652741897,0.27548434685688117,0.4791387214349608,0.010887331863621747,False
2026-06-30,59473971000100,4P FUNDO DE INVESTIMENTO EM DIREITOS CREDITÓRIOS  RESPONSABILIDADE LIMITADA,Classe,58692164.95,ID CORRETORA DE TITULOS E VALORES MOBILIARIOS S.A.,25,0.0,15199400.22,29013250.000000004,31927270.15,35031971.18000001,8429933.49,42479280.26,50909213.75,False,0.29855892677187534,0.5699017498576081,0.6271412932595133,0.6881263449094224,0.11674887389910517,False
2026-06-30,46390267000133,CARAJÁS FUNDO DE INVESTIMENTO EM DIREITOS CREDITÓRIOS NÃO PADRONIZADO CRÉDITO CORPORATIVO,Classe,35739417.86,QI CORRETORA DE TÍTULOS E VALORES MOBILIÁRIOS S.A.,25,0.0,15191262.13,26958262.02,30357280.979999997,32497841.079999994,32643569.72,2843547.15,35487116.87,False,0.4280782286611271,0.759663348216093,0.8554451208647877,0.9157644786712141,0.2309925525889658,False
2026-06-30,51781164000134,NEW INTER FUNDO DE INVESTIMENTO EM DIREITOS  CREDITÓRIOS,Classe,10293223.8,AZUMI DISTRIBUIDORA DE TÍTULOS E VALORES MOBILIÁRIOS LTDA.,5,0.0,15158169.79,21172090.709999997,21172090.709999997,21172090.709999997,10637223.41,0.0,10637223.41,False,1.4250118856909482,1.9903775537981294,1.9903775537981294,1.9903775537981294,2.2500378332346957,True
2026-06-30,58188881000104,FUNDO DE INVESTIMENTO EM DIREITOS CREDITÓRIOS MT CARTÃO CONSIGNADO I,Classe,68107152.92,BTG PACTUAL SERVIÇOS FINANCEIROS S/A DTVM,25,0.0,15103396.19,15177678.600000001,15265807.470000003,15504461.150000004,0.0,58831617.15,58831617.15,False,0.2567224380640708,0.2579850654334767,0.2594830502632206,0.26353960508121105,0.06590835593221751,False
2026-06-30,51901421000124,MASTRENN FUNDO DE INVESTIMENTO EM DIREITOS CREDITÓRIOS,Classe,10478235.81,CATÁLISE DISTRIBUIDORA DE TITULOS E VALORES MOBILIARIOS LTDA.,1,0.0,15067998.61,15067998.61,15067998.61,15067998.61,10547599.03,0.0,10547599.03,False,1.4285714281651072,1.4285714281651072,1.4285714281651072,1.4285714281651072,2.0408163253696943,True
2026-06-30,63079862000171,SB CRÉDITO MULTIESTRATÉGIA II FUNDO DE INVESTIMENTO EM DIREITOS CREDITÓRIOS DE CLASSE ÚNICA FECHADA,Classe,75173124.35,APEX GROUP DISTRIBUIDORA DE TÍTULOS E VALORES MOBILIÁRIOS S.A.,24,0.0,15000000.0,25805290.39,34321117.55,48911265.31,68196267.19,0.0,68196267.19,False,0.21995338774494588,0.378397402868173,0.5032697384210011,0.7172132335884234,0.06182938934968333,False
2026-06-30,52351675000189,ASA SPECIAL SITUATIONS FUNDO DE INVESTIMENTO EM DIREITOS CREDITÓRIOS RESPONSABILIDADE LIMITADA,Classe,142447026.28,QI CORRETORA DE TÍTULOS E VALORES MOBILIÁRIOS S.A.,25,0.0,14994920.43,45308733.75,65440319.31,85172956.33,119469837.55,0.0,119469837.55,False,0.12551218564873656,0.37924830801780895,0.5477559914033716,0.7129243504190234,0.04051209148693713,False
2026-06-30,08315045000167,HOPE I FUNDO DE INVESTIMENTO EM DIREITOS CREDITÓRIOS MULTISSEGMENTOS,Classe,344885023.07,FINAXIS CORRETORA DE TÍTULOS E VALORES MOBILIÁRIOS S.A.,25,0.0,14963290.81,42916166.61000001,63663760.40000001,102110554.22999997,133845685.47,171071479.71,304917165.18,False,0.04907329766484877,0.14074696839276185,0.2087903459367981,0.33487965221545213,0.006551355014407141,False
2026-06-30,64721990000130,JEP AGRO FUNDO DE INVESTIMENTO EM DIREITOS CREDITÓRIOS CRÉDITO CORPORATIVO,Classe,15975114.17,AZUMI DISTRIBUIDORA DE TÍTULOS E VALORES MOBILIÁRIOS LTDA.,1,0.0,14936841.26,14936841.26,14936841.26,14936841.26,0.0,14936841.26,14936841.26,False,1.0,1.0,1.0,1.0,1.0,False
2026-06-30,58033643000111,RIO BRAVO AGRO RECEBÍVEIS FUNDO DE INVESTIMENTO EM DIREITOS CREDITÓRIOS DE RESPONSABILIDADE LIMITADA,Classe,69334603.97,BANCO DAYCOVAL S.A.,6,0.0,14882894.82,46842646.14,48789139.31,48789139.31,48789139.31,0.0,48789139.31,False,0.30504524225024704,0.9601039658102548,1.0,1.0,0.22278088967669182,False
2026-06-30,12796029000100,FUNDO DE INVESTIMENTO EM DIREITOS CREDITÓRIOS MERCANTIS AUTO PEÇAS,Classe,202196864.12,S3 CACEIS BRASIL DISTRIBUIDORA DE TITULOS E VALORES MOBILIARIOS S.A,24,0.0,14877098.37,63192466.129999995,102226875.36000001,159504720.01999998,0.0,201372494.73,201372494.73,False,0.07387850257279276,0.3138088258514569,0.507650637675546,0.7920879176367345,0.03433557476133343,False
2026-06-30,35949828000175,ROCKET II PRECATÓRIOS FUNDO DE INVESTIMENTO EM DIREITOS CREDITÓRIOS,Classe,14760052.66,APEX GROUP DISTRIBUIDORA DE TÍTULOS E VALORES MOBILIÁRIOS S.A.,2,0.0,14774732.17,15645832.72,15645832.72,15645832.72,15645831.88,0.0,15645831.88,False,0.944323848250375,1.0000000536884204,1.0000000536884204,1.0000000536884204,0.8948473702263766,False
2026-06-30,36875515000182,BS INTER FUNDO DE INVESTIMENTO EM DIREITOS CREDITÓRIOS NÃO- PADRONIZADOS MULTISSETORIAL,Classe,87598483.86,S3 CACEIS BRASIL DISTRIBUIDORA DE TITULOS E VALORES MOBILIARIOS S.A,24,0.0,14758409.68,48011770.07,62773743.86,77911443.86,58748916.93,1013641.37,59762558.3,False,0.24695076817017722,0.8033754149042177,1.0503858209162376,1.3036832102952327,0.16806982430286077,True
2026-06-30,38448253000103,FRAM CAPITAL BALTO FUNDO DE INVESTIMENTO E DIREITOS CREDITORIOS NAO - PADRONIZADOS,Classe,14668153.48,OSLO CAPITAL DISTRIBUIDORA DE TITULOS E VALORES MOBILIARIOS S.A.,1,0.0,14724678.81,14724678.81,14724678.81,14724678.81,15175326.8,0.0,15175326.8,False,0.9703039021209086,0.9703039021209086,0.9703039021209086,0.9703039021209086,0.9414896624710617,False
2026-06-30,26545364000140,MT - FUNDO DE INVESTIMENTO EM DIREITOS CREDITORIOS,Classe,34564122.63,WNT CAPITAL DISTRIBUIDORA DE TITULOS E VALORES MOBILIARIOS S.A.,8,0.0,14627934.16,27013086.150000002,28813677.740000006,28813677.740000006,987818.92,26876595.1,27864414.020000003,False,0.524968303639927,0.9694474870568263,1.034067241439876,1.034067241439876,0.3393356019575681,False
2026-06-30,59081408000188,ÁGUAS DO FUTURO FUNDO DE INVESTIMENTO EM DIREITOS CREDITÓRIOS DE  RESPONSABILIDADE LIMITADA,Classe,27375290.07,CATÁLISE DISTRIBUIDORA DE TITULOS E VALORES MOBILIARIOS LTDA.,3,0.0,14484255.05,20659592.200000003,20659592.200000003,20659592.200000003,20659592.2,0.0,20659592.2,False,0.7010910433169151,1.0000000000000002,1.0000000000000002,1.0000000000000002,0.5803227327575557,False
2026-06-30,24290695000151,VALECRED FUNDO DE INVESTIMENTO EM DIREITOS CREDITÓRIOS,Classe,103500350.99,QI CORRETORA DE TÍTULOS E VALORES MOBILIÁRIOS S.A.,25,0.0,14460699.9,36163314.2,44548522.98999999,56040180.25999998,21240195.2,65156002.26,86396197.46,False,0.1673765781959914,0.4185752991819231,0.5156305983330484,0.6486417447474544,0.04905252316509284,False
2026-06-30,26199650000100,MERCANTIL DE CRÉDITO FUNDO DE INVESTIMENTO EM DIREITOS CREDITÓRIOS MULTI OPEN I,Classe,44750933.9,LIMINE TRUST DISTRIBUIDORA DE TITULOS E VALORES MOBILIARIOS LTDA.,25,0.0,14437384.37,43693874.73,54995271.16,58279323.2,10303494.24,34548759.96,44852254.2,False,0.32188759801508476,0.9741734392025272,1.2261428581665355,1.2993621890246043,0.23025835267285819,True
2026-06-30,58211468000105,CREDIPAY FUNDO DE INVESTIMENTO EM DIREITOS CREDITÓRIOS COMERCIAIS DE RESPONSABILIDADE LIMITADA,Classe,77666173.61,BTG PACTUAL SERVIÇOS FINANCEIROS S/A DTVM,25,0.0,14333624.4,39517461.24,54906260.73,74433797.45,68875565.08,0.0,68875565.08,False,0.20810899167725566,0.5737515357456578,0.7971805482281786,1.0806996263993485,0.09415726099137196,True
2026-06-30,57223832000194,IRLANDA FUNDO DE INVESTIMENTO EM DIREITOS CREDITÓRIOS - RESPONSABILIDADE LIMITADA,Classe,43249222.04,APEX GROUP DISTRIBUIDORA DE TÍTULOS E VALORES MOBILIÁRIOS S.A.,5,0.0,14329215.08,32998148.939999998,32998148.939999998,32998148.939999998,32998148.58,0.0,32998148.58,False,0.43424300139932276,1.000000010909703,1.000000010909703,1.000000010909703,0.34059679247439234,False
2026-06-30,45145563000106,LEGACY FUNDO DE INVESTIMENTO EM DIREITOS CREDITÓRIOS,Classe,27588969.96,PLANNER CORRETORA DE VALORES S.A.,1,0.0,14248910.95,14248910.95,14248910.95,14248910.95,14248910.95,0.0,14248910.95,False,1.0,1.0,1.0,1.0,1.0,False
2026-06-30,41557609000143,SUN FUNDO DE INVESTIMENTO EM DIREITOS CREDITÓRIOS NÃO-PADRONIZADOS RESPONSABILIDADE LIMITADA,Classe,53180978.26,ID CORRETORA DE TITULOS E VALORES MOBILIARIOS S.A.,24,0.0,14183956.92,35908192.85,44811685.970000006,49900351.29,1590916.84,39588634.09,41179550.93000001,False,0.34444175809762767,0.8719908799160865,1.088202395557304,1.2117750233562343,0.21123795672741078,True
2026-06-30,52304780000167,STARS BANK I FUNDO DE INVESTIMENTO EM DIREITOS CREDITÓRIOS - RESPONSABILIDADE LIMITADA,Classe,151637878.52,QI CORRETORA DE TÍTULOS E VALORES MOBILIÁRIOS S.A.,25,0.0,14182304.63,33725232.14,45422499.53999999,65734392.08999999,16370114.15,95016395.49,111386509.64,False,0.1273251552260418,0.30277663111089115,0.40779174863100587,0.5901467987681168,0.02889791300140058,False
2026-06-30,13416131000104,EGM NP FUNDO DE INVESTIMENTO EM DIREITOS CREDITÓRIOS NÃO PADRONIZADOS MULTISSETORIAL,Classe,71113467.95,QI CORRETORA DE TÍTULOS E VALORES MOBILIÁRIOS S.A.,25,0.0,14131600.69,41742244.900000006,48521335.58,52040339.72,0.0,47364188.9,47364188.9,False,0.2983604494914089,0.8813039106006945,1.0244308349171372,1.0987275603910953,0.20301397307411137,True
2026-06-30,61289587000195,ITAÚ POOL FUNDO DE INVESTIMENTO EM DIREITOS CREDITÓRIOS RESPONSABILIDADE LIMITADA,Classe,402584008.82,INTRAG DTVM LTDA.,25,0.0,14077404.91,62103068.34000001,93318585.58,159105522.07999998,173433147.57,0.0,173433147.57,False,0.08116905624582617,0.3580807314526444,0.5380666088778406,0.9173881942941895,0.042563227155221005,False
2026-06-30,46929959000107,BUCAREST BANCO FUNDO DE INVESTIMENTO EM DIREITOS CREDITÓRIOS  INDUSTRIAL - RESPONSABILIDADE LIMITADA,Classe,90450388.59,ID CORRETORA DE TITULOS E VALORES MOBILIARIOS S.A.,25,0.0,14054817.99,24760183.42,34067562.69,46187532.54,1836775.52,81893706.85,83730482.36999999,False,0.1678578409221698,0.29571289593897515,0.40687168789327494,0.55162147921112,0.03647624301847509,False
2026-06-30,59870750000167,ALOHA FUNDO DE INVESTIMENTO EM DIREITOS CREDITÓRIOS,Classe,56908094.5,AZUMI DISTRIBUIDORA DE TÍTULOS E VALORES MOBILIÁRIOS LTDA.,25,0.0,14051585.54,33591381.98,42081650.42,47626174.94000001,0.0,42482635.85,42482635.85,False,0.330760680425153,0.7907085167362561,0.9905611923088807,1.1210739161327254,0.21395135261500742,True
2026-06-30,35138000000137,HUMACRED FUNDO DE INVESTIMENTO EM DIREITOS CREDITÓRIOS - RESPONSABILIDADE LIMITADA,Classe,69682252.79,QI CORRETORA DE TÍTULOS E VALORES MOBILIÁRIOS S.A.,25,0.0,13945707.99,47555879.87,49412673.38999999,50490739.23,32507756.65,37131242.99,69638999.64,False,0.20025715564687283,0.6828914848840583,0.7095546122925322,0.7250353895232949,0.10683273488542837,False
2026-06-30,40895649000132,AUDAX CAPITAL FUNDO DE INVESTIMENTO EM DIREITOS CREDITÓRIOS,Classe,337398007.8,QI CORRETORA DE TÍTULOS E VALORES MOBILIÁRIOS S.A.,25,0.0,13917327.75,52201168.059999995,80309227.27,133149703.26,3917518.22,281990520.78,285908039.0,False,0.04867763704258767,0.1825802738621141,0.28089181245442346,0.46570814771668595,0.011239937578319542,False
2026-06-30,60078440000193,ANTARES FUNDO DE INVESTIMENTO EM DIREITOS CREDITÓRIOS,Classe,33726868.99,LIMINE TRUST DISTRIBUIDORA DE TITULOS E VALORES MOBILIARIOS LTDA.,14,0.0,13889779.56,18663998.290000003,19573561.48,19691426.340000004,2146234.39,17028970.71,19175205.1,False,0.72436145989385,0.9733402168407577,1.0207745564087864,1.0269212890974502,0.5455127968014423,False
2026-06-30,47984241000186,JUGIS I PRECATÓRIOS FUNDO DE INVESTIMENTO EM DIREITOS CREDITÓRIOS,Classe,154086454.1,APEX DISTRIBUIDORA DE TÍTULOS E VALORES MOBILIÁRIOS S.A.,24,0.0,13863019.88,46806919.760000005,64568981.09,82482759.28,142644775.02,0.0,142644775.02,False,0.09718561284881475,0.3281362374011756,0.4526557743243444,0.5782389103872555,0.029310009576720347,False
2026-06-30,58423669000176,CHIMERA  ALTERNATIVE ASSETS XI FUNDO DE INVESTIMENTO EM DIREITOS CREDITÓRIOS  RESP LIMITADA,Classe,0.11,ID CORRETORA DE TITULOS E VALORES MOBILIARIOS S.A.,1,0.0,13854324.76,13854324.76,13854324.76,13854324.76,13854324.76,0.0,13854324.76,False,1.0,1.0,1.0,1.0,1.0,False
2026-06-30,63139835000147,SPRINGS I FUNDO DE INVESTIMENTO EM DIREITOS CREDITÓRIOS DE PRECATÓRIOS DE RESPONSABILIDADE LIMITADA,Classe,18567101.37,APEX GROUP DISTRIBUIDORA DE TÍTULOS E VALORES MOBILIÁRIOS S.A.,6,0.0,13834292.69,16195902.36,16241239.219999999,16241239.219999999,16241238.76,0.0,16241238.76,False,0.8518003395204073,0.997208562679858,1.0000000283229626,1.0000000283229626,0.7415413085850989,False
2026-06-30,42605189000196,MINASVERDE FUNDO DE INVESTIMENTO EM DIREITOS CREDITÓRIOS,Classe,47017811.86,QI CORRETORA DE TÍTULOS E VALORES MOBILIÁRIOS S.A.,25,0.0,13833794.64,24136994.230000004,26172609.04000001,27779427.44000001,28953927.53,0.0,28953927.53,False,0.4777864635347452,0.8336345459520463,0.9039398545458751,0.9594355519200959,0.27082182412388006,False
2026-06-30,57790697000169,PRECPAGO-F2 FUNDO DE INVESTIMENTO EM DIREITOS CREDITÓRIOS,Classe,25181845.74,APEX GROUP DISTRIBUIDORA DE TÍTULOS E VALORES MOBILIÁRIOS S.A.,6,0.0,13827212.12,18489441.8,18516942.060000002,18516942.060000002,18516941.62,0.0,18516941.62,False,0.7467330406801811,0.998514883258567,1.0000000237620235,1.0000000237620235,0.5948298043982561,False
2026-06-30,61601122000128,FKP FUNDO DE INVESTIMENTO EM DIREITOS CREDITÓRIOS,Classe,12064143.1,PLANNER CORRETORA DE VALORES S.A.,1,0.0,13825623.28,13825623.28,13825623.28,13825623.28,13788943.08,0.0,13788943.08,False,1.0026601168622706,1.0026601168622706,1.0026601168622706,1.0026601168622706,1.0053273099462625,False
2026-06-30,57378455000162,TERTON FUNDO DE INVESTIMENTO DIREITOS CREDITÓRIOS DE RESPONSABILIDADE LIMITADA,Classe,31727815.43,CATÁLISE DISTRIBUIDORA DE TITULOS E VALORES MOBILIARIOS LTDA.,25,0.0,13791556.17,14755635.16,15370567.43,16569844.1,31610697.54,0.0,31610697.54,False,0.4362939524680922,0.466792456614673,0.4862457530571785,0.5241847029485069,0.19078263156220526,False
2026-06-30,31894591000111,RIO CAPITAL FUNDO DE INVESTIMENTO EM DIREITOS CREDITÓRIOS,Classe,18268983.37,QI CORRETORA DE TÍTULOS E VALORES MOBILIÁRIOS S.A.,4,0.0,13747988.3,13953330.88,13953330.88,13953330.88,13573388.83,0.0,13573388.83,False,1.012863366119307,1.027991686877801,1.027991686877801,1.027991686877801,1.026021894717926,False
2026-06-30,53167385000142,RELAUREA FUNDO DE INVESTIMENTO EM DIREITOS CREDITÓRIOS MULTISEGMENTO DE RESPONSABILIDADE LIMITADA,Classe,21180337.85,FINAXIS CORRETORA DE TÍTULOS E VALORES MOBILIÁRIOS S.A.,4,0.0,13739503.08,22987591.14,22987591.14,22987591.14,20599006.39,0.0,20599006.39,False,0.666998340593262,1.1159563089974847,1.1159563089974847,1.1159563089974847,0.5668355153660314,True
2026-06-30,52549758000187,BOAZ FUNDO DE INVESTIMENTO EM DIREITOS CREDITÓRIOS DE RESPONSABILIDADE LIMITADA,Classe,110927390.02,CATÁLISE DISTRIBUIDORA DE TITULOS E VALORES MOBILIARIOS LTDA.,20,0.0,13729614.9,53652677.629999995,82286836.02,106804385.99,106804385.99,0.0,106804385.99,False,0.1285491674591481,0.5023452654371652,0.7704443526102425,1.0,0.07402207716021302,False
2026-06-30,47227626000107,BOCAINA 051 FUNDO DE INVESTIMENTO EM DIREITOS CREDITÓRIOS DE RESPONSABILIDADE LIMITADA,Classe,13705008.54,BANCO DAYCOVAL S.A.,1,0.0,13727117.64,13727117.64,13727117.64,13727117.64,13727117.64,0.0,13727117.64,False,1.0,1.0,1.0,1.0,1.0,False
2026-06-30,52984899000128,BANCOR FIDC DE RESPONSABILIDADE LIMITADA RECEBÍVEIS COMERCIAIS,Classe,114204499.0,BANCO GENIAL S.A.,24,0.0,13711714.63,32629108.320000004,47694043.33,72241962.71,105941157.94,0.0,105941157.94,False,0.12942764546490665,0.30799274762014184,0.45019371373127354,0.6819064857768912,0.03279251552706987,False
2026-06-30,19425573000195,FINANÇA NP - FUNDO DE INVESTIMENTO EM DIREITOS CREDITORIOS NÃO PADRONIZADOS MULTISSETORIAL,Classe,37726652.78,QI CORRETORA DE TÍTULOS E VALORES MOBILIÁRIOS S.A.,25,0.0,13662062.8,23243268.86,28317193.370000005,31926928.040000007,0.0,37467837.12,37467837.12,False,0.36463441314330136,0.6203525649360996,0.7557733658152511,0.8521155875036538,0.15442311884007723,False
2026-06-30,60397788000143,SNOW FUNDO DE INVESTIMENTO EM DIREITOS CREDITÓRIOS RESPONSABILIDADE LIMITADA,Classe,13651078.96,FIDD DISTRIBUIDORA DE TITULOS E VALORES MOBILIARIOS LTDA.,1,0.0,13660814.63,13660814.63,13660814.63,13660814.63,13660814.63,0.0,13660814.63,False,1.0,1.0,1.0,1.0,1.0,False
2026-06-30,32274238000100,SAM 2 - FUNDO DE INVESTIMENTO EM DIREITOS CREDITÓRIOS,Classe,17195310.85,APEX DISTRIBUIDORA DE TÍTULOS E VALORES MOBILIÁRIOS S.A.,1,0.0,13657200.95,13657200.95,13657200.95,13657200.95,13657200.95,0.0,13657200.95,False,1.0,1.0,1.0,1.0,1.0,False
2026-06-30,32273345000105,PSS ABSOLUTO FUNDO DE INVESTIMENTO EM DIREITOS CREDITÓRIOS NÃO PADRONIZADO,Classe,19620108.77,QI CORRETORA DE TÍTULOS E VALORES MOBILIÁRIOS S.A.,3,0.0,13633347.27,19592720.419999998,19592720.419999998,19592720.419999998,19592720.42,0.0,19592720.42,False,0.6958373813206282,0.9999999999999998,0.9999999999999998,0.9999999999999998,0.5720543476362304,False
2026-06-30,45207507000159,NOVO HORIZONTE FUNDO DE INVESTIMENTO EM DIREITOS CREDITÓRIOS,Classe,148370880.53,BTG PACTUAL SERVIÇOS FINANCEIROS S/A DTVM,25,0.0,13630592.79,33852850.51,47195434.57,72191911.11000001,103424244.98,0.0,103424244.98,False,0.1317930122925805,0.3273202576102576,0.4563285386238649,0.69801728911785,0.03534474904744926,False
2026-06-30,29249995000100,GOLDEN TREE FUNDO DE INVESTIMENTO EM DIREITOS CREDITÓRIOS RESPONSABILIDADE LIMITADA,Classe,21582175.77,LIMINE TRUST DISTRIBUIDORA DE TITULOS E VALORES MOBILIARIOS LTDA.,25,0.0,13629078.16,43396717.46,67976879.07,108653446.08000001,10413989.67,0.0,10413989.67,False,1.3087278355251144,4.16715580053,6.527457893090074,10.433412123789827,6.1713425741045445,True
2026-06-30,55947377000144,CLASSE ÚNICA DE RESP LIMITADA DO PLGN FORNECEDORES FUNDO DE INVESTIMENTO EM DIREITOS CREDITORIOS,Classe,2431575.28,FINVEST DISTRIBUIDORA DE TÍTULOS E VALORES MOBILIÁRIOS LTDA.,25,0.0,13629078.16,43396717.46,67976879.07,108653446.08000001,259186.74,0.0,259186.74,False,52.584010123357395,167.43417298276913,262.26989494138473,419.20912342969405,9962.959882604748,True
2026-06-30,43702427000144,GRUPO AFFIX FUNDO DE INVESTIMENTO EM DIREITOS CREDITÓRIOS MULTISSETORIAL,Classe,17349512.3,LIMINE TRUST DISTRIBUIDORA DE TITULOS E VALORES MOBILIARIOS LTDA.,25,0.0,13629078.16,43396717.46,67976879.07,108653446.08000001,9125981.21,4266503.46,13392484.670000002,False,1.0176661385717307,3.2403783561695123,5.07574813374791,8.113016274223593,3.7315702691565864,True
2026-06-30,53279486000105,KSK FUNDO DE INVESTIMENTO EM DIREITOS CREDITÓRIOS  NÃO-PADRONIZADOS RESPONSABILIDADE LIMITADA,Classe,60726975.57,ID CORRETORA DE TITULOS E VALORES MOBILIARIOS S.A.,24,0.0,13602165.88,30007142.51,30042696.210000005,30129229.580000002,15070027.38,24933386.21,40003413.59,False,0.34002512934046836,0.7501145481619884,0.7510033148148646,0.7531664644622144,0.20937693096998003,False
2026-06-30,32156052000148,RONEPAR FUNDO DE INVESTIMENTO EM DIREITOS CREDITÓRIOS,Classe,108671210.82,BANCO DAYCOVAL S.A.,24,0.0,13587699.98,39103496.18,47360765.550000004,53879868.59,14437122.63,88477409.78,102914532.41,False,0.1320289726028985,0.37996087884086227,0.46019511959030246,0.5235399445371682,0.0378916548114897,False
2026-06-30,62359337000147,ANKER FUNDO DE INVESTIMENTO EM DIREITOS CREDITÓRIOS CONSÓRCIOS I - RESPONSABILIDADE LIMITADA,Classe,16204570.45,AZUMI DISTRIBUIDORA DE TÍTULOS E VALORES MOBILIÁRIOS LTDA.,5,0.0,13553103.76,16791415.99,16791415.99,16791415.99,16791415.99,0.0,16791415.99,False,0.8071447796940681,1.0,1.0,1.0,0.6691181541018365,False
2026-06-30,43444545000108,OMEGA FUNDO DE INVESTIMENTO EM DIREITOS CREDITÓRIOS NP RESPONSABILIDADE LIMITADA,Classe,104809770.54,BANVOX DISTRIBUIDORA DE TITULOS E VALORES MOBILIARIOS LTDA,23,0.0,13552161.57,45906673.03,75160201.39,103766972.11,102201495.0,0.0,102201495.0,False,0.13260238091429094,0.4491780969544526,0.7354119564493651,1.0153175558733265,0.06730953093358152,False
2026-06-30,26452257000178,AURI FUNDO DE INVESTIMENTO EM DIREITOS CREDITÓRIOS RESPONSABILIDADE LIMITADA,Classe,61376674.17,ID CORRETORA DE TITULOS E VALORES MOBILIARIOS S.A.,25,0.0,13551059.19,33740349.629999995,40154255.36,46210200.89,37262350.8,21245610.9,58507961.699999996,False,0.23161051583856493,0.5766796287145309,0.686304123289942,0.7898104727514376,0.09017873152688548,False
2026-06-30,64168109000115,JC SALUS FUNDO DE INVESTIMENTO EM DIREITOS CREDITÓRIOS,Classe,23151718.91,QI CORRETORA DE TÍTULOS E VALORES MOBILIÁRIOS S.A.,10,0.0,13464863.03,18924573.31,21951259.099999994,21951259.099999994,21951259.1,0.0,21951259.1,False,0.6133982095815177,0.8621178960071587,0.9999999999999997,0.9999999999999997,0.39765989377887184,False
2026-06-30,55693852000101,MÓDENA FUNDO DE INVESTIMENTO EM DIREITOS CREDITÓRIOS NÃO-PADRONIZADOS,Classe,35908119.64,SEFER INVESTIMENTOS DISTRIBUIDORA DE TÍTULOS E VALORES MOBILIÁRIOS LTDA.,6,0.0,13459457.12,41222696.45,41223593.45,41223593.45,0.0,0.0,0.0,True,,,,,,
2026-06-30,61631615000100,ITAÚ SONETO IP CRÉDITO PRIVADO FUNDO DE INVESTIMENTO EM DIREITOS CREDITÓRIOS RESPONSABILIDADE LIMITA,Classe,278826338.98,INTRAG DTVM LTDA.,25,0.0,13441034.06,35405568.87,47603964.94,61738123.32,69262211.95,0.0,69262211.95,False,0.19406013295825733,0.5111816078810633,0.6873006737694868,0.8913680574418905,0.07831283957090464,False
2026-06-30,30332581000120,QUATA ARCEL NPL I FUNDO DE INVESTIMENTO EM DIREITOS CREDITORIOS NÃO PADRONIZADOS,Classe,56797747.09,QI CORRETORA DE TÍTULOS E VALORES MOBILIÁRIOS S.A.,16,0.0,13428176.25,45159744.50000001,58736371.07999999,61068189.839999996,53804234.71,0.0,53804234.71,False,0.24957470954427036,0.8393343896332134,1.0916681818184715,1.1350071266537303,0.17585056744373287,True
2026-06-30,57400405000134,SPECIAL SITUATIONS IV FUNDO DE INVESTIMENTO EM DIREITOS CREDITÓRIOS - RESPONSABILIDADE LIMITADA,Classe,119207181.41,BNY MELLON SERVICOS FINANCEIROS DTVM S.A.,4,0.0,13423482.16,37692483.730000004,37692483.730000004,37692483.730000004,25054182.18,0.0,25054182.18,False,0.5357781013788413,1.504438798249371,1.504438798249371,1.504438798249371,0.7596671043538281,True
2026-06-30,62431397000123,BMJ FUNDO DE INVESTIMENTO EM DIREITOS CREDITÓRIOS,Classe,15919258.07,LIMINE TRUST DISTRIBUIDORA DE TITULOS E VALORES MOBILIARIOS LTDA.,2,0.0,13406435.15,15906435.15,15906435.15,15906435.15,13406435.15,0.0,13406435.15,False,1.0,1.1864776110896267,1.1864776110896267,1.1864776110896267,1.034773899437694,True
2026-06-30,51869653000142,POTENCIAL FUNDO DE INVESTIMENTO EM DIREITOS CREDITÓRIOS,Classe,38580806.8,AZUMI DISTRIBUIDORA DE TÍTULOS E VALORES MOBILIÁRIOS LTDA.,25,0.0,13374008.56,21545151.08,24636320.98,28596578.18,13003553.72,22130299.51,35133853.230000004,False,0.3806587473468534,0.6132305198338758,0.7012131808805874,0.8139323060523868,0.16501119397065822,False
2026-06-30,59472452000119,GAMBOA FUNDO DE INVESTIMENTO EM DIREITOS CREDITÓRIOS RESPONSABILIDADE LIMITADA,Classe,13589883.85,GENIAL INVESTIMENTOS CORRETORA DE VALORES MOBILIÁRIOS S.A.,1,0.0,13364607.59,13364607.59,13364607.59,13364607.59,13364607.59,0.0,13364607.59,False,1.0,1.0,1.0,1.0,1.0,False
2026-06-30,57704202000131,KRONOS PERFORMANCE FUNDO DE INVESTIMENTO EM DIREITOS CREDITÓRIOS DE RESPONSABILIDADE LIMITADA,Classe,53568407.95,CATÁLISE DISTRIBUIDORA DE TITULOS E VALORES MOBILIARIOS LTDA.,24,0.0,13315618.78,36009591.91,48160954.33,52784270.38,52784270.38,0.0,52784270.38,False,0.25226490172430793,0.6822030815385497,0.9124111024607099,1.0,0.1252304410155532,False
2026-06-30,34218918000123,LGX FUNDO DE INVESTIMENTO EM DIREITOS CREDITÓRIOS - RESPONSABILIDADE LIMITADA,Classe,121441290.33,QI CORRETORA DE TÍTULOS E VALORES MOBILIÁRIOS S.A.,25,0.0,13252670.42,42815425.74,68292930.10000001,97744498.95,837439.09,114538282.18,115375721.27000001,False,0.11486533106030479,0.37109562799442164,0.5919176872591958,0.8471842938364843,0.04455559073736829,False
2026-06-30,18392964000198,FIDUSSIA - FUNDO DE INVESTIMENTO EM DIREITOS CREDITÓRIOS NÃO PADRONIZADOS,Classe,51092465.98,WNT CAPITAL DISTRIBUIDORA DE TITULOS E VALORES MOBILIARIOS S.A.,25,0.0,13251706.4,38027678.300000004,54588164.41,68708747.66,0.0,57653328.18,57653328.18,False,0.2298515422843712,0.6595920738742684,0.9468345737052642,1.191756830507404,0.12771106408856628,True
2026-06-30,08987105000198,FUNDO DE INVESTIMENTO EM DIREITOS CREDITÓRIOS - FORNECEDORES I DE RESPONSABILIDADE LIMITADA,Classe,13722894.63,BANCO DAYCOVAL S.A.,3,0.0,13228304.74,13751705.360000001,13751705.360000001,13751705.360000001,13751705.36,0.0,13751705.36,False,0.9619392208967457,1.0000000000000002,1.0000000000000002,1.0000000000000002,0.9266221838413704,False
2026-06-30,14770038000158,MULTIPLIX MULTISSETORIAL FUNDO DE INVESTIMENTO EM DIREITOS CREDITÓRIOS - RESPONSABILIDADE LIMITADA,Classe,232485585.75,QI CORRETORA DE TÍTULOS E VALORES MOBILIÁRIOS S.A.,25,0.0,13226995.61,52024733.19,80198512.72,129468934.93,7934709.57,189652859.79,197587569.35999998,False,0.06694244811474308,0.2632996263809093,0.40588845229367726,0.6552483810057433,0.02280875817880973,False
2026-06-30,52356126000105,ENCORE FUNDO DE INVESTIMENTO EM DIREITOS CREDITÓRIOS,Classe,36610701.32,LIONS TRUST DISTRIBUIDORA DE TÍTULOS E VALORES MOBILIÁRIOS LTDA.,19,0.0,13225551.75,29635992.83,33812182.53,35922652.400000006,34114937.81,0.0,34114937.81,False,0.3876762673189818,0.8687101525746559,0.9911254336242332,1.052988945782868,0.2302920700891638,True
2026-06-30,64191967000180,FUNDO DE INVESTIMENTO EM DIREITOS CREDITÓRIOS ERFOLG PARANAPANEMA CRÉDITOS PÚBLICOS RESP LIMITADA,Classe,5932142.24,PLANNER CORRETORA DE VALORES S.A.,1,0.0,13182676.91,13182676.91,13182676.91,13182676.91,13182676.91,0.0,13182676.91,False,1.0,1.0,1.0,1.0,1.0,False
2026-06-30,64155784000100,RES JUDICATA FIDC NÃO PADRONIZADOS RESPONSABILIDADE LIMITADA,Classe,24212431.52,INTER DISTRIBUIDORA DE TÍTULOS E VALORES MOBILIÁRIOS,2,0.0,13146994.76,103522265.88000001,103522265.88000001,103522265.88000001,22184521.88,0.0,22184521.88,False,0.5926201534166217,4.666418615644288,4.666418615644288,4.666418615644288,16.947032557084036,True
2026-06-30,25295530000135,HIGH YIELD DISTRESSED FUNDO DE INVESTIMENTO EM DIREITOS CREDITÓRIOS NÃO PADRONIZADOS - RESPON. LIMIT,Classe,22213350.3,TRUSTEE DISTRIBUIDORA DE TITULOS E VALORES MOBILIARIOS LTDA.,1,0.0,13129098.11,13129098.11,13129098.11,13129098.11,13129098.11,0.0,13129098.11,False,1.0,1.0,1.0,1.0,1.0,False
2026-06-30,52519160000145,MEDTECH CPV FUNDO DE INVESTIMENTO EM DIREITOS CREDITÓRIOS,Classe,49121825.54,QI CORRETORA DE TÍTULOS E VALORES MOBILIÁRIOS S.A.,25,0.0,13103534.65,20071138.97,25070474.99,31639292.770000003,47760483.32,0.0,47760483.32,False,0.2743593393350945,0.4202457256456424,0.5249208811817359,0.6624575500631681,0.0842468522656218,False
2026-06-30,60137602000117,AMERICA FUNDO DE INVESTIMENTO EM DIREITOS CREDITÓRIOS RESPONSABILIDADE LIMITADA,Classe,93991772.03,HEMERA DISTRIBUIDORA DE TITULOS E VALORES MOBILIARIOS LTDA,25,0.0,13099734.75,35878492.96,51854760.4,69897725.73,0.0,77415650.15,77415650.15,False,0.16921300440696485,0.46345271131201626,0.6698227076763754,0.9028888292556696,0.06700238045802251,False
2026-06-30,54495443000120,GV HOME EQUITY FUNDO DE INVESTIMENTO EM DIREITOS CREDITÓRIOS,Classe,196917487.73,QI CORRETORA DE TÍTULOS E VALORES MOBILIÁRIOS S.A.,25,0.0,13079372.47,46562770.150000006,75751281.54,120800934.39999998,191351362.06,0.0,191351362.06,False,0.06835264891346235,0.24333649705299623,0.39587531922687585,0.631304282862234,0.02097950693842202,False
2026-06-30,40188893000165,BAVIERA FUNDO DE INVESTIMENTO EM DIREITOS CREDITÓRIOS - RESPONSABILIDADE LIMITADA,Classe,35750868.37,ID CORRETORA DE TITULOS E VALORES MOBILIARIOS S.A.,25,0.0,13045149.81,49930860.55,74355099.42,102607848.5,42056956.22,0.0,42056956.22,False,0.31017817223293104,1.1872200234560863,1.7679619759225649,2.439735485451163,0.4049855403527992,True
2026-06-30,29284795000199,CANAVIEIRAS - FUNDO DE INVESTIMENTO EM DIREITOS CREDITÓRIOS NÃO-PADRONIZADOS - FIDC NP,Classe,1009532.68,QORE DISTRIBUIDORA DE TÍTULOS E VALORES MOBILIÁRIOS LTDA.,3,0.0,13037681.85,20442959.05,20442959.05,20442959.05,0.0,0.0,0.0,True,,,,,,
2026-06-30,59388384000104,PRECATO V FUNDO DE INVESTIMENTO EM DIREITOS CREDITÓRIOS RESPONSABILIDADE LIMITADA,Classe,28177263.48,VORTX DISTRIBUIDORA DE TITULOS E VALORES MOBILIARIOS LTDA.,8,0.0,13026807.68,25948978.980000004,26337920.430000003,26337920.430000003,26337920.42,0.0,26337920.42,False,0.4946027428235353,0.9852326442711609,1.0000000003796807,1.0000000003796807,0.37288121670890395,False
2026-06-30,51889748000128,AZZAM FUNDO DE INVESTIMENTO EM DIREITOS CREDITÓRIOS - RESPONSABILIDADE LIMITADA,Classe,93101319.13,BANCO DAYCOVAL S.A.,24,0.0,13008616.21,31025354.970000003,39199297.99000001,52241757.160000004,89855667.86,0.0,89855667.86,False,0.14477235014565948,0.3452798883910049,0.43624736116896534,0.5813963482125077,0.0363201459356353,False
2026-06-30,51200316000168,FUNDO DE INVESTIMENTO EM DIREITOS CREDITORIOS CATHON,Classe,13081382.94,PLANNER CORRETORA DE VALORES S.A.,1,0.0,13000000.0,13000000.0,13000000.0,13000000.0,13000000.0,0.0,13000000.0,False,1.0,1.0,1.0,1.0,1.0,False
2026-06-30,55965708000179,ATLANTA I FUNDO DE INVESTIMENTO  EM DIREITOS CREDITÓRIOS RESPONSABILIDADE LIMITADA,Classe,13467627.6,PLANNER CORRETORA DE VALORES S.A.,1,0.0,13000000.0,13000000.0,13000000.0,13000000.0,13000000.0,0.0,13000000.0,False,1.0,1.0,1.0,1.0,1.0,False
2026-06-30,53783414000109,PRIME AGRO FUNDO DE INVESTIMENTO EM DIREITOS CREDITÓRIOS DE RESPONSABILIDADE LIMITADA,Classe,183629370.23,BANCO DAYCOVAL S.A.,24,0.0,12996081.46,52114682.300000004,81829718.42999999,132167233.81,181342331.15,0.0,181342331.15,False,0.07166601078514921,0.28738288500820347,0.45124443868714426,0.7288272571100672,0.02806301057809049,False
2026-06-30,40617721000160,MONTENEGRO FUNDO DE INVESTIMENTO EM DIREITOS CREDITÓRIOS NÃO PADRONIZADO,Classe,48001549.2,BARU DISTRIBUIDORA DE TÍTULOS E VALORES MOBILIÁRIOS LTDA.,11,0.0,12967232.47,42289397.75,48859365.05,48859366.05,45449491.74,2387482.17,47836973.910000004,False,0.2710713368783824,0.8840316243574028,1.0213724041559047,1.0213724250602372,0.1919124980596358,False
2026-06-30,28671081000170,HERCULES FUNDO DE INVESTIMENTO EM DIREITOS CREDITÓRIOS MULTISSETORIAL,Classe,347247870.72,QI CORRETORA DE TÍTULOS E VALORES MOBILIÁRIOS S.A.,25,0.0,12908377.57,61644852.03999999,101081938.42,151729537.4,88976992.7,250961489.38,339938482.08,False,0.03797268697270404,0.1813411993335097,0.2973536205771835,0.4463441045909374,0.011008939803067065,False
2026-06-30,48928851000125,SIMULTI FUNDO DE INVESTIMENTO EM DIREITOS CREDITÓRIOS,Classe,17267586.41,ID CORRETORA DE TITULOS E VALORES MOBILIARIOS S.A.,5,0.0,12843660.99,18809692.900000002,18809692.900000002,18809692.900000002,16680550.49,0.0,16680550.49,False,0.7699782448846507,1.127642214882322,1.127642214882322,1.127642214882322,0.6368920527623273,True
2026-06-30,62576847000176,ALMAM FUNDO DE  INVESTIMENTO EM DIREITOS CREDITÓRIOS NÃO-PADRONIZADOS RESPONSABILIDADE  LIMITADA,Classe,27902128.94,ID CORRETORA DE TITULOS E VALORES MOBILIARIOS S.A.,9,0.0,12799436.67,26698366.52,27432439.610000003,27432439.610000003,24105864.54,3326575.07,27432439.61,False,0.4665803279608496,0.9732406923906102,1.0000000000000002,1.0000000000000002,0.30780620495643546,False
2026-06-30,58242346000186,FUNDO DE INVESTIMENTO EM DIREITOS CREDITÓRIOS MAIS EDUCAÇÃO RESPONSABILIDADE LIMITADA,Classe,13352468.51,QI CORRETORA DE TÍTULOS E VALORES MOBILIÁRIOS S.A.,25,0.0,12777995.6,12823468.940000001,12866817.670000002,12996687.200000003,13271274.22,0.0,13271274.22,False,0.962831103342238,0.9662575520197487,0.9695239098148936,0.979309671743035,0.9270552609844974,False
2026-06-30,64310285000140,INFRA CAPITAL FUNDO DE INVESTIMENTO EM DIREITOS CREDITÓRIOS,Classe,16404676.62,AZUMI DISTRIBUIDORA DE TÍTULOS E VALORES MOBILIÁRIOS LTDA.,11,0.0,12746497.87,15269543.3,16444386.11,16542364.69,0.0,16430675.36,16430675.36,False,0.7757744335349098,0.9293314465437774,1.0008344605257906,1.0067976104178837,0.6096745701862287,False
2026-06-30,32388171000126,UNIQUE II FUNDO DE INVESTIMENTO EM DIREITOS CREDITÓRIOS,Classe,353443030.46,QI CORRETORA DE TÍTULOS E VALORES MOBILIÁRIOS S.A.,25,0.0,12740534.37,46819858.71,74063289.7,131734559.91,111831037.72,235085965.87,346917003.59000003,False,0.03672502136867657,0.13495982677555213,0.2134899383240692,0.37972932588132524,0.006956750067836455,False
2026-06-30,10269029000127,AJAXJUD - FUNDO DE INVESTIMENTO EM DIREITOS CREDITÓRIOS MULTISEGMENTOS DE RESPONSABILIDADE LIMITADA,Classe,189279045.29,HEMERA DISTRIBUIDORA DE TITULOS E VALORES MOBILIARIOS LTDA,25,0.0,12736813.73,37967541.81,62083275.879999995,101469291.73000002,56173348.15,88142611.17,144315959.32,False,0.08825644641115497,0.26308623099550904,0.4301899538521531,0.7031051327109733,0.027148659589681576,False
2026-06-30,40669040000145,CANAL 87 FUNDO DE INVESTIMENTO EM DIREITOS CREDITÓRIOS NÃO-PADRONIZADOS,Classe,18083527.26,QI CORRETORA DE TÍTULOS E VALORES MOBILIÁRIOS S.A.,4,0.0,12717466.22,18038138.950000003,18038138.950000003,18038138.950000003,18038138.95,0.0,18038138.95,False,0.7050320576447273,1.0000000000000002,1.0000000000000002,1.0000000000000002,0.5267318889366329,False
2026-06-30,47463373000162,PANDION FUNDO DE INVESTIMENTO EM DIREITOS CREDITÓRIOS,Classe,40144805.22,QI CORRETORA DE TÍTULOS E VALORES MOBILIÁRIOS S.A.,8,0.0,12700000.0,26127005.69,27672309.51,27672309.51,27672309.51,0.0,27672309.51,False,0.4589425394873736,0.9441570346905245,1.0,1.0,0.308406216049759,False
2026-06-30,62433229000177,REDWOOD CC FUNDO DE INVESTIMENTO EM DIREITOS CREDITÓRIOS RESPONSABILIDADE LIMITADA,Classe,20917774.45,PLANNER CORRETORA DE VALORES S.A.,1,0.0,12645343.02,12645343.02,12645343.02,12645343.02,10107049.97,0.0,10107049.97,False,1.2511408430287991,1.2511408430287991,1.2511408430287991,1.2511408430287991,1.5653534090948142,True
2026-06-30,60871114000139,COBUCCIO I FIDC - SEGMENTO MEIOS DE PAGAMENTO RESPONSABILIDADE LIMITADA.,Classe,53306839.43,GENIAL INVESTIMENTOS CORRETORA DE VALORES MOBILIÁRIOS S.A.,24,0.0,12594895.39,31521757.10000001,38616644.14000001,43224317.06000001,44152572.57,0.0,44152572.57,False,0.2852584720863526,0.7139279834719721,0.8746182134410567,0.9789761851695431,0.13842881475009944,False
2026-06-30,55251884000149,JAZZ CAPITAL FUNDO DE INVESTIMENTO EM DIREITOS CREDITÓRIOS DE RESPONSABILIDADE LIMITADA,Classe,182190597.93,BANCO DAYCOVAL S.A.,10,0.0,12535693.74,40316425.76,48324921.02,48324921.02,107369520.98,0.0,107369520.98,False,0.11675281425848082,0.375492275573343,0.45008043790194063,0.45008043790194063,0.034049126510821204,False
2026-06-30,44585152000179,BARUC FUNDO DE INVESTIMENTO EM DIREITOS CREDITÓRIOS NÃO PADRONIZADOS,Classe,15015543.97,AZUMI DISTRIBUIDORA DE TÍTULOS E VALORES MOBILIÁRIOS LTDA.,13,0.0,12531046.86,13169184.97,13417796.9,13443842.57,13438966.35,0.0,13438966.35,False,0.9324412706785296,0.9799254367505728,0.9984247709646211,1.0003628418937145,0.8701906191759818,False
2026-06-30,60043514000156,ANZEN FUNDO DE INVESTIMENTO EM DIREITOS CREDITÓRIOS,Classe,42144016.88,AZUMI DISTRIBUIDORA DE TÍTULOS E VALORES MOBILIÁRIOS LTDA.,25,0.0,12502838.12,20466847.240000002,22071703.450000003,25400015.230000004,0.0,35058614.83,35058614.83,False,0.3566267001884284,0.5837893864102789,0.6295657588591616,0.7245013915457083,0.15787999033149744,False
2026-06-30,23033577000103,ILLUMINATI FUNDO DE INVESTIMENTO EM DIREITOS CREDITÓRIOS,Classe,32258222.63,TRUSTEE DISTRIBUIDORA DE TITULOS E VALORES MOBILIARIOS LTDA.,13,0.0,12500000.0,52547267.49,94210664.89,123410050.86999999,0.0,0.0,0.0,True,,,,,,
2026-06-30,15653649000189,AURUM - FUNDO DE INVESTIMENTO EM DIREITOS CREDITÓRIOS MULTISSETORIAL LP,Classe,213808096.02,QI CORRETORA DE TÍTULOS E VALORES MOBILIÁRIOS S.A.,25,0.0,12493289.7,48032058.48,77387861.77000001,119677353.9,3402914.08,188592712.79,191995626.87,False,0.06507069928451646,0.25017266936252897,0.40307096068599124,0.6233337490599897,0.021345004574006374,False
2026-06-30,19932422000123,SBK CAPITAL FUNDO DE INVESTIMENTO EM DIREITOS CREDITÓRIOS MULTISSETORIAL RESPONSABILIDADE LIMITADA,Classe,161507626.42,QI CORRETORA DE TÍTULOS E VALORES MOBILIÁRIOS S.A.,25,0.0,12431477.6,37461042.34,54508746.69,80754773.07,26977758.82,113570418.4,140548177.22,False,0.0884499382766168,0.2665352413739401,0.38782962375013574,0.5745700489846595,0.021653631074921877,False
2026-06-30,33490076000100,ASSET BANK - II FUNDO DE INVESTIMENTO EM DIREITOS CREDITORIOS,Classe,121694729.51,AZUMI DISTRIBUIDORA DE TÍTULOS E VALORES MOBILIÁRIOS LTDA.,25,0.0,12324704.35,51647007.16,70238836.72,87377298.69999999,43624221.53,71053849.65,114678071.18,False,0.10747219780715533,0.4503651537610383,0.6124870779327315,0.7619355453132063,0.050431899187798675,False
2026-06-30,61285889000195,ITAÚ SONETO III CRÉDITO PRIVADO FUNDO DE INVESTIMENTO EM DIREITOS CREDITÓRIOS RESP LIMITADA,Classe,297671343.4,INTRAG DTVM LTDA.,25,0.0,12312351.98,31225428.840000004,42252623.74,51588876.32999999,56375991.03,0.0,56375991.03,False,0.21839708278384123,0.553878136233271,0.7494790418409786,0.9150859326365972,0.09511882198862119,False
2026-06-30,56147999000150,PRIORITY FUNDO DE INVESTIMENTO EM DIREITOS CREDITÓRIOS,Classe,55660578.76,QI CORRETORA DE TÍTULOS E VALORES MOBILIÁRIOS S.A.,25,0.0,12310559.47,35808119.86,45194023.919999994,50538307.07999999,50835613.63,0.0,50835613.63,False,0.2421640773258037,0.7043904322789227,0.8890228855884078,0.9941516089062302,0.1260216346736431,False
2026-06-30,66230173000104,CONSIG FUNDO DE INVESTIMENTO EM DIREITOS CREDITÓRIOS NÃO  PADRONIZADO RESPONSABILIDADE LIMITADA,Classe,13032537.05,ID CORRETORA DE TITULOS E VALORES MOBILIARIOS S.A.,25,0.0,12292986.94,12392643.25,12478820.27,12661275.210000003,12994575.64,0.0,12994575.64,False,0.9460091103059676,0.9536781802903107,0.9603099489903772,0.9743508030401524,0.8949701525876125,False
2026-06-30,45101831000198,ARISTA FUNDO DE INVESTIMENTO EM DIREITOS CREDITÓRIOS,Classe,-108121.88,TRUSTEE DISTRIBUIDORA DE TITULOS E VALORES MOBILIARIOS LTDA.,2,0.0,12256000.0,53862567.15,53862567.15,53862567.15,0.0,0.0,0.0,True,,,,,,
2026-06-30,52364436000163,VBINVEST FUNDO DE INVESTIMENTO EM DIREITOS CREDITÓRIOS,Classe,14918943.35,PLANNER CORRETORA DE VALORES S.A.,1,0.0,12217695.48,12217695.48,12217695.48,12217695.48,12217695.48,0.0,12217695.48,False,1.0,1.0,1.0,1.0,1.0,False
2026-06-30,47542777000141,E-JUS FUNDO DE INVESTIMENTO EM DIREITOS CREDITORIOS NAO PADRONIZADOS,Classe,18461940.91,QI CORRETORA DE TÍTULOS E VALORES MOBILIÁRIOS S.A.,3,0.0,12204606.26,18352270.1,18352270.1,18352270.1,18352270.1,0.0,18352270.1,False,0.665018888317255,1.0,1.0,1.0,0.5337270948724493,False
2026-06-30,39774081000112,FUNDO DE INVESTIMENTO EM DIREITOS CREDITÓRIOS TETRA DE RESPONSABILIDADE LIMITADA,Classe,127673715.15,BANCO DAYCOVAL S.A.,24,0.0,12093190.91,34331302.45,46599034.660000004,57576391.900000006,0.0,126803892.85,126803892.85,False,0.09536924015657301,0.27074328459782776,0.36748899117098366,0.45405855140511175,0.020132299452999707,False
2026-06-30,59175312000189,BRD FUNDO DE INVESTIMENTO EM DIREITOS CREDITÓRIOS RESPONSABILIDADE LIMITADA,Classe,29612643.33,ID CORRETORA DE TITULOS E VALORES MOBILIARIOS S.A.,25,0.0,12085789.15,19136899.369999997,24159450.280000005,28355878.51000001,16385294.25,12085789.15,28471083.4,False,0.4244934757207027,0.6721521306772611,0.848560974676503,0.9959536176273507,0.204914746447299,False
2026-06-30,66644176000194,FORESTER FUNDO DE INVESTIMENTO EM DIREITOS CREDITÓRIOS,Classe,15017154.12,QI CORRETORA DE TÍTULOS E VALORES MOBILIÁRIOS S.A.,1,0.0,12082970.55,12082970.55,12082970.55,12082970.55,12082970.55,0.0,12082970.55,False,1.0,1.0,1.0,1.0,1.0,False
2026-06-30,23293595000116,FUNDO DE INVESTIMENTO EM DIREITOS CREDITÓRIOS PREMIER,Classe,9334089.39,BANVOX DISTRIBUIDORA DE TITULOS E VALORES MOBILIARIOS LTDA,24,0.0,12005540.42,46670750.7,70620547.08,111392319.94,0.0,4893613.28,4893613.28,False,2.453307961433356,9.537073738691506,14.431166305809926,22.76279582517399,29.2772696694869,True
2026-06-30,41287621000185,TRIPOLI NPL FUNDO DE INVESTIMENTO EM DIREITOS CREDITÓRIOS,Classe,119578575.54,VORTX DISTRIBUIDORA DE TITULOS E VALORES MOBILIARIOS LTDA.,24,0.0,12001340.07,14578758.44,14885307.280000001,15320350.090000002,12007426.98,0.0,12007426.98,False,0.9994930712458099,1.2141450840619643,1.2396750198684114,1.275906163370231,1.013867293629176,True
2026-06-30,21053703000158,CEDRO FIDC MULTISSETORIAL NP,Classe,22333046.33,QI CORRETORA DE TÍTULOS E VALORES MOBILIÁRIOS S.A.,5,0.0,12001215.12,22360100.08,22360100.08,22360100.08,2752758.35,19379369.81,22132128.16,False,0.5422531007067871,1.0103004970128457,1.0103004970128457,1.0103004970128457,0.4095552218926746,False
2026-06-30,48053686000105,ALGARVE LEGAL CLAIMS I FUNDO DE INVESTIMENTO EM DIREITOS CREDITÓRIOS - RESPONSABILIDADE LIMITADA,Classe,125257090.88,APEX DISTRIBUIDORA DE TÍTULOS E VALORES MOBILIÁRIOS S.A.,5,0.0,12000000.51,106657461.50999999,106657461.50999999,106657461.50999999,109079877.29,0.0,109079877.29,False,0.1100111295330556,0.9777922762641199,0.9777922762641199,0.9777922762641199,0.3811118118298866,False
2026-06-30,59815957000139,CANOA FUNDO DE INVESTIMENTO EM DIREITOS CREDITÓRIOS,Classe,8938486.84,SEFER INVESTIMENTOS DISTRIBUIDORA DE TÍTULOS E VALORES MOBILIÁRIOS LTDA.,1,0.0,12000000.0,12000000.0,12000000.0,12000000.0,0.0,12000000.0,12000000.0,False,1.0,1.0,1.0,1.0,1.0,False
2026-06-30,35940459000150,FERPAR - FUNDO DE INVESTIMENTO EM DIREITOS CREDITÓRIOS NÃO PADRONIZADOS,Classe,32762284.49,FIDD DISTRIBUIDORA DE TITULOS E VALORES MOBILIARIOS LTDA.,25,0.0,11995934.91,27619699.97,29968376.07,34057935.559999995,0.0,25064019.0,25064019.0,False,0.47861178648164926,1.1019661280180166,1.195673210669047,1.358837765004886,0.39679698700041416,True
2026-06-30,34475955000117,FUNDO DE INVESTIMENTO EM DIREITOS CREDITÓRIOS EMPÍRICA MEZZO SAÚDE,Classe,44435051.86,BANVOX DISTRIBUIDORA DE TITULOS E VALORES MOBILIARIOS LTDA,24,0.0,11961320.51,24369941.259999998,30809195.709999997,40183648.330000006,0.0,43995608.63,43995608.63,False,0.2718753276172145,0.5539175844787034,0.7002788839473317,0.9133558912195461,0.10672365837781428,False
2026-06-30,29550273000191,SPS ALPHA FUNDO DE INVESTIMENTO EM DIREITOS CREDITÓRIOS,Classe,10269090.05,BANCO DAYCOVAL S.A.,1,0.0,11960121.72,11960121.72,11960121.72,11960121.72,11960121.72,0.0,11960121.72,False,1.0,1.0,1.0,1.0,1.0,False
2026-06-30,46230817000157,NG OPPORTUNITY FUNDO DE INVESTIMENTO EM DIREITOS CREDITÓRIOS NÃO PADRONIZADOS,Classe,15468436.06,QI CORRETORA DE TÍTULOS E VALORES MOBILIÁRIOS S.A.,10,0.0,11953725.43,15426588.319999998,15529968.850000001,15529968.850000001,15505422.64,0.0,15505422.64,False,0.770938381206228,0.9949156935718327,1.0015830726172326,1.0015830726172326,0.6093152070051762,False
2026-06-30,60006903000101,AGROJIVE I FUNDO DE INVESTIMENTO EM  DIREITOS CREDITÓRIOS SEGMENTO AGRONEGÓCIO - RESP LIMITADA,Classe,115622173.08,APEX GROUP DISTRIBUIDORA DE TÍTULOS E VALORES MOBILIÁRIOS S.A.,24,0.0,11937267.25,20451301.23,26757402.209999997,37989340.300000004,115386969.93,0.0,115386969.93,False,0.10345420507395067,0.17724099386964462,0.2318927538025523,0.32923423089319703,0.01336400966685981,False
2026-06-30,31771948000174,VLA FUNDO DE INVESTIMENTO EM DIREITOS CREDITORIOS - RESPONSABILIDADE LIMITADA,Classe,123279479.66,QI CORRETORA DE TÍTULOS E VALORES MOBILIÁRIOS S.A.,25,0.0,11928283.62,40866718.61,57193337.20999999,77067908.41000001,31922633.85,67593744.32,99516378.16999999,False,0.11986251750062057,0.41065319459465216,0.5747128087026924,0.7744243694072938,0.046182866240974764,False
2026-06-30,44465412000172,HIKARI FUNDO DE INVESTIMENTO EM DIREITOS CREDITORIOS,Classe,18907426.54,AZUMI DISTRIBUIDORA DE TÍTULOS E VALORES MOBILIÁRIOS LTDA.,25,0.0,11911665.76,16952247.759999998,16961445.429999996,16977208.439999994,16971199.34,0.0,16971199.34,False,0.7018753077706764,0.9988833093277424,0.9994252669004355,1.0003540763312957,0.5239473250726622,False
2026-06-30,40319383000180,WONE ATIVOS JUDICIAIS FUNDO DE INVESTIMENTO EM DIREITOS CREDITORIOS NAO-PADRONIZADOS,Classe,74140325.05,APEX GROUP DISTRIBUIDORA DE TÍTULOS E VALORES MOBILIÁRIOS S.A.,24,0.0,11799159.42,29406547.12,34542373.589999996,41472477.3,52590119.7,0.0,52590119.7,False,0.22436076371965358,0.5591648638137631,0.6568224941689949,0.7885982678225392,0.08767562754211518,False
2026-06-30,58242641000132,DC1 FUNDO DE INVESTIMENTO EM DIREITOS CREDITÓRIOS,Classe,30768430.63,LIMINE TRUST DISTRIBUIDORA DE TITULOS E VALORES MOBILIARIOS LTDA.,15,0.0,11750015.37,19988306.46,26900135.35,29653413.730000004,29653413.73,0.0,29653413.73,False,0.3962449476133215,0.6740642626173617,0.9071513855008693,1.0000000000000002,0.18968811046871267,False
2026-06-30,57752597000148,AGROMERCANTIL CRÉDITO AGRO FUNDO DE INVESTIMENTO EM DIREITOS CREDITÓRIOS - RESPONSABILIDADE LIMITADA,Classe,68736909.66,LIMINE TRUST DISTRIBUIDORA DE TITULOS E VALORES MOBILIARIOS LTDA.,25,0.0,11713266.63,31007581.94,40130528.3,48348199.279999994,9919464.55,38428734.73,48348199.28,False,0.24226893254420293,0.6413389206167763,0.8300314985381602,0.9999999999999999,0.11236625946151318,False
2026-06-30,07727757000120,EMPRESARIAL FUNDO DE INVESTIMENTO EM DIREITOS CREDITÓRIOS MULTISEGMENTOS,Classe,515352066.52,HEMERA DISTRIBUIDORA DE TITULOS E VALORES MOBILIARIOS LTDA,25,0.0,11705454.15,43891224.09,70441770.17999999,118423203.90999997,11830658.63,458052015.14,469882673.77,False,0.024911440245463556,0.09340890085997096,0.14991352972184735,0.2520271772522649,0.0031587094582617844,False
2026-06-30,60058603000176,IATROS FUNDO DE INVESTIMENTO EM DIREITOS CREDITÓRIOS - RESPONSABILIDADE LIMITADA,Classe,89164902.28,QI CORRETORA DE TÍTULOS E VALORES MOBILIÁRIOS S.A.,25,0.0,11696304.03,47082587.879999995,71538413.03999999,91689315.05000001,74520242.26,0.0,74520242.26,False,0.1569547236466539,0.6318093775880325,0.959986318756232,1.2303947527451315,0.11298113053509516,True
2026-06-30,43866348000179,FUNDO DE INVESTIMENTO EM DIREITOS CREDITÓRIOS OPEA AGRO SUMITOMO CHEMICAL RESP LIMITADA,Classe,256043621.64,VORTX DISTRIBUIDORA DE TITULOS E VALORES MOBILIARIOS LTDA.,24,0.0,11682350.88,46031869.23,72083256.36,116186772.18999998,218771784.7,0.0,218771784.7,False,0.053399714666221315,0.21041044800691797,0.3294906445949929,0.5310866405799357,0.015038824675245317,False
2026-06-30,61149505000107,FUNDO DE INVESTIMENTO EM DIREITOS CREDITÓRIOS NEXA BWM - RESPONSABILIDADE LIMITADA,Classe,17831592.17,VORTX DISTRIBUIDORA DE TITULOS E VALORES MOBILIARIOS LTDA.,2,0.0,11677352.28,14970559.2,14970559.2,14970559.2,17591976.54,0.0,17591976.54,False,0.6637885318598771,0.8509879015561715,0.8509879015561715,0.8509879015561715,0.47565881904338103,False
2026-06-30,50149859000135,FUNDO DE  INVESTIMENTO EM DIREITOS CREDITÓRIOS ECO,Classe,42315515.17,BTG PACTUAL SERVIÇOS FINANCEIROS S/A DTVM,25,0.0,11523518.79,23622264.43,31470980.509999998,38984941.050000004,37327678.61,0.0,37327678.61,False,0.30871244125298686,0.6328350786772915,0.8431003931106767,1.04439768294501,0.13535542089221014,False
2026-06-30,39769235000188,CUPERTINO FUNDO DE INVESTIMENTO EM DIREITOS CREDITÓRIOS - RESPONSABILIDADE LIMITADA,Classe,246272115.34,QI CORRETORA DE TÍTULOS E VALORES MOBILIÁRIOS S.A.,25,0.0,11517043.23,53762177.830000006,87061451.61000001,153317211.08,195373512.76,2532020.71,197905533.47,False,0.05819464988201475,0.2716557586205627,0.43991418574052876,0.7746989606192137,0.028423521153216974,False
2026-06-30,08654210000105,FUNDO DE INVESTIMENTO EM DIREITOS CREDITÓRIOS MULTISSETORIAL ONE7 LP RESPONSABILIDADE LIMITADA,Classe,502797099.05,QI CORRETORA DE TÍTULOS E VALORES MOBILIÁRIOS S.A.,25,0.0,11420057.55,48736269.64,76608398.82,120183706.90999997,55518780.98,427944103.05,483462884.03000003,False,0.02362137389907962,0.10080664152281811,0.15845766314347776,0.2485893144644011,0.003318016184354649,False
2026-06-30,22415372000111,FUNDO DE RECUPERAÇÃO DE ATIVOS FIDC - RESPONSABILIDADE LIMITADA,Classe,35866953.93,APEX DISTRIBUIDORA DE TÍTULOS E VALORES MOBILIÁRIOS S.A.,5,0.0,11406146.48,34918040.510000005,34918040.510000005,34918040.510000005,34918040.51,0.0,34918040.51,False,0.32665482694349507,1.0000000000000002,1.0000000000000002,1.0000000000000002,0.23982167392932824,False
2026-06-30,62838783000134,FIGTREE COBRAFIX EDUCACIONAL INADIMPLENCIA FUNDO DE INVESTIMENTO EM DIREITOS CREDITÓRIOS,Classe,16099111.13,APEX GROUP DISTRIBUIDORA DE TÍTULOS E VALORES MOBILIÁRIOS S.A.,2,0.0,11368018.87,13019348.979999999,13019348.979999999,13019348.979999999,15072926.16,0.0,15072926.16,False,0.7542011915488611,0.8637572321259217,0.8637572321259217,0.8637572321259217,0.5808219633606444,False
2026-06-30,64883935000146,KVS STEEL CREDIT FUNDO DE INVESTIMENTO EM DIREITOS CREDITÓRIOS,Classe,23036850.02,QI CORRETORA DE TÍTULOS E VALORES MOBILIÁRIOS S.A.,3,0.0,11357122.15,20187904.16,20187904.16,20187904.16,12486296.64,7701607.45,20187904.09,False,0.5625706412794831,1.0000000034674228,1.0000000034674228,1.0000000034674228,0.498019875951016,False
2026-06-30,37310965000190,G5 SANEAMENTO FUNDO DE INVESTIMENTO EM DIREITOS CREDITÓRIOS,Classe,36039254.21,QI CORRETORA DE TÍTULOS E VALORES MOBILIÁRIOS S.A.,4,0.0,11329465.33,30635993.270000003,30635993.270000003,30635993.270000003,30635993.27,0.0,30635993.27,False,0.3698089769817997,1.0000000000000002,1.0000000000000002,1.0000000000000002,0.27371583656481574,False
2026-06-30,57437905000140,BERRINI FUNDO DE INVESTIMENTO EM DIREITOS CREDITÓRIOS RESPONSABILIDADE LIMITADA,Classe,215237731.51,GENIAL INVESTIMENTOS CORRETORA DE VALORES MOBILIÁRIOS S.A.,1,0.0,11318737.64,11318737.64,11318737.64,11318737.64,4504857.58,0.0,4504857.58,False,2.5125628144719285,2.5125628144719285,2.5125628144719285,2.5125628144719285,6.312971896667098,True
2026-06-30,54422007000120,INTRABANK MULTICRED FUNDO DE INVESTIMENTO EM DIREITOS CREDITÓRIOS FINANCEIROS DE RESPONSABILIDADE LI,Classe,48169308.84,HEMERA DISTRIBUIDORA DE TITULOS E VALORES MOBILIARIOS LTDA,19,0.0,11254123.44,45857808.74,53444133.83,56223078.019999996,26370964.62,11959082.4,38330047.02,False,0.29361100011507363,1.196393229470137,1.3943143300114844,1.4668147417263457,0.3184595945347129,True
2026-06-30,17468142000180,VALOREM FUNDO DE INVESTIMENTO EM DIREITOS CREDITÓRIOS  MULTISETORIAL RESPONSABILIDADE LIMITADA,Classe,511752071.28,QI CORRETORA DE TÍTULOS E VALORES MOBILIÁRIOS S.A.,25,0.0,11228258.99,45462938.879999995,70980116.48,116696651.94,75265661.74,386076410.0,461342071.74,False,0.024338250677315085,0.09854496622979074,0.1538557197098696,0.2529503790969385,0.003308969885815436,False
2026-06-30,31368761000124,FUNDO DE INVESTIMENTO EM DIREITOS CREDITÓRIOS PAGBEM,Classe,11427278.28,BANVOX DISTRIBUIDORA DE TITULOS E VALORES MOBILIARIOS LTDA,1,0.0,11211604.04,11211604.04,11211604.04,11211604.04,11211604.04,0.0,11211604.04,False,1.0,1.0,1.0,1.0,1.0,False
2026-06-30,54422165000180,ORIZ ALOCAÇÃO CRÉDITO ESTRUTURADO FUNDO DE INVESTIMENTO EM DIREITOS CREDITÓRIOS DE RESP LIMITADA,Classe,219697477.3,BANCO DAYCOVAL S.A.,6,0.0,11198312.5,25719984.08,26769944.2,26769944.2,21170787.95,0.0,21170787.95,False,0.5289511437386061,1.2148808131631208,1.264475571869303,1.264475571869303,0.40199922694957296,True
2026-06-30,64510628000110,NOX FUNDO DE INVESTIMENTO EM DIREITOS CREDITÓRIOS,Classe,12116309.47,PLANNER CORRETORA DE VALORES S.A.,1,0.0,11172926.71,11172926.71,11172926.71,11172926.71,11294690.84,0.0,11294690.84,False,0.989219348123388,0.989219348123388,0.989219348123388,0.989219348123388,0.9785549187016606,False
2026-06-30,45525103000103,JOB FUNDO DE INVESTIMENTO EM DIREITOS CREDITÓRIOS - RESPONSABILIDADE LIMITADA,Classe,8197130.73,ID CORRETORA DE TITULOS E VALORES MOBILIARIOS S.A.,6,0.0,11166513.78,17175178.36,17301816.98,17301816.98,6050109.93,0.0,6050109.93,False,1.8456712207211083,2.8388208741192247,2.859752497092231,2.859752497092231,3.676684333508276,True
2026-06-30,29226704000169,OPERA FUNDO DE INVESTIMENTO EM DIREITOS CREDITÓRIOS MULTISETORIAL,Classe,767510008.24,QI CORRETORA DE TÍTULOS E VALORES MOBILIÁRIOS S.A.,25,0.0,11091418.65,40225849.3,63088069.66,108787211.04000002,27415071.99,727770112.24,755185184.23,False,0.014687018338831691,0.05326620561420968,0.08353986674715512,0.1440536881704338,0.0010254673814475358,False
2026-06-30,29152636000130,ACREDITAR FUNDO DE INVESTIMENTO EM DIREITOS CREDITORIOS - RESPONSABILIDADE LIMITADA,Classe,371884905.63,QI CORRETORA DE TÍTULOS E VALORES MOBILIÁRIOS S.A.,25,0.0,11078288.28,44345520.269999996,74219253.86000001,122906671.1,48907596.9,167557979.75,216465576.65,False,0.05117806004745189,0.2048617658118529,0.3428686214621738,0.5677885278670705,0.016196314831493606,False
2026-06-30,55469182000136,SC1 FUNDO DE INVESTIMENTO EM DIREITOS CREDITÓRIOS NÃO PADRONIZADOS,Classe,202654477.31,FINVEST DISTRIBUIDORA DE TÍTULOS E VALORES MOBILIÁRIOS LTDA.,25,0.0,11075133.32,26965441.79,35205354.6,50486919.19,179342105.01,0.0,179342105.01,False,0.06175422843053202,0.15035756265098163,0.19630278454709213,0.2815118021904833,0.007202873058057617,False
2026-06-30,28796939000123,FUNDO DE INVESTIMENTO EM DIREITOS CREDITÓRIOS ANGÁ MULTIESTRATÉGIA I DE  RESPONSABILIDADE LIMITADA,Classe,63281647.42,BANCO DAYCOVAL S.A.,24,0.0,11053987.56,11946032.54,12819282.56,14713502.74,44421534.7,0.0,44421534.7,False,0.24884299100994364,0.2689243543852617,0.28858261306311866,0.3312245477191944,0.06223254891188372,False
2026-06-30,42479713000120,VELSO  FUNDO DE INVESTIMENTO EM DIREITOS CREDITÓRIOS DE RESPONSABILIDADE LIMITADA,Classe,60894707.95,CATÁLISE DISTRIBUIDORA DE TITULOS E VALORES MOBILIARIOS LTDA.,25,0.0,11040363.27,20184185.299999997,23569064.409999996,28086234.759999998,50601689.16,0.0,50601689.16,False,0.21818171395604852,0.3988836269117147,0.4657762379330026,0.5550453991998713,0.06171198256417082,False
2026-06-30,66148387000136,VEGA SPECIAL OPPORTUNITIES GLOBAL FI EM DIREITOS CREDITÓRIOS NÃO PADRONIZADOS RESP LIMITADA,Classe,97209755.92,BTG PACTUAL SERVIÇOS FINANCEIROS S/A DTVM,1,0.0,11030548.77,11030548.77,11030548.77,11030548.77,0.0,44435984.42,44435984.42,False,0.24823459891743294,0.24823459891743294,0.24823459891743294,0.24823459891743294,0.061620416099698795,False
2026-06-30,24987402000190,SEJA FUNDO DE INVESTIMENTO EM DIREITOS CREDITÓRIOS,Classe,180573682.71,LIMINE TRUST DISTRIBUIDORA DE TITULOS E VALORES MOBILIARIOS LTDA.,25,0.0,11019434.86,25923263.700000003,33313277.490000002,46495516.779999994,20597815.6,140422854.13,161020669.73,False,0.06843490887522345,0.16099339136688612,0.20688820600398583,0.2887549583414591,0.008390898353709096,False
2026-06-30,36412972000130,VKR FUNDO DE INVESTIMENTO EM DIREITOS CREDITÓRIOS RESPONSABILIDADE LIMITADA,Classe,11241234.75,APEX GROUP DISTRIBUIDORA DE TÍTULOS E VALORES MOBILIÁRIOS S.A.,1,0.0,11015359.07,11015359.07,11015359.07,11015359.07,11015359.07,0.0,11015359.07,False,1.0,1.0,1.0,1.0,1.0,False
2026-06-30,63393491000106,TECOL FUNDO DE INVESTIMENTO EM DIREITOS CREDITÓRIOS,Classe,9282501.89,WNT CAPITAL DISTRIBUIDORA DE TITULOS E VALORES MOBILIARIOS S.A.,1,0.0,11010546.6,11010546.6,11010546.6,11010546.6,0.0,9358964.47,9358964.47,False,1.1764706058340233,1.1764706058340233,1.1764706058340233,1.1764706058340233,1.384083086391474,True
2026-06-30,57532782000127,COFFEE BANK FIDC FINANCEIROS DO AGRONEGÓCIO DE RESPONSABILIDADE LIMITADA,Classe,13272046.05,INTRAG DTVM LTDA.,1,0.0,10918669.44,10918669.44,10918669.44,10918669.44,9938025.4,0.0,9938025.4,False,1.0986759442172485,1.0986759442172485,1.0986759442172485,1.0986759442172485,1.2070888304016627,True
2026-06-30,41075407000165,JGP ESTRUTURADOS FUNDO DE INVESTIMENTO EM DIREITOS CREDITÓRIOS - RESPONSABILIDADE LIMITADA,Classe,32286349.86,BNY MELLON SERVICOS FINANCEIROS DTVM S.A.,6,0.0,10900000.0,34512383.589999996,34512383.69,34512383.69,32686349.01,0.0,32686349.01,False,0.3334725452715834,1.0558653577198647,1.0558653607792459,1.0558653607792459,0.26965013670949806,True
2026-06-30,57660765000175,ORIGINAL FUNDO DE INVESTIMENTO EM DIREITOS CREDITÓRIOS,Classe,58763326.53,HEMERA DISTRIBUIDORA DE TITULOS E VALORES MOBILIARIOS LTDA,25,0.0,10806999.75,18969752.4,24962166.839999996,32840258.310000002,0.0,46207944.63,46207944.63,False,0.23387752553234478,0.4105301058485967,0.5402137454907177,0.710705887763699,0.06860222828766635,False
2026-06-30,67229050000116,POLO RECUPERAÇÃO DE CRÉDITO FUNDO DE INVESTIMENTO EM DIREITOS CREDITÓRIOS IV RESPONSABILIDADE LIMITA,Classe,21861579.64,QI CORRETORA DE TÍTULOS E VALORES MOBILIÁRIOS S.A.,3,0.0,10789667.36,21640236.9,21640236.9,21640236.9,21640236.9,0.0,21640236.9,False,0.4985928485838341,1.0,1.0,1.0,0.3747060101692824,False
2026-06-30,10434089000158,BMA FUNDO DE INVESTIMENTO EM DIREITOS CREDITÓRIOS MULTISSETORIAL - RESPONSABILIDADE LIMITADA,Classe,618767917.99,QI CORRETORA DE TÍTULOS E VALORES MOBILIÁRIOS S.A.,25,0.0,10723207.43,22556089.71,32377243.080000006,50450264.069999985,84034008.4,472690252.39,556724260.79,False,0.01926125406279872,0.04051572977615988,0.0581566950828696,0.09061984113717321,0.000626093508938368,False
2026-06-30,59111770000154,JUDICIAL ASSETS N2 FUNDO DE INVESTIMENTO EM DIREITOS CREDITORIOS,Classe,27391741.71,ACTUAL DISTRIBUIDORA DE TITULOS E VALORES MOBILIARIOS S.A.,25,0.0,10698674.09,22714062.28,25319052.419999994,28067115.919999994,27550592.05,0.0,27550592.05,False,0.3883282824043703,0.8244491529901623,0.9190021170525079,1.018748194923092,0.21332271167312397,False
2026-06-30,47410122000110,MÖBIUS VD TOTAL RETURN 1 - FIDC MULTICARTEIRA OUTROS - RESP LIMITADA,Classe,54861108.26,BANCO DAYCOVAL S.A.,4,0.0,10680536.31,28551750.43,28551750.43,28551750.43,28551750.43,0.0,28551750.43,False,0.37407641034777706,1.0,1.0,1.0,0.335232706458076,False
2026-06-30,26648770000139,G5 SPECIAL FUNDO DE INVESTIMENTO EM DIREITOS CREDITÓRIOS NÃO PADRONIZADOS,Classe,127761153.77,QI CORRETORA DE TÍTULOS E VALORES MOBILIÁRIOS S.A.,14,0.0,10669678.85,25520059.6,33462367.990000002,35968735.45,35968736.45,0.0,35968736.45,False,0.29663757760386933,0.7095067027298925,0.9303181399356607,0.9999999721980781,0.15113718976397328,False
2026-06-30,42265317000108,ATACADO FUNDO DE INVESTIMENTO EM DIREITOS CREDITÓRIOS,Classe,21238672.22,QI CORRETORA DE TÍTULOS E VALORES MOBILIÁRIOS S.A.,11,0.0,10642943.07,16156667.26,18364907.009999998,18540437.27,10642943.05,7897494.2,18540437.25,False,0.5740394860428656,0.8714285991286425,0.9905325727957143,1.000000001078723,0.3562728559139015,False
2026-06-30,55105668000195,VITTRA FUNDO DE INVESTIMENTO EM DIREITOS CREDITÓRIOS DE RESPONSABILIDADE LIMITADA,Classe,35256769.81,CATÁLISE DISTRIBUIDORA DE TITULOS E VALORES MOBILIARIOS LTDA.,25,0.0,10615485.95,18041623.089999996,21426095.54,24768413.949999996,35271157.77,0.0,35271157.77,False,0.30096789051333706,0.5115120747565978,0.6074678829574467,0.7022285492161204,0.10852418472567953,False
2026-06-30,64087936000184,VQS FUNDO DE INVESTIMENTO EM DIREITOS CREDITÓRIOS,Classe,12605944.24,PLANNER CORRETORA DE VALORES S.A.,1,0.0,10519000.0,10519000.0,10519000.0,10519000.0,10519000.0,0.0,10519000.0,False,1.0,1.0,1.0,1.0,1.0,False
2026-06-30,45930576000196,ACRE BG FUNDO DE INVESTIMENTO EM DIREITOS CREDITÓRIOS,Classe,17084420.08,BANCO GENIAL S.A.,4,0.0,10509437.5,16181089.549999999,16181089.549999999,16181089.549999999,16181089.55,0.0,16181089.55,False,0.6494888658471085,0.9999999999999999,0.9999999999999999,0.9999999999999999,0.49273278243245305,False
2026-06-30,66886906000163,CVPAR MIDDLE MARKET FUNDO DE INVESTIMENTO EM DIREITOS CREDITÓRIOS RESPONSABILIDADE LIMITADA,Classe,88866017.51,QI CORRETORA DE TÍTULOS E VALORES MOBILIÁRIOS S.A.,25,0.0,10480447.19,38310395.580000006,56449510.69000001,83334079.15999998,87956149.26,0.0,87956149.26,False,0.11915536637489214,0.4355624467682614,0.6417915195802196,0.9474502904130432,0.057528371145663545,False
2026-06-30,57658801000166,SARFATY INSURED CREDIT  FUNDO DE INVESTIMENTO EM DIREITOS CREDITÓRIOS RESPONSABILIDADE  LIMITADA,Classe,27464761.3,HEMERA DISTRIBUIDORA DE TITULOS E VALORES MOBILIARIOS LTDA,25,0.0,10479695.67,19196723.72,20189697.250000004,20736713.930000003,0.0,24458928.39,24458928.39,False,0.4284609490203426,0.7848554692955622,0.8254530586161957,0.8478177620601801,0.23691739271130946,False
2026-06-30,63358336000140,IMPAR PGEO FUNDO DE INVESTIMENTO EM DIREITOS CREDITÓRIOS AÇÕES JUDICIAIS,Classe,11081930.71,LIONS TRUST DISTRIBUIDORA DE TÍTULOS E VALORES MOBILIÁRIOS LTDA.,1,0.0,10450324.64,10450324.64,10450324.64,10450324.64,10950324.64,0.0,10950324.64,False,0.9543392532698465,0.9543392532698465,0.9543392532698465,0.9543392532698465,0.9107634103316481,False
2026-06-30,52356145000123,TX CAPITAL FUNDO DE INVESTIMENTO EM  DIREITOS CREDITÓRIOS NÃO PADRONIZADOS,Classe,23088059.7,QI CORRETORA DE TÍTULOS E VALORES MOBILIÁRIOS S.A.,25,0.0,10442541.2,14987370.540000001,16488976.030000003,18822440.99,13453503.52,9431107.77,22884611.29,False,0.4563128063513636,0.6549104264903597,0.7205268125836716,0.8224933668951997,0.22320378269412705,False
2026-06-30,57690544000140,RED NPL FUNDO DE INVESTIMENTO EM DIREITOS CREDITÓRIOS MULTISEGMENTOS - RESPONSABILIDADE LIMITADA,Classe,107952219.26,HEMERA DISTRIBUIDORA DE TITULOS E VALORES MOBILIARIOS LTDA,25,0.0,10425672.82,35282974.120000005,49412655.760000005,67885724.69999999,97753250.13,0.0,97753250.13,False,0.10665295328938032,0.3609391408784661,0.5054835076510208,0.6944600267481663,0.03492342987476666,False
2026-06-30,59079987000124,CONCRETO II  FUNDO DE INVESTIMENTO EM DIREITOS CREDITÓRIOS NÃO-PADRONIZADOS  RESP LIMITADA,Classe,26413156.54,ID CORRETORA DE TITULOS E VALORES MOBILIARIOS S.A.,25,0.0,10364703.01,15263146.16,15289580.459999999,15352147.639999995,14751377.91,441021.05,15192398.96,False,0.6822295173585936,1.0046567497461243,1.006396718533779,1.0105150398183063,0.5683677225231197,False
2026-06-30,33475421000128,FUNDO DE INVESTIMENTO EM DIREITOS CREDITÓRIOS AZQ ALL CREDIT HY DE RESPONSABILIDADE ILIMITADA,Classe,115165764.04,BANCO DAYCOVAL S.A.,25,0.0,10313589.85,35375847.19,53049819.349999994,83974882.05000001,84082957.23,0.0,84082957.23,False,0.12265969454176391,0.4207255352976362,0.6309223782994198,0.99871466009807,0.05892616302401896,False
2026-06-30,28075236000106,SOFISA RECEBÍVEIS FUNDO DE INVESTIMENTO EM DIREITOS CREDITÓRIOS RESPONSABILIDADE LIMITADA,Classe,156560274.06,HEMERA DISTRIBUIDORA DE TITULOS E VALORES MOBILIARIOS LTDA,25,0.0,10281533.79,24005103.93,33571082.699999996,46229486.85999999,10544778.75,110387572.87,120932351.62,False,0.08501888578423725,0.19850026571409196,0.27760216559327994,0.3822755965687719,0.012576479390187337,False
2026-06-30,64157229000117,RUMO NPL I FUNDO DE INVESTIMENTO EM DIREITOS CREDITÓRIOS NÃO-PADRONIZADOS,Classe,11125307.3,QI CORRETORA DE TÍTULOS E VALORES MOBILIÁRIOS S.A.,1,0.0,10267281.12,10267281.12,10267281.12,10267281.12,10267281.12,0.0,10267281.12,False,1.0,1.0,1.0,1.0,1.0,False
2026-06-30,38181581000188,CO-INVEST I BLACK BELT FUNDO DE INVESTIMENTO EM DIREITOS CREDITÓRIOS,Classe,11903049.55,BANCO GENIAL S.A.,1,0.0,10225000.0,10225000.0,10225000.0,10225000.0,10225000.0,0.0,10225000.0,False,1.0,1.0,1.0,1.0,1.0,False
2026-06-30,59258058000182,AUDAX LION FUNDO DE INVESTIMENTO EM DIREITOS CREDITÓRIOS,Classe,133494864.8,QI CORRETORA DE TÍTULOS E VALORES MOBILIÁRIOS S.A.,25,0.0,10193097.9,26194881.650000002,37449154.620000005,53000766.48,0.0,117352815.98,117352815.98,False,0.08685857100981004,0.22321476848467187,0.3191159437229212,0.4516360859123544,0.016007003918075757,False
2026-06-30,19424642000146,LOTUS PERFORMANCE FUNDO DE INVESTIMENTO EM DIREITOS CREDITÓRIOS MULTISEGMENTOS,Classe,503850555.81,FINAXIS CORRETORA DE TÍTULOS E VALORES MOBILIÁRIOS S.A.,25,0.0,10187010.39,23314056.97,35914789.8,63692223.53,95088290.27,355184894.64,450273184.90999997,False,0.022624066303295783,0.051777582479534026,0.07976222214338302,0.14145240192957687,0.0011408617338224476,False
2026-06-30,28880400000158,GRAN CAPITAL FUNDO DE INVESTIMENTO EM DIREITOS CREDITÓRIOS  RESPONSABILIDADE LIMITADA,Classe,71514593.54,ACTUAL DISTRIBUIDORA DE TITULOS E VALORES MOBILIARIOS S.A.,24,0.0,10150379.8,42009289.269999996,62842482.82,78203169.49,60424735.39,6962541.42,67387276.81,False,0.15062754099144313,0.6234009038300533,0.9325570908167998,1.1605034836248933,0.10495858105669356,True
2026-06-30,17198574000119,PLATA I FUNDO DE INVESTIMENTO EM DIREITOS CREDITÓRIOS MULTISSEGMENTOS,Classe,239576896.6,HEMERA DISTRIBUIDORA DE TITULOS E VALORES MOBILIARIOS LTDA,25,0.0,10121996.35,41540261.669999994,69641793.14,122090485.18000002,9699210.99,201131096.71,210830307.70000002,False,0.04801015783937026,0.19703173667568474,0.3303215457954767,0.5790936156756367,0.015962728737352504,False
2026-06-30,12712606000139,IGUANA FUNDO DE INVESTIMENTO EM DIREITOS CREDITÓRIOS,Classe,56986175.36,QI CORRETORA DE TÍTULOS E VALORES MOBILIÁRIOS S.A.,25,0.0,10105936.82,33258767.2,37964630.89,42360040.69,36009761.13,14269150.0,50278911.13,False,0.2009975274498352,0.6614854310191184,0.755080610076052,0.8425011548176699,0.10180648006092213,False
2026-06-30,62395029000177,W&V FUNDO DE  INVESTIMENTO EM DIREITOS CREDITÓRIOS RESPONSABILIDADE LIMITADA,Classe,27993948.47,ID CORRETORA DE TITULOS E VALORES MOBILIARIOS S.A.,25,0.0,10105528.19,21897702.839999996,26847621.589999996,31228118.479999997,31860541.6,0.0,31860541.6,False,0.3171800503855841,0.6872985122136152,0.8426605525751638,0.9801502708918167,0.14856168986962212,False
2026-06-30,61561993000165,ICRC FUNDO DE INVESTIMENTO EM DIREITOS CREDITÓRIOS FINANCEIROS,Classe,12580092.24,MERITO DISTRIBUIDORA DE TITULOS E VALORES MOBILIARIOS LTDA.,3,0.0,10086415.57,12602807.75,12602807.75,12602807.75,12602807.75,0.0,12602807.75,False,0.8003308286599865,1.0,1.0,1.0,0.6674738950256156,False
2026-06-30,62881088000155,FAKINI FUNDO DE INVESTIMENTO EM DIREITOS CREDITÓRIOS,Classe,10479958.75,QI CORRETORA DE TÍTULOS E VALORES MOBILIÁRIOS S.A.,25,0.0,10069756.46,10106330.69,10135650.41,10197304.690000003,10069756.46,306284.9,10376041.360000001,False,0.9704815266850478,0.9740063998742579,0.9768321133600415,0.9827740981556767,0.941841844525209,False
2026-06-30,51507981000107,EVEN CREDIT FUNDO DE INVESTIMENTO EM DIREITOS CREDITÓRIOS - RESPONSABILIDADE LIMITADA,Classe,2459711.3,PLANNER CORRETORA DE VALORES S.A.,1,0.0,10063781.37,10063781.37,10063781.37,10063781.37,0.0,0.0,0.0,True,,,,,,
2026-06-30,12400426000111,MOKA FUND I FUNDO DE INVESTIMENTO EM DIREITOS CREDITÓRIOS,Classe,30603989.72,QI CORRETORA DE TÍTULOS E VALORES MOBILIÁRIOS S.A.,25,0.0,10052518.14,30986777.330000002,45618681.26,64856324.88000001,6338542.04,20785498.97,27124041.009999998,False,0.37061284991767535,1.1424100604543366,1.6818541618920817,2.3911011215507676,0.4042384199639276,True
2026-06-30,62838423000132,FUNDO DE INVESTIMENTO EM DIREITOS CREDITÓRIOS FEDERAL PADRONIZADO  RESPONSABILIDADE LIMITADA,Classe,21616889.32,QI CORRETORA DE TÍTULOS E VALORES MOBILIÁRIOS S.A.,2,0.0,10034761.21,17086593.17,17086593.17,17086593.17,17086593.17,0.0,17086593.17,False,0.5872885899582755,1.0,1.0,1.0,0.5152385958738079,False
2026-06-30,51539073000197,GERIZIM FUNDO DE INVESTIMENTO EM DIREITOS CREDITÓRIOS RESPONSABILIDADE LIMITADA,Classe,13098196.28,ID CORRETORA DE TITULOS E VALORES MOBILIARIOS S.A.,25,0.0,10000000.0,10145478.66,10236723.69,10439002.140000002,14688456.52,0.0,14688456.52,False,0.6808067264510649,0.6907110114793736,0.6969230344972965,0.7106942874349063,0.46354545901188743,False
2026-06-30,62917185000150,NEXT CAPITAL FUNDO DE INVESTIMENTO EM DIREITOS CREDITÓRIOS MULTICARTEIRA FINANCEIRO,Classe,10876586.11,QI CORRETORA DE TÍTULOS E VALORES MOBILIÁRIOS S.A.,1,0.0,9983178.17,9983178.17,9983178.17,9983178.17,3738272.26,6244905.88,9983178.14,False,1.000000003005055,1.000000003005055,1.000000003005055,1.000000003005055,1.00000000601011,False
2026-06-30,61872284000109,ORIGIN FUNDO DE INVESTIMENTO EM DIREITOS CREDITÓRIOS  RESPONSABILIDADE LIMITADA,Classe,10928450.82,ID CORRETORA DE TITULOS E VALORES MOBILIARIOS S.A.,2,0.0,9957030.52,11002361.4,11002361.4,11002361.4,0.0,10997134.74,10997134.74,False,0.9054204349959615,1.0004752747077827,1.0004752747077827,1.0004752747077827,0.8288215866609161,False
2026-06-30,65424072000101,BNVT IMOB PLUS FUNDO DE INVESTIMENTO EM DIREITOS CREDITÓRIOS,Classe,10128616.91,PLANNER CORRETORA DE VALORES S.A.,1,0.0,9941881.92,9941881.92,9941881.92,9941881.92,9941881.92,0.0,9941881.92,False,1.0,1.0,1.0,1.0,1.0,False
2026-06-30,47425841000104,CVPAR II FUNDO DE INVESTIMENTO EM DIREITOS CREDITÓRIOS - RESPONSABILIDADE LIMITADA,Classe,232043949.6,QI CORRETORA DE TÍTULOS E VALORES MOBILIÁRIOS S.A.,25,0.0,9910090.98,37605462.56999999,61918804.779999994,97607128.65,24837760.35,124672065.64,149509825.99,False,0.06628387742664378,0.25152502399752136,0.41414538723455835,0.6528475837870915,0.023290875511525026,False
2026-06-30,20905778000157,ACCESS FUNDO DE INVESTIMENTO EM DIREITOS CREDITÓRIOS ABERTO MULTISSETORIAL RESPONSABILIDADE LIMITADA,Classe,122797304.2,QI CORRETORA DE TÍTULOS E VALORES MOBILIÁRIOS S.A.,25,0.0,9906966.43,32703858.86,49189636.88999999,70515913.21000001,64038239.06,46972021.64,111010260.7,False,0.08924370024472882,0.2946021264501003,0.443108921462068,0.6352197784722435,0.026430543784861864,False
2026-06-30,54589341000173,D. ANDRADE PRECATÓRIOS - FUNDO DE INVESTIMENTO EM DIREITOS CREDITÓRIOS,Classe,4580333.36,PLANNER CORRETORA DE VALORES S.A.,1,0.0,9898512.83,9898512.83,9898512.83,9898512.83,9898512.83,0.0,9898512.83,False,1.0,1.0,1.0,1.0,1.0,False
2026-06-30,61926527000136,BANNOCKBURN FUNDO DE INVESTIMENTO EM DIREITOS CREDITÓRIOS,Classe,5145063.08,PLANNER CORRETORA DE VALORES S.A.,1,0.0,9794734.22,9794734.22,9794734.22,9794734.22,5273484.84,0.0,5273484.84,False,1.8573551488582645,1.8573551488582645,1.8573551488582645,1.8573551488582645,3.4497681489903056,True
2026-06-30,41755724000122,LESTE CREDIT PRECATÓRIOS I  FUNDO DE INVESTIMENTO EM DIREITOS CREDITÓRIOS RESPONSABILIDADE LIMITADA,Classe,9486590.13,PLANNER CORRETORA DE VALORES S.A.,1,0.0,9773623.73,9773623.73,9773623.73,9773623.73,9773623.73,0.0,9773623.73,False,1.0,1.0,1.0,1.0,1.0,False
2026-06-30,58528148000183,SMASH FUNDO DE INVESTIMENTO EM DIREITOS CREDITÓRIOS NÃO PADRONIZADOS,Classe,9755252.75,CBSF DISTRIBUIDORA DE TÍTULOS E VALORES MOBILIÁRIOS S.A.,1,0.0,9772834.03,9772834.03,9772834.03,9772834.03,9772834.03,0.0,9772834.03,False,1.0,1.0,1.0,1.0,1.0,False
2026-06-30,54323848000180,RAMAN FUNDO DE INVESTIMENTO EM DIREITOS CREDITÓRIOS CONSIGNADO PUBLICO,Classe,5357828.7,PLANNER CORRETORA DE VALORES S.A.,1,0.0,9743403.04,9743403.04,9743403.04,9743403.04,8069516.18,0.0,8069516.18,False,1.2074333606454208,1.2074333606454208,1.2074333606454208,1.2074333606454208,1.457895320399495,True
2026-06-30,55445774000118,FRAGATA FUNDO DE INVESTIMENTO EM DIREITOS CREDITÓRIOS,Classe,21984057.44,LIMINE TRUST DISTRIBUIDORA DE TITULOS E VALORES MOBILIARIOS LTDA.,25,0.0,9728905.78,17057405.66,18176465.819999997,19674719.799999997,14519319.73,5604750.3,20124070.03,False,0.4834462295895717,0.8476121199425184,0.9032201633617549,0.9776710064450117,0.2767049661061454,False
2026-06-30,37608798000169,OG CRED FUNDO DE INVESTIMENTO EM DIREITOS CREDITORIOS,Classe,110085265.28,ACTUAL DISTRIBUIDORA DE TITULOS E VALORES MOBILIARIOS S.A.,25,0.0,9718162.35,19812380.919999998,24959882.4,34779358.13,0.0,83877837.65,83877837.65,False,0.11586090703185883,0.23620519406654014,0.2975742234098949,0.4146429987278052,0.019650319245617127,False
2026-06-30,40800541000119,ALGARVE SMALL  CLAIMS I FUNDO DE INVESTIMENTO EM DIREITOS CREDITÓRIOS NÃO PADRONIZADOS,Classe,27062293.87,QI CORRETORA DE TÍTULOS E VALORES MOBILIÁRIOS S.A.,6,0.0,9677894.42,26685635.310000002,26847250.610000003,26847250.610000003,26847250.61,0.0,26847250.61,False,0.3604799076295433,0.9939801917765166,1.0000000000000002,1.0000000000000002,0.26366300765529443,False
2026-06-30,36669346000124,FUNDO DE INVESTIMENTO EM DIREITOS CREDITÓRIOS INSOLVÊNCIA,Classe,34120004.63,APEX GROUP DISTRIBUIDORA DE TÍTULOS E VALORES MOBILIÁRIOS S.A.,24,0.0,9659525.32,15619863.129999999,16002161.4,16268994.100000001,16270619.7,0.0,16270619.7,False,0.593679005354664,0.9600041927106193,0.9835004256168559,0.9999000898533694,0.44849949661403166,False
2026-06-30,26689692000110,ALGARVE FUNDO DE INVESTIMENTO EM DIREITOS CREDITÓRIOS,Classe,9621345.99,TRUSTEE DISTRIBUIDORA DE TITULOS E VALORES MOBILIARIOS LTDA.,1,0.0,9641333.74,9641333.74,9641333.74,9641333.74,9641333.74,0.0,9641333.74,False,1.0,1.0,1.0,1.0,1.0,False
2026-06-30,61896279000128,OTIMA FUNDO DE INVESTIMENTO EM DIREITOS CREDITÓRIOS,Classe,10060684.52,QI CORRETORA DE TÍTULOS E VALORES MOBILIÁRIOS S.A.,1,0.0,9607401.94,9607401.94,9607401.94,9607401.94,0.0,9607401.94,9607401.94,False,1.0,1.0,1.0,1.0,1.0,False
2026-06-30,52998251000100,HAOC FUNDO DE INVESTIMENTO EM DIREITOS CREDITÓRIOS,Classe,20152731.47,BANCO DAYCOVAL S.A.,3,0.0,9603338.61,18033420.439999998,18033420.439999998,18033420.439999998,0.0,18033420.44,18033420.44,False,0.5325300678233396,0.9999999999999998,0.9999999999999998,0.9999999999999998,0.43986334516377656,False
2026-06-30,26690689000117,CONTINENTALBANCO FUNDO DE INVESTIMENTO EM DIREITOS CREDITORIOS,Classe,139251677.92,QI CORRETORA DE TÍTULOS E VALORES MOBILIÁRIOS S.A.,25,0.0,9579039.78,23030203.580000002,30753886.429999996,44555334.099999994,349407.7,100576261.02,100925668.72,False,0.09491182869023451,0.22818975461924493,0.30471818339218626,0.4414668207313117,0.016192718704899012,False
2026-06-30,65190945000169,STARK INFRA FUNDO DE INVESTIMENTO EM DIREITOS CREDITÓRIOS,Classe,17279123.88,AZUMI DISTRIBUIDORA DE TÍTULOS E VALORES MOBILIÁRIOS LTDA.,16,0.0,9565106.84,14413909.729999999,16221160.62,17238323.79,0.0,17238323.79,17238323.79,False,0.5548745316843825,0.8361549478703695,0.940994079100077,1.0,0.3358323193831494,False
2026-06-30,43806680000148,TULIPA FUNDO DE INVESTIMENTO EM DIREITOS CREDITÓRIOS,Classe,11784018.73,SEFER INVESTIMENTOS DISTRIBUIDORA DE TÍTULOS E VALORES MOBILIÁRIOS LTDA.,25,0.0,9558645.08,9876268.400000002,10126959.790000003,10659488.9,0.0,9558645.08,9558645.08,False,1.0,1.0332289061202387,1.0594555719187768,1.1151673496386374,1.000644011632987,True
2026-06-30,62014262000162,ITAÚ CRÉDITO ESTRUTURADO ALPES III UPFRONT FIDC RESPONSABILIDADE LIMITADA,Classe,225442580.95,INTRAG DTVM LTDA.,8,0.0,9503117.51,34843233.519999996,40181034.99999999,40181034.99999999,39457525.78,0.0,39457525.78,False,0.24084423242819963,0.8830567257124148,1.0183364061911535,1.0183364061911535,0.17310614861785276,False
2026-06-30,52259591000110,F18 FUNDO DE INVESTIMENTO EM DIREITOS CREDITÓRIOS,Classe,58386946.58,QI CORRETORA DE TÍTULOS E VALORES MOBILIÁRIOS S.A.,25,0.0,9454804.07,31721452.18,45163816.41,55598660.91,0.0,56522280.86,56522280.86,False,0.16727569953198806,0.5612203134295101,0.7990444780858406,0.9836591882714762,0.08427848678220388,False
2026-06-30,57377642000121,ITAÚNA PRECATÓRIOS FUNDO DE INVESTIMENTO EM DIREITOS CREDITÓRIOS - RESPONSABILIDADE LIMITADA,Classe,39685878.41,BNY MELLON SERVICOS FINANCEIROS DTVM S.A.,20,0.0,9396769.09,28649504.47,33186690.450000003,36447427.75,36447427.75,0.0,36447427.75,False,0.2578170716039076,0.7860501066498444,0.9105358731385372,1.0,0.16043291725277145,False
2026-06-30,33701253000141,TRADIÇÃO FUNDO DE INVESTIMENTO EM DIREITOS CREDITORIOS,Classe,16660977.96,ACTUAL DISTRIBUIDORA DE TITULOS E VALORES MOBILIARIOS S.A.,25,0.0,9385562.52,14532171.179999998,16449880.479999997,17421038.17,0.0,17234295.08,17234295.08,False,0.5445863887343863,0.8432123920672709,0.9544852518563236,1.0108355513894336,0.3334747860145539,False
2026-06-30,39273409000117,MINKE FUNDO DE INVESTIMENTO EM  DIREITOS CREDITÓRIOS,Classe,31458445.26,ID CORRETORA DE TITULOS E VALORES MOBILIARIOS S.A.,9,0.0,9372688.75,23356577.14,26770868.0,26770868.0,25568702.1,0.0,25568702.1,False,0.366568811875672,0.9134830954129658,1.0470170873475817,1.0470170873475817,0.23856959157091187,False
2026-06-30,45019334000145,IUGU I UR - FIDC - UNIDADE DE RECEBÍVEIS  RESPONSABILIDADE LIMITADA,Classe,147341700.76,BEM - DISTRIBUIDORA DE TITULOS E VALORES MOBILIARIOS LTDA.,24,0.0,9371181.54,24127676.2,34123605.83,50208227.89999999,0.0,125395372.71,125395372.71,False,0.07473307297927645,0.1924128114025365,0.27212811041215335,0.4003993673364312,0.012221087445735027,False
2026-06-30,62958931000154,BNVT ITA RENT FUNDO DE  INVESTIMENTOS EM DIREITOS CREDITÓRIOS,Classe,14519644.4,PLANNER CORRETORA DE VALORES S.A.,1,0.0,9369350.74,9369350.74,9369350.74,9369350.74,9369350.74,0.0,9369350.74,False,1.0,1.0,1.0,1.0,1.0,False
2026-06-30,47328080000172,AGROFUTURO FUNDO DE INVESTIMENTO EM DIREITOS CREDITÓRIOS MULTISSEGMENTOS,Classe,19206835.87,FINAXIS CORRETORA DE TÍTULOS E VALORES MOBILIÁRIOS S.A.,25,0.0,9333414.66,14078039.080000002,14732471.270000003,15823168.450000003,17340244.98,0.0,17340244.98,False,0.5382516031789073,0.8118708297511031,0.849611483978008,0.912511240080531,0.34643590634011356,False
2026-06-30,40669872000161,GUATAMBU FUNDO DE INVESTIMENTO EM DIREITOS CREDITÓRIOS NÃO-PADRONIZADO,Classe,14986714.0,WNT CAPITAL DISTRIBUIDORA DE TITULOS E VALORES MOBILIARIOS S.A.,25,0.0,9331043.72,11479332.42,11631643.290000001,11911161.940000005,3060053.33,11615603.54,14675656.87,False,0.6358177901443399,0.7822022906154251,0.7925807609864076,0.8116271759084815,0.4129033131204449,False
2026-06-30,11491061000115,DANIELE II - FUNDO DE INVESTIMENTO EM DIREITOS CREDITÓRIOS MULTISSEGMENTOS,Classe,36955554.83,FINAXIS CORRETORA DE TÍTULOS E VALORES MOBILIÁRIOS S.A.,25,0.0,9322710.21,22248702.0,32034167.66,43324436.79000001,13262734.25,26647442.55,39910176.8,False,0.23359230545929333,0.5574693921175514,0.8026566211553341,1.0855486059886361,0.10152361637913503,True
2026-06-30,49878868000188,AUGE CAPITAL FUNDO DE INVESTIMENTO EM DIREITOS CREDITÓRIOS PADRONIZADO,Classe,7706379.26,PLANNER CORRETORA DE VALORES S.A.,24,0.0,9304461.05,10166837.86,10258219.19,10473219.719999999,5731091.05,0.0,5731091.05,False,1.6235060599848612,1.7739794694066149,1.789924309438427,1.8274390737519342,2.655462764465369,True
2026-06-30,40597272000135,JUS GLOBAL INVESTMENT FUNDO DE INVESTIMENTO EM DIREITOS CREDITÓRIOS,Classe,458317.16,PLANNER CORRETORA DE VALORES S.A.,1,0.0,9300000.0,9300000.0,9300000.0,9300000.0,9300000.0,0.0,9300000.0,False,1.0,1.0,1.0,1.0,1.0,False
2026-06-30,65281804000151,FLEETER AUTO FUNDO DE INVESTIMENTO EM DIREITOS CREDITÓRIOS MERCANTIS - RESPONSABILIDADE LIMITADA,Classe,24121059.53,FIDD DISTRIBUIDORA DE TITULOS E VALORES MOBILIARIOS LTDA.,11,0.0,9298627.13,17564618.69,19703169.819999993,19856540.869999994,0.0,19856540.87,19856540.87,False,0.46829038304696424,0.8845759593775611,0.9922760438988784,0.9999999999999997,0.2724804008899001,False
2026-06-30,37351013000115,CS FUNDO DE INVESTIMENTO EM DIREITOS CREDITORIOS,Classe,227416423.7,ACTUAL DISTRIBUIDORA DE TITULOS E VALORES MOBILIARIOS S.A.,25,0.0,9279075.79,31844987.96,44680847.97,59007467.660000004,0.0,198498540.04,198498540.04,False,0.04674631757054811,0.16042933088365702,0.22509408865675404,0.2972690259994318,0.006817550165173445,False
2026-06-30,63398882000105,ROZAN FUNDO DE INVESTIMENTO EM DIREITOS CREDITÓRIOS,Classe,9433863.0,PLANNER CORRETORA DE VALORES S.A.,1,0.0,9214890.86,9214890.86,9214890.86,9214890.86,9214890.86,0.0,9214890.86,False,1.0,1.0,1.0,1.0,1.0,False
2026-06-30,42866957000165,PATAGONIA FUNDO DE INVESTIMENTO EM DIREITOS CREDITÓRIOS NÃO PADRONIZADOS,Classe,23045346.57,QI CORRETORA DE TÍTULOS E VALORES MOBILIÁRIOS S.A.,7,0.0,9205174.81,22813807.160000004,23013843.35,23013843.35,8890496.31,14123347.0,23013843.310000002,False,0.39998424800259924,0.9913080076497662,1.0000000017380843,1.0000000017380843,0.3376993825563738,False
2026-06-30,23956975000193,FORSETI VCM FUNDO DE INVESTIMENTO EM DIREITOS CREDITÓRIOS - RESPONSABILIDADE LIMITADA,Classe,33684724.14,QI CORRETORA DE TÍTULOS E VALORES MOBILIÁRIOS S.A.,14,0.0,9146420.95,22759646.7,26463069.520000003,27327981.78,27124093.72,0.0,27124093.72,False,0.3372065088853409,0.8390933512819319,0.975629629995247,1.0075168616546133,0.20384321965675584,False
2026-06-30,51596429000124,LC I FUNDO DE INVESTIMENTO EM DIREITOS CREDITÓRIOS,Classe,2954430.14,PLANNER CORRETORA DE VALORES S.A.,1,0.0,9136960.0,9136960.0,9136960.0,9136960.0,4568480.0,0.0,4568480.0,False,2.0,2.0,2.0,2.0,4.0,True
2026-06-30,29970251000180,SOLAR FUNDO DE INVESTIMENTO EM DIREITOS CREDITÓRIOS MULTISSETORIAL,Classe,105681429.08,QI CORRETORA DE TÍTULOS E VALORES MOBILIÁRIOS S.A.,25,0.0,9084717.54,22734123.399999995,34444390.059999995,51101678.55,16887081.69,47778705.23,64665786.92,False,0.14048723401818303,0.3515633920627157,0.5326524534930996,0.7902428932507916,0.0434280608078606,False
2026-06-30,29236389000150,TREVYS FUNDO DE INVESTIMENTO EM DIREITOS CREDITORIOS,Classe,75864101.82,QI CORRETORA DE TÍTULOS E VALORES MOBILIÁRIOS S.A.,25,0.0,9075000.0,33311666.960000005,46344624.19,59686922.51,7970911.01,66512038.09,74482949.10000001,False,0.12183996618898645,0.4472388293228846,0.6222179002039541,0.801350151024028,0.05141364475056117,False
2026-06-30,28152199000192,LD FUNDO DE INVESTIMENTO EM DIREITOS CREDITÓRIOS DE RESPONSABILIDADE LIMITADA,Classe,159964492.3,BANCO DAYCOVAL S.A.,16,0.0,9030003.63,18504877.34,19656246.67,19693681.09,0.0,0.0,0.0,True,,,,,,
2026-06-30,36553528000135,BANCRED FUNDO DE INVESTIMENTO EM DIREITOS CREDITÓRIOS NÃO PADRONIZADOS,Classe,114172215.02,QI CORRETORA DE TÍTULOS E VALORES MOBILIÁRIOS S.A.,25,0.0,8980037.24,28515221.05,41973818.57,64895189.660000004,17873263.31,80624067.47,98497330.78,False,0.09117036135788775,0.2895024750842289,0.42614168564375793,0.6588522668187577,0.025985559834855298,False
2026-06-30,58954368000179,BELLAGIO FUNDO DE INVESTIMENTO EM DIREITOS CREDITÓRIOS NP,Classe,17841418.21,QI CORRETORA DE TÍTULOS E VALORES MOBILIÁRIOS S.A.,2,0.0,8957169.37,15216053.739999998,15216053.739999998,15216053.739999998,15216053.74,0.0,15216053.74,False,0.5886657291734827,0.9999999999999999,0.9999999999999999,0.9999999999999999,0.5157232230597307,False
2026-06-30,45019002000160,WAY ENGELUZ FUNDO DE INVESTIMENTO EM DIREITOS CREDITÓRIOS RESPONSABILIDADE LIMITADA,Classe,56142194.26,ID CORRETORA DE TITULOS E VALORES MOBILIARIOS S.A.,15,0.0,8950357.18,33322493.300000004,45057519.68,49504992.88,46819809.37,2353091.48,49172900.849999994,False,0.18201808364535405,0.677659701257995,0.9163079440329582,1.0067535578389617,0.11077838669911844,False
2026-06-30,63509598000169,LCBANK II FUNDO DE INVESTIMENTO EM DIREITOS CREDITÓRIOS NÃO  PADRONIZADOS - RESP LIMITADA,Classe,16766686.45,ID CORRETORA DE TITULOS E VALORES MOBILIARIOS S.A.,10,0.0,8922752.02,19570338.720000003,19825254.54,19825254.54,19825254.32,0.0,19825254.32,False,0.4500699903253498,0.9871418749093758,1.0000000110969571,1.0000000110969571,0.3525942409749943,False
2026-06-30,59175559000103,SCAN FUNDO DE INVESTIMENTO EM DIREITOS CREDITÓRIOS - RESPONSABILIDADE LIMITADA,Classe,87085409.7,VORTX DISTRIBUIDORA DE TITULOS E VALORES MOBILIARIOS LTDA.,24,0.0,8915166.0,20591408.0,28646428.900000002,40110813.309999995,85775060.63,0.0,85775060.63,False,0.10393657474002302,0.24006287898557443,0.33397153775932,0.46762792139573445,0.01887692214670654,False
2026-06-30,55064095000107,PACKERS FUNDO DE INVESTIMENTO EM DIREITOS CREDITÓRIOS,Classe,58532151.27,BTG PACTUAL SERVIÇOS FINANCEIROS S/A DTVM,1,0.0,8910000.0,8910000.0,8910000.0,8910000.0,5203404.65,0.0,5203404.65,False,1.7123404000494176,1.7123404000494176,1.7123404000494176,1.7123404000494176,2.9321096456413995,True
2026-06-30,37780694000137,SONAR PRECATÓRIOS FUNDO DE INVESTIMENTO EM DIREITOS CREDITÓRIOS,Classe,68609137.68,LIMINE TRUST DISTRIBUIDORA DE TITULOS E VALORES MOBILIARIOS LTDA.,25,0.0,8883778.52,29854687.98,44013780.17,55560900.16,60576885.38,0.0,60576885.38,False,0.14665294302062382,0.49283960033139623,0.7265771406684363,0.9171963829349326,0.06762490468626303,False
2026-06-30,43946448000105,CALÊNDULA FUNDO DE INVESTIMENTO EM DIREITOS CREDITÓRIOS,Classe,241140869.7,TRUSTEE DISTRIBUIDORA DE TITULOS E VALORES MOBILIARIOS LTDA.,2,0.0,8871731.47,244239972.7,244239972.7,244239972.7,244239972.7,0.0,244239972.7,False,0.036323830910745925,1.0,1.0,1.0,0.9299911795625732,False
2026-06-30,59482333000147,ITAÚNA LBZ PRECATÓRIOS FUNDO DE INVESTIMENTO EM DIREITOS CREDITÓRIOS - RESPONSABILIDADE LIMITADA,Classe,39280325.76,BNY MELLON SERVICOS FINANCEIROS DTVM S.A.,25,0.0,8844250.83,24490033.9,29303665.860000003,33348361.710000005,33348361.71,0.0,33348361.71,False,0.2652079555484706,0.7343699253644684,0.8787138065379945,1.0000000000000002,0.1434991025977009,False
2026-06-30,51503629000195,FORESTAY FUNDO DE INVESTIMENTO EM DIREITOS CREDITÓRIOS,Classe,42959968.76,APEX GROUP DISTRIBUIDORA DE TÍTULOS E VALORES MOBILIÁRIOS S.A.,2,0.0,8836995.0,42836995.0,42836995.0,42836995.0,42836995.0,0.0,42836995.0,False,0.20629353202763173,1.0,1.0,1.0,0.6725269786576076,False
2026-06-30,41114564000132,LARCA MULTIPLICA CAPITAL FUNDO DE INVESTIMENTO EM DIREITOS CREDITÓRIOS,Classe,186148756.93,QI CORRETORA DE TÍTULOS E VALORES MOBILIÁRIOS S.A.,25,0.0,8822996.66,39167510.019999996,67870681.51,120502530.07000002,2468668.97,158358318.47,160826987.44,False,0.05486017490249645,0.24353816883259277,0.422010525660817,0.7492680923029545,0.026020717682590972,False
2026-06-30,36643621000130,FUNDO DE INVESTIMENTO EM DIREITOS CREDITÓRIOS TRINDADE - RESPONSABILIDADE LIMITADA,Classe,114092066.15,APEX GROUP DISTRIBUIDORA DE TÍTULOS E VALORES MOBILIÁRIOS S.A.,24,0.0,8822645.76,12912031.39,15161916.06,19192196.5,86343819.18,0.0,86343819.18,False,0.10218039743652672,0.14954204612008684,0.17559932145683899,0.22227643718180035,0.011400241780592884,False
2026-06-30,48213067000130,FUNDO DE  INVESTIMENTO EM DIREITOS CREDITÓRIOS AMOVERI  RESPONSABILIDADE LIMITADA,Classe,111127663.58,LIMINE TRUST DISTRIBUIDORA DE TITULOS E VALORES MOBILIARIOS LTDA.,25,0.0,8816721.44,33063129.88,49714887.84,71772261.44,111161381.7,273959.97,111435341.67,False,0.07911961598421327,0.2967023691452554,0.44613214349199565,0.6440709057324326,0.026498888657014462,False
2026-06-30,19476304000158,LATACHE II DISTRESSED FUNDO DE INVESTIMENTO EM DIREITOS CREDITORIOS NAO PADRONIZADOS,Classe,8495589.36,PLANNER CORRETORA DE VALORES S.A.,4,0.0,8808715.0,26865625.72,26865625.72,26865625.72,26865625.72,0.0,26865625.72,False,0.3278805076720171,1.0,1.0,1.0,0.2841506497648945,False
2026-06-30,57550093000145,UPB FUNDO DE INVESTIMENTO EM DIREITOS CREDITÓRIOS DE CLASSE ÚNICA FECHADA,Classe,14110428.59,QI CORRETORA DE TÍTULOS E VALORES MOBILIÁRIOS S.A.,7,0.0,8784521.55,10605785.89,10636156.47,10636156.47,411927.93,10224228.62,10636156.549999999,False,0.8259112686715768,0.9971445832094302,0.9999999924784863,0.9999999924784863,0.7033137448349562,False
2026-06-30,59090844000113,WINTERFELL FUNDO DE INVESTIMENTO EM DIREITOS CREDITÓRIOS NÃO PADRONIZADOS RESPONSABILIDADE LIMITADA,Classe,13488801.02,ID CORRETORA DE TITULOS E VALORES MOBILIARIOS S.A.,10,0.0,8772933.74,12454288.76,12711800.23,12711800.23,8772933.74,3938866.49,12711800.23,False,0.6901409384404714,0.9797423287543278,1.0,1.0,0.5034976532078038,False
2026-06-30,50555970000121,SIRIUS FUNDO DE INVESTIMENTO EM DIREITOS CREDITÓRIOS,Classe,9297263.66,PLANNER CORRETORA DE VALORES S.A.,1,0.0,8740980.23,8740980.23,8740980.23,8740980.23,8818655.56,0.0,8818655.56,False,0.991191930621225,0.991191930621225,0.991191930621225,0.991191930621225,0.9824614433286313,False
2026-06-30,49460350000120,WCAPITAL FUNDO DE INVESTIMENTO EM DIREITOS CREDITÓRIOS,Classe,59491519.16,LIMINE TRUST DISTRIBUIDORA DE TITULOS E VALORES MOBILIARIOS LTDA.,25,0.0,8737148.52,15583224.449999997,20243815.669999998,29346740.060000002,28816734.25,17111122.2,45927856.45,False,0.19023636623476686,0.3392978826905386,0.44077423234499763,0.6389747383910402,0.04757506768396477,False
2026-06-30,42605322000104,OPHIR FUNDO DE INVESTIMENTO EM  DIREITOS CREDITÓRIOS,Classe,313077894.98,QI CORRETORA DE TÍTULOS E VALORES MOBILIÁRIOS S.A.,25,0.0,8715692.48,37479154.28,62232354.62,112940074.68999998,24990156.87,277214275.19,302204432.06,False,0.028840386028056587,0.12401920787369143,0.2059280011076883,0.37372077543712773,0.00641682014789504,False
2026-06-30,54794448000153,FUJI FUNDO DE INVESTIMENTO EM DIREITOS CREDITÓRIOS,Classe,55599211.4,PLANNER CORRETORA DE VALORES S.A.,1,0.0,8687209.31,8687209.31,8687209.31,8687209.31,8687209.31,0.0,8687209.31,False,1.0,1.0,1.0,1.0,1.0,False
2026-06-30,46082838000172,ENGENHO FUNDO DE  INVESTIMENTO EM DIREITOS CREDITÓRIOS,Classe,17379597.67,HEMERA DISTRIBUIDORA DE TITULOS E VALORES MOBILIARIOS LTDA,2,0.0,8674438.14,15963223.84,15963223.84,15963223.84,15940942.43,0.0,15940942.43,False,0.544160935157458,1.001397747347614,1.001397747347614,1.001397747347614,0.5051766257732553,False
2026-06-30,52680835000133,ATVOS ENERGIA FUNDO DE INVESTIMENTO EM DIREITOS CREDITÓRIOS RESPONSABILIDADE LIMITADA,Classe,51962049.66,BANCO DAYCOVAL S.A.,13,0.0,8658466.81,30086438.090000004,38442679.93,41143948.59,41143948.59,0.0,41143948.59,False,0.2104432633892711,0.7312481937456164,0.9343459062007349,1.0,0.13072080338668682,False
2026-06-30,56977387000195,FUNDO DE INVESTIMENTO EM DIREITOS CREDITÓRIOS MP - RESPONSABILIDADE LIMITADA,Classe,41521730.62,BANCO DAYCOVAL S.A.,8,0.0,8627794.09,15861623.009999998,16450932.03,16450932.03,19077481.26,0.0,19077481.26,False,0.45225016722149824,0.8314317175222321,0.8623220123136947,0.8623220123136947,0.27615675894487235,False
2026-06-30,43164614000111,FUNDO DE RECUPERAÇÃO DE CRÉDITOS E ATIVOS FIDC RESP LIMITADA,Classe,10329436.86,APEX DISTRIBUIDORA DE TÍTULOS E VALORES MOBILIÁRIOS S.A.,5,0.0,8625251.43,9921786.46,9921786.46,9921786.46,9921786.46,0.0,9921786.46,False,0.8693244371639096,1.0,1.0,1.0,0.7678125063562755,False
2026-06-30,48181381000189,WAAS FUNDO DE INVESTIMENTO EM DIREITOS CREDITÓRIOS DE RESPONSABILIDADE LIMITADA,Classe,106557648.88,BANCO DAYCOVAL S.A.,24,0.0,8615068.16,37458497.83,64864404.25,89965346.88,0.0,105775632.02,105775632.02,False,0.08144662428839063,0.35413163802148084,0.6132263453432779,0.850529986556728,0.04415539316830863,False
2026-06-30,29957532000101,FUNDO DE INVESTIMENTO EM DIREITOS CREDITORIOS SABIA CREDIT,Classe,217786533.51,QI CORRETORA DE TÍTULOS E VALORES MOBILIÁRIOS S.A.,25,0.0,8603184.15,31059272.33,53947833.86,104807437.07,46913441.77,165076569.17,211990010.94,False,0.04058296950810092,0.14651290498206906,0.25448290521230726,0.4943979983078725,0.01072974423636907,False
2026-06-30,29970181000160,LINK BANK FUNDO DE INVESTIMENTO EM DIREITOS CREDITORIOS NÃO PADRONIZADOS,Classe,130565440.27,QI CORRETORA DE TÍTULOS E VALORES MOBILIÁRIOS S.A.,25,0.0,8585559.08,25740075.88,39985148.64,57301104.67000001,5967225.4,110614425.02,116581650.42,False,0.07364417169485461,0.2207901139439024,0.3429797785153023,0.4915104946924803,0.0157739658554645,False
2026-06-30,10759034000118,PC FUNDO DE INVESTIMENTO EM DIREITOS CREDITÓRIOS - RESPONSABILIDADE LIMITADA,Classe,3335054.78,BANVOX DISTRIBUIDORA DE TITULOS E VALORES MOBILIARIOS LTDA,6,0.0,8580228.42,21022141.25,22052729.1,22052729.1,1663077.76,0.0,1663077.76,False,5.159246684893435,12.64050410366861,13.260191213187772,13.260191213187772,48.45581726283147,True
2026-06-30,15586793000140,FUNDO DE INVESTIMENTO EM DIREITOS CREDITÓRIOS QW1 - RESPONSABILIDADE ILIMITADA,Classe,197994246.37,APEX GROUP DISTRIBUIDORA DE TÍTULOS E VALORES MOBILIÁRIOS S.A.,24,0.0,8569021.72,18383062.880000003,23904714.39,28567305.319999997,151595464.21,0.0,151595464.21,False,0.05652558118842941,0.12126393738624379,0.15768753052456516,0.18844432759826302,0.004609922786367524,False
2026-06-30,61885788000155,ITAÚ CRÉDITO ESTRUTURADO ADVISORY ALPES III FIDC RESPONSABILIDADE LIMITADA,Classe,201609967.33,INTRAG DTVM LTDA.,8,0.0,8521771.99,31739698.590000004,36561683.260000005,36561683.260000005,35912971.8,0.0,35912971.8,False,0.2372895241713191,0.8837948239638582,1.0180634302171565,1.0180634302171565,0.17182669602036488,False
2026-06-30,61575850000102,LEXEDGE I FUNDO DE INVESTIMENTO EM DIREITOS CREDITÓRIOS - RESPONSABILIDADE LIMITADA,Classe,8405967.09,QI CORRETORA DE TÍTULOS E VALORES MOBILIÁRIOS S.A.,1,0.0,8508215.71,8508215.71,8508215.71,8508215.71,8508215.71,0.0,8508215.71,False,1.0,1.0,1.0,1.0,1.0,False
2026-06-30,51250816000104,SATOSHINOMIKS FUNDO DE INVESTIMENTO EM DIREITOS CREDITÓRIOS,Classe,11569273.13,BANVOX DISTRIBUIDORA DE TITULOS E VALORES MOBILIARIOS LTDA,5,0.0,8500000.0,11254238.61,11254238.61,11254238.61,11253778.3,0.0,11253778.3,False,0.7553018882556092,1.0000409027073156,1.0000409027073156,1.0000409027073156,0.5949033580171735,False
2026-06-30,41649863000171,WALL FUNDO DE INVESTIMENTO  EM DIREITOS CREDITÓRIOS,Classe,33082405.81,LIMINE TRUST DISTRIBUIDORA DE TITULOS E VALORES MOBILIARIOS LTDA.,25,0.0,8483586.74,19428097.58,23911276.09,32649414.350000005,31458953.76,9591968.07,41050921.83,False,0.2066600787951173,0.47326824134316886,0.5824784200710847,0.795339371067176,0.07263084826433801,False
2026-06-30,54969186000110,SX CORPORATE FUNDO DE INVESTIMENTO EM DIREITOS CREDITÓRIOS,Classe,17450689.05,FINVEST DISTRIBUIDORA DE TÍTULOS E VALORES MOBILIÁRIOS LTDA.,8,0.0,8482082.14,17179441.230000004,17807441.230000004,17807441.230000004,12256365.37,5246965.29,17503330.66,False,0.4845981776133572,0.981495554400959,1.017374440094135,1.017374440094135,0.36463077201223754,False
2026-06-30,47280025000150,FIDC AGRO CAPITAL FINANCE RESPONSABILIDADE LIMITADA,Classe,522132133.94,LIMINE TRUST DISTRIBUIDORA DE TITULOS E VALORES MOBILIARIOS LTDA.,25,0.0,8361758.51,37770666.19,69702174.25,132591830.22000001,475111391.85,9734355.36,484845747.21000004,False,0.017246224305600213,0.07790243888359916,0.14376154612285394,0.27347219395650557,0.003223550062627786,False
2026-06-30,57204749000178,MULTIMAX FUNDO DE INVESTIMENTO EM DIREITOS CREDITÓRIOS - RESPONSABILIDADE LIMITADA,Classe,58358965.26,QI CORRETORA DE TÍTULOS E VALORES MOBILIÁRIOS S.A.,25,0.0,8341303.23,25692815.76,36760991.72,42961142.269999996,0.0,47663184.9,47663184.9,False,0.17500515854113644,0.5390494952006449,0.7712659528969077,0.9013485431184436,0.07827566583455477,False
2026-06-30,43722793000165,F2 BANK FUNDO DE INVESTIMENTO EM DIREITOS CREDITÓRIOS,Classe,29648832.84,CATÁLISE DISTRIBUIDORA DE TITULOS E VALORES MOBILIARIOS LTDA.,25,0.0,8322434.62,21803773.63,24230264.020000003,25313244.540000003,115553.08,13270593.44,13386146.52,False,0.6217199705356281,1.628831239626981,1.8101000152506925,1.8910030980297385,0.7982915409993487,True
2026-06-30,17498285000135,RAIZES FUNDO DE INVESTIMENTO EM DIREITOS CREDITORIOS MULTISSETORIAL,Classe,264450503.64,QI CORRETORA DE TÍTULOS E VALORES MOBILIÁRIOS S.A.,25,0.0,8321499.34,33630252.16,58003175.52,105854074.61,63799236.49,179503971.76,243303208.25,False,0.03420217678120157,0.138223628047864,0.23839872863657566,0.43507060745879006,0.008518337850557205,False
2026-06-30,51943508000164,CARMEL FUNDO DE INVESTIMENTO EM DIREITOS CREDITÓRIOS,Classe,8274713.3,PLANNER CORRETORA DE VALORES S.A.,1,0.0,8300000.0,8300000.0,8300000.0,8300000.0,8300000.0,0.0,8300000.0,False,1.0,1.0,1.0,1.0,1.0,False
2026-06-30,47388724000118,3R - FUNDO DE INVESTIMENTO EM DIREITOS CREDITÓRIOS NÃO PADRONIZADOS RESPONSABILIDADE LIMITADA,Fundo,-28327.24,DILLON S/A DTVM,7,0.0,8277671.59,11414510.450000001,11471678.190000001,11471678.190000001,3811542.43,0.03,3811542.46,False,2.171737997639937,2.994722102610396,3.0097206866744446,3.0097206866744446,4.946489817045605,True
2026-06-30,42462558000139,KÉRDOS - FUNDO DE INVESTIMENTO EM DIREITOS CREDITÓRIOS,Classe,92622987.78,CATÁLISE DISTRIBUIDORA DE TITULOS E VALORES MOBILIARIOS LTDA.,25,0.0,8263550.91,28609761.48,39497396.61,56334642.36000001,79192872.05,0.0,79192872.05,False,0.10434715519324318,0.3612668759119717,0.4987493897817285,0.7113600113458697,0.03520283271360705,False
2026-06-30,39769038000169,PHD FUNDO DE INVESTIMENTO EM DIREITOS CREDITÓRIOS,Classe,220380755.93,QI CORRETORA DE TÍTULOS E VALORES MOBILIÁRIOS S.A.,25,0.0,8252939.39,27507597.8,42948343.690000005,73299933.86999999,26999846.6,158084843.07,185084689.67,False,0.044590070657463475,0.14862168150723412,0.2320469822035281,0.3960345612632325,0.00800704325479698,False
2026-06-30,61698214000178,NEO MORIÁ PRECATÓRIOS I - FUNDO DE INVESTIMENTO EM DIREITOS CREDITÓRIOS - RESPONSABILIDADE LIMITADA,Classe,21064098.14,VORTX DISTRIBUIDORA DE TITULOS E VALORES MOBILIARIOS LTDA.,7,0.0,8231625.18,20175054.95,20238951.06,20238951.06,20238951.06,0.0,20238951.06,False,0.40672192721829725,0.9968429139528736,1.0,1.0,0.30827181692864514,False
2026-06-30,62800922000130,LIFT EVENT CAPITAL I FUNDO DE INVESTIMENTO EM DIREITOS CREDITÓRIOS RESPONSABILIDADE LIMITADA,Classe,35483943.78,BANCO DAYCOVAL S.A.,13,0.0,8207345.77,27403430.900000002,32503693.910000004,33724873.52,33724873.52,0.0,33724873.52,False,0.24336179541586014,0.8125584484030409,0.9637899424804129,1.0,0.1622461660013318,False
2026-06-30,61385760000159,TRÍVIA FUNDO DE INVESTIMENTO EM DIREITOS CREDITÓRIOS,Classe,8813482.14,PLANNER CORRETORA DE VALORES S.A.,1,0.0,8158261.46,8158261.46,8158261.46,8158261.46,3949946.7,2375811.69,6325758.390000001,False,1.2896890707834954,1.2896890707834954,1.2896890707834954,1.2896890707834954,1.6632978992983956,True
2026-06-30,54842370000103,BEFIC FUNDO DE INVESTIMENTO EM DIREITOS CREDITÓRIOS DE RESPONSABILIDADE LIMITADA,Classe,14329825.27,CATÁLISE DISTRIBUIDORA DE TITULOS E VALORES MOBILIARIOS LTDA.,3,0.0,8132813.28,10612330.37,10612330.37,10612330.37,10612330.37,0.0,10612330.37,False,0.7663550790871205,1.0,1.0,1.0,0.6241437536630862,False
2026-06-30,46098560000121,AVANTE FUNDO DE INVESTIMENTO EM DIREITOS CREDITÓRIOS NÃO-PADRONIZADOS,Classe,109390014.88,AZUMI DISTRIBUIDORA DE TÍTULOS E VALORES MOBILIÁRIOS LTDA.,25,0.0,8128133.17,24044755.980000004,37936050.980000004,62391804.18,2454005.32,90147082.57,92601087.88999999,False,0.08777578487690488,0.2596595410257227,0.4096717635225183,0.6737696673079551,0.025278754831302572,False
2026-06-30,65794289000103,DUX FUNDO DE INVESTIMENTO EM DIREITOS CREDITÓRIOS RESPONSABILIDADE LIMITADA,Classe,25285112.49,FIDD DISTRIBUIDORA DE TITULOS E VALORES MOBILIARIOS LTDA.,25,0.0,8123793.14,19984557.92,20444986.02,21368268.52,0.0,22093868.65,22093868.65,False,0.36769446169401393,0.9045295885743397,0.9253692209308939,0.9671583034418013,0.2883047453553029,False
2026-06-30,33076242000118,WORKCAP AGRO FUNDO DE INVESTIMENTO EM DIREITOS CREDITORIOS RESPONSABILIDADE LIMITADA,Classe,443208155.43,FINAXIS CORRETORA DE TÍTULOS E VALORES MOBILIÁRIOS S.A.,25,0.0,8118011.17,32041866.9,58652907.18,118358154.81,366518826.61,0.0,366518826.61,False,0.022148960928105595,0.08742215835503217,0.16002699703720957,0.32292517114254765,0.004412306020436931,False
2026-06-30,28702814000197,CREDITISE FUNDO DE INVESTIMENTO EM DIREITOS CREDITÓRIOS - RESPONSABILIDADE LIMITADA,Classe,179682476.82,HEMERA DISTRIBUIDORA DE TITULOS E VALORES MOBILIARIOS LTDA,25,0.0,8110256.42,18667423.099999998,24908766.15,29310730.78999999,0.0,170388070.31,170388070.31,False,0.04759873390927189,0.10955827521279472,0.14618843974628964,0.17202337426952924,0.003810376277610199,False
2026-06-30,61386705000183,PRANA CAPITAL PRIVATE CREDIT FIDC MULTICARTEIRA FINANCEIRO DE RESPLIMITADA,Classe,12385785.06,BANCO DAYCOVAL S.A.,1,0.0,8109436.28,8109436.28,8109436.28,8109436.28,8109436.28,0.0,8109436.28,False,1.0,1.0,1.0,1.0,1.0,False
2026-06-30,63964785000132,NETZER FUNDO DE INVESTIMENTO EM DIREITOS CREDITÓRIOS,Classe,20570945.68,PLANNER CORRETORA DE VALORES S.A.,10,0.0,8060235.82,18407141.87,19083927.79,19083927.79,19083927.79,0.0,19083927.79,False,0.422357279313516,0.9645363403463183,1.0,1.0,0.2606507479509089,False
2026-06-30,61621790000117,CREDIRECOVER FUNDO DE INVESTIMENTO EM DIREITOS CREDITÓRIOS - RESPONSABILIDADE LIMITADA,Classe,19746268.83,HEMERA DISTRIBUIDORA DE TITULOS E VALORES MOBILIARIOS LTDA,25,0.0,8029043.27,12591433.68,15645586.34,20112846.98,19161360.63,0.0,19161360.63,False,0.41902260622501525,0.6571262825817397,0.8165175032249263,1.0496565128318867,0.20282704926341993,False
2026-06-30,63993226000150,OC SAFIRA CAPITAL FUNDO DE INVESTIMENTO EM DIREITOS  CREDITÓRIOS RESPONSABILIDADE LIMITADA,Classe,30321408.53,ID CORRETORA DE TITULOS E VALORES MOBILIARIOS S.A.,24,0.0,8000000.0,20289059.21,23163479.540000003,26930206.250000007,4938933.99,27528464.11,32467398.1,False,0.24640101973554818,0.6249056098523644,0.7134381224099384,0.8294537852110794,0.11616781682066314,False
2026-06-30,18289873000121,FUNDO DE INVEST. EM DIR. CREDITÓRIOS BB VOTORANTIM HIGHLAND INFRAESTRUTURA RESPONSABILIDADE LIMITADA,Classe,8372486.84,BB GESTAO DE RECURSOS DTVM S.A,1,0.0,7995396.69,7995396.69,7995396.69,7995396.69,7995396.69,0.0,7995396.69,False,1.0,1.0,1.0,1.0,1.0,False
2026-06-30,51928470000150,CASHME I FUNDO DE INVESTIMENTO EM DIREITOS CREDITÓRIOS DE RESPONSABILIDADE LIMITADA,Classe,265462187.78,HEMERA DISTRIBUIDORA DE TITULOS E VALORES MOBILIARIOS LTDA,25,0.0,7977381.4,32470836.150000002,54018864.27,91592908.02,271236739.87,0.0,271236739.87,False,0.029411138785340983,0.11971400395670152,0.1991576225842063,0.33768621486860223,0.005523406699381443,False
2026-06-30,54389836000159,SERCARD MULTIESTRATÉGIA FUNDO DE INVESTIMENTO EM DIREITOS CREDITÓRIOS NÃO PADRONIZADO,Classe,7960617.24,QORE DISTRIBUIDORA DE TÍTULOS E VALORES MOBILIÁRIOS LTDA.,25,0.0,7892906.1,7999941.029999999,8109105.759999999,8291117.279999999,0.0,7892906.1,7892906.1,False,1.0,1.0135609024919223,1.0273916422241485,1.0504517822655968,1.0001211741131901,True
2026-06-30,60531763000190,ALPHA AETERNUM FUNDO DE INVESTIMENTO EM DIREITOS CREDITÓRIOS,Classe,12555404.68,LIMINE TRUST DISTRIBUIDORA DE TITULOS E VALORES MOBILIARIOS LTDA.,2,0.0,7872758.16,8712968.92,8712968.92,8712968.92,5445605.55,0.0,5445605.55,False,1.4457084869101473,1.6000000073453724,1.6000000073453724,1.6000000073453724,2.113878902402241,True
2026-06-30,35265609000177,KAPA CAPITAL FUNDO DE INVESTIMENTO EM DIREITOS CREDITÓRIOS,Classe,36546445.97,ACTUAL DISTRIBUIDORA DE TITULOS E VALORES MOBILIARIOS S.A.,25,0.0,7855570.84,20916686.400000002,25281467.630000003,27716966.95,25954904.38,4331142.3,30286046.68,False,0.2593792092775048,0.6906377257158742,0.8347562789267946,0.9151728267097817,0.12461564632697282,False
2026-06-30,57017012000146,MABC FUNDO DE INVESTIMENTO EM DIREITOS CREDITORIOS,Classe,1192769.62,ACTUAL DISTRIBUIDORA DE TITULOS E VALORES MOBILIARIOS S.A.,2,0.0,7843883.56,8746339.65,8746339.65,8746339.65,0.0,980894.93,980894.93,False,7.996660315085938,8.91669370744938,8.91669370744938,8.91669370744938,64.79303763793412,True
2026-06-30,55984759000148,EUCATEX FUNDO DE INVESTIMENTO EM DIREITOS CREDITÓRIOS INDUSTRIAIS DE RESPONSABILIDADE ILIMITADA,Classe,61819545.89,BANCO DAYCOVAL S.A.,24,0.0,7788283.93,25008614.36,36726089.96,46372474.230000004,46372474.23,0.0,46372474.23,False,0.16795057972044725,0.539298684731837,0.791980384265125,1.0000000000000002,0.08032207616223887,False
2026-06-30,14038410000136,G5 MIX FUNDO DE INVESTIMENTO EM DIREITOS CREDITÓRIOS NÃO PADRONIZADOS,Classe,9798564.87,QI CORRETORA DE TÍTULOS E VALORES MOBILIÁRIOS S.A.,1,0.0,7746130.17,7746130.17,7746130.17,7746130.17,7746130.53,0.0,7746130.53,False,0.9999999535251828,0.9999999535251828,0.9999999535251828,0.9999999535251828,0.9999999070503678,False
2026-06-30,40753151000135,JP CAPITAL FUNDO DE INVESTIMENTO EM DIREITOS CREDITÓRIOS - RESPONSABILIDADE LIMITADA,Classe,191042749.24,QI CORRETORA DE TÍTULOS E VALORES MOBILIÁRIOS S.A.,25,0.0,7705344.46,24595910.52,37344318.22,61235264.17999999,317192.09,141057952.82,141375144.91,False,0.05450282271968849,0.1739762002412649,0.2641505212516213,0.4331402398843348,0.010271506295388252,False
2026-06-30,49007595000104,SP CAPITAL FUNDO DE INVESTIMENTO EM DIREITOS CREDITÓRIOS,Classe,186388901.69,QI CORRETORA DE TÍTULOS E VALORES MOBILIÁRIOS S.A.,25,0.0,7703764.39,26020927.919999998,40552986.239999995,60990094.349999994,679141.36,158487653.65,159166795.01000002,False,0.04840057494099817,0.16348213783135593,0.25478295417993535,0.3831835298698334,0.008658487985987801,False
2026-06-30,53030845000196,FUNDO DE INVESTIMENTO EM DIREITOS CREDITÓRIOS COMERCIAIS SKYFALL DE RESPONSABILIDADE LIMITADA,Classe,150394351.63,VORTX DISTRIBUIDORA DE TITULOS E VALORES MOBILIARIOS LTDA.,24,0.0,7688117.88,21275754.810000002,36034261.25,60198261.47,126950141.4,0.0,126950141.4,False,0.06056013640643333,0.16759142270636337,0.28384577482636814,0.47418821913970705,0.01203691168047953,False
2026-06-30,19153705000177,CREDERE FUNDO DE INVESTIMENTO EM DIREITOS CREDITÓRIOS,Classe,104531085.09,QI CORRETORA DE TÍTULOS E VALORES MOBILIÁRIOS S.A.,25,0.0,7658305.15,16967574.1,23417394.960000005,32529840.31,5519360.31,87063960.6,92583320.91,False,0.08271797851628825,0.18326815168462293,0.2529331928238348,0.3513574582361565,0.011120818743924323,False
2026-06-30,49000456000140,P2 INVEST FUNDO DE INVESTIMENTOS EM DIREITOS CREDITÓRIOS,Classe,27063863.04,FIDD DISTRIBUIDORA DE TITULOS E VALORES MOBILIARIOS LTDA.,25,0.0,7643853.85,13718687.870000001,15926629.32,18829083.43,12341.12,23355412.25,23367753.37,False,0.327111200164126,0.5870777413977817,0.681564422040115,0.8057720882219325,0.13059297061225947,False
2026-06-30,19424674000141,MB FUNDO DE INVESTIMENTO EM DIREITOS CREDITORIOS MULTISEGMENTOS,Classe,69700965.6,FINAXIS CORRETORA DE TÍTULOS E VALORES MOBILIÁRIOS S.A.,25,0.0,7622314.39,30518980.159999996,39788400.989999995,52431681.519999996,62788840.7,1388723.1,64177563.800000004,False,0.11876914514477097,0.47553971127835165,0.6199736891539656,0.816978370874215,0.056149287663990875,False
2026-06-30,55569572000188,M7 CORAL FUNDO DE INVESTIMENTO EM DIREITOS CREDITÓRIOS,Classe,39740232.18,QORE DISTRIBUIDORA DE TÍTULOS E VALORES MOBILIÁRIOS LTDA.,25,0.0,7586622.98,18436222.88,22826230.089999996,27946952.2,22607828.54,15227053.82,37834882.36,False,0.20051926969966666,0.48728109432398403,0.6033117764925964,0.7386557181302678,0.07500485410102571,False
2026-06-30,10145630000108,QUATA FUNDO DE INVESTIMENTO EM DIREITOS CREDITORIOS MULTISETORIAL,Classe,234024477.0,APEX GROUP DISTRIBUIDORA DE TÍTULOS E VALORES MOBILIÁRIOS S.A.,24,0.0,7569290.38,18212772.63,26020042.419999998,34357095.06,171870607.61,0.0,171870607.61,False,0.04404063315570424,0.10596793066169574,0.15139320667931394,0.19990093441667098,0.0035354764981293265,False
2026-06-30,34521809000180,SRM EXODUS PME FUNDO DE INVESTIMENTO EM DIREITOS CREDITÓRIOS RESPONSABILIDADE LIMITADA,Classe,506192257.53,QI CORRETORA DE TÍTULOS E VALORES MOBILIÁRIOS S.A.,25,0.0,7567017.81,27264187.37,50080411.32,114277718.38,0.0,447409562.04,447409562.04,False,0.0169129550461496,0.06093787366923214,0.11193415512099097,0.25542082261036514,0.0026695115472755732,False
2026-06-30,50477529000179,SQUALO FLAGSHIP FUNDO DE INVESTIMENTO EM DIREITOS CREDITÓRIOS NÃO PADRONIZADOS,Classe,7234928.23,"MASTER S/A CORRETORA DE CAMBIO, TITULOS E VALORES MOBILIARIOS",1,0.0,7554745.6,7554745.6,7554745.6,7554745.6,7554745.6,0.0,7554745.6,False,1.0,1.0,1.0,1.0,1.0,False
2026-06-30,41820379000163,SL FUNDO DE INVESTIMENTO EM DIREITOS CREDITÓRIOS - RESPONSABILIDADE LIMITADA,Classe,7419185.17,APEX GROUP DISTRIBUIDORA DE TÍTULOS E VALORES MOBILIÁRIOS S.A.,1,0.0,7507000.0,7507000.0,7507000.0,7507000.0,7507000.0,0.0,7507000.0,False,1.0,1.0,1.0,1.0,1.0,False
2026-06-30,58545400000162,AIRA FUNDO DE INVESTIMENTO EM DIREITOS CREDITÓRIOS RESPONSABILIDADE LIMITADA - CRÉDITO CORPORATIVO,Classe,63122841.36,AZUMI DISTRIBUIDORA DE TÍTULOS E VALORES MOBILIÁRIOS LTDA.,25,0.0,7490929.33,24208741.23,37942456.31,55032639.64000001,62069210.09,475350.86,62544560.95,False,0.11976947661345762,0.38706389272367253,0.6066467768529439,0.8798948910041074,0.04941150498697461,False
2026-06-30,53601640000113,ECO MULTI HY FUNDO DE INVESTIMENTO EM DIREITOS CREDITÓRIOS  RESPONSABILIDADE LIMITADA,Classe,196723584.04,BANCO DAYCOVAL S.A.,2,0.0,7473538.91,13712067.629999999,13712067.629999999,13712067.629999999,86993019.81,13712067.63,100705087.44,False,0.07421212870156861,0.13616062483605545,0.13616062483605545,0.13616062483605545,0.009345056219742714,False
2026-06-30,17043211000104,VHY I FUNDO DE INVESTIMENTO EM DIREITOS CREDITÓRIOS MULTISEGMENTOS DE  RESPONSABILIDADE LIMITADA,Classe,8741201.21,BANCO FINAXIS S.A.,2,0.0,7442221.36,7462849.96,7462849.96,7462849.96,7442221.36,0.0,7442221.36,False,1.0,1.0027718337042315,1.0027718337042315,1.0027718337042315,1.0000076830620839,False
2026-06-30,52165424000100,VOLTZ SUPPLY I FUNDO DE INVESTIMENTO EM DIREITOS CREDITÓRIOS RESPONSABILIDADE LIMITADA,Classe,53400755.65,BTG PACTUAL SERVIÇOS FINANCEIROS S/A DTVM,25,0.0,7379037.56,21769233.53,33723829.9,44519710.9,0.0,42454034.99,42454034.99,False,0.17381239643624272,0.5127718374738165,0.7943610049773504,1.0486567627903112,0.08127250667471056,False
2026-06-30,41096982000144,7S FUNDO DE INVESTIMENTO EM DIREITOS CREDITÓRIOS,Classe,221623863.24,QI CORRETORA DE TÍTULOS E VALORES MOBILIÁRIOS S.A.,25,0.0,7369822.41,26048382.970000003,42635279.57,72234952.67999999,84064940.6,117176758.47,201241699.07,False,0.03662174610956986,0.12943829778012023,0.21186105944757366,0.3589462472927828,0.006386233825599382,False
2026-06-30,51030944000142,DIRETA CAPITAL FUNDO DE INVESTIMENTO EM DIREITOS CREDITÓRIOS MULTISETORIAL DE CLASSE  ÚNICA FECHADA,Classe,145818010.18,QI CORRETORA DE TÍTULOS E VALORES MOBILIÁRIOS S.A.,25,0.0,7349119.48,31985747.56,53689575.42999999,92566780.81,47891982.04,82506039.83,130398021.87,False,0.05635913317248545,0.24529319617967912,0.4117361188463862,0.7098787196502431,0.024383778158942822,False
2026-06-30,66247874000156,GREENCAP FUNDO DE INVESTIMENTO EM DIREITOS CREDITÓRIOS,Classe,30033789.47,AZUMI DISTRIBUIDORA DE TÍTULOS E VALORES MOBILIÁRIOS LTDA.,2,0.0,7344672.83,10036285.46,10036285.46,10036285.46,10036285.46,0.0,10036285.46,False,0.7318118699664805,1.0,1.0,1.0,0.607473486114713,False
2026-06-30,58312065000152,SDA FUNDO DE INVESTIMENTO EM DIREITOS CREDITÓRIOS - RESPONSABILIDADE LIMITADA,Classe,11089655.42,LIMINE TRUST DISTRIBUIDORA DE TITULOS E VALORES MOBILIARIOS LTDA.,5,0.0,7327869.4,11004668.82,11004668.82,11004668.82,11004668.82,0.0,11004668.82,False,0.6658873174522303,1.0,1.0,1.0,0.5139807291897206,False
2026-06-30,39809526000152,FEGIK FOZ FUNDO DE  INVESTIMENTO EM DIREITOS CREDITÓRIOS - RESPONSABILIDADE LIMITADA,Classe,78171859.09,BANCO DAYCOVAL S.A.,8,0.0,7299709.55,27328471.729999997,32460853.499999996,32460853.499999996,71647562.96,6122304.43,77769867.38999999,False,0.09386295483048016,0.35140180441549806,0.4173962819971835,0.4173962819971835,0.028968469884684978,False
2026-06-30,33289359000180,NOVA CAPITAL FUNDO DE INVESTIMENTO EM DIREITOS CREDITÓRIOS,Classe,206058388.08,QI CORRETORA DE TÍTULOS E VALORES MOBILIÁRIOS S.A.,25,0.0,7293091.92,17213735.27,24736040.389999997,39026258.699999996,13909581.36,143685596.85,157595178.20999998,False,0.046277379821111984,0.10922755039536944,0.15695937319248773,0.24763612150618222,0.004249332850130784,False
2026-06-30,66572273000119,RIDOLFINVEST 3 FUNDO DE INVESTIMENTO EM DIREITOS CREDITÓRIOS,Classe,10872098.17,APEX GROUP DISTRIBUIDORA DE TÍTULOS E VALORES MOBILIÁRIOS S.A.,1,0.0,7292127.14,7292127.14,7292127.14,7292127.14,7292126.94,0.0,7292126.94,False,1.0000000274268401,1.0000000274268401,1.0000000274268401,1.0000000274268401,1.000000054853681,False
2026-06-30,41387466000179,3G BANK - FUNDO DE INVESTIMENTO EM DIREITOS CREDITORIOS NAO-PADRONIZADOS,Classe,27763941.86,CATÁLISE DISTRIBUIDORA DE TITULOS E VALORES MOBILIARIOS LTDA.,25,0.0,7285549.21,13793986.3,17625942.67,24585079.840000004,27263680.6,0.0,27263680.6,False,0.267225446075685,0.5059473261288133,0.6464990156171357,0.9017520488411239,0.09566102793003077,False
2026-06-30,45121220000101,MAIS TODOS FUNDO DE INVESTIMENTO EM DIREITOS CREDITÓRIOS RESPONSABILIDADE LIMITADA,Classe,142202146.92,BANCO DAYCOVAL S.A.,24,0.0,7240086.73,23329925.270000003,38225484.21,67453936.08000001,133944972.8,0.0,133944972.8,False,0.05405269476451751,0.17417544520192701,0.2853819998685311,0.503594384096213,0.012605727688814681,False
2026-06-30,42031145000108,VÊNETO FUNDO DE INVESTIMENTO EM DIREITOS CREDITÓRIOS,Classe,36712626.38,ID CORRETORA DE TITULOS E VALORES MOBILIARIOS S.A.,25,0.0,7226564.19,15333980.819999998,15821135.649999999,16784007.169999994,35587881.8,0.0,35587881.8,False,0.20306249836988052,0.43087646818024444,0.4445652522651685,0.47162141496153887,0.06032170211174946,False
2026-06-30,45963700000110,TECNOMYL II FUNDO DE INVESTIMENTO EM DIREITOS CREDITÓRIOS AGRONEGÓCIO,Classe,83990025.47,GENIAL INVESTIMENTOS CORRETORA DE VALORES MOBILIÁRIOS S.A.,24,0.0,7209675.71,19139435.86,29619554.35,47781403.07,84267753.64,0.0,84267753.64,False,0.08555675686811864,0.2271264514984643,0.3514933420028924,0.5670188299325835,0.018998925362024032,False
2026-06-30,61832072000190,FICTOR INVEST FUNDO DE INVESTIMENTO EM DIREITOS CREDITÓRIOS,Classe,68713211.46,APEX GROUP DISTRIBUIDORA DE TÍTULOS E VALORES MOBILIÁRIOS S.A.,1,0.0,7203012.51,7203012.51,7203012.51,7203012.51,7203012.51,0.0,7203012.51,False,1.0,1.0,1.0,1.0,1.0,False
2026-06-30,35580989000134,BANFITA FUNDO DE INVESTIMENTO EM DIREITOS CREDITÓRIOS MULTISSETORIAL,Classe,281569395.14,QI CORRETORA DE TÍTULOS E VALORES MOBILIÁRIOS S.A.,25,0.0,7177389.84,27662816.3,48802515.27,99526304.31000002,15485704.22,262150903.29,277636607.51,False,0.02585174161423033,0.09963677538093975,0.17577838782748498,0.3584768781127512,0.00545370656801957,False
2026-06-30,07383363000100,RIVO FUNDO DE INVESTIMENTO EM DIREITOS  CREDITÓRIOS,Classe,116288616.65,HEMERA DISTRIBUIDORA DE TITULOS E VALORES MOBILIARIOS LTDA,25,0.0,7174334.38,26055677.040000003,37112410.54,52093758.01000001,62560282.76,53486814.88,116047097.64,False,0.0618226093189865,0.224526744484637,0.31980472837959034,0.4489018602740474,0.013738156388675976,False
2026-06-30,10545253000102,VISÃO MULTIMERCADO FUNDO DE INVESTIMENTO EM DIREITOS CREDITÓRIOS,Classe,39969902.71,QI CORRETORA DE TÍTULOS E VALORES MOBILIÁRIOS S.A.,25,0.0,7171845.81,17499802.88,21720077.060000002,28359813.759999998,758834.87,37178638.19,37937473.059999995,False,0.18904384587390335,0.4612801398849943,0.5725230308736858,0.7475409264910066,0.06479658236442243,False
2026-06-30,56769153000152,NOVA PROSPER FUNDO DE INVESTIMENTO EM DIREITOS CREDITÓRIOS  RESPONSABILIDADE LIMITADA,Classe,31270435.75,ID CORRETORA DE TITULOS E VALORES MOBILIARIOS S.A.,25,0.0,7171815.97,14718591.61,16409651.469999999,19186865.000000007,313580.43,26406520.45,26720100.88,False,0.26840527295194855,0.5508434147049522,0.6141313441777694,0.7180685838787899,0.0996118304566196,False
2026-06-30,61528551000117,AVGA CAPITAL WM XYZ NEXT ERA SPECIAL OPPORTUNITIES FIDC RESPONSABILIDADE LIMITADA,Classe,32100079.8,ID CORRETORA DE TITULOS E VALORES MOBILIARIOS S.A.,1,0.0,7163616.69,7163616.69,7163616.69,7163616.69,7163616.69,0.0,7163616.69,False,1.0,1.0,1.0,1.0,1.0,False
2026-06-30,53314518000166,ÁGATA FUNDO DE INVESTIMENTO EM DIREITOS CREDITÓRIOS,Classe,7120520.84,TRUSTEE DISTRIBUIDORA DE TITULOS E VALORES MOBILIARIOS LTDA.,1,0.0,7148581.72,7148581.72,7148581.72,7148581.72,7148581.72,0.0,7148581.72,False,1.0,1.0,1.0,1.0,1.0,False
2026-06-30,32287737000123,B4 TRUST FUNDO DE INVESTIMENTO EM DIREITOS CREDITÓRIOS,Classe,124114828.62,LIMINE TRUST DISTRIBUIDORA DE TITULOS E VALORES MOBILIARIOS LTDA.,24,0.0,7131367.9,23550491.69,33407131.259999998,53470188.78999999,4067954.0,117109357.38,121177311.38,False,0.058850685980618433,0.19434736933672345,0.2756880052837495,0.44125577784378134,0.011978280011797335,False
2026-06-30,45207458000154,SOUTO FUNDO DE INVESTIMENTO EM DIREITOS CREDITÓRIOS,Classe,46565462.43,BTG PACTUAL SERVIÇOS FINANCEIROS S/A DTVM,25,0.0,7130502.71,17267383.66,22029230.22,28795396.959999997,34036089.82,0.0,34036089.82,False,0.20949829277421975,0.507325716653077,0.6472315220844014,0.8460254133857494,0.07481467940341305,False
2026-06-30,13004286000125,APOLO - FUNDO DE INVESTIMENTO EM DIREITOS CREDITÓRIOS MULTISEGMENTOS,Classe,79506941.28,HEMERA DISTRIBUIDORA DE TITULOS E VALORES MOBILIARIOS LTDA,1,0.0,7110124.35,7110124.35,7110124.35,7110124.35,7039023.11,0.0,7039023.11,False,1.0101010095987595,1.0101010095987595,1.0101010095987595,1.0101010095987595,1.020304049592433,False
2026-06-30,55174856000175,PONTAL FUNDO DE INVESTIMENTO EM DIREITOS CREDITÓRIOS,Classe,1463537.92,PLANNER CORRETORA DE VALORES S.A.,1,0.0,7059436.59,7059436.59,7059436.59,7059436.59,1165703.64,0.0,1165703.64,False,6.055944536640548,6.055944536640548,6.055944536640548,6.055944536640548,36.67446423086651,True
2026-06-30,24069420000192,RIO CLARO FUNDO DE INVESTIMENTO EM DIREITOS CREDITORIOS,Classe,-31496.6,TRUSTEE DISTRIBUIDORA DE TITULOS E VALORES MOBILIARIOS LTDA.,1,0.0,7014780.72,7014780.72,7014780.72,7014780.72,0.01,0.0,0.01,False,701478072.0,701478072.0,701478072.0,701478072.0,4.9207148549683706e+17,True
2026-06-30,40063188000131,ASA DISTRESSED FUNDO DE INVESTIMENTO EM DIREITOS CREDITÓRIOS NÃO-PADRONIZADOS,Classe,54648251.31,APEX DISTRIBUIDORA DE TÍTULOS E VALORES MOBILIÁRIOS S.A.,24,0.0,7000000.0,24697596.93,32917496.61,42635012.470000006,60042156.58,0.0,60042156.58,False,0.11658475309215817,0.4113376057219562,0.5482397449555434,0.7100846288422907,0.04258777971097109,False
2026-06-30,51982989000117,PARAGUAÇU PRECATÓRIOS I FUNDO DE INVESTIMENTO EM DIREITOS CREDITÓRIOS,Classe,7189778.28,PLANNER CORRETORA DE VALORES S.A.,1,0.0,7000000.0,7000000.0,7000000.0,7000000.0,7000000.0,0.0,7000000.0,False,1.0,1.0,1.0,1.0,1.0,False
2026-06-30,54776077000187,MARANATA FUNDO DE INVESTIMENTO EM DIREITOS CREDITÓRIOS,Classe,15823045.24,QORE DISTRIBUIDORA DE TÍTULOS E VALORES MOBILIÁRIOS LTDA.,4,0.0,6992444.33,13773907.36,13773907.36,13773907.36,13095849.59,678057.77,13773907.36,False,0.5076587309064057,1.0,1.0,1.0,0.4497636615214248,False
2026-06-30,11122821000117,SL FUNDO DE INVESTIMENTO EM DIREITOS CREDITORIOS MULTISSETORIAL,Classe,83273953.59,QI CORRETORA DE TÍTULOS E VALORES MOBILIÁRIOS S.A.,25,0.0,6985666.85,23275197.41,33613887.19,51586407.31999999,1759520.07,80161124.78,81920644.85,False,0.08527358229163158,0.284118825634464,0.4103225414246724,0.6297119293244918,0.02514452875825762,False
2026-06-30,23884799000121,FP GENIAL 2 RECUPERAÇÃO DE CRÉDITO FUNDO DE INVESTIMENTO EM DIREITOS CREDITÓRIOS NÃO PADRONIZADOS,Classe,13412702.85,QI CORRETORA DE TÍTULOS E VALORES MOBILIÁRIOS S.A.,1,0.0,6980778.2,6980778.2,6980778.2,6980778.2,6980780.2,0.0,6980780.2,False,0.9999997134990728,0.9999997134990728,0.9999997134990728,0.9999997134990728,0.9999994269982277,False
2026-06-30,60490269000125,L3R1 FUNDO DE INVESTIMENTO EM DIREITOS CREDITÓRIOS MULTISSEGMENTOS,Classe,12152926.55,FINAXIS CORRETORA DE TÍTULOS E VALORES MOBILIÁRIOS S.A.,25,0.0,6924739.24,11497086.940000001,12294629.96,12563667.89,0.0,12147051.01,12147051.01,False,0.5700757520734244,0.9464920276151867,1.0121493644736081,1.0342977797374049,0.37700530182949643,False
2026-06-30,53314685000107,BACCO CLAIMS FUNDO DE INVESTIMENTO EM DIREITOS CREDITÓRIOS NÃO PADRONIZADOS,Classe,8852771.16,PLANNER CORRETORA DE VALORES S.A.,6,0.0,6920050.35,8958602.07,9077642.82,9077642.82,9077642.82,0.0,9077642.82,False,0.7623179813545472,0.9868863809294492,1.0,1.0,0.5970405064985785,False
2026-06-30,42518113000123,SÃO CARLOS FUNDO DE INVESTIMENTO EM DIREITOS CREDITÓRIOS,Classe,8381408.21,PLANNER CORRETORA DE VALORES S.A.,1,0.0,6907992.51,6907992.51,6907992.51,6907992.51,6907992.51,0.0,6907992.51,False,1.0,1.0,1.0,1.0,1.0,False
2026-06-30,22175369000178,CONFIANÇA FUNDO DE INVESTIMENTO EM DIREITOS CREDITÓRIOS,Classe,202437121.53,QI CORRETORA DE TÍTULOS E VALORES MOBILIÁRIOS S.A.,25,0.0,6901369.69,24350280.43,39216965.199999996,70640617.17,18196301.79,162412736.72,180609038.51,False,0.038211651791822614,0.13482315520245555,0.2171373344519999,0.39112448498023955,0.0072600488664836,False
2026-06-30,58739374000103,SAGEL BANK FUNDO DE INVESTIMENTO DIREITOS CREDITÓRIOS DE RESPONSABILIDADE LIMITADA,Classe,83047786.58,CATÁLISE DISTRIBUIDORA DE TITULOS E VALORES MOBILIARIOS LTDA.,25,0.0,6899718.97,25048006.19,39469760.74,58022304.72,82756045.89,0.0,82756045.89,False,0.08337419817243517,0.3026728249352804,0.4769411142777837,0.7011246622044233,0.029049299818073762,False
2026-06-30,59061264000106,ATIVOS ESPECIAIS IV B FUNDO DE INVESTIMENTO EM DIREITOS CREDITÓRIOS,Classe,75076876.37,BANCO DAYCOVAL S.A.,13,0.0,6884387.0,23278518.39,33549071.93,34166926.9,34166926.9,0.0,34166926.9,False,0.20149271897204193,0.6813173001520368,0.9819165776363692,1.0,0.12419996467951372,False
2026-06-30,55331747000114,QUATTRINI FUNDO DE INVESTIMENTO EM DIREITOS CREDITÓRIOS,Classe,7927538.83,PLANNER CORRETORA DE VALORES S.A.,1,0.0,6881087.86,6881087.86,6881087.86,6881087.86,6986768.16,0.0,6986768.16,False,0.9848742225904917,0.9848742225904917,0.9848742225904917,0.9848742225904917,0.9699772343232254,False
2026-06-30,08930397000122,FUNDO DE INVESTIMENTO EM DIREITOS CREDITORIOS MULTISETORIAL PROSPECTA LP,Classe,56323566.24,QI CORRETORA DE TÍTULOS E VALORES MOBILIÁRIOS S.A.,25,0.0,6848825.23,18535021.54,29493374.28,39821077.190000005,9428264.88,42271383.76,51699648.64,False,0.13247334189232896,0.3585134914371441,0.5704753331182407,0.7702388359984027,0.04287983862206849,False
2026-06-30,66592945000158,MONTESEGURO II FUNDO DE INVESTIMENTO EM DIREITOS CREDITÓRIOS RESPONSABILIDADE LIMITADA,Classe,15201187.89,VORTX DISTRIBUIDORA DE TITULOS E VALORES MOBILIARIOS LTDA.,2,0.0,6848788.36,7155189.45,7155189.45,7155189.45,6798861.01,0.0,6798861.01,False,1.0073434873762774,1.0524100197777098,1.0524100197777098,1.0524100197777098,1.0167718939020898,True
2026-06-30,46323053000144,CONLIFE FUNDO DE INVESTIMENTO EM DIREITOS CREDITÓRIOS DE RESPONSABILIDADE LIMITADA,Classe,18298126.3,BANCO DAYCOVAL S.A.,24,0.0,6845722.94,7397281.92,7855800.9399999995,8552502.440000001,11874431.86,0.0,11874431.86,False,0.5765095139465477,0.6229588082372474,0.6615727836598997,0.7202451907454882,0.333472295716803,False
2026-06-30,41391208000166,FOUR EVEN FUNDO DE INVESTIMENTO EM DIREITOS CREDITÓRIOS NÃO PADRONIZADOS,Classe,37234320.23,QI CORRETORA DE TÍTULOS E VALORES MOBILIÁRIOS S.A.,2,0.0,6827034.88,8447034.879999999,8447034.879999999,8447034.879999999,59793284.88,0.0,59793284.88,False,0.11417728418335393,0.14127062757887401,0.14127062757887401,0.14127062757887401,0.013770501479833934,False
2026-06-30,58038938000180,TIVIO ALT CREDITO HIGH YIELD 180 FI EM DIREITOS CREDITÓRIOS - RESPONSABILIDADE LIMITADA,Classe,145438042.93,BNY MELLON SERVICOS FINANCEIROS DTVM S.A.,3,0.0,6824036.48,15875270.59,15875270.59,15875270.59,15875270.59,0.0,15875270.59,False,0.42985323880391263,1.0,1.0,1.0,0.34961776481595785,False
2026-06-30,35654917000194,MS OPEN FUNDO DE INVESTIMENTO EM DIREITOS CREDITÓRIOS,Classe,93179677.67,QI CORRETORA DE TÍTULOS E VALORES MOBILIÁRIOS S.A.,25,0.0,6812903.75,22804580.07,31204160.650000002,39858220.470000006,23267533.55,46884078.09,70151611.64,False,0.09711685292366577,0.32507564027220404,0.44481031754668326,0.56817255567188,0.026800838547202412,False
2026-06-30,62194613000164,ENGENIUM FUNDO DE INVESTIMENTO EM DIREITOS CREDITÓRIOS DE RESPONSABILIDADE LIMITADA,Classe,9254177.64,CATÁLISE DISTRIBUIDORA DE TITULOS E VALORES MOBILIARIOS LTDA.,1,0.0,6812213.69,6812213.69,6812213.69,6812213.69,6812213.69,0.0,6812213.69,False,1.0,1.0,1.0,1.0,1.0,False
2026-06-30,28492719000106,VINCI ENERGIA SUSTENTÁVEL FIDC - IS RESPONSABILIDADE LIMITADA,Classe,479422659.48,APEX GROUP DISTRIBUIDORA DE TÍTULOS E VALORES MOBILIÁRIOS S.A.,21,0.0,6808984.61,99015871.62,212059509.77999997,451994453.5100001,451994453.51,0.0,451994453.51,False,0.015064310097445383,0.21906435101378818,0.46916396458680953,1.0000000000000002,0.06642337556285245,False
2026-06-30,51144449000164,LBA FUNDO DE INVESTIMENTO EM DIREITOS CREDITÓRIOS,Classe,210511168.36,QI CORRETORA DE TÍTULOS E VALORES MOBILIÁRIOS S.A.,25,0.0,6807683.37,26018358.669999998,45029574.93000001,85337068.47,181365658.92,13627273.21,194992932.13,False,0.03491246218843143,0.13343231667829786,0.23092926722071755,0.43764185469607975,0.008467596710564074,False
2026-06-30,23274015000143,KREDITARE FUNDO DE INVESTIMENTO EM DIREITOS CREDITÓRIOS,Classe,89269292.35,QI CORRETORA DE TÍTULOS E VALORES MOBILIÁRIOS S.A.,25,0.0,6802917.81,17143257.419999998,23006474.500000004,33326892.7,3907796.13,75723625.99,79631422.11999999,False,0.08543006804209012,0.21528257267798245,0.28891201346788165,0.41851434788867997,0.014121805868634285,False
2026-06-30,24814759000176,FUNDO DE INVESTIMENTO EM DIREITOS CREDITÓRIOS MAIS LOTES - RESPONSABILIDADE LIMITADA,Classe,1597331.54,PLANNER CORRETORA DE VALORES S.A.,1,0.0,6794306.87,6794306.87,6794306.87,6794306.87,0.0,0.0,0.0,True,,,,,,
2026-06-30,62792509000171,ERETEZ FUNDO DE INVESTIMENTO EM DIREITOS CREDITÓRIOS - RESPONSABILIDADE LIMITADA,Classe,33364253.9,HEMERA DISTRIBUIDORA DE TITULOS E VALORES MOBILIARIOS LTDA,7,0.0,6793796.0,30163149.89,33786684.62,33786684.62,33350699.5,0.0,33350699.5,False,0.20370775131718002,0.9044233057240674,1.0130727428970416,1.0130727428970416,0.17326703565293616,False
2026-06-30,61263184000177,VB II FUNDO DE INVESTIMENTO EM DIREITOS CREDITÓRIOS FINANCEIROS,Classe,6811058.49,FINVEST DISTRIBUIDORA DE TÍTULOS E VALORES MOBILIÁRIOS LTDA.,13,0.0,6793758.55,6816654.8,6829170.399999999,6834823.489999999,6834823.49,0.0,6834823.49,False,0.9939918068023144,0.9973417470068419,0.9991728989039333,0.9999999999999999,0.9880242521413206,False
2026-06-30,62122004000108,NTZ IMPULSE FUNDO DE INVESTIMENTO EM DIREITOS CREDITÓRIOS - RESPONSABILIDADE LIMITADA,Classe,20987076.22,VORTX DISTRIBUIDORA DE TITULOS E VALORES MOBILIARIOS LTDA.,21,0.0,6775002.24,14321928.05,17911672.740000002,20478357.540000003,14663216.94,5800249.45,20463466.39,False,0.33107793718227424,0.6998779081240498,0.875300029752193,1.0007276944050534,0.15534298754815398,False
2026-06-30,59813000000153,AGRO30 FUNDO DE INVESTIMENTO EM DIREITOS CREDITÓRIOS - RESPONSABILIDADE LIMITADA,Classe,21642138.55,BANCO DAYCOVAL S.A.,4,0.0,6772987.67,21304468.080000002,21304468.080000002,21304468.080000002,21304468.08,0.0,21304468.08,False,0.3179139532874928,1.0000000000000002,1.0000000000000002,1.0000000000000002,0.2705423296217102,False
2026-06-30,26861630000144,WELLINGTON FUNDO DE INVESTIMENTO EM DIREITOS CREDITÓRIOS - RESPONSABILIDADE LIMITADA,Classe,9514464.38,APEX GROUP DISTRIBUIDORA DE TÍTULOS E VALORES MOBILIÁRIOS S.A.,1,0.0,6714477.39,6714477.39,6714477.39,6714477.39,6714477.39,0.0,6714477.39,False,1.0,1.0,1.0,1.0,1.0,False
2026-06-30,44002535000177,BEX FUNDO DE INVESTIMENTO EM DIREITOS  CREDITÓRIOS - RESPONSABILIDADE LIMITADA,Classe,246712950.77,QI CORRETORA DE TÍTULOS E VALORES MOBILIÁRIOS S.A.,25,0.0,6699143.57,26546704.230000004,42293041.95,74999374.10999998,10906582.26,227488722.98,238395305.23999998,False,0.028100987824637585,0.11135581803204811,0.17740719309645078,0.3146008854263962,0.004698887885738652,False
2026-06-30,34475959000103,PACIFIC FUNDO DE INVESTIMENTO EM DIREITOS CREDITÓRIOS - RESPONSABILIDADE LIMITADA,Classe,163518121.08,VORTX DISTRIBUIDORA DE TITULOS E VALORES MOBILIARIOS LTDA.,24,0.0,6672469.18,25348266.18,38950948.989999995,65307578.17999999,157527029.76,0.0,157527029.76,False,0.0423576143736464,0.16091375695091378,0.24726517759741704,0.4145801408145588,0.008966126601314498,False
2026-06-30,59699204000105,LINK CAPITAL FUNDO DE INVESTIMENTO EM DIREITOS CREDITÓRIOS DE RESPONSABILIDADE LIMITADA,Classe,70713081.2,CATÁLISE DISTRIBUIDORA DE TITULOS E VALORES MOBILIARIOS LTDA.,25,0.0,6628285.54,22953795.77,34785150.66,56198782.56999999,71776832.82,0.0,71776832.82,False,0.09234575112309895,0.3197939344518434,0.4846292221785999,0.782965482900782,0.03476575184637279,False
2026-06-30,08927488000109,FIDC TRENDBANK BANCO DE FOMENTO - MULTISETORIAL,Classe,0.0,BANCO GENIAL S.A.,1,0.0,6618574.25,6618574.25,6618574.25,6618574.25,0.0,0.0,0.0,True,,,,,,
2026-06-30,13767420000140,FUNDO DE INVESTIMENTO EM DIREITOS CREDI VAREJO BR,Classe,159397497.94,QI CORRETORA DE TÍTULOS E VALORES MOBILIÁRIOS S.A.,25,0.0,6578967.4,12885641.330000002,13357725.290000001,14039759.429999998,157808727.38,0.0,157808727.38,False,0.04168950291423357,0.08165354061167769,0.08464503523835465,0.0889669390476267,0.002641213867672616,False
2026-06-30,38051251000178,FUNDO DE INVESTIMENTO EM DIREITOS CREDITÓRIOS IS SOLAR KOMPASS ENERGIA,Classe,45802597.08,BANCO DAYCOVAL S.A.,24,0.0,6549562.03,15957543.2,23572251.55,36044009.38,0.0,44884819.35,44884819.35,False,0.14591931358636515,0.355522054696651,0.525172026786825,0.8030334064383396,0.04434792008395545,False
2026-06-30,39863075000131,FINANZA PRIME FUNDO DE INVESTIMENTO EM DIREITOS CREDITORIOS,Classe,2490337.59,QI CORRETORA DE TÍTULOS E VALORES MOBILIÁRIOS S.A.,25,0.0,6528423.06,13710358.599999998,16796192.07,21168945.759999998,210901.56,2274960.41,2485861.97,False,2.6262210608580165,5.515333822014259,6.7566873272533305,8.515736599808072,10.384239375605011,True
2026-06-30,46405748000175,CARBON CORP FUNDO DE INVESTIMENTO EM DIREITOS CREDITÓRIOS DE RESPONSABILIDADE LIMITADA,Classe,859207.15,BANCO DAYCOVAL S.A.,1,0.0,6522655.03,6522655.03,6522655.03,6522655.03,0.0,0.0,0.0,True,,,,,,
2026-06-30,26560778000149,MASSAU FUNDO DE INVESTIMENTO EM DIREITOS CREDITORIOS,Classe,6491660.08,SEFER INVESTIMENTOS DISTRIBUIDORA DE TÍTULOS E VALORES MOBILIÁRIOS LTDA.,25,0.0,6519563.95,8721393.700000001,10108692.0,10984162.659999998,824976.61,5369716.93,6194693.54,False,1.0524433384641656,1.4078813816510447,1.6318308459856434,1.7731567492521991,1.1543633240416005,True
2026-06-30,35705695000191,PRECATO I FUNDO DE INVESTIMENTO EM DIREITOS CREDITORIOS DE RESPONSABILIDADE LIMITADA,Classe,110353430.17,VORTX DISTRIBUIDORA DE TITULOS E VALORES MOBILIARIOS LTDA.,6,0.0,6496478.41,12701824.31,12701825.31,12701825.31,16945775.29,0.0,16945775.29,False,0.3833686154113991,0.7495569894341495,0.749557048445908,0.749557048445908,0.23309057834174549,False
2026-06-30,58731626000158,AUGME VINTAGE II FUNDO DE INVESTIMENTO EM DIREITOS  CREDITÓRIOS DE RESPONSABILIDADE LIMITADA,Classe,43314721.06,BANCO DAYCOVAL S.A.,11,0.0,6488130.36,22979230.86,32523912.379999995,32568035.39,30086553.1,0.0,30086553.1,False,0.2156488428047944,0.7637708043065923,1.0810115825464897,1.082478118438898,0.14638629561252262,True
2026-06-30,32202903000141,DCASH FUNDO DE INVESTIMENTO EM DIREITOS CREDITÓRIOS,Classe,176190282.59,QI CORRETORA DE TÍTULOS E VALORES MOBILIÁRIOS S.A.,25,0.0,6430703.88,15200012.59,22651402.0,32375144.299999997,6614888.92,138653140.41,145268029.32999998,False,0.04426785377112544,0.10463425889443778,0.15592833539817388,0.22286489635275897,0.0037392164583783588,False
2026-06-30,20997814000150,SPECIAL SITUATIONS FUNDO DE INVESTIMENTO EM DIREITOS CREDITÓRIOS,Classe,17512502.97,BNY MELLON SERVICOS FINANCEIROS DTVM S.A.,3,0.0,6400000.0,9095862.52,9095862.52,9095862.52,7900000.0,0.0,7900000.0,False,0.810126582278481,1.1513750025316456,1.1513750025316456,1.1513750025316456,0.7152713854629186,True
2026-06-30,48213253000170,INVESTMAX FUNDO DE INVESTIMENTO EM DIREITOS CREDITÓRIOS,Classe,13526069.24,AZUMI DISTRIBUIDORA DE TÍTULOS E VALORES MOBILIÁRIOS LTDA.,13,0.0,6332073.38,13735982.5,13956718.68,13959437.95,13684459.07,0.0,13684459.07,False,0.462720035012681,1.003765105345885,1.0198955332181792,1.0200942454936217,0.35855724642026643,False
2026-06-30,62114622000106,SÉCULO FUNDO DE INVESTIMENTO EM DIREITOS CREDITÓRIOS - RESPONSABILIDADE LIMITADA,Classe,16263885.63,HEMERA DISTRIBUIDORA DE TITULOS E VALORES MOBILIARIOS LTDA,5,0.0,6314808.3,14828162.09,14828162.09,14828162.09,1009060.71,13819101.38,14828162.09,False,0.42586588018609933,1.0,1.0,1.0,0.2885139172373117,False
2026-06-30,58159938000139,MDR I FUNDO DE INVESTIMENTO EM DIREITOS CREDITÓRIOS  RESPONSABILIDADE LIMITADA,Classe,39256752.13,ID CORRETORA DE TITULOS E VALORES MOBILIARIOS S.A.,18,0.0,6301052.8,26497654.44,36981158.800000004,39959580.660000004,38879119.61,0.0,38879119.61,False,0.16206778505291364,0.6815394665774429,0.9511830301447509,1.0277902653362063,0.11271072838197732,False
2026-06-30,19425700000156,RDF FUNDO DE INVESTIMENTO EM DIREITOS CREDITÓRIOS DE RESPONSABILIDADE LIMITADA,Classe,232999620.24,QI CORRETORA DE TÍTULOS E VALORES MOBILIÁRIOS S.A.,25,0.0,6296767.79,24275236.810000002,37198990.4,62397139.89,19581441.86,206085259.36,225666701.22000003,False,0.027902954915184183,0.10757119539020663,0.16484040489312202,0.2765013161120732,0.003989337733501555,False
2026-06-30,52910525000168,KMRBANK  FUNDO  DE  INVESTIMENTO  EM  DIREITOS  CREDITÓRIOS  RESPONSABILIDADE  LIMITADA,Classe,65795088.41,ID CORRETORA DE TITULOS E VALORES MOBILIARIOS S.A.,25,0.0,6263742.63,18901590.659999996,25719829.419999994,36827583.970000006,65377385.01,0.0,65377385.01,False,0.09580901146538531,0.28911512225686065,0.3934056006685789,0.5633076936981638,0.0232503711438325,False
2026-06-30,63637082000108,KIJANI DESENVOLVE SP FUNDO DE INVESTIMENTO EM DIREITOS CREDITÓRIOS DE RESPONSABILIDADE LIMITADA,Classe,64290094.55,BANCO DAYCOVAL S.A.,1,0.0,6254002.02,6254002.02,6254002.02,6254002.02,6254002.02,0.0,6254002.02,False,1.0,1.0,1.0,1.0,1.0,False
2026-06-30,63866828000147,SPORTSWISE FUNDO DE  INVESTIMENTO EM DIREITOS CREDITÓRIOS MULTICARTEIRA DE  RESPONSABILIDADE LIMITAD,Classe,6414715.85,GENIAL INVESTIMENTOS CORRETORA DE VALORES MOBILIÁRIOS S.A.,1,0.0,6200138.77,6200138.77,6200138.77,6200138.77,0.0,0.0,0.0,True,,,,,,
2026-06-30,50041351000119,FIDC RECUPERADOS QUESTÕES GLOBAIS RESPONSABILIDADE LIMITADA,Classe,6473024.97,BANCO DAYCOVAL S.A.,1,0.0,6179883.48,6179883.48,6179883.48,6179883.48,6179883.48,0.0,6179883.48,False,1.0,1.0,1.0,1.0,1.0,False
2026-06-30,52997521000169,UKF FUNDO DE INVESTIMENTO EM DIREITOS CREDITÓRIOS,Classe,12593432.56,CATÁLISE DISTRIBUIDORA DE TITULOS E VALORES MOBILIARIOS LTDA.,2,0.0,6153806.13,11095952.43,11095952.43,11095952.43,11095952.43,0.0,11095952.43,False,0.5545991809916222,1.0,1.0,1.0,0.5059621411299119,False
2026-06-30,42700668000191,GRAND - FUNDO DE INVESTIMENTO EM DIREITOS CREDITÓRIOS NÃO PADRONIZADOS RESPONSABILIDADE LIMITADA,Fundo,67257035.5,DILLON S/A DTVM,1,0.0,6129237.63,6129237.63,6129237.63,6129237.63,67620350.87,0.0,67620350.87,False,0.09064190811111654,0.09064190811111654,0.09064190811111654,0.09064190811111654,0.008215955506024095,False
2026-06-30,51269820000114,ALGARVE MORPHEUS FUNDO DE INVESTIMENTO EM DE RESPONSABILIDADE LIMITADA,Classe,6013509.7,BANCO DAYCOVAL S.A.,1,0.0,6112900.0,6112900.0,6112900.0,6112900.0,6112900.0,0.0,6112900.0,False,1.0,1.0,1.0,1.0,1.0,False
2026-06-30,60675473000110,AUDIMAIS FUNDO DE INVESTIMENTO EM DIREITOS CREDITÓRIOS  RESPONSABILIDADE LIMITADA,Classe,7779727.48,ID CORRETORA DE TITULOS E VALORES MOBILIARIOS S.A.,3,0.0,6111148.8,7938708.0,7938708.0,7938708.0,0.0,7824278.42,7824278.42,False,0.7810495066713129,1.0146249371325413,1.0146249371325413,1.0146249371325413,0.6390530494319897,False
2026-06-30,56823795000192,RHB CRED FUNDO DE INVESTIMENTO EM DIREITOS CREDITÓRIOS DE RESPONSABILIDADE LIMITADA,Classe,23583006.85,CATÁLISE DISTRIBUIDORA DE TITULOS E VALORES MOBILIARIOS LTDA.,25,0.0,6061085.09,8077377.069999999,9776506.010000002,12616839.879999999,23493705.43,0.0,23493705.43,False,0.2579876174943596,0.34381026416061605,0.41613299524544184,0.5370306492346277,0.07063398316620037,False
2026-06-30,64989111000155,ITAÚ APALACHES SPECIALE PRIVATE MARKETS FIDC RESPONSABILIDADE LIMITADA,Classe,166420145.28,INTRAG DTVM LTDA.,6,0.0,6056199.9,19776563.65,21350684.57,21350684.57,21350684.57,0.0,21350684.57,False,0.2836536636633005,0.9262730468974372,1.0,1.0,0.2119829410440502,False
2026-06-30,40211684000195,CREDINOV FUNDO DE INVESTIMENTO EM DIREITOS CREDITÓRIOS NÃO-PADRONIZADOS RESPONSABILIDADE LIMITADA,Classe,9445782.23,ID CORRETORA DE TITULOS E VALORES MOBILIARIOS S.A.,8,0.0,6012924.94,11186391.07,11598306.370000001,11598306.370000001,2095264.76,6678691.56,8773956.32,False,0.6853151213317187,1.2749540414853582,1.3219015398517509,1.3219015398517509,0.5725313104988752,True
2026-06-30,23773276000108,URBANO FUNDO DE INVESTIMENTO EM DIREITOS CREDITÓRIOS MULTISETORIAL,Classe,160242652.43,LIMINE TRUST DISTRIBUIDORA DE TITULOS E VALORES MOBILIARIOS LTDA.,25,0.0,5984831.57,19425053.46,28558619.28,41645776.449999996,49093639.01,4545538.34,53639177.349999994,False,0.11157575238241421,0.36214301597598986,0.5324209037296133,0.7764059500439001,0.0391931903609933,False
2026-06-30,11693671000100,R&G FUNDO DE INVESTIMENTO EM DIREITOS CREDITÓRIOS MULTISEGMENTOS,Classe,286591423.05,FINAXIS CORRETORA DE TÍTULOS E VALORES MOBILIÁRIOS S.A.,25,0.0,5969856.31,23495424.48,38653226.04,72123457.58999999,0.0,257256315.2,257256315.2,False,0.023205868844692213,0.09133079769775075,0.15025180629657095,0.2803564123738953,0.0035589801561533006,False
2026-06-30,66619014000104,GUARAPARI FUNDO DE INVESTIMENTO EM DIREITOS CREDITÓRIOS RESPONSABILIDADE ILIMITADA,Classe,15357591.64,PLANNER CORRETORA DE VALORES S.A.,2,0.0,5960558.55,8448848.57,8448848.57,8448848.57,8448848.57,0.0,8448848.57,False,0.7054876768847095,1.0,1.0,1.0,0.5844503707029496,False
2026-06-30,62667208000116,FUNDO DE INVESTIMENTO EM DIREITOS CREDITÓRIOS ATIVOS SELECIONADOS 2 - RESPONSABILIDADE LIMITADA,Classe,5991509.86,BNY MELLON SERVICOS FINANCEIROS DTVM S.A.,1,0.0,5956932.21,5956932.21,5956932.21,5956932.21,5956932.21,0.0,5956932.21,False,1.0,1.0,1.0,1.0,1.0,False
2026-06-30,26459235000130,LATACHE III FUNDO DE INVESTIMENTO EM DIREITOS CREDITÓRIOS NÃO PADRONIZADOS,Classe,5116459.21,PLANNER CORRETORA DE VALORES S.A.,1,0.0,5952719.94,5952719.94,5952719.94,5952719.94,5952719.94,0.0,5952719.94,False,1.0,1.0,1.0,1.0,1.0,False
2026-06-30,49141366000170,VALE M CAPITAL FUNDO DE INVESTIMENTO EM DIREITOS CREDITÓRIOS,Classe,27913352.09,AZUMI DISTRIBUIDORA DE TÍTULOS E VALORES MOBILIÁRIOS LTDA.,25,0.0,5941375.1,14335743.120000001,18874657.15,24965593.11,0.0,28178763.01,28178763.01,False,0.21084584507458828,0.5087428115603432,0.669818513442262,0.8859719321653785,0.07756829500164024,False
2026-06-30,52049112000130,KATETO INVESTIMENTO PRECATÓRIOS FUNDO DE INVESTIMENTO EM DIREITOS CREDITÓRIOS,Classe,144620111.37,BTG PACTUAL SERVIÇOS FINANCEIROS S/A DTVM,25,0.0,5920443.95,24157635.619999997,39241970.089999996,69012327.16000001,136966058.33,0.0,136966058.33,False,0.04322562846727722,0.17637680396551714,0.28650872025134955,0.5038644464289448,0.012061070524918305,False
2026-06-30,11198684000102,PRASS FUNDO DE INVESTIMENTO EM DIREITOS CREDITÓRIOS II,Classe,233824430.93,APEX GROUP DISTRIBUIDORA DE TÍTULOS E VALORES MOBILIÁRIOS S.A.,24,0.0,5915698.39,17744035.049999997,24996838.060000002,31767973.810000002,194997954.84,0.0,194997954.84,False,0.030337232997412495,0.09099600590457145,0.12819025758762673,0.1629143948513014,0.0022598404002842176,False
2026-06-30,32948668000151,G5 CRÉDITOS CONDOMINIAIS FUNDO DE INVESTIMENTO EM DIREITOS CREDITÓRIOS - NÃO PADRONIZADOS,Classe,75867433.99,QI CORRETORA DE TÍTULOS E VALORES MOBILIÁRIOS S.A.,25,0.0,5874624.77,12845955.969999999,15446209.709999999,19725073.85,70552628.23,32413.37,70585041.60000001,False,0.08322761645861237,0.18199261031532774,0.21883120502404008,0.27945118969796,0.011821483611946805,False
2026-06-30,26704185000109,MTR 1 FUNDO DE INVESTIMENTO EM DIREITOS CREDITÓRIOS NÃO PADRONIZADOS,Classe,10281201.19,QI CORRETORA DE TÍTULOS E VALORES MOBILIÁRIOS S.A.,4,0.0,5849688.31,10126161.549999999,10126161.549999999,10126161.549999999,10126161.55,0.0,10126161.55,False,0.5776807214773301,0.9999999999999998,0.9999999999999998,0.9999999999999998,0.41527451432666374,False
2026-06-30,52155823000190,CHIMERA NPL & SPECIAL OPPORTUNITIES II FUNDO DE INVESTIMENTO EM DIREITOS CREDITÓRIOS DE RESPONSABILI,Classe,189586594.69,VORTX DISTRIBUIDORA DE TITULOS E VALORES MOBILIARIOS LTDA.,24,0.0,5830901.74,13630227.62,14847043.449999997,15533558.829999994,124083732.88,0.0,124083732.88,False,0.046991669291888576,0.1098470146218251,0.11965342358259329,0.12518610191250715,0.0033138838976639346,False
2026-06-30,21254441000190,FUNDO DE INVESTIMENTO EM DIREITOS CREDITÓRIOS CAPITAL 5,Classe,50013719.1,QI CORRETORA DE TÍTULOS E VALORES MOBILIÁRIOS S.A.,25,0.0,5823794.58,24107845.17,30411762.04,32726036.410000004,0.0,35243551.26,35243551.26,False,0.16524426091560673,0.6840356407942757,0.8629028844353752,0.9285680710372319,0.10650070503187502,False
2026-06-30,19187295000185,VECTOR FUNDO DE INVESTIMENTO EM DIREITOS CREDITÓRIOS  MULTISSETORIAL,Classe,132379912.24,HEMERA DISTRIBUIDORA DE TITULOS E VALORES MOBILIARIOS LTDA,25,0.0,5800262.12,22406918.95,34539430.32,53181154.57,5682183.54,136183408.51,141865592.04999998,False,0.04088561599880907,0.15794470404143357,0.24346587372522796,0.37487000055134234,0.00789638158231582,False
2026-06-30,46082697000198,GARSON BR FUNDO DE INVESTIMENTO EM DIREITOS CREDITÓRIOS - RESPONSABILIDADE LIMITADA,Classe,8593039.08,HEMERA DISTRIBUIDORA DE TITULOS E VALORES MOBILIARIOS LTDA,3,0.0,5794397.18,8270501.43,8270501.43,8270501.43,45476.64,8213598.06,8259074.699999999,False,0.7015794614377323,1.0013835363421524,1.0013835363421524,1.0013835363421524,0.5445608349455132,False
2026-06-30,49617028000161,CREDITCORP BIOLAB FUNDO DE INVESTIMENTO EM DIREITOS CREDITÓRIOS,Classe,12197382.83,QI CORRETORA DE TÍTULOS E VALORES MOBILIÁRIOS S.A.,1,0.0,5782896.8,5782896.8,5782896.8,5782896.8,5782896.81,0.0,5782896.81,False,0.9999999982707629,0.9999999982707629,0.9999999982707629,0.9999999982707629,0.9999999965415258,False
2026-06-30,09072384000122,CREDITMIX FUNDO DE INVESTIMENTO EM DIREITOS CREDITÓRIOS - RESPONSABILIDADE LIMITADA,Classe,42851145.51,APEX DISTRIBUIDORA DE TÍTULOS E VALORES MOBILIÁRIOS S.A.,4,0.0,5761653.07,42100964.99,42100964.99,42100964.99,42100964.18,0.0,42100964.18,False,0.13685323322683107,1.0000000192394645,1.0000000192394645,1.0000000192394645,0.4787981086861285,False
2026-06-30,46711630000175,CHEMICAL XII - FUNDO DE INVESTIMENTO EM DIREITOS CREDITÓRIOS - INDÚSTRIA PETROQUÍMICA,Classe,116020959.44,BEM - DISTRIBUIDORA DE TITULOS E VALORES MOBILIARIOS LTDA.,24,0.0,5754374.15,19474414.19,29883030.950000003,47583973.39,65723699.27,0.0,65723699.27,False,0.08755402105959396,0.296307335197263,0.45467664300570343,0.7240002300314828,0.029181690979946957,False
2026-06-30,61220318000172,MONTANTE FUNDO DE INVESTIMENTO EM DIREITOS CREDITÓRIOS DE RESPONSABILIDADE LIMITADA,Classe,22141673.17,BANCO DAYCOVAL S.A.,18,0.0,5748458.36,18405919.64,23481721.680000003,23834321.59,7296779.95,15738433.31,23035213.26,False,0.2495509069144168,0.7990340454959608,1.019383732851102,1.034690728537236,0.1530482969767736,False
2026-06-30,55125894000138,MTR CRÉDITOS SELECIONADOS I FUNDO DE INVESTIMENTO EM DIREITOS CREDITÓRIOS  RESPONSABILIDADE LIMITADA,Classe,166774766.47,QI CORRETORA DE TÍTULOS E VALORES MOBILIÁRIOS S.A.,25,0.0,5739362.04,15966908.489999998,20406829.710000005,28420876.790000003,138154756.0,0.0,138154756.0,False,0.0415429928449224,0.11557262994261304,0.14770993269316046,0.2057176865485543,0.0038115633897843654,False
2026-06-30,58615962000135,ADVANCED II FUNDO DE INVESTIMENTOS EM DIREITOS CREDITORIOS,Classe,5902996.52,ACTUAL DISTRIBUIDORA DE TITULOS E VALORES MOBILIARIOS S.A.,1,0.0,5734678.41,5734678.41,5734678.41,5734678.41,5734678.41,0.0,5734678.41,False,1.0,1.0,1.0,1.0,1.0,False
2026-06-30,59695914000167,ÁPICE CREDIT FUNDO DE INVESTIMENTO EM DIREITOS CREDITÓRIOS DE RESPONSABILIDADE LIMITADA,Classe,8810854.93,CATÁLISE DISTRIBUIDORA DE TITULOS E VALORES MOBILIARIOS LTDA.,25,0.0,5713588.76,6557132.65,6999210.920000001,7565108.61,8667616.99,0.0,8667616.99,False,0.6591879598039322,0.7565092755673322,0.807512714056831,0.8728014422796964,0.4377443922395727,False
2026-06-30,47846883000119,FMD FUNDO DE INVESTIMENTO EM DIREITOS CREDITÓRIOS,Classe,117094401.42,QI CORRETORA DE TÍTULOS E VALORES MOBILIÁRIOS S.A.,25,0.0,5700253.2,18975033.15,29316083.21,45835100.910000004,11725831.4,81144544.58,92870375.98,False,0.061378595056270385,0.20431739346125125,0.3156666795051345,0.49353844459368584,0.013884288553034927,False
2026-06-30,53078148000105,TSALEACH FUNDO DE INVESTIMENTO EM DIREITOS CREDITÓRIOS  RESPONSABILIDADE LIMITADA,Classe,43777440.26,ID CORRETORA DE TITULOS E VALORES MOBILIARIOS S.A.,12,0.0,5695033.99,13988141.75,15018032.370000001,15073661.61,16478404.23,15031759.0,31510163.23,False,0.18073641664216794,0.4439247631913965,0.47660915814303767,0.47837459615724115,0.05848889427586426,False
2026-06-30,13348521000186,RDG FUNDO DE INVESTIMENTO EM DIREITOS CREDITÓRIOS MULTISSETORIAL LP,Classe,35622070.77,QI CORRETORA DE TÍTULOS E VALORES MOBILIÁRIOS S.A.,25,0.0,5685689.06,10458499.86,13382487.040000001,16770598.420000002,2307841.11,13613170.73,15921011.84,False,0.35711857494605065,0.6568991949195108,0.8405550585910501,1.0533625995971876,0.16114977345396567,True
2026-06-30,28879551000196,NOVAX FUNDO DE INVESTIMENTO EM DIREITOS CREDITORIOS NÃO PADRONIZADOS,Classe,85813087.16,QI CORRETORA DE TÍTULOS E VALORES MOBILIÁRIOS S.A.,25,0.0,5663449.46,15477287.469999999,24379289.18,40062086.69000001,0.0,78926486.42,78926486.42,False,0.07175600634066588,0.19609751012656315,0.3088860316202075,0.5075873576433305,0.014382466795040095,False
2026-06-30,65344702000138,JIF CRÉDITOS PFN FIDC CRÉDITO PRIVADO RESPONSABILIDADE ILIMITADA,Classe,56672203.37,BANCO DAYCOVAL S.A.,12,0.0,5640185.81,19951874.889999997,27250706.95,27935335.54,25464668.78,0.0,25464668.78,False,0.22149064096328683,0.7835120520267767,1.070137891265358,1.0970233220524142,0.14749302641821813,True
2026-06-30,51531327000120,RAC19 FUNDO DE INVESTIMENTO EM DIREITOS CREDITÓRIOS,Classe,5976030.21,ID CORRETORA DE TITULOS E VALORES MOBILIARIOS S.A.,6,0.0,5629285.34,5898729.75,5914389.53,5914389.53,5906622.39,50701.82,5957324.21,False,0.9449351993552152,0.9901642989478996,0.9927929589717597,0.9927929589717597,0.8935023538736501,False
2026-06-30,36703167000166,YAALEH FUNDO DE INVESTIMENTO EM  DIREITOS CREDITÓRIOS - RESPONSABILIDADE LIMITADA,Classe,201036011.56,QI CORRETORA DE TÍTULOS E VALORES MOBILIÁRIOS S.A.,25,0.0,5629219.06,25946825.090000004,43605366.199999996,82942664.04,6985812.56,147022296.76,154008109.32,False,0.03655144579629594,0.1684770055587616,0.28313681917486705,0.5385603680625719,0.012756593829169691,False
2026-06-30,41649912000176,OLAM FUNDO DE INVESTIMENTO EM DIREITOS CREDITORIOS,Classe,226582065.69,QI CORRETORA DE TÍTULOS E VALORES MOBILIÁRIOS S.A.,25,0.0,5599165.91,18810281.45,25898380.979999997,42011192.81999999,15020916.87,197537884.93,212558801.8,False,0.0263417269131407,0.08849448383557833,0.12184101886483252,0.19764503969837485,0.002441232526551829,False
2026-06-30,47463387000186,SOLDI FUNDO DE INVESTIMENTO  EM DIREITOS CREDITÓRIOS NÃO PADRONIZADO,Classe,19815754.72,QI CORRETORA DE TÍTULOS E VALORES MOBILIÁRIOS S.A.,25,0.0,5582869.17,19683453.39,22136356.02,22337380.959999997,6763388.33,12890682.74,19654071.07,False,0.2840566287827105,1.001494973733195,1.126298767372881,1.1365269251567836,0.23039361438753922,True
2026-06-30,13963456000107,VHE FUNDO DE INVESTIMENTO EM DIREITOS CREDITÓRIOS SEGMENTO FINANCEIRO,Classe,6501572.12,FINAXIS CORRETORA DE TÍTULOS E VALORES MOBILIÁRIOS S.A.,1,0.0,5576160.44,5576160.44,5576160.44,5576160.44,5576160.44,0.0,5576160.44,False,1.0,1.0,1.0,1.0,1.0,False
2026-06-30,38328747000146,JUSINVEST I - FUNDO DE INVESTIMENTO EM DIREITOS CREDITORIOS,Classe,30932288.28,LIMINE TRUST DISTRIBUIDORA DE TITULOS E VALORES MOBILIARIOS LTDA.,21,0.0,5571802.58,15528276.52,23002907.030000005,27731473.440000005,27731473.45,0.0,27731473.45,False,0.20091981733484127,0.5599513689021093,0.8294873718655582,0.9999999996393991,0.09211545050330862,False
2026-06-30,58594205000122,EXA AGCN USD FUNDO DE INVESTIMENTO EM DIREITOS CREDITÓRIOS RESPONSABILIDADE LIMITADA,Classe,113491084.08,BANCO DAYCOVAL S.A.,24,0.0,5566086.14,18740805.52,31804257.58,55315411.68,106206193.97,0.0,106206193.97,False,0.05240830060789344,0.1764568036897519,0.29945765299699684,0.5208303735620627,0.013337786234473823,False
2026-06-30,40802124000105,GUARDIAN FUNDO DE INVESTIMENTO EM DIREITOS CREDITÓRIOSRESPONSABILIDADE LIMITADA,Classe,43510303.95,QI CORRETORA DE TÍTULOS E VALORES MOBILIÁRIOS S.A.,25,0.0,5554710.91,13809127.839999998,20226170.549999997,30442844.9,2874465.43,36064282.2,38938747.63,False,0.14265253116976018,0.3546371848220635,0.5194355694793052,0.7818136625571795,0.04233175401235086,False
2026-06-30,63219990000173,NEXA FUNDO DE INVESTIMENTO EM DIREITOS CREDITÓRIOS,Classe,5742740.37,SEFER INVESTIMENTOS DISTRIBUIDORA DE TÍTULOS E VALORES MOBILIÁRIOS LTDA.,1,0.0,5543385.63,5543385.63,5543385.63,5543385.63,0.0,5543385.63,5543385.63,False,1.0,1.0,1.0,1.0,1.0,False
2026-06-30,60019532000100,ISAAC CRÉDITO FLEX FIDC FINANCEIROS DE RESPONSABILIDADE LIMITADA,Classe,106700592.42,GENIAL INVESTIMENTOS CORRETORA DE VALORES MOBILIÁRIOS S.A.,24,0.0,5542157.94,21747373.4,33005011.19,55742258.64999999,101620808.85,0.0,101620808.85,False,0.05453762868765043,0.2140051200743813,0.32478595243930697,0.5485319323946711,0.01606025714131447,False
2026-06-30,53018439000108,DIAMANTE FUNDO DE INVESTIMENTO EM DIREITOS CREDITÓRIOS RESPONSABILIDADE LIMITADA,Classe,71357862.94,QI CORRETORA DE TÍTULOS E VALORES MOBILIÁRIOS S.A.,25,0.0,5530078.19,15896926.200000001,22133400.06,32367149.859999996,21924765.59,47904939.73,69829705.32,False,0.07919377813006645,0.22765277509265025,0.3169625298942906,0.46351548687875804,0.015176664490376898,False
2026-06-30,27456204000198,PREMIUM RECEBÍVEIS MULTISSETORIAL FUNDO DE INVESTIMENTO EM  DIREITOS CREDITÓRIOS - RESP LIMITADA,Classe,164860734.48,HEMERA DISTRIBUIDORA DE TITULOS E VALORES MOBILIARIOS LTDA,25,0.0,5523658.84,22893579.68,37515010.82,67716186.52000001,22514023.95,123120315.46,145634339.41,False,0.037928272015911084,0.1571990491579626,0.257597287645087,0.4649740356177993,0.010068431553162642,False
2026-06-30,46929994000126,GRATIAM FLOW FUNDO DE INVESTIMENTO EM DIREITOS CREDITÓRIOS MULTISSETORIAL RESPONSABILIDADE LIMITADA,Classe,59617032.03,ID CORRETORA DE TITULOS E VALORES MOBILIARIOS S.A.,25,0.0,5472291.77,16985386.1,25602228.090000004,38007809.699999996,58085166.08,0.0,58085166.08,False,0.09421151972713787,0.2924220975215296,0.4407705067889169,0.6543462344181352,0.02685599900923383,False
2026-06-30,65659857000163,FUNDO DE INVESTIMENTO EM DIREITOS CREDITÓRIOS LEJÚ,Classe,25609895.73,LIMINE TRUST DISTRIBUIDORA DE TITULOS E VALORES MOBILIARIOS LTDA.,25,0.0,5452787.9,12920336.399999999,13649878.850000001,15044304.700000003,18651521.82,6122311.18,24773833.0,False,0.22010271482818183,0.5215315853626686,0.5509796909505283,0.6072659285303168,0.0962946933658472,False
2026-06-30,20906292000133,TRUST FUNDO DE INVESTIMENTO EM DIREITOS CREDITÓRIOS,Classe,22168098.25,LIMINE TRUST DISTRIBUIDORA DE TITULOS E VALORES MOBILIARIOS LTDA.,25,0.0,5444782.74,23608317.47,34698998.660000004,49389810.58,13730108.66,6613509.74,20343618.4,False,0.26764082145779927,1.160477797302765,1.7056453762424095,2.4277790513412305,0.37942622663630005,True
2026-06-30,65526160000114,PW2 CLASSE DE INVESTIMENTO EM DIREITOS CREDITÓRIOS - RESPONSABILIDADE LIMITADA,Classe,57237844.18,S3 CACEIS BRASIL DISTRIBUIDORA DE TITULOS E VALORES MOBILIARIOS S.A,7,0.0,5401244.41,14159733.97,16056562.19,16056562.19,0.0,16056562.19,16056562.19,False,0.336388595895321,0.8818658566164718,1.0,1.0,0.19630620489747158,False
2026-06-30,23104455000152,SATURNO FUNDO DE INVESTIMENTO EM DIREITOS CREDITÓRIOS,Classe,94165881.09,QI CORRETORA DE TÍTULOS E VALORES MOBILIÁRIOS S.A.,25,0.0,5372802.64,19205406.62,26997646.669999998,38157440.99,1027919.32,88379614.07,89407533.38999999,False,0.0600933996978037,0.21480747641504758,0.3019616540838338,0.4267810501331627,0.012372355758898322,False
2026-06-30,60647052000186,NEW TRADE CAPITAL FUNDO DE INVESTIMENTO EM DIREITOS CREDITÓRIOS - RESPONSABILIDADE LIMITADA,Classe,144706304.81,QI CORRETORA DE TÍTULOS E VALORES MOBILIÁRIOS S.A.,25,0.0,5355413.0,25732662.099999998,41236341.49,68906040.73,266234.56,118256110.24,118522344.8,False,0.04518483842887995,0.21711232716010187,0.34792039897273447,0.5813759493728815,0.016703623234486632,False
2026-06-30,59056669000148,BLUECAPITAL FUNDO DE INVESTIMENTO EM DIREITOS CREDITÓRIOS DE RESPONSABILIDADE LIMITADA,Classe,48417018.55,BANCO DAYCOVAL S.A.,24,0.0,5330968.61,14647827.120000001,19623888.65,25273968.429999996,0.0,39362594.04,39362594.04,False,0.13543234992548273,0.3721255541521217,0.49854155013407747,0.6420808650038857,0.03838251084795848,False
2026-06-30,59715778000120,MALCOM FUNDO DE INVESTIMENTO EM DIREITOS CREDITÓRIOS NP,Classe,14588945.76,FINVEST DISTRIBUIDORA DE TÍTULOS E VALORES MOBILIÁRIOS LTDA.,22,0.0,5307116.87,13914852.400000002,17075454.700000003,20712431.509999998,0.0,14615414.22,14615414.22,False,0.36311778716046544,0.9520669199343432,1.1683182182160556,1.4171634958971417,0.2618822063694673,True
2026-06-30,13098860000151,GFM FUNDO DE INVESTIMENTO EM DIREITOS CREDITÓRIOS MULTICRÉDITO,Classe,305031610.3,QI CORRETORA DE TÍTULOS E VALORES MOBILIÁRIOS S.A.,25,0.0,5299354.85,23896195.689999998,39096396.43,69500449.82000001,44397192.26,248195957.4,292593149.66,False,0.01811168462473565,0.08167038673929286,0.13362034099373452,0.2375327306902473,0.002628189720776409,False
2026-06-30,45523699000102,VIXTRA FUNDO DE INVESTIMENTO EM DIREITOS CREDITÓRIOS RESPONSABILIDADE LIMITADA,Classe,233574412.44,QI CORRETORA DE TÍTULOS E VALORES MOBILIÁRIOS S.A.,25,0.0,5270025.64,26179152.0,51273707.32,117388093.22,40223960.39,167982133.18,208206093.57,False,0.02531158214266284,0.1257367234124607,0.24626420120966108,0.563807193186368,0.012854336404161126,False
2026-06-30,29187006000100,CONTATO FUNDO DE INVESTIMENTO EM DIREITOS CREDITORIOS MULTISSETORIAL,Classe,163097214.97,HEMERA DISTRIBUIDORA DE TITULOS E VALORES MOBILIARIOS LTDA,25,0.0,5268545.7,23095465.64,37837027.14999999,60711474.28,11703422.97,145895023.03,157598446.0,False,0.033430188137768824,0.14654627774692652,0.24008502691708009,0.3852288891224219,0.007682832996207943,False
2026-06-30,55948310000124,NR11 FUNDO DE INVESTIMENTO EM DIREITOS CREDITÓRIOS DE  RESPONSABILIDADE LIMITADA,Classe,46213809.75,CATÁLISE DISTRIBUIDORA DE TITULOS E VALORES MOBILIARIOS LTDA.,25,0.0,5243153.94,18100649.84,24947744.259999998,30391569.299999997,46206667.04,0.0,46206667.04,False,0.11347180560461391,0.3917324273644473,0.5399165501031126,0.6577312592940483,0.03941391522448665,False
2026-06-30,49466341000146,FIPAN FUNDO DE INVESTIMENTO EM DIREITOS CREDITÓRIOS  MULTISSEGMENTOS,Classe,19573556.82,FINAXIS CORRETORA DE TÍTULOS E VALORES MOBILIÁRIOS S.A.,21,0.0,5234506.69,14689751.309999999,18291122.94,20021698.710000005,0.0,19522220.68,19522220.68,False,0.26813069966792324,0.7524631316686867,0.9369386423717039,1.0255851031594836,0.14720687898821014,False
2026-06-30,53077542000129,FUNDO DE  INVESTIMENTO EM DIREITOS CREDITÓRIOS GOFLUX FRETES RESPONSABILIDADE  LIMITADA,Classe,32855142.18,VORTX DISTRIBUIDORA DE TITULOS E VALORES MOBILIARIOS LTDA.,24,0.0,5223413.17,10219816.790000001,13610031.6,20061389.990000002,457020.43,24281057.55,24738077.98,False,0.2111487066304413,0.41312088991967844,0.5501652800594817,0.8109518454189949,0.06396268747012297,False
2026-06-30,51862553000194,EVERBLUE I FUNDO DE  INVESTIMENTO EM DIREITOS CREDITÓRIOS MULTISETORIAL,Classe,105604804.43,QI CORRETORA DE TÍTULOS E VALORES MOBILIÁRIOS S.A.,25,0.0,5211783.96,22465758.529999997,38452317.64,56711811.099999994,17550008.85,70908449.9,88458458.75,False,0.05891786985266686,0.2539695903304442,0.43469350679818397,0.641112358291004,0.023059956236648627,False
2026-06-30,32907712000185,ALIANÇA CRED FUNDO DE INVESTIMENTO EM  DIREITOS CREDITÓRIOS NÃO PADRONIZADOS,Classe,30424382.78,QI CORRETORA DE TÍTULOS E VALORES MOBILIÁRIOS S.A.,25,0.0,5191971.09,10926725.48,13045097.77,17381587.049999997,0.0,22966433.15,22966433.15,False,0.2260678032191516,0.47576937213691806,0.5680071295703139,0.7568257089150998,0.07287491143838382,False
2026-06-30,66931093000186,AVALON FUNDO DE INVESTIMENTO EM DIREITOS CREDITÓRIOS -  RESPONSABILIDADE LIMITADA,Classe,9481938.72,APEX GROUP DISTRIBUIDORA DE TÍTULOS E VALORES MOBILIÁRIOS S.A.,4,0.0,5183137.45,8432571.450000001,8432571.450000001,8432571.450000001,8432571.45,0.0,8432571.45,False,0.6146568079183012,1.0000000000000002,1.0000000000000002,1.0000000000000002,0.4643897667063767,False
2026-06-30,51498070000152,GHIA CRÉDITO CORPORATIVO FUNDO DE INVESTIMENTO EM DIREITOS CREDITÓRIOS RESPONSABILIDADE LIMITADA,Classe,36780057.98,QI CORRETORA DE TÍTULOS E VALORES MOBILIÁRIOS S.A.,13,0.0,5177292.1,15647911.76,21572260.219999995,22078496.14,21337763.21,728917.27,22066680.48,False,0.23462034104732726,0.70911942438204,0.9775942620618393,1.000535452534907,0.1382973006653892,False
2026-06-30,65343982000160,MOMENTO PRECATÓRIOS X FIDC DE RESPONSABILIDADE LIMITADA,Classe,10230926.52,BANCO DAYCOVAL S.A.,3,0.0,5174059.92,8814366.84,8814366.84,8814366.84,8814366.84,0.0,8814366.84,False,0.5870030160895823,1.0,1.0,1.0,0.43837189725369785,False
2026-06-30,58032774000184,AUGME K 2 FUNDO DE INVESTIMENTO EM DIREITOS CREDITÓRIOS DE RESPONSABILIDADE LIMITADA,Classe,97178255.98,BANCO DAYCOVAL S.A.,25,0.0,5172275.51,14785794.36,21595118.169999998,32863276.91,35243535.88,0.0,35243535.88,False,0.1467581325441061,0.4195320926465452,0.6127398296109895,0.9324625378649719,0.057936337605518126,False
2026-06-30,57183411000187,SPECIALE PLGN FUNDO DE INVESTIMENTO EM DIREITOS CREDITÓRIOS,Classe,283938832.57,BTG PACTUAL SERVIÇOS FINANCEIROS S/A DTVM,2,0.0,5154225.16,5356664.3,5356664.3,5356664.3,0.0,5150151.11,5150151.11,False,1.0007910544589826,1.0400984719844462,1.0400984719844462,1.0400984719844462,1.0031278077576435,False
2026-06-30,12138813000121,FUNDO DE INVESTIMENTO EM DIREITOS CREDITÓRIOS MULTISETORIAL MASTER III,Classe,0.0,GENIAL INVESTIMENTOS CORRETORA DE VALORES MOBILIÁRIOS S.A.,1,0.0,5150415.45,5150415.45,5150415.45,5150415.45,0.0,0.0,0.0,True,,,,,,
2026-06-30,34082112000150,NOBEL FUNDO DE INVESTIMENTO EM DIREITOS CREDITORIOS,Classe,70669631.97,QI CORRETORA DE TÍTULOS E VALORES MOBILIÁRIOS S.A.,25,0.0,5141532.76,22473142.86,34304142.17,49317128.690000005,18898307.92,44297636.44,63195944.36,False,0.08135858735982975,0.35561052354847666,0.5428218933573351,0.7803843931670935,0.03724488195105265,False
2026-06-30,57691429000190,VERTIS CAPITAL FUNDO DE INVESTIMENTO EM DIREITOS CREDITÓRIOS - RESPONSABILIDADE LIMITADA,Classe,74827471.9,HEMERA DISTRIBUIDORA DE TITULOS E VALORES MOBILIARIOS LTDA,25,0.0,5124856.33,12608533.1,16969690.79,33501004.579999994,0.0,65313076.53,65313076.53,False,0.0784660071501305,0.19304760654183195,0.25982072337696993,0.5129295136573777,0.017966589058796067,False
2026-06-30,45018852000144,BANKAP FUNDO DE INVESTIMENTO EM DIREITOS CREDITO´RIOS  MULTISSETORIAL - RESPONSABILIDADE LIMITADA,Classe,84238055.78,QI CORRETORA DE TÍTULOS E VALORES MOBILIÁRIOS S.A.,25,0.0,5110257.45,13659410.85,20924980.130000003,31349309.250000004,0.0,69631662.24,69631662.24,False,0.07338985291470475,0.19616666341986783,0.3005095592559274,0.4502162987571386,0.013168131922938987,False
2026-06-30,64054550000176,KUARÁ ARTEMIS HIGH YIELD I FUNDO DE INVESTIMENTO EM DIREITOS  CREDITÓRIOS RESPONSABILIDADE LIMITADA,Classe,13610084.64,BARU DISTRIBUIDORA DE TÍTULOS E VALORES MOBILIÁRIOS LTDA.,21,0.0,5110035.26,7974165.89,10143880.28,12164468.740000002,12164468.74,0.0,12164468.74,False,0.4200787859478687,0.6555293174274703,0.8338942289065391,1.0000000000000002,0.20023758048294196,False
2026-06-30,54965252000184,KRENAK FUNDO DE INVESTIMENTOS EM DIREITOS CREDITORIOS,Classe,1672736.39,ACTUAL DISTRIBUIDORA DE TITULOS E VALORES MOBILIARIOS S.A.,23,0.0,5104485.81,5356238.6,5391571.219999998,5438756.829999999,159122.92,2257.78,161380.7,False,31.63008841825571,33.19008158968203,33.40902115308706,33.70140809898581,1002.4461633851371,True
2026-06-30,58304663000180,TCG IRON I FUNDO DE INVESTIMENTO EM DIREITOS CREDITÓRIOS - RESPONSABILIDADE LIMITADA,Classe,21587477.25,LIMINE TRUST DISTRIBUIDORA DE TITULOS E VALORES MOBILIARIOS LTDA.,25,0.0,5088676.58,13617003.640000002,17505441.990000002,20861485.02,7756255.53,14556290.97,22312546.5,False,0.22806346106662456,0.6102846055693375,0.7845559891606277,0.9349665678007663,0.10228540106563308,False
2026-06-30,41609997000169,ACERTO GRUPO INTER - FUNDO DE INVESTIMENTO EM DIREITOS CREDITÓRIOS - NÃO PADRONIZADOS,Classe,3510223.2,QI CORRETORA DE TÍTULOS E VALORES MOBILIÁRIOS S.A.,1,0.0,5074789.47,5074789.47,5074789.47,5074789.47,3519980.08,0.0,3519980.08,False,1.4417097127436016,1.4417097127436016,1.4417097127436016,1.4417097127436016,2.0785268958192384,True
2026-06-30,21081879000113,CMF FUNDO DE INVESTIMENTOS EM DIREITOS CREDITÓRIOS NÃO PADRONIZADOS MULTISSETORIAL LP,Classe,49711985.37,QI CORRETORA DE TÍTULOS E VALORES MOBILIÁRIOS S.A.,25,0.0,5072531.91,9883915.820000002,14317411.620000001,22448570.57,0.0,48054730.95,48054730.95,False,0.10555738862169199,0.20568039035082772,0.2979396895364368,0.4671459006472702,0.017366724382483247,False
2026-06-30,45217948000131,VANGUARD I FUNDO DE INVESTIMENTO EM DIREITOS CREDITÓRIOS,Classe,72640523.69,ACTUAL DISTRIBUIDORA DE TITULOS E VALORES MOBILIARIOS S.A.,25,0.0,5059751.0,10504766.36,15775640.499999998,29005789.309999995,49525893.91,16740322.2,66266216.11,False,0.07635491049618646,0.1585237090127855,0.23806460404820598,0.4377160944552987,0.011464524694603902,False
2026-06-30,60075857000100,EKKO FUNDO DE INVESTIMENTO EM DIREITOS CREDITÓRIOS,Classe,3490704.26,PLANNER CORRETORA DE VALORES S.A.,6,0.0,5058427.04,5299864.569999999,5307060.399999999,5307060.399999999,3589645.18,0.0,3589645.18,False,1.4091718780963192,1.4764313195991141,1.4784359271965701,1.4784359271965701,1.9882427453158171,True
2026-06-30,22235997000100,FUNDO DE INVESTIMENTO EM DIREITOS CREDITÓRIOS ABERTO EAN,Classe,308493277.57,APEX GROUP DISTRIBUIDORA DE TÍTULOS E VALORES MOBILIÁRIOS S.A.,3,0.0,5052882.7,14106609.74,14106609.74,14106609.74,237161851.01,0.0,237161851.01,False,0.02130563022038036,0.05948093961960683,0.05948093961960683,0.05948093961960683,0.0014570756685785124,False
2026-06-30,29613776000169,DAVOS ADONAI FUNDO DE INVESTIMENTO EM DIREITOS CREDITORIOS,Classe,25730664.99,QI CORRETORA DE TÍTULOS E VALORES MOBILIÁRIOS S.A.,25,0.0,5045846.82,11550497.519999998,15577908.889999999,21369866.15,1269921.4,21066067.45,22335988.849999998,False,0.22590657856636603,0.5171249680311333,0.6974353808383102,0.9567459176986471,0.08812149342037877,False
2026-06-30,53125630000159,AGROVITA FUNDO DE INVESTIMENTO EM DIREITOS CREDITÓRIOS RESPONSABILIDADE LIMITADA,Classe,22518960.57,ID CORRETORA DE TITULOS E VALORES MOBILIARIOS S.A.,25,0.0,5015707.37,10987919.230000002,14750118.990000004,18562835.570000004,21308844.94,23702.58,21332547.52,False,0.23511994361187297,0.5150776867928432,0.691437296749076,0.8701649698704154,0.08590942461590372,False
2026-06-30,61766813000181,DIVIX FUNDO DE INVESTIMENTO EM DIREITOS CREDITÓRIOS NÃO-PADRONIZADOS,Classe,17015687.75,AZUMI DISTRIBUIDORA DE TÍTULOS E VALORES MOBILIÁRIOS LTDA.,25,0.0,5009063.49,13807923.000000002,15850770.110000001,16887855.19,3018958.66,13064113.07,16083071.73,False,0.3114494279507886,0.8585376743824298,0.9855561410220733,1.0500391637561888,0.20741033664420971,True
2026-06-30,49793609000154,SOLUCRED FUNDO DE INVESTIMENTO EM DIREITOS CREDITÓRIOS,Classe,27519510.87,QI CORRETORA DE TÍTULOS E VALORES MOBILIÁRIOS S.A.,25,0.0,5000437.14,6999804.1899999995,8723422.379999999,12040137.759999998,6478067.22,17967532.69,24445599.91,False,0.20455366848880083,0.2863420908372381,0.35685041120351046,0.49252780886243336,0.04578838288925028,False
2026-06-30,42288547000184,JGP ESTRUTURADOS II FUNDO DE INVESTIMENTO EM DIREITOS CREDITÓRIOS - RESPONSABILIDADE LIMITADA,Classe,7984608.63,BNY MELLON SERVICOS FINANCEIROS DTVM S.A.,2,0.0,5000000.0,7367197.27,7367197.27,7367197.27,7367197.27,0.0,7367197.27,False,0.6786841476826642,1.0,1.0,1.0,0.5638560492661603,False
2026-06-30,57993612000140,D&C JUDICIAIS II - FUNDO DE INVESTIMENTO EM DIREITOS CREDITÓRIOS RECUPERAÇÃO DE  CRÉDITO,Classe,775518.43,BANVOX DISTRIBUIDORA DE TITULOS E VALORES MOBILIARIOS LTDA,2,0.0,5000000.0,8500000.0,8500000.0,8500000.0,0.0,0.0,0.0,True,,,,,,
2026-06-30,60373765000107,CONSORTI PRECATÓRIOS FIDC DE ATIVOS JUDICIAIS DE RESP LIMITADA,Classe,24589076.64,APEX GROUP DISTRIBUIDORA DE TÍTULOS E VALORES MOBILIÁRIOS S.A.,24,0.0,4996757.08,12213484.02,18230521.0,23666209.79,24864011.08,0.0,24864011.08,False,0.2009634352206056,0.4912113327452716,0.7332091729425018,0.9518259026612371,0.0779562301961451,False
2026-06-30,52259540000198,SFT CI FUNDO DE INVESTIMENTO EM DIREITOS CREDITÓRIOS,Classe,74377943.89,QI CORRETORA DE TÍTULOS E VALORES MOBILIÁRIOS S.A.,25,0.0,4994751.1,12541039.33,17722865.07,27155304.459999997,27981738.2,33762590.53,61744328.730000004,False,0.0808940869993324,0.20311240866898642,0.28703632276090985,0.43980240806806153,0.013909781606638045,False
2026-06-30,52997572000190,ORIZ JUS I FUNDO DE INVESTIMENTO EM DIREITOS CREDITÓRIOS,Classe,35583151.3,BANCO DAYCOVAL S.A.,24,0.0,4986289.98,14468911.05,19185065.25,27294913.73,39435705.56,0.0,39435705.56,False,0.12644099830833608,0.3668987493576367,0.48648971731494994,0.6921370707688183,0.03841162820627862,False
2026-06-30,64023072000137,AXEN BANK FUNDO DE INVESTIMENTO EM DIREITOS CREDITÓRIOS,Classe,2433120.17,PLANNER CORRETORA DE VALORES S.A.,1,0.0,4979102.0,4979102.0,4979102.0,4979102.0,3859792.94,0.0,3859792.94,False,1.2899919963064133,1.2899919963064133,1.2899919963064133,1.2899919963064133,1.6640793505346054,True
2026-06-30,63699134000162,GELMAR FUNDO DE INVESTIMENTO EM DIREITOS CREDITÓRIOS,Classe,15725837.22,LIMINE TRUST DISTRIBUIDORA DE TITULOS E VALORES MOBILIARIOS LTDA.,25,0.0,4955221.3,10089838.89,11904880.370000001,13496253.629999999,15043684.41,305382.89,15349067.3,False,0.3228353360598008,0.6573584370172121,0.7756093668310386,0.8792881916675157,0.13880444104404846,False
2026-06-30,52351153000187,FBRAS 3 FUNDO DE INVESTIMENTO EM DIREITOS CREDITÓRIOS - RESPONSABILIDADE LIMITADA,Classe,125850899.92,BTG PACTUAL SERVIÇOS FINANCEIROS S/A DTVM,25,0.0,4955127.67,24738292.29,44398128.730000004,74245575.19000001,0.0,0.0,0.0,True,,,,,,
2026-06-30,52649689000183,CITRINO TEMPO CAPTOR (CTC) FUNDO DE INVESTIMENTO EM DIREITOS CREDITÓRIOS RESPONSABILIDADE LIMITADA,Classe,46180681.57,LIMINE TRUST DISTRIBUIDORA DE TITULOS E VALORES MOBILIARIOS LTDA.,21,0.0,4954413.51,18603824.31,25460571.81,31468298.06,45907658.73,0.0,45907658.73,False,0.10792128474986597,0.4052444586515728,0.5546040141089112,0.6854694604461699,0.04180079284998199,False
2026-06-30,61134294000139,SANTA CLARA FUNDO DE INVESTIMENTO EM DIREITOS CREDITÓRIOS DE RESPONSABILIDADE LIMITADA,Classe,60924845.12,GENIAL INVESTIMENTOS CORRETORA DE VALORES MOBILIÁRIOS S.A.,10,0.0,4954233.77,16073724.799999999,25008367.410000004,25008367.410000004,60154851.51,0.0,60154851.51,False,0.08235800846713784,0.26720579299124264,0.4157331750015653,0.4157331750015653,0.02008299693893262,False
2026-06-30,28849641000134,SQUID FUNDO DE INVESTIMENTO EM DIRETOS CREDITÓRIOS,Classe,40793048.81,ID CORRETORA DE TITULOS E VALORES MOBILIARIOS S.A.,25,0.0,4951082.51,14106545.39,21224370.64,28571318.569999993,19206746.48,19606507.57,38813254.05,False,0.12756164437080997,0.3634466043951809,0.5468330641037814,0.7361227309927134,0.04015863923867469,False
2026-06-30,27531301000106,QUANTHAS FUNDO DE INVESTIMENTO EM DIREITOS  CREDITÓRIOS MULTISSETORIAL - RESPONSABILIDADE LIMITADA,Classe,46156848.84,ID CORRETORA DE TITULOS E VALORES MOBILIARIOS S.A.,25,0.0,4927083.28,11940740.180000002,16285852.540000001,25924378.509999998,30516660.55,16157147.39,46673807.94,False,0.10556420179673046,0.25583385429682604,0.34892915874650193,0.5554373995652174,0.0224968790795117,False
2026-06-30,09414255000175,DANIELE I - FUNDO DE INVESTIMENTO EM DIREITOS CREDITÓRIOS MULTISSEGMENTOS,Classe,13420660.42,FINAXIS CORRETORA DE TÍTULOS E VALORES MOBILIÁRIOS S.A.,25,0.0,4923949.43,11156851.86,14364278.370000001,19798923.659999996,8240311.28,7127264.21,15367575.49,False,0.3204115986418362,0.7259994829542236,0.9347133761826734,1.2883570133026883,0.16338992177959327,True
2026-06-30,28240255000140,MARINO INVEST FUNDO DE INVESTIMENTO EM DIREITOS CREDITÓRIOS  NÃO-PADRONIZADOS RESP LIMITADA,Classe,87391303.9,ID CORRETORA DE TITULOS E VALORES MOBILIARIOS S.A.,25,0.0,4916092.21,10342641.91,13742246.969999999,20366339.1,6277143.4,45159894.01,51437037.41,False,0.09557494866615804,0.20107382599739818,0.2671663778079166,0.39594696983929584,0.014464536874335198,False
2026-06-30,47968593000148,FUEL II FUNDO DE INVESTIMENTO EM DIREITOS CREDITÓRIOS - RESPONSABILIDADE LIMITADA,Classe,9266146.58,APEX GROUP DISTRIBUIDORA DE TÍTULOS E VALORES MOBILIÁRIOS S.A.,8,0.0,4888760.23,9434686.53,9687870.569999998,9687870.569999998,9687870.04,0.0,9687870.04,False,0.504626941713186,0.9738659262609184,1.0000000547075876,1.0000000547075876,0.3244642092423992,False
2026-06-30,34850033000142,AGROCRED FUNDO DE INVESTIMENTO NAS CADEIAS PRODUTIVAS DO AGRONEGÓCIO - RESPONSABILIDADE LIMITADA,Classe,36326602.96,QI CORRETORA DE TÍTULOS E VALORES MOBILIÁRIOS S.A.,25,0.0,4888229.66,8926853.879999999,12722479.65,19235894.469999995,19349848.95,16115487.61,35465336.56,False,0.13783119333240015,0.2517064476435353,0.35872998493828473,0.5423857866809426,0.026976380877448757,False
2026-06-30,66146849000186,ORBITA CAPITAL FUNDO DE INVESTIMENTO EM DIREITOS CREDITÓRIOS -  RESPONSABILIDADE LIMITADA,Classe,4982534.87,LIMINE TRUST DISTRIBUIDORA DE TITULOS E VALORES MOBILIARIOS LTDA.,1,0.0,4878804.33,4878804.33,4878804.33,4878804.33,4878804.33,0.0,4878804.33,False,1.0,1.0,1.0,1.0,1.0,False
2026-06-30,39338006000109,EQUIPMED FUNDO DE INVESTIMENTO EM DIREITOS CREDITÓRIOS DE RESPONSABILIDADE LIMITADA,Classe,28562017.37,BANCO DAYCOVAL S.A.,24,0.0,4851819.6,15045494.87,20814885.199999996,28705667.98,25029475.82,2097282.03,27126757.85,False,0.17885733440128007,0.5546366784116075,0.7673193130966071,1.0582048963879405,0.09132873177011705,True
2026-06-30,33003417000167,VASTA FUNDO DE INVESTIMENTO EM DIREITOS CREDITÓRIOS,Classe,41256141.36,QI CORRETORA DE TÍTULOS E VALORES MOBILIÁRIOS S.A.,25,0.0,4849435.03,14485342.69,15444024.93,17449685.060000002,36218836.69,0.0,36218836.69,False,0.13389262254629306,0.39993947939248403,0.42640864095627035,0.4817848019071759,0.04844280617907838,False
2026-06-30,45425498000172,K-FINANCE FUNDO DE INVESTIMENTO EM DIREITOS CREDITORIOS NAO PADRONIZADOS,Classe,4630731.7,QORE DISTRIBUIDORA DE TÍTULOS E VALORES MOBILIÁRIOS LTDA.,25,0.0,4842714.87,6689545.329999999,7478081.129999998,8572250.939999998,0.0,3963723.31,3963723.31,False,1.2217590611792728,1.6876923051422574,1.8866304595817003,2.162676420519372,1.56503661259053,True
2026-06-30,28065416000107,SERRANA FUNDO DE INVESTIMENTO EM DIREITOS CREDITÓRIOS,Classe,109523034.36,QORE DISTRIBUIDORA DE TÍTULOS E VALORES MOBILIÁRIOS LTDA.,25,0.0,4829553.45,14400368.39,18322902.349999998,26448977.16,0.0,79137454.58,79137454.58,False,0.06102740447783556,0.18196653489079154,0.23153262190758725,0.33421566690981636,0.009266845627281963,False
2026-06-30,64633435000156,YAALEH MEIOS DE PAGAMENTO FUNDO DE INVESTIMENTOS EM DIREITOS CREDITÓRIOS - RESPONSABILIDADE LIMITADA,Classe,10366775.35,QI CORRETORA DE TÍTULOS E VALORES MOBILIÁRIOS S.A.,3,0.0,4829084.79,8534047.75,8534047.75,8534047.75,8492538.22,0.0,8492538.22,False,0.5686267950643382,1.004887764873668,1.004887764873668,1.004887764873668,0.4743702239643312,False
2026-06-30,17030517000126,PLATA II FUNDO DE INVESTIMENTO EM DIREITOS CREDITÓRIOS MULTISSEGMENTOS,Classe,74308052.45,HEMERA DISTRIBUIDORA DE TITULOS E VALORES MOBILIARIOS LTDA,25,0.0,4827963.01,16793124.83,26498551.229999997,38247962.599999994,3486984.72,66537089.68,70024074.4,False,0.06894718782602001,0.23981930463046572,0.378420585449395,0.5462116126164746,0.018274114173769354,False
2026-06-30,58475489000138,Z 5 II FUNDO DE INVESTIMENTO EM  DIREITOS CREDITÓRIOS RESPONSABILIDADE LIMITADA,Classe,33184993.84,ID CORRETORA DE TITULOS E VALORES MOBILIARIOS S.A.,25,0.0,4813419.36,14740842.95,21877190.9,29637003.499999996,0.0,32727150.22,32727150.22,False,0.14707725321768028,0.45041633172788975,0.6684722242216664,0.9055784967763074,0.058817002651535506,False
2026-06-30,53328690000179,LATACHE 1962 FUNDO DE INVESTIMENTO EM DIREITOS CREDITÓRIOS,Classe,67748953.91,APEX GROUP DISTRIBUIDORA DE TÍTULOS E VALORES MOBILIÁRIOS S.A.,1,0.0,4804005.2,4804005.2,4804005.2,4804005.2,4804005.2,0.0,4804005.2,False,1.0,1.0,1.0,1.0,1.0,False
2026-06-30,45525150000157,CITRINO FUNDO DE  INVESTIMENTO EM DIREITOS CREDITÓRIOS NÃO PADRONIZADOS,Classe,14016776.04,QI CORRETORA DE TÍTULOS E VALORES MOBILIÁRIOS S.A.,2,0.0,4803763.66,8620721.33,8620721.33,8620721.33,5880166.47,0.0,5880166.47,False,0.8169434801732748,1.466067563559982,1.466067563559982,1.466067563559982,1.0887587254302546,True
2026-06-30,66332324000135,BOCOM BBM AGRO FUNDO DE INVESTIMENTO EM DIREITOS CREDITÓRIOS SEGMENTO AGRONEGÓCIO - RL,Classe,26059039.43,BNY MELLON SERVICOS FINANCEIROS DTVM S.A.,10,0.0,4789911.17,20079340.29,25937357.709999997,25937357.709999997,25937357.71,0.0,25937357.71,False,0.18467228711401382,0.7741474869762283,0.9999999999999999,0.9999999999999999,0.13836220751745168,False
2026-06-30,53250913000122,TABARE FUNDO DE INVESTIMENTO EM DIREITOS CREDITÓRIOS NÃO PADRONIZADOS DE RESPONSABILIDADE ILIMITADA,Classe,41804816.0,PLANNER CORRETORA DE VALORES S.A.,24,0.0,4776374.5,16502539.29,21209254.09,22828124.170000006,23428124.17,0.0,23428124.17,False,0.20387353530062838,0.7043901240344159,0.9052903226950926,0.9743897549950541,0.11852043826667723,False
2026-06-30,29492579000139,REAL TIME FUNDO DE INVESTIMENTO EM DIREITOS CREDITÓRIOS MULTISEGMENTOS,Classe,17580053.57,FINAXIS CORRETORA DE TÍTULOS E VALORES MOBILIÁRIOS S.A.,25,0.0,4765945.24,14294459.3,16497490.43,19182400.889999997,3868982.23,11084977.39,14953959.620000001,False,0.3187079115571398,0.9558979469813494,1.1032188697323766,1.2827639887662072,0.25495547772529864,True
2026-06-30,18563847000140,LIBRA II NP FUNDO DE INVESTIMENTO EM DIREITOS CREDITÓRIOS NÃO PADRONIZADOS MULTISSETORIAL,Classe,186648500.21,QI CORRETORA DE TÍTULOS E VALORES MOBILIÁRIOS S.A.,25,0.0,4747745.29,18721063.63,32116817.159999996,55442253.87,13582902.47,165271041.87,178853944.34,False,0.026545376494323054,0.10467235541873987,0.17957008037209493,0.30998619613669065,0.004567503590136259,False
2026-06-30,37036353000151,REC FUNDO DE INVESTIMENTO EM DIREITOS CREDITÓRIOS NÃO PADRONIZADO,Classe,21910039.85,QI CORRETORA DE TÍTULOS E VALORES MOBILIÁRIOS S.A.,25,0.0,4730055.93,8971787.86,10051866.629999999,11767424.709999999,10646035.29,8585226.25,19231261.54,False,0.24595661185106008,0.4665210257444192,0.5226836840158745,0.6118904204762845,0.08455597362289878,False
2026-06-30,54851851000177,TRADX FUNDO DE INVESTIMENTO EM DIREITOS CREDITÓRIOS DE RESPONSABILIDADE LIMITADA,Classe,49996949.11,BANCO DAYCOVAL S.A.,24,0.0,4724745.0,12139101.68,15914088.569999997,21281452.310000002,0.0,43589856.35,43589856.35,False,0.10839092843213739,0.27848455343670797,0.3650869698266394,0.48822029004002443,0.023150018396274216,False
2026-06-30,13327334000116,UNAVANTI FUNDO DE INVESTIMENTO EM DIREITOS CREDITÓRIOS,Classe,191404975.74,LIMINE TRUST DISTRIBUIDORA DE TITULOS E VALORES MOBILIARIOS LTDA.,24,0.0,4690556.91,17235496.58,26559349.269999996,41156312.37,14650118.57,173703582.75,188353701.32,False,0.0249029186956675,0.09150601479669399,0.14100784366789526,0.21850546116998387,0.0027429116172190023,False
2026-06-30,64787056000110,UNIQUE EON FUNDO DE INVESTIMENTO EM DIREITOS CREDITÓRIOS,Classe,72987533.69,QI CORRETORA DE TÍTULOS E VALORES MOBILIÁRIOS S.A.,25,0.0,4685286.78,15729581.4,23063130.72,33500232.75,0.0,46276404.71,46276404.71,False,0.10124569549776505,0.3399050012327546,0.49837775567331877,0.7239160639193053,0.03494089601068067,False
2026-06-30,42813981000136,METALFRIO SOLUTIONS FUNDO DE INVESTIMENTO EM DIREITOS CREDITÓRIOS,Classe,14299368.56,WNT CAPITAL DISTRIBUIDORA DE TITULOS E VALORES MOBILIARIOS S.A.,15,0.0,4647151.43,10432836.26,13168266.46,14264374.880000003,6906527.0,7357847.88,14264374.879999999,False,0.3257872475376222,0.7313910597391703,0.9231576266593466,1.0000000000000002,0.1654255564195391,False
2026-06-30,61199031000108,SOLUTION FUNDO DE INVESTIMENTO EM DIREITOS CREDITÓRIOS - RESPONSABILIDADE LIMITADA,Classe,12749359.68,BANVOX DISTRIBUIDORA DE TITULOS E VALORES MOBILIARIOS LTDA,15,0.0,4640734.49,11541474.860000001,12155730.89,12308234.64,12311492.63,0.0,12311492.63,False,0.37694328620168294,0.9374553684803693,0.9873482651794432,0.9997353700239351,0.2431138135719772,False
2026-06-30,50714026000170,1618 LEGAL CLAIMS FUNDO DE INVESTIMENTO EM DIREITOS CREDITÓRIOS,Classe,19195972.39,PLANNER CORRETORA DE VALORES S.A.,14,0.0,4636332.81,12936273.9,17293273.919999998,18272339.45,18256528.77,0.0,18256528.77,False,0.2539547834317027,0.7085834368063169,0.9472377875260237,1.0008660288162765,0.1338897019405522,False
2026-06-30,57185833000191,PLGN LGCY FUNDO DE INVESTIMENTO EM DIREITOS CREDITÓRIOS,Classe,89331002.88,BTG PACTUAL SERVIÇOS FINANCEIROS S/A DTVM,3,0.0,4616299.42,8658564.79,8658564.79,8658564.79,0.0,8530546.71,8530546.71,False,0.5411493046030106,1.0150070194035663,1.0150070194035663,1.0150070194035663,0.5042949957291112,False
2026-06-30,53160371000105,Z INVEST FUNDO DE INVESTIMENTO EM DIREITOS CREDITÓRIOS  RESPONSABILIDADE ILIMITADA,Classe,52249369.86,BANCO DAYCOVAL S.A.,24,0.0,4615924.28,19848933.64,26622514.13,36584817.67999999,52263581.79,0.0,52263581.79,False,0.08832009062347122,0.3797851766026081,0.5093893915838331,0.7000059396426606,0.03579939858109081,False
2026-06-30,64276414000120,KUARÁ COMETA FUNDO DE INVESTIMENTO EM DIREITOS CREDITÓRIOS,Classe,22368871.28,LIMINE TRUST DISTRIBUIDORA DE TITULOS E VALORES MOBILIARIOS LTDA.,12,0.0,4591913.88,9513289.959999999,9687272.85,9712424.83,22412011.0,0.0,22412011.0,False,0.20488629422857235,0.42447284003207025,0.43223577081057113,0.433358025301701,0.061947621091442875,False
2026-06-30,52259737000127,ISIDORO FUNDO DE INVESTIMENTO EM DIREITOS CREDITÓRIOS,Classe,10811809.94,QI CORRETORA DE TÍTULOS E VALORES MOBILIÁRIOS S.A.,4,0.0,4584475.53,8830010.99,8830010.99,8830010.99,7951045.33,235969.34,8187014.67,False,0.559969135855964,1.0785385572052482,1.0785385572052482,1.0785385572052482,0.411981988936233,True
2026-06-30,65668467000150,EVORA FUNDO DE INVESTIMENTO EM DIREITOS CREDITÓRIOS,Classe,30777009.19,FIDD DISTRIBUIDORA DE TITULOS E VALORES MOBILIARIOS LTDA.,25,0.0,4568222.67,10760692.19,13705007.639999999,17760700.119999997,30787505.3,0.0,30787505.3,False,0.1483791111194709,0.34951491149235786,0.445148364781605,0.5768801319540494,0.036515907664157715,False
2026-06-30,39375599000183,FUNDO DE INVESTIMENTO EM DIREITOS CREDITÓRIOS TRAMONTINA I,Classe,220758757.13,S3 CACEIS BRASIL DISTRIBUIDORA DE TITULOS E VALORES MOBILIARIOS S.A,24,0.0,4547318.54,14706697.549999999,23689686.270000003,42331862.650000006,0.0,172205132.54,172205132.54,False,0.026406405389477833,0.08540220220546511,0.1375666678488653,0.2458223052101372,0.002995527720672379,False
2026-06-30,57740019000191,VIA PRIME FLEX FUNDO DE INVESTIMENTO EM DIREITOS CREDITÓRIOS  NÃO-PADRONIZADOS  RESP LIMITADA,Classe,37898276.03,ID CORRETORA DE TITULOS E VALORES MOBILIARIOS S.A.,25,0.0,4542497.81,10917349.069999998,13610229.839999996,18854376.809999995,5537022.24,29978149.35,35515171.59,False,0.12790302303590811,0.30739958674658335,0.3832229785377758,0.5308823234098865,0.031228152635141223,False
2026-06-30,44272660000105,PRECATO III FUNDO DE INVESTIMENTO EM DIREITOS CREDITÓRIOS DE RESPONSABILIDADE LIMITADA,Classe,7335727.71,VORTX DISTRIBUIDORA DE TITULOS E VALORES MOBILIARIOS LTDA.,9,0.0,4539149.04,7790371.25,8239432.5,8239432.5,8239432.5,0.0,8239432.5,False,0.5509055435553358,0.9454985218945601,1.0,1.0,0.35243130555518126,False
2026-06-30,63829575000131,ARION PRECATÓRIOS FUNDO DE INVESTIMENTO EM DIREITOS CREDITÓRIOS NÃO-PADRONIZADOS,Classe,5503162.05,QI CORRETORA DE TÍTULOS E VALORES MOBILIÁRIOS S.A.,4,0.0,4519869.52,5490638.4799999995,5490638.4799999995,5490638.4799999995,5490638.48,0.0,5490638.48,False,0.8231956149478629,0.9999999999999998,0.9999999999999998,0.9999999999999998,0.6900774436984539,False
2026-06-30,63114707000149,G5 STAR II FUNDO DE INVESTIMENTO EM DIREITOS CREDITÓRIOS - NÃO PADRONIZADOS,Classe,10397612.63,QI CORRETORA DE TÍTULOS E VALORES MOBILIÁRIOS S.A.,6,0.0,4499994.04,8622175.86,8627704.149999999,8627704.149999999,8627704.04,0.0,8627704.04,False,0.5215749194846049,0.9993592524761663,1.000000012749626,1.000000012749626,0.41554086032643095,False
2026-06-30,52354707000108,IZI CASH I FUNDO DE INVESTIMENTO EM DIREITOS CREDITÓRIOS,Classe,30802241.89,BTG PACTUAL SERVIÇOS FINANCEIROS S/A DTVM,25,0.0,4496818.26,12882533.65,16756513.97,21180500.289999995,0.0,26539232.09,26539232.09,False,0.169440405990285,0.48541471005312725,0.6313865417497844,0.7980826354799023,0.06167881498591642,False
2026-06-30,18593058000151,ZKR NP FUNDO DE INVESTIMENTO EM DIREITOS CREDITORIOS NAO PADRONIZADOS MULTISSETORIAL,Classe,9937104.63,QI CORRETORA DE TÍTULOS E VALORES MOBILIÁRIOS S.A.,25,0.0,4460281.54,12626745.059999999,17449431.240000002,22072504.930000003,0.0,8369970.04,8369970.04,False,0.5328909803361733,1.5085770916331738,2.084766272353348,2.637106802594959,0.6614815845841089,True
2026-06-30,17213074000109,CENTRUM FUNDO DE INVESTIMENTO EM DIREITOS CREDITORIOS,Classe,24972355.23,QI CORRETORA DE TÍTULOS E VALORES MOBILIÁRIOS S.A.,25,0.0,4443750.03,9102527.99,10727781.04,14473733.969999997,0.0,14512166.35,14512166.35,False,0.30620859235120335,0.6272342647174797,0.7392267137290636,0.9973517131024341,0.14143935053253817,False
2026-06-30,28472392000100,UPL 1 FUNDO DE INVESTIMENTO EM DIREITOS CREDITÓRIOS AGRONEGÓCIO RESPONSABILIDADE LIMITADA,Classe,965789869.25,FINAXIS CORRETORA DE TÍTULOS E VALORES MOBILIÁRIOS S.A.,25,0.0,4424593.5,9521299.5,11592791.42,13398425.87,688004185.99,0.0,688004185.99,False,0.006431056075092413,0.013839013909921748,0.01684988500952013,0.019474337718920133,5.8321847521555614e-05,False
2026-06-30,61535375000140,ÁTRIA II FUNDO DE INVESTIMENTO EM DIREITOS CREDITÓRIOS DE RESPONSABILIDADE LIMITADA,Classe,20961555.22,CATÁLISE DISTRIBUIDORA DE TITULOS E VALORES MOBILIARIOS LTDA.,19,0.0,4393039.18,8370537.95,8451684.53,8499897.459999999,0.0,8495500.48,8495500.48,False,0.5171018694357132,0.9852907394574122,0.9948424521776966,1.0005175657408707,0.4040659895928992,False
2026-06-30,33133194000152,JES FUNDO DE INVESTIMENTO EM DIREITOS CREDITÓRIOS MULTISEGMENTOS,Classe,178212575.51,FINAXIS CORRETORA DE TÍTULOS E VALORES MOBILIÁRIOS S.A.,25,0.0,4386816.34,12371057.079999998,16233831.529999997,22213852.269999996,5557250.23,153429455.2,158986705.42999998,False,0.027592346970995413,0.07781189657676649,0.10210810700236547,0.13972144532412178,0.0017704002321464985,False
2026-06-30,60788422000103,USIQUÍMICA DO BRASIL FUNDO DE INVESTIMENTOS EM DIREITOS CREDITÓRIOS DE RESPONSABILIDADE LIMITADA,Classe,42823433.56,GENIAL INVESTIMENTOS CORRETORA DE VALORES MOBILIÁRIOS S.A.,24,0.0,4382758.44,10251230.850000001,14439721.449999997,19865912.01,21708059.48,0.0,21708059.48,False,0.20189545012247223,0.47223156263435856,0.6651779014749594,0.9151399289421885,0.07215029695263202,False
2026-06-30,61328619000114,FORTUNA BANK - FUNDO DE INVESTIMENTO EM DIREITOS CREDITÓRIOS NÃO-PADRONIZADOS,Classe,8720625.14,AZUMI DISTRIBUIDORA DE TÍTULOS E VALORES MOBILIÁRIOS LTDA.,25,0.0,4367243.92,6938522.909999999,7930906.049999999,9123940.179999998,0.0,8409865.75,8409865.75,False,0.5193000756284367,0.8250456209720113,0.9430478780234987,1.0849091354401226,0.30163527767155357,True
2026-06-30,24506071000129,IOX PME FUNDO DE INVESTIMENTO EM DIREITOS CREDITÓRIOS,Classe,305413658.75,QI CORRETORA DE TÍTULOS E VALORES MOBILIÁRIOS S.A.,25,0.0,4352511.93,16911352.15,28056069.04,46934030.7,5992000.0,139135921.85,145127921.85,False,0.029990865124483967,0.11652721223059392,0.19331958097627785,0.32339766257047114,0.0051902091136855405,False
2026-06-30,63905021000176,STAR BLUE FUNDO DE INVESTIMENTO EM DIREITOS CREDITÓRIOS DE  RESPONSABILIDADE LIMITADA,Classe,18454651.94,VORTX DISTRIBUIDORA DE TITULOS E VALORES MOBILIARIOS LTDA.,23,0.0,4349430.43,7797958.14,8653906.06,9232524.319999998,9232524.33,0.0,9232524.33,False,0.4710987238741454,0.8446182063838655,0.937328270219679,0.9999999989168724,0.27538511897778034,False
2026-06-30,62791919000106,BE FUND FUNDO DE INVESTIMENTO EM DIREITOS CREDITÓRIOS RESPONSABILIDADE LIMITADA,Classe,15390793.99,ID CORRETORA DE TITULOS E VALORES MOBILIARIOS S.A.,1,0.0,4347191.23,4347191.23,4347191.23,4347191.23,4100000.0,4347191.23,8447191.23,False,0.5146315635143968,0.5146315635143968,0.5146315635143968,0.5146315635143968,0.26484564616527256,False
2026-06-30,17198822000121,ROVENSA FUNDO DE INVESTIMENTO EM DIREITOS CREDITÓRIOS AGRONEGÓCIO  RESPONSABILIDADE LIMITADA,Classe,163904940.18,FINAXIS CORRETORA DE TÍTULOS E VALORES MOBILIÁRIOS S.A.,25,0.0,4330112.69,18721289.92,32977191.970000003,60951361.16000001,151614987.47,0.0,151614987.47,False,0.02855992512519119,0.12347915092302056,0.21750614843750316,0.4020140896167039,0.007229773573719867,False
2026-06-30,54246795000141,LOGÍSTICA BR I FUNDO DE INVESTIMENTO EM DIREITOS CREDITÓRIOS DE RESPONSABILIDADE ILIMITADA - LONGO P,Classe,4325684.54,ID CORRETORA DE TITULOS E VALORES MOBILIARIOS S.A.,1,0.0,4321551.92,4321551.92,4321551.92,4321551.92,4321551.92,0.0,4321551.92,False,1.0,1.0,1.0,1.0,1.0,False
2026-06-30,29236426000120,SIGMA CREDIT FUNDO DE INVESTIMENTO EM DIREITOS CREDITORIOS,Classe,137273357.35,QI CORRETORA DE TÍTULOS E VALORES MOBILIÁRIOS S.A.,25,0.0,4296335.48,16044209.89,24362185.930000003,37553403.52,29873663.86,104509927.35,134383591.20999998,False,0.031970685120969546,0.11939113805142969,0.181288397717616,0.279449322509291,0.004411441989832526,False
2026-06-30,55565510000106,FUNDO DE INVESTIMENTO EM DIREITOS CREDITÓRIOS TM4,Classe,267416885.76,VORTX DISTRIBUIDORA DE TITULOS E VALORES MOBILIARIOS LTDA.,24,0.0,4294824.99,12951777.36,22887123.37,44076212.870000005,258399853.04,0.0,258399853.04,False,0.016620849197368413,0.050123005905870543,0.08857250923612987,0.17057367622874406,0.0013514124808552538,False
2026-06-30,48982247000187,ALUGUEL INVEST FUNDO DE INVESTIMENTO EM DIREITOS CREDITÓRIOS - RESPONSABILIDADE LIMITADA,Classe,10258596.15,QI CORRETORA DE TÍTULOS E VALORES MOBILIÁRIOS S.A.,21,0.0,4294667.77,7020283.85,7300527.2299999995,7488748.900000001,7239695.58,0.0,7239695.58,False,0.5932110988014775,0.9696932381236947,1.008402514902429,1.034401076294979,0.41475011520194016,False
2026-06-30,59929292000194,PREMIUM RECEBÍVEIS MULTISSETORIAL II FUNDO DE INVESTIMENTO  EM DIREITOS CREDITÓRIOS - RESP LIMITADA,Classe,23017086.61,HEMERA DISTRIBUIDORA DE TITULOS E VALORES MOBILIARIOS LTDA,25,0.0,4246000.0,8295539.78,9477056.85,11233158.6,155121.84,15960014.41,16115136.25,False,0.26347900099200217,0.5147669651257215,0.5880841901041948,0.6970563838701643,0.09666997948872706,False
2026-06-30,56944509000147,LC JUD FUNDO DE INVESTIMENTO EM DIREITOS CREDITÓRIOS,Classe,9184152.03,PLANNER CORRETORA DE VALORES S.A.,1,0.0,4237808.37,4237808.37,4237808.37,4237808.37,4237808.37,0.0,4237808.37,False,1.0,1.0,1.0,1.0,1.0,False
2026-06-30,35609597000150,BLP W FUNDO DE INVESTIMENTO EM DIREITOS CREDITÓRIOS DE RESPONSABILIDADE LIMITADA,Classe,35371821.25,TRUSTEE DISTRIBUIDORA DE TITULOS E VALORES MOBILIARIOS LTDA.,12,0.0,4190274.58,11967461.14,19157196.62,25988263.48,33233635.0,0.0,33233635.0,False,0.12608535238471508,0.3601008779208173,0.5764400018234539,0.7819867877829193,0.12172519342242925,False
2026-06-30,53073545000194,DEVLET FIDC MULTISSETORIAL DE RESPONSABILIDADE ILIMITADA,Classe,41118463.54,BANCO DAYCOVAL S.A.,24,0.0,4175431.54,15381878.950000001,22717379.8,30054423.09,3934506.96,37194116.33,41128623.29,False,0.10152130574755254,0.37399450114198074,0.5523496286228354,0.7307422589393461,0.039233670730251906,False
2026-06-30,29109383000112,CAPITAL FINANÇAS FUNDO DE INVESTIMENTO EM DIREITOS CREDITORIOS MULTISSETORIAL,Classe,46123600.71,QI CORRETORA DE TÍTULOS E VALORES MOBILIÁRIOS S.A.,25,0.0,4147517.32,12048470.46,15195552.55,19612275.7,5874954.05,36101461.22,41976415.269999996,False,0.09880589596139662,0.28702952318586594,0.3620021493559996,0.4672213092483064,0.020668502321222183,False
2026-06-30,57720055000193,GENEVE FUNDO DE INVESTIMENTO EM DIREITOS CREDITÓRIOS NÃO PADRONIZADOS,Classe,800705.49,PLANNER CORRETORA DE VALORES S.A.,10,0.0,4144598.0,9658223.5,9665043.18,9665043.18,0.0,0.0,0.0,True,,,,,,
2026-06-30,57074997000141,4 ILHAS CAPITAL FUNDO DE INVESTIMENTO EM DIREITOS CREDITÓRIOS,Classe,130663330.3,QI CORRETORA DE TÍTULOS E VALORES MOBILIÁRIOS S.A.,25,0.0,4132980.28,16862729.560000002,23742930.009999994,34075304.88999999,3664074.59,121207561.66,124871636.25,False,0.03309783073335839,0.13504051093108024,0.19013869540770106,0.2728826650575742,0.004952020412100396,False
2026-06-30,51660048000167,APG FUNDO DE INVESTIMENTO EM DIREITOS CREDITÓRIOS DE  RESPONSABILIDADE LIMITADA,Classe,110683975.77,QI CORRETORA DE TÍTULOS E VALORES MOBILIÁRIOS S.A.,25,0.0,4124972.11,18176690.61,30452554.290000003,48572582.79999999,13592157.32,86875604.39,100467761.71000001,False,0.04105766904518808,0.18092062867357372,0.303107721040917,0.4834643668105661,0.011900246353948561,False
2026-06-30,58821092000150,HOUSI FIDC DE CLASSE ÚNICA FECHADA DE RESPOSABILIDADE LIMITADA,Classe,8290810.53,APEX GROUP DISTRIBUIDORA DE TÍTULOS E VALORES MOBILIÁRIOS S.A.,3,0.0,4118152.3,9550739.65,9550739.65,9550739.65,8196667.47,0.0,8196667.47,False,0.5024178808122369,1.1651978910887795,1.1651978910887795,1.1651978910887795,0.48029115559588303,True
2026-06-30,52273542000131,FÊNIX FUNDO DE INVESTIMENTO EM DIREITOS CREDITÓRIOS,Classe,147732108.15,VORTX DISTRIBUIDORA DE TITULOS E VALORES MOBILIARIOS LTDA.,24,0.0,4090879.15,5095069.100000001,5570860.49,6410148.870000001,144445132.26,0.0,144445132.26,False,0.02832133617792293,0.03527338734287647,0.03856731205017348,0.044377742397450876,0.000822263401152637,False
2026-06-30,23273905000130,CREDSHOW FUNDO DE INVESTIMENTO EM DIREITOS CREDITÓRIOS NÃO-PADRONIZADOS VAREJO,Classe,4067324.32,QI CORRETORA DE TÍTULOS E VALORES MOBILIÁRIOS S.A.,25,0.0,4065489.65,4070958.67,4077567.3799999994,4094749.3699999996,4065489.65,0.0,4065489.65,False,1.0,1.0013452303340633,1.002970793444278,1.007197096172659,1.0000021752225323,False
2026-06-30,58570039000124,CACTUS FUNDO DE INVESTIMENTO EM DIREITOS CREDITÓRIOS,Classe,4777980.69,QI CORRETORA DE TÍTULOS E VALORES MOBILIÁRIOS S.A.,13,0.0,4060640.28,17895309.93,26964665.050000004,27640207.21,4060318.71,0.02,4060318.73,False,1.0000791932903257,4.4073658054918265,6.641021762840772,6.807398396036756,5.050281500905699,True
2026-06-30,64111898000158,4L FUNDO DE INVESTIMENTO EM DIREITOS CREDITÓRIOS DE CLASSE ÚNICA FECHADA,Classe,4084749.87,APEX GROUP DISTRIBUIDORA DE TÍTULOS E VALORES MOBILIÁRIOS S.A.,1,0.0,4048834.24,4048834.24,4048834.24,4048834.24,4048834.22,0.0,4048834.22,False,1.0000000049396935,1.0000000049396935,1.0000000049396935,1.0000000049396935,1.000000009879387,False
2026-06-30,55157099000121,GOLDEN TREE FUNDO DE INVESTIMENTO EM DIREITOS CREDITÓRIOS CONSIGNADO PRIVADO,Classe,3161916.17,SEFER INVESTIMENTOS DISTRIBUIDORA DE TÍTULOS E VALORES MOBILIÁRIOS LTDA.,25,0.0,4041530.59,4272166.41,4511546.350000001,5037948.32,2888812.18,0.0,2888812.18,False,1.399028506588476,1.4788661026761525,1.5617305899063332,1.7439514949705037,1.9625363473277948,True
2026-06-30,58157509000122,WK CAPITAL FUNDO DE INVESTIMENTO EM DIREITOS CREDITÓRIOS,Classe,22425267.73,QI CORRETORA DE TÍTULOS E VALORES MOBILIÁRIOS S.A.,25,0.0,4027894.19,8800255.13,10998346.03,14616028.240000002,0.0,20625821.75,20625821.75,False,0.19528405892482806,0.42666203735616015,0.5332318955970808,0.7086276812219616,0.05772446190760354,False
2026-06-30,50184026000105,AMALFI FUNDO DE INVESTIMENTO EM DIREITOS CREDITÓRIOS RESPONSABILIDADE LIMITADA,Classe,33581919.34,ID CORRETORA DE TITULOS E VALORES MOBILIARIOS S.A.,24,0.0,4023900.46,14023205.34,19506226.82,24196786.320000004,529019.24,27631566.14,28160585.38,False,0.14289122210001445,0.4979727924959776,0.692678314629552,0.8592430162046584,0.0643903729726817,False
2026-06-30,50382278000149,BELLENZIER PRIME CASH FUNDO DE INVESTIMENTO EM DIREITOS CREDITÓRIOS,Classe,40962331.09,ID CORRETORA DE TITULOS E VALORES MOBILIARIOS S.A.,25,0.0,4010698.56,4840658.26,5358634.18,6355808.389999999,20226983.19,18395460.4,38622443.59,False,0.1038437288581719,0.12533278089254113,0.13874404832809284,0.16456256516212828,0.010985361310586817,False
2026-06-30,65953190000107,VERIDIUM STRUCTURED FUNDO DE INVESTIMENTO EM DIREITOS CREDITÓRIOS,Fundo,5574217.9,QORE DISTRIBUIDORA DE TÍTULOS E VALORES MOBILIÁRIOS LTDA.,3,0.0,4000632.43,4873268.41,4873268.41,4873268.41,4873268.41,0.0,4873268.41,False,0.8209341438675241,1.0,1.0,1.0,0.6905243954920872,False
2026-06-30,15078010000117,MAKALU FUNDO DE INVESTIMENTO EM DIREITOS CREDITÓRIOS,Classe,19867811.11,BARU DISTRIBUIDORA DE TÍTULOS E VALORES MOBILIÁRIOS LTDA.,1,0.0,4000003.0,4000003.0,4000003.0,4000003.0,4000003.0,0.0,4000003.0,False,1.0,1.0,1.0,1.0,1.0,False
2026-06-30,61176663000156,SCROLL FUNDO DE INVESTIMENTO EM DIREITOS CREDITÓRIOS,Classe,7772707.13,ID CORRETORA DE TITULOS E VALORES MOBILIARIOS S.A.,2,0.0,4000000.0,7500000.0,7500000.0,7500000.0,7500000.0,0.0,7500000.0,False,0.5333333333333333,1.0,1.0,1.0,0.5022222222222222,False
2026-06-30,45722284000168,FIDC CANAAN - FUNDO DE INVESTIMENTO EM DIREITOS CREDITÓRIOS RESPONSABILIDADE LIMITADA,Classe,36009339.18,ID CORRETORA DE TITULOS E VALORES MOBILIARIOS S.A.,25,0.0,3972213.65,12381042.24,17091012.810000002,24392754.779999997,32104032.86,0.0,32104032.86,False,0.12372942886403462,0.3856537991345677,0.532363422518625,0.759803445454111,0.04356976304749185,False
2026-06-30,55609516000120,SIGHT FUNDO DE INVESTIMENTO EM DIREITOS CREDITÓRIOS RESPONSABILIDADE LIMITADA,Classe,9480719.24,ID CORRETORA DE TITULOS E VALORES MOBILIARIOS S.A.,25,0.0,3951359.89,5824450.129999999,7044859.129999999,9393147.159999998,4299979.71,6053852.9,10353832.61,False,0.38163258368535674,0.5625404958135594,0.6804107614407338,0.9072145082708652,0.1609320684621886,False
2026-06-30,20861236000120,MAXINVESTOR FUNDO DE INVESTIMENTO EM DIREITOS CREDITÓRIOS NÃO-PADRONIZADOS MULTISSETORIAL LP,Classe,35894288.34,QI CORRETORA DE TÍTULOS E VALORES MOBILIÁRIOS S.A.,25,0.0,3948231.22,13590133.620000001,16596000.950000003,21709996.5,565.57,27376651.28,27377216.85,False,0.14421594574906543,0.49640303813424336,0.6061975196722745,0.7929950154885813,0.05944703061911416,False
2026-06-30,58114784000169,BOMBAIM FUNDO DE INVESTIMENTO EM DIREITOS CREDITÓRIOS  RESPONSABILIDADE LIMITADA,Classe,10109647.41,ID CORRETORA DE TITULOS E VALORES MOBILIARIOS S.A.,2,0.0,3941754.95,4185283.68,4185283.68,4185283.68,4185283.68,0.0,4185283.68,False,0.9418130887605688,1.0,1.0,1.0,0.8903976108003084,False
2026-06-30,39722215000151,FIRMA FUNDO DE INVESTIMENTO EM DIREITOS CREDITÓRIOS  PADRONIZADOS I,Classe,81498895.67,QI CORRETORA DE TÍTULOS E VALORES MOBILIÁRIOS S.A.,25,0.0,3935198.69,14162773.98,21883762.069999997,34643974.97,932753.92,71846802.88,72779556.8,False,0.054070110660525486,0.1945982443795261,0.300685563806566,0.4760124476328221,0.012342799005222943,False
2026-06-30,56284148000150,CSE BANK FUNDO DE INVESTIMENTO EM DIREITOS CREDITÓRIOS,Classe,21451259.27,AZUMI DISTRIBUIDORA DE TÍTULOS E VALORES MOBILIÁRIOS LTDA.,25,0.0,3928412.09,9547560.729999999,13391828.01,18619596.999999996,19447426.6,0.0,19447426.6,False,0.2020016411837235,0.49094211416126377,0.6886169715637337,0.9574324347880554,0.0782980347720879,False
2026-06-30,54851950000159,"PROBANK FIDC FINANCEIROS, IMOBILIÁRIOS, VAREJISTAS E INDUSTRIAIS DE RESPONSABILIDADE LIMITADA",Classe,28907586.24,BANCO DAYCOVAL S.A.,24,0.0,3905272.49,9314448.35,13505574.579999998,18502566.900000002,14914139.77,12685199.43,27599339.2,False,0.14149876784006482,0.33748809283086023,0.489344128210142,0.6703989094057731,0.03730627428296529,False
2026-06-30,54008688000185,MARAJÓ FIDC - SEGMENTO FINANCEIRO E COMERCIAL - RESPONSABILIDADE LIMITADA,Classe,106321229.69,BANCO DAYCOVAL S.A.,24,0.0,3904463.66,14458791.41,23020211.11,36027171.70999999,105009496.34,0.0,105009496.34,False,0.03718200540033178,0.13769032243698504,0.21922027923517606,0.34308489199254066,0.006499720365452607,False
2026-06-30,28194817000167,CREDVALE FUNDO DE INVESTIMENTO EM DIREITOS CREDITORIOS MULTISSETORIAL,Classe,323246669.37,QI CORRETORA DE TÍTULOS E VALORES MOBILIÁRIOS S.A.,25,0.0,3900600.0,11060054.48,16651455.05,26735053.580000002,5092465.1,267145535.18,272238000.28000003,False,0.014327904245506456,0.04062641684344068,0.061165065247591376,0.09820470894034881,0.0005607543553882849,False
2026-06-30,40226200000181,BARU FUNDO DE INVESTIMENTO EM DIREITOS CREDITÓRIOS RESPONSABILIDADE LIMITADA,Classe,127782170.86,QI CORRETORA DE TÍTULOS E VALORES MOBILIÁRIOS S.A.,25,0.0,3877141.5,17581273.32,29795024.42,56621332.18999999,104516395.61,2586627.53,107103023.14,False,0.036200112623637,0.1641529137512635,0.27819032130450094,0.5286623153109998,0.012347765763919518,False
2026-06-30,30659203000155,APPALOOSA FUNDO DE  INVESTIMENTO EM DIREITOS CREDITÓRIOS,Classe,132683262.73,QI CORRETORA DE TÍTULOS E VALORES MOBILIÁRIOS S.A.,25,0.0,3870163.07,16423852.88,27869204.0,49353009.879999995,27932147.29,93567281.79,121499429.08000001,False,0.03185334366840302,0.13517637905266114,0.2293772424366687,0.40619952088420125,0.00771514637387836,False
2026-06-30,37651102000187,BARCELONA FUNDO DE INVESTIMENTO EM DIREITOS CREDITÓRIOS RESPONSABILIDADE LIMITADA,Classe,152281950.83,ID CORRETORA DE TITULOS E VALORES MOBILIARIOS S.A.,25,0.0,3866731.14,12201779.82,21128991.310000002,39923131.36,3017252.06,139162259.94,142179512.0,False,0.027196120493084827,0.08581953650255883,0.14860784801399518,0.28079384152057013,0.0035926292033793134,False
2026-06-30,36334968000100,POSITANO FUNDO DE INVESTIMENTO EM DIREITOS CREDITÓRIOS,Classe,23230508.33,QI CORRETORA DE TÍTULOS E VALORES MOBILIÁRIOS S.A.,6,0.0,3853589.22,9000321.94,9001095.09,9001095.09,9001095.09,0.0,9001095.09,False,0.4281244872394743,0.9999141048958744,1.0,1.0,0.3144145769170109,False
2026-06-30,64536059000181,MM FUNDO DE INVESTIMENTO EM DIREITOS CREDITÓRIOS,Classe,22722277.34,LIMINE TRUST DISTRIBUIDORA DE TITULOS E VALORES MOBILIARIOS LTDA.,25,0.0,3832210.25,10993580.43,14890750.409999998,20080462.71,22466891.73,0.0,22466891.73,False,0.17057144780213884,0.489323603910918,0.6627864053894205,0.8937801878123887,0.0654000282534497,False
2026-06-30,56912548000162,W INVEST FUNDO DE INVESTIMENTO EM DIREITOS CREDITÓRIOS,Classe,12306179.86,AZUMI DISTRIBUIDORA DE TÍTULOS E VALORES MOBILIÁRIOS LTDA.,25,0.0,3828613.5,3858391.86,3891590.3699999996,3981703.75,11277090.73,15341.44,11292432.17,False,0.3390424172899858,0.3416794364504029,0.34461932659100486,0.35259930633703335,0.11495749076009447,False
2026-06-30,55708679000160,AMETISTA I FUNDO DE INVESTIMENTO  EM DIREITOS CREDITÓRIOS RESPONSABILIDADE LIMITADA,Classe,14914171.5,PLANNER CORRETORA DE VALORES S.A.,1,0.0,3811381.58,3811381.58,3811381.58,3811381.58,539859.84,0.0,539859.84,False,7.05994648536924,7.05994648536924,7.05994648536924,7.05994648536924,49.84284437627748,True
2026-06-30,44415022000198,QUARTZO ALPHA FUNDO DE INVESTIMENTO EM DIREITOS CREDITÓRIOS  NÃO - PADRONIZADOS,Classe,25760541.32,AZUMI DISTRIBUIDORA DE TÍTULOS E VALORES MOBILIÁRIOS LTDA.,24,0.0,3801393.91,6616071.72,6634596.419999999,6654217.719999999,16234424.32,0.0,16234424.32,False,0.23415637259874209,0.40753349731344213,0.40867457257640527,0.4098831956611073,0.08413733877399703,False
2026-06-30,61750443000194,GCRED FUNDO DE INVESTIMENTO EM DIREITOS CREDITÓRIOS,Classe,15270303.29,LIMINE TRUST DISTRIBUIDORA DE TITULOS E VALORES MOBILIARIOS LTDA.,25,0.0,3795568.3,10623898.709999999,13336754.23,16527561.03,18435875.0,0.0,18435875.0,False,0.2058794768352465,0.5762622446724117,0.7234131404123754,0.896489102361564,0.08770054275368559,False
2026-06-30,43143438000131,STZ FORNECEDORES FUNDO DE INVESTIMENTO EM DIREITOS CREDITÓRIOS CORPORATIVOS,Classe,34037264.34,BTG PACTUAL SERVIÇOS FINANCEIROS S/A DTVM,25,0.0,3789755.46,10381800.879999999,15532884.319999998,24276931.599999998,0.0,26489978.54,26489978.54,False,0.14306374217243892,0.3919142805013386,0.5863683240265849,0.9164572014787294,0.052040103068993995,False
2026-06-30,60021572000189,QC INVEST FUNDO DE INVESTIMENTO EM DIREITOS CREDITÓRIOS  MULTISSETORIAL RESPONSABILIDADE LIMITADA,Classe,11381399.71,ID CORRETORA DE TITULOS E VALORES MOBILIARIOS S.A.,25,0.0,3770546.33,5588048.749999999,6552438.81,8026631.84,8862044.54,373725.13,9235769.67,False,0.40825469503073913,0.6050441868587655,0.7094632114185238,0.8690809891104614,0.18155789528651436,False
2026-06-30,11902354000148,FM1 FUNDO DE INVESTIMENTO EM DIREITOS CREDITÓRIOS-  RESPONSABILIDADE LIMITADA,Classe,-4891059.02,BNY MELLON SERVICOS FINANCEIROS DTVM S.A.,1,0.0,3756840.28,3756840.28,3756840.28,3756840.28,3756840.28,0.0,3756840.28,False,1.0,1.0,1.0,1.0,1.0,False
2026-06-30,28960803000107,M SUL FUNDO DE INVESTIMENTO EM DIREITOS CREDITORIOS,Classe,38203524.68,ACTUAL DISTRIBUIDORA DE TITULOS E VALORES MOBILIARIOS S.A.,25,0.0,3735400.87,15404263.09,26481601.64,37398788.74,25986940.45,10503344.64,36490285.09,False,0.10236699605900502,0.4221469646511879,0.7257164906956883,1.0248971376288032,0.06374678963057821,False
2026-06-30,57213448000100,MISSÕES FUNDO DE INVESTIMENTO EM DIREITOS CREDITÓRIOS,Classe,235139723.23,QI CORRETORA DE TÍTULOS E VALORES MOBILIÁRIOS S.A.,25,0.0,3728350.43,4197326.99,4366295.130000001,4716971.15,349963.02,233396920.46,233746883.48000002,False,0.01595037492903732,0.017956718513250827,0.01867958650397832,0.020179824773593598,0.000255957250484288,False
2026-06-30,20998989000181,VERUM II FUNDO DE  INVESTIMENTO EM DIREITOS CREDITÓRIOS NÃO PADRONIZADOS RESPONSABILIDADE  LIMITADA,Classe,3029669.61,ID CORRETORA DE TITULOS E VALORES MOBILIARIOS S.A.,25,0.0,3710068.75,10895386.399999999,14053812.98,15577164.160000004,2047762.58,748979.37,2796741.95,False,1.3265681340389661,3.895742472772648,5.025066034426237,5.569753820154914,4.06421413379818,True
2026-06-30,50153414000129,INVESTMACH FUNDO DE INVESTIMENTO EM DIREITOS CREDITORIOS - FIDC,Classe,40438481.07,ID CORRETORA DE TITULOS E VALORES MOBILIARIOS S.A.,25,0.0,3701570.52,11384485.15,16863672.190000005,26692304.71,39850514.26,0.0,39850514.26,False,0.09288639277901253,0.2856797549894404,0.4231732639627925,0.6698107968155491,0.0261936079095711,False
2026-06-30,48946018000107,MAUÁ SANEAMENTO III FUNDO DE INVESTIMENTO EM DIREITOS CREDITÓRIOS - RESPONSABILIDADE LIMITADA,Classe,140422725.77,APEX DISTRIBUIDORA DE TÍTULOS E VALORES MOBILIÁRIOS S.A.,13,0.0,3685418.36,35839388.980000004,96527236.28,104149446.64000002,134146231.99,0.0,134146231.99,False,0.0274731411037675,0.2671665722423845,0.7195672576714318,0.7763874176336455,0.08278640292525627,False
2026-06-30,61909905000173,MARAÚ FUNDO DE INVESTIMENTO EM DIREITOS CREDITÓRIOS - RESPONSABILIDADE LIMITADA,Classe,16019151.02,GENIAL INVESTIMENTOS CORRETORA DE VALORES MOBILIÁRIOS S.A.,1,0.0,3668864.55,3668864.55,3668864.55,3668864.55,3668864.55,0.0,3668864.55,False,1.0,1.0,1.0,1.0,1.0,False
2026-06-30,32510527000152,CANAL 56 FUNDO DE INVESTIMENTO EM DIREITOS CREDITORIOS NAO PADRONIZADOS,Classe,62669299.22,QI CORRETORA DE TÍTULOS E VALORES MOBILIÁRIOS S.A.,1,0.0,3667515.39,3667515.39,3667515.39,3667515.39,62649350.4,0.0,62649350.4,False,0.05854035782628003,0.05854035782628003,0.05854035782628003,0.05854035782628003,0.003426973494428906,False
2026-06-30,56661282000122,VENTURO FUNDO DE INVESTIMENTO EM DIREITOS CREDITÓRIOS,Classe,18405824.85,BTG PACTUAL SERVIÇOS FINANCEIROS S/A DTVM,25,0.0,3662922.24,14968312.57,26875607.16,44104339.69,13598125.13,0.0,13598125.13,False,0.26936965243237176,1.1007629674606472,1.9764200507838685,3.243413284431219,0.533042417707475,True
2026-06-30,60602947000102,URUK CORE FUNDO DE INVESTIMENTO EM DIREITOS CREDITÓRIOS - RESPONSABILIDADE LIMITADA,Classe,22114780.82,FINVEST DISTRIBUIDORA DE TÍTULOS E VALORES MOBILIÁRIOS LTDA.,3,0.0,3662601.5,6504867.25,6504867.25,6504867.25,1624849.38,6504867.25,8129716.63,False,0.45052019236247354,0.8001345613936854,0.8001345613936854,0.8001345613936854,0.2777544610459317,False
2026-06-30,39851553000193,COINVEST FUNDO DE INVESTIMENTO EM DIREITOS CREDITÓRIOS,Classe,24146886.95,LIMINE TRUST DISTRIBUIDORA DE TITULOS E VALORES MOBILIARIOS LTDA.,25,0.0,3659044.47,6700645.74,8633143.56,12407667.080000002,14044209.9,7113109.95,21157319.85,False,0.1729446118857063,0.3167057920145779,0.4080452354649259,0.5864479607042478,0.03960344128416404,False
2026-06-30,63882747000130,IFOOD PAGO CRÉDITO IV FUNDO DE INVESTIMENTO EM DIREITOS CREDITÓRIOS DE RESPONSABILIDADE  LIMITADA,Classe,79962817.56,GENIAL INVESTIMENTOS CORRETORA DE VALORES MOBILIÁRIOS S.A.,24,0.0,3653851.02,11678800.110000001,15761474.290000003,26565799.330000002,73614783.96,0.0,73614783.96,False,0.04963474486300728,0.1586474819561503,0.21410745834103517,0.3608758716786432,0.008631620916450825,False
2026-06-30,34867743000185,BLP CRÉDITO JUDICIAL IV FIC DE FUNDO DE INVESTIMENTO EM DIREITOS CREDITÓRIOS DE RESPONSAB. LIMITADA,Classe,3650284.26,TRUSTEE DISTRIBUIDORA DE TITULOS E VALORES MOBILIARIOS LTDA.,1,0.0,3640240.45,3640240.45,3640240.45,3640240.45,0.0,0.0,0.0,True,,,,,,
2026-06-30,63032712000102,IORQ FREDERIC FUNDO DE INVESTIMENTO EM DIREITOS CREDITÓRIOS - RESPONSABILIDADE LIMITADA,Classe,102800944.55,APEX GROUP DISTRIBUIDORA DE TÍTULOS E VALORES MOBILIÁRIOS S.A.,9,0.0,3636097.27,7458114.4,8101541.800000001,8101541.800000001,77164501.22,0.0,77164501.22,False,0.04712137333245112,0.09665214291655341,0.10499052895971017,0.10499052895971017,0.002990589021774023,False
2026-06-30,62144317000159,ALPHA BLEST FUNDO DE  INVESTIMENTO EM DIREITOS CREDITÓRIOS RESPONSABILIDADE LIMITADA,Classe,10511096.03,ID CORRETORA DE TITULOS E VALORES MOBILIARIOS S.A.,11,0.0,3635682.58,5326265.5200000005,5557079.42,5584799.39,3300000.0,5584340.44,8884340.440000001,False,0.40922369021689575,0.5995116414066636,0.6254914990628161,0.6286115922410555,0.18864097312861755,False
2026-06-30,55328569000172,PARATII FUNDO DE INVESTIMENTO EM DIREITOS CREDITÓRIOS RESPONSABILIDADE LIMITADA,Classe,7327136.26,PLANNER CORRETORA DE VALORES S.A.,1,0.0,3633028.9,3633028.9,3633028.9,3633028.9,3435282.54,0.0,3435282.54,False,1.0575633467400325,1.0575633467400325,1.0575633467400325,1.0575633467400325,1.1184402323679783,True
2026-06-30,51587009000181,AJ86 FUNDO DE INVESTIMENTO EM DIREITOS CREDITÓRIOS NÃO PADRONIZADO,Classe,14156794.77,QI CORRETORA DE TÍTULOS E VALORES MOBILIÁRIOS S.A.,25,0.0,3630899.77,11676535.04,13543552.130000003,13704823.180000003,6057282.26,7083223.33,13140505.59,False,0.27631355164622706,0.8885910028367485,1.0306720724891076,1.0429448917421755,0.18812907734211706,False
2026-06-30,60493763000143,CLM II FUNDO DE INVESTIMENTO EM DIREITOS CREDITÓRIOS MULTISSETORIAL,Classe,5073390.01,LIMINE TRUST DISTRIBUIDORA DE TITULOS E VALORES MOBILIARIOS LTDA.,25,0.0,3630800.89,7122215.53,8912819.58,11381020.729999999,0.02,4914988.77,4914988.789999999,False,0.738720075493804,1.4490807272014148,1.813395708680752,2.315574097168999,0.7450161669004051,True
2026-06-30,46073588000104,NANBAN II FUNDO DE INVESTIMENTO EM DIREITOS CREDITÓRIOS RESPONSABILIDADE LIMITADA,Classe,55073782.32,ID CORRETORA DE TITULOS E VALORES MOBILIARIOS S.A.,18,0.0,3616494.85,16166491.66,20547988.33,21640526.23,50257819.89,3577713.28,53835533.17,False,0.0671767257989246,0.3002940754566321,0.3816807807050831,0.4019747730864722,0.02012182512115872,False
2026-06-30,35477786000117,OLIVER FUNDO DE INVESTIMENTO EM DIREITOS CREDITORIOS,Classe,18470561.66,TRUSTEE DISTRIBUIDORA DE TITULOS E VALORES MOBILIARIOS LTDA.,6,0.0,3613020.92,16841413.36,18601871.28,18601871.28,18601871.28,0.0,18601871.28,False,0.19422889587912467,0.9053612460004077,1.0,1.0,0.24494711694084662,False
2026-06-30,32527650000186,FUNDO DE INVESTIMENTO EM DIREITOS CREDITÓRIOS  PICPAY I,Classe,4762640671.11,GENIAL INVESTIMENTOS CORRETORA DE VALORES MOBILIÁRIOS S.A.,24,0.0,3607299.45,9178208.139999999,12223518.64,18003819.180000003,3800289166.59,0.0,3800289166.59,False,0.0009492170968760334,0.0024151341483931357,0.0032164706695117532,0.004737486646616113,2.0254291801877797e-06,False
2026-06-30,60101506000119,VIRTUS FUNDO DE INVESTIMENTO EM DIREITOS CREDITÓRIOS,Classe,34990389.99,LIMINE TRUST DISTRIBUIDORA DE TITULOS E VALORES MOBILIARIOS LTDA.,24,0.0,3602436.99,7245385.86,9984408.4,13989924.04,9850804.69,18614250.06,28465054.75,False,0.12655647500555045,0.25453616455805345,0.35076020361422283,0.4914771519981004,0.02360724170280723,False
2026-06-30,52315385000180,BACKSTAGE FUNDO DE INVESTIMENTO EM DIREITOS CREDITÓRIOS RESPONSABILIDADE LIMITADA,Classe,9725700.45,BTG PACTUAL SERVIÇOS FINANCEIROS S/A DTVM,7,0.0,3600000.0,12163259.4,15683259.4,15683259.4,15683259.4,0.0,15683259.4,False,0.22954412142159683,0.7755568590544386,1.0,1.0,0.15371936482507906,False
2026-06-30,58396668000180,TECNOMYL III FUNDO DE INVESTIMENTO EM DIREITOS CREDITÓRIOS - AGRONEGÓCIO,Classe,161719439.49,QI CORRETORA DE TÍTULOS E VALORES MOBILIÁRIOS S.A.,25,0.0,3580863.54,15697877.010000002,26762894.180000003,48254735.60999999,125186263.53,0.0,125186263.53,False,0.02860428483946141,0.12539616222540356,0.21378459125898,0.3854635025386478,0.006783819132764222,False
2026-06-30,09137729000189,MULTI RECEBÍVEIS II FUNDO DE INVESTIMENTO EM DIREITOS CREDITÓRIOS MULTISEGMENTOS,Classe,133281248.13,FINAXIS CORRETORA DE TÍTULOS E VALORES MOBILIÁRIOS S.A.,25,0.0,3563486.01,14626838.21,22986737.490000002,38978749.779999994,51851239.09,55751441.46,107602680.55000001,False,0.03311707470283833,0.13593377167963125,0.21362606742235102,0.3622470144866664,0.006512481411573212,False
2026-06-30,36977085000100,KITE FINANCE FUNDO DE INVESTIMENTO EM DIREITOS CRÉDITÓRIOS RESPONSABILIDADE LIMITADA,Classe,6892019.32,ACTUAL DISTRIBUIDORA DE TITULOS E VALORES MOBILIARIOS S.A.,25,0.0,3558765.38,5703889.989999999,6450688.5,6788643.870000001,3583432.6,2097479.62,5680912.220000001,False,0.6264425927003673,1.0040447324496766,1.1355022310131733,1.194991861711956,0.4383471293883187,True
2026-06-30,55657825000175,APOGE FUNDO DE INVESTIMENTO EM DIREITOS CREDITÓRIOS MULTISSETORIAL,Classe,90975949.43,QI CORRETORA DE TÍTULOS E VALORES MOBILIÁRIOS S.A.,25,0.0,3558147.88,14035704.809999999,22915489.390000004,39338151.089999996,19839349.62,69801752.38,89641102.0,False,0.03969326347639055,0.15657666513292082,0.2556359625074668,0.4388405565339881,0.009367807397267017,False
2026-06-30,45693226000153,CREDITO AGRO FUNDO DE INVESTIMENTO EM DIREITOS CREDITÓRIOS  NÃO-PADRONIZADOS RESP LIMITADA,Classe,5335300.42,ID CORRETORA DE TITULOS E VALORES MOBILIARIOS S.A.,24,0.0,3551167.98,4241751.6,4504521.4799999995,4675605.83,3762210.61,96773.83,3858984.44,False,0.9202338167499841,1.0991885730433264,1.1672815866549593,1.2116156213368925,0.8565285062422494,True
2026-06-30,38168015000136,AVANTI FUNDO DE INVESTIMENTO EM DIREITOS CREDITÓRIOS,Classe,77903338.52,QI CORRETORA DE TÍTULOS E VALORES MOBILIÁRIOS S.A.,25,0.0,3532540.1,12062553.84,19789300.76,32619521.9,64403904.82,23089.39,64426994.21,False,0.05483012428743259,0.18722825716006655,0.3071585288535534,0.5063020912271115,0.013221644409126923,False
2026-06-30,49466992000136,MARCA I FUNDO DE INVESTIMENTO EM DIREITOS CREDITÓRIOS,Classe,7206102.7,LIMINE TRUST DISTRIBUIDORA DE TITULOS E VALORES MOBILIARIOS LTDA.,25,0.0,3502883.92,8746837.95,11835062.779999997,17192281.18,4617967.08,2138573.75,6756540.83,False,0.5184433881383057,1.2945733874888756,1.751645269048126,2.5445389308777404,0.514725255305663,True
2026-06-30,33304615000160,FORCE CAPITAL FUNDO DE INVESTIMENTO EM DIREITOS CREDITÓRIOS PADRONIZADO,Classe,24489272.41,LIMINE TRUST DISTRIBUIDORA DE TITULOS E VALORES MOBILIARIOS LTDA.,25,0.0,3479173.72,11723689.530000001,15331530.36,19717441.91,6645274.41,16908711.13,23553985.54,False,0.14771061628154503,0.4977369757695793,0.6509102391170102,0.8371170083515301,0.06638133901864059,False
2026-06-30,62741028000137,CO FUNDO DE INVESTIMENTOS EM DIREITOS CREDITORIOS,Classe,4727172.4,AZUMI DISTRIBUIDORA DE TÍTULOS E VALORES MOBILIÁRIOS LTDA.,2,0.0,3425528.18,4584360.79,4584360.79,4584360.79,0.0,4584360.79,4584360.79,False,0.7472204603686963,1.0,1.0,1.0,0.6222359120498202,False
2026-06-30,54444075000190,3MI FUNDO DE INVESTIMENTO EM DIREITOS CREDITÓRIOS,Classe,23519832.17,QI CORRETORA DE TÍTULOS E VALORES MOBILIÁRIOS S.A.,25,0.0,3422005.8,11111059.26,17207803.04,26826375.439999998,6085318.92,17193314.04,23278632.96,False,0.1470020084890758,0.4773072061015047,0.7392102048934062,1.1524033858043181,0.07814028102067884,True
2026-06-30,41776416000183,RHODONITE FUNDO DE INVESTIMENTO EM DIREITOS CREDITÓRIOS NÃO-PADRONIZADOS,Classe,1881917745.61,CBSF DISTRIBUIDORA DE TÍTULOS E VALORES MOBILIÁRIOS S.A.,1,0.0,3421710.0,3421710.0,3421710.0,3421710.0,3421710.0,0.0,3421710.0,False,1.0,1.0,1.0,1.0,1.0,False
2026-06-30,27538303000119,VENNTURE FUNDO DE INVESTIMENTO EM DIREITOS CREDITÓRIOS,Classe,3386676.91,INTRA INVESTIMENTOS DTVM LTDA,5,0.0,3400846.56,8698195.0,8698195.0,8698195.0,89389.59,3289671.45,3379061.04,False,1.0064472111459697,2.574145567965236,2.574145567965236,2.574145567965236,2.126540627243998,True
2026-06-30,57922500000106,AGGA PROSPERITAS FUNDO DE INVESTIMENTO EM DIREITOS CREDITÓRIOS,Classe,3675492.27,QI CORRETORA DE TÍTULOS E VALORES MOBILIÁRIOS S.A.,1,0.0,3392033.62,3392033.62,3392033.62,3392033.62,3392033.62,0.0,3392033.62,False,1.0,1.0,1.0,1.0,1.0,False
2026-06-30,55198653000119,PBG FUNDO DE INVESTIMENTO EM DIREITOS CREDITÓRIOS DE RESPONSABILIDADE LIMITADA,Classe,153205043.24,BANCO DAYCOVAL S.A.,24,0.0,3391152.31,10788263.99,15519304.52,25462785.189999998,138546628.49,0.0,138546628.49,False,0.02447661373618172,0.07786738737405417,0.11201502836368298,0.18378495000214204,0.0019473353092136214,False
2026-06-30,64039601000190,ATRIUM FINANCE FUNDO DE INVESTIMENTO EM DIREITOS CREDITÓRIOS RESPONSABILIDADE LIMITADA,Classe,4256991.9,LASTRO RDV DTVM LTDA,3,0.0,3382662.74,3924474.7700000005,3924474.7700000005,3924474.7700000005,3924474.77,0.0,3924474.77,False,0.8619402437896168,1.0000000000000002,1.0000000000000002,1.0000000000000002,0.7527074248843495,False
2026-06-30,40676621000104,GHIA RECEBÍVEIS I FUNDO DE INVESTIMENTO EM DIREITOS CREDITÓRIOS,Classe,41216727.76,VORTX DISTRIBUIDORA DE TITULOS E VALORES MOBILIARIOS LTDA.,8,0.0,3382085.14,8368766.87,8816764.010000002,8816764.010000002,23915758.53,7765713.75,31681472.28,False,0.1067527768314939,0.2641533447699988,0.2782940114675757,0.2782940114675757,0.021882055725089056,False
2026-06-30,27217664000163,JPI FUNDO DE INVESTIMENTO EM DIREITOS CREDITÓRIOS,Classe,108159398.23,QI CORRETORA DE TÍTULOS E VALORES MOBILIÁRIOS S.A.,25,0.0,3375817.29,12589200.459999999,18500665.13,28491981.349999998,10390198.82,88014130.34,98404329.16,False,0.03430557698849923,0.1279334005674756,0.18800661808200472,0.2895399175342541,0.004984355855908132,False
2026-06-30,12764483000180,"NEGOCIAL FIDC SEGMENTO ECONÔMICO FINANCEIRO, INDUSTRIAL, COMERCIAL E PRESTAÇÃO DE SERVIÇOS",Classe,172692886.08,BANCO FINAXIS S.A.,25,0.0,3361428.12,13941711.11,21418739.95,35900290.550000004,4976128.14,154270604.75,159246732.89,False,0.021108301934972276,0.08754786272212106,0.13450034145940715,0.2254381606359121,0.0025976471298069454,False
2026-06-30,60305004000100,GUARDIAN WAREHOUSE II FUNDO DE INVESTIMENTO EM DIREITOS CREDITÓRIOS - RESPONSABILIDADE LIMITADA,Classe,20058146.2,BANVOX DISTRIBUIDORA DE TITULOS E VALORES MOBILIARIOS LTDA,24,0.0,3358396.83,7605351.94,8130473.4,8987125.080000002,15984017.99,0.0,15984017.99,False,0.21010967530824207,0.4758097710324211,0.5086626782506518,0.5622569422546053,0.06725657870628318,False
2026-06-30,32990687000146,MUNDI FUNDO DE INVESTIMENTO EM DIREITOS CREDITÓRIOS MULTISEGMENT0S,Classe,17318893.24,FINAXIS CORRETORA DE TÍTULOS E VALORES MOBILIÁRIOS S.A.,25,0.0,3351963.46,7812645.609999999,9833067.9,12577395.24,5193429.49,2271073.78,7464503.27,False,0.4490537868034185,1.0466397196715274,1.3173104149500896,1.6849607783747411,0.32789557101007805,True
2026-06-30,21397715000108,FP GENIAL RECUPERAÇÃO DE CRÉDITO FUNDO DE INVESTIMENTO EM DIREITOS CREDITÓRIOS NÃO PADRONIZADOS,Classe,25780566.75,QI CORRETORA DE TÍTULOS E VALORES MOBILIÁRIOS S.A.,2,0.0,3348277.13,6086745.37,6086745.37,6086745.37,6086746.25,0.0,6086746.25,False,0.5500931026983423,0.999999855423577,0.999999855423577,0.999999855423577,0.5050185077840545,False
2026-06-30,17047287000108,COMPROCRED FUNDO DE INVESTIMENTO EM DIREITOS CREDITÓRIOS MULTISEGMENTOS,Classe,50613201.39,BANCO FINAXIS S.A.,25,0.0,3334340.67,13078107.65,20957296.290000003,36890374.71,2258419.29,43656136.99,45914556.28,False,0.07262055740376197,0.28483576254654375,0.4564412244821982,0.8034570667531233,0.031062510623508423,False
2026-06-30,59744260000114,HBF FUNDO DE INVESTIMENTO DIREITOS CREDITÓRIOS DE RESPONSABILIDADE LIMITADA,Classe,8893864.74,CATÁLISE DISTRIBUIDORA DE TITULOS E VALORES MOBILIARIOS LTDA.,3,0.0,3329298.33,8836128.92,8836128.92,8836128.92,8836128.92,0.0,8836128.92,False,0.37678245305637753,1.0,1.0,1.0,0.33718498676245356,False
2026-06-30,11203571000140,CRESCER FUNDO DE INVESTIMENTO EM DIREITOS CREDITÓRIOS MULTISEGMENTOS,Classe,99221102.1,BANCO FINAXIS S.A.,25,0.0,3325781.35,8928208.280000001,13506623.34,22518581.88,5464525.77,87587574.46,93052100.22999999,False,0.03574106701277623,0.09594848754549172,0.14515119279000932,0.2419997165495466,0.003318273977334994,False
2026-06-30,62252049000199,FYTO MULTI FUNDO DE INVESTIMENTO EM DIREITOS CREDITÓRIOS  - RESPONSABILIDADE LIMITADA,Classe,13098456.72,VORTX DISTRIBUIDORA DE TITULOS E VALORES MOBILIARIOS LTDA.,24,0.0,3320439.3,6847865.02,8491056.489999998,11205662.19,0.0,12769453.66,12769453.66,False,0.26002986411244783,0.5362692251627623,0.6649506483271108,0.8775365405883778,0.09671268333816815,False
2026-06-30,54012401000190,MB JIVE INCOME FUND FUNDO DE INVESTIMENTO EM DIREITOS CREDITÓRIOS - RESPONSABILIDADE LIMITADA,Classe,4933303.96,APEX DISTRIBUIDORA DE TÍTULOS E VALORES MOBILIÁRIOS S.A.,1,0.0,3304782.27,3304782.27,3304782.27,3304782.27,3304782.27,0.0,3304782.27,False,1.0,1.0,1.0,1.0,1.0,False
2026-06-30,41649927000134,LIBER CRÉDITO FUNDO DE INVESTIMENTO EM DIREITOS CREDITÓRIOS,Classe,25500509.07,QI CORRETORA DE TÍTULOS E VALORES MOBILIÁRIOS S.A.,25,0.0,3300209.44,4284954.94,4567081.000000001,5094506.940000001,6285964.94,54629.07,6340594.010000001,False,0.5204890006827609,0.67579708356063,0.7202922932452508,0.8034747110389426,0.2843362115072154,False
2026-06-30,55586406000190,LEPTA SPECIAL FUNDO DE INVESTIMENTO EM DIREITOS CREDITÓRIOS,Classe,57596211.31,HEMERA DISTRIBUIDORA DE TITULOS E VALORES MOBILIARIOS LTDA,25,0.0,3293620.86,6427493.4799999995,8367207.24,14449509.459999999,9026355.68,44023521.58,53049877.26,False,0.06208536249495556,0.12115944111422813,0.15772340431612905,0.272375926322737,0.010559023492261066,False
2026-06-30,15558603000180,PORTO NP - FUNDO DE INVESTIMENTO EM DIREITOS CREDITÓRIOS NÃO PADRONIZADOS MULTISSETORIAL,Classe,80162367.58,QORE DISTRIBUIDORA DE TÍTULOS E VALORES MOBILIÁRIOS LTDA.,25,0.0,3276892.47,11252466.6,14258517.570000002,19241964.11,0.0,41161893.33,41161893.33,False,0.07960985768387152,0.2733709674088017,0.34640091639341514,0.4674703361124521,0.018884564457503954,False
2026-06-30,36500339000102,BMA KRONOS FUNDO DE INVESTIMENTO EM DIREITOS CREDITÓRIOS MULTISSETORIAL RESPONSABILIDADE LIMITADA,Classe,102249214.08,QI CORRETORA DE TÍTULOS E VALORES MOBILIÁRIOS S.A.,2,0.0,3271580.94,3337830.07,3337830.07,3337830.07,0.0,2825991.62,2825991.62,False,1.1576753861711733,1.1811181768472476,1.1811181768472476,1.1811181768472476,1.3407618641812578,True
2026-06-30,12813212000177,RNX FUNDO DE INVESTIMENTO EM DIREITOS CREDITÓRIOS MULTISSETORIAL DE RESPONSABILIDADE LIMITADA,Classe,715409074.26,QI CORRETORA DE TÍTULOS E VALORES MOBILIÁRIOS S.A.,25,0.0,3242803.3,11335997.61,19609760.950000003,35791153.49000001,0.0,640625097.33,640625097.33,False,0.005061936089477869,0.017695213093034002,0.03061035390547396,0.055869109154746716,0.00014367473263075342,False
2026-06-30,56265097000119,ORIZ JUS II FUNDO DE INVESTIMENTO EM DIREITOS CREDITÓRIOS,Classe,2055454.74,BANCO DAYCOVAL S.A.,2,0.0,3233170.63,3510130.87,3510130.87,3510130.87,3510130.87,0.0,3510130.87,False,0.9210968906125143,1.0,1.0,1.0,0.8546451825670557,False
2026-06-30,10774307000101,PLATINUM FIDC MULTISSETORIAL,Classe,20573589.94,QI CORRETORA DE TÍTULOS E VALORES MOBILIÁRIOS S.A.,25,0.0,3214591.28,7658485.619999999,9817664.399999999,12665260.409999998,0.0,15872445.59,15872445.59,False,0.20252652697863177,0.4825019293072908,0.6185350798231969,0.7979400740853319,0.0704572984915097,False
2026-06-30,56661864000109,CAPIA FUNDO DE INVESTIMENTO EM DIREITOS CREDITÓRIOS,Classe,47940192.63,LIMINE TRUST DISTRIBUIDORA DE TITULOS E VALORES MOBILIARIOS LTDA.,25,0.0,3200529.94,8662451.69,13851918.72,24553238.15,33674154.66,6094645.94,39768800.599999994,False,0.08047841251717308,0.21782029026040078,0.34831120152011835,0.6173995136780666,0.019697177223132856,False
2026-06-30,51477774000149,ATIBANK FUNDO DE INVESTIMENTO EM DIREITOS CREDITÓRIOS,Classe,8916832.04,FINVEST DISTRIBUIDORA DE TÍTULOS E VALORES MOBILIÁRIOS LTDA.,25,0.0,3197217.11,6129946.19,6765823.739999999,7505226.169999999,1550063.63,6487061.41,8037125.04,False,0.397806067976765,0.7627038473946649,0.8418213859218494,0.9338197592605825,0.20968817388787217,False
2026-06-30,66175403000180,OLIVER CRED FUNDO DE INVESTIMENTO EM DIREITOS CREDITÓRIOS  RESPONSABILIDADE LIMITADA,Classe,14219186.52,ID CORRETORA DE TITULOS E VALORES MOBILIARIOS S.A.,25,0.0,3195129.54,7859164.41,9448468.16,11401891.83,0.0,13072733.05,13072733.05,False,0.24441174831455767,0.6011875542735113,0.7227615008936482,0.8721888365952672,0.11285887379287671,False
2026-06-30,20256882000168,SETTORE CRÉDITO PRIVADO FUNDO DE INVESTIMENTO EM DIREITOS CREDITÓRIOS,Classe,30423875.63,LIMINE TRUST DISTRIBUIDORA DE TITULOS E VALORES MOBILIARIOS LTDA.,25,0.0,3190683.47,11744067.560000002,17717580.08,25263369.56,12903110.33,17013218.7,29916329.03,False,0.10665357593842456,0.39256379177482265,0.5922377729644859,0.8444675660127274,0.046068601209235054,False
2026-06-30,26812976000152,FUNDO DE INVESTIMENTO EM DIREITOS CREDITÓRIOS EMPÍRICA IMOBILIÁRIO MULTI,Classe,2648711.69,FIDD DISTRIBUIDORA DE TITULOS E VALORES MOBILIARIOS LTDA.,7,0.0,3186338.84,8017347.37,8820728.14,8820728.14,1983749.93,0.0,1983749.93,False,1.6062200138300697,4.0415111041743055,4.44649197290709,4.44649197290709,4.443157793424412,True
2026-06-30,48885265000140,WONEBANK 2 FUNDO DE INVESTIMENTO EM DIREITOS CREDITÓRIOS,Classe,6868846.31,APEX GROUP DISTRIBUIDORA DE TÍTULOS E VALORES MOBILIÁRIOS S.A.,20,0.0,3177314.3,6602549.84,6928319.55,7319908.2700000005,4638095.39,0.0,4638095.39,False,0.685047208569809,1.4235476601528025,1.4937854803370054,1.5782142570379523,0.9209455573132935,True
2026-06-30,25970315000192,DELPAR FUNDO DE INVESTIMENTO EM DIREITOS CREDITÓRIOS,Classe,45252745.38,QI CORRETORA DE TÍTULOS E VALORES MOBILIÁRIOS S.A.,25,0.0,3172503.79,9556524.170000002,12403439.08,17710532.689999998,0.0,26680490.46,26680490.46,False,0.11890725152733943,0.3581839765774681,0.46488797117862274,0.6638008666501851,0.0362693322080548,False
2026-06-30,58051964000149,ENE2 LEGAL CLAIMS FUNDO DE INVESTIMENTO EM DIREITOS CREDITÓRIOS DE CLASSE ÚNICA FECHADA,Classe,3510026.22,APEX GROUP DISTRIBUIDORA DE TÍTULOS E VALORES MOBILIÁRIOS S.A.,2,0.0,3138115.53,3236155.1599999997,3236155.1599999997,3236155.1599999997,3236144.02,0.0,3236144.02,False,0.9697082424656737,1.000003442368427,1.000003442368427,1.000003442368427,0.9412518746430135,False
2026-06-30,09363400000136,MERCANTIL NP FUNDO DE INVESTIMENTO EM DIREITOS CREDITORIOS NAO PADRONIZADOS MULTISETORIAL,Classe,211002624.21,QI CORRETORA DE TÍTULOS E VALORES MOBILIÁRIOS S.A.,25,0.0,3136436.95,13159834.860000001,22845718.220000003,41958660.03000001,25766638.35,106100693.41,131867331.75999999,False,0.02378479118473672,0.09979601986601994,0.1732477476800658,0.318188435831592,0.004542377419487777,False
2026-06-30,44680388000194,ACELERA VAREJO FUNDO DE INVESTIMENTO EM DIREITOS CREDITÓRIOS  RESPONSABILIDADE LIMITADA,Classe,42030269.48,ID CORRETORA DE TITULOS E VALORES MOBILIARIOS S.A.,25,0.0,3131248.9,11777321.2,20070856.89,27841481.450000003,12596559.92,27945756.01,40542315.93,False,0.07723409055877287,0.2904945346569401,0.4950594565109246,0.6867264686622949,0.02892887396746086,False
2026-06-30,31238162000196,MINASFAC FUNDO DE INVESTIMENTO EM DIREITOS CREDITÓRIOS,Classe,47840903.56,TRUSTEE DISTRIBUIDORA DE TITULOS E VALORES MOBILIARIOS LTDA.,24,0.0,3129777.69,7362644.460000001,11368440.01,20410805.03,30080506.34,0.0,30080506.34,False,0.1040467090089548,0.24476464514194082,0.3779337981050754,0.6785392772081908,0.026586227120214325,False
2026-06-30,43809937000115,AKRON FUNDO DE INVESTIMENTO EM DIREITOS CREDITÓRIOS NÃO- PADRONIZADOS RESPONSABILIDADE LIMITADA,Classe,38371271.13,BTG PACTUAL SERVIÇOS FINANCEIROS S/A DTVM,1,0.0,3099057.25,3099057.25,3099057.25,3099057.25,0.0,14783517.26,14783517.26,False,0.20962922391853048,0.20962922391853048,0.20962922391853048,0.20962922391853048,0.043944411520685386,False
2026-06-30,59998554000172,MAIS TODOS NOVOS NEGÓCIOS FUNDO DE INVESTIMENTO EM DIREITOS CREDITÓRIOS RESPONSABILIDADE LIMITADA,Classe,17494639.59,BANCO DAYCOVAL S.A.,24,0.0,3098610.06,8729170.5,12595858.740000002,15048261.79,15399517.74,0.0,15399517.74,False,0.20121474661192865,0.56684700439197,0.8179385194175569,0.9771904577837772,0.09122010005986393,False
2026-06-30,52093999000164,VALORIZA FUNDO DE INVESTIMENTO EM DIREITOS CREDITÓRIOS RESPONSABILIDADE LIMITADA,Classe,33044722.87,QI CORRETORA DE TÍTULOS E VALORES MOBILIÁRIOS S.A.,25,0.0,3071308.62,9066626.91,12788569.91,18898808.49,28759942.74,0.0,28759942.74,False,0.10679119384088177,0.3152519110335336,0.4446660421271757,0.6571226048970916,0.028880720809361934,False
2026-06-30,32321319000105,BRAFIC CONSTRUÇÃO  CIVIL FI EM DIREITOS CREDITÓRIOS NÃO-PADRONIZADOS RESPONSABILIDADE LIMITADA,Classe,1408472.93,ID CORRETORA DE TITULOS E VALORES MOBILIARIOS S.A.,14,0.0,3064540.83,8280546.46,11812619.59,12181701.24,1869005.63,0.0,1869005.63,False,1.6396637767217428,4.430455600072216,6.320269666603412,6.517744539913451,5.538628055114065,True
2026-06-30,42794237000131,ONNI FUNDO DE  INVESTIMENTO EM DIREITOS CREDITÓRIOS,Classe,17011587.55,HEMERA DISTRIBUIDORA DE TITULOS E VALORES MOBILIARIOS LTDA,25,0.0,3057091.52,10753591.65,11801941.43,12065955.530000001,6227971.1,11445884.43,17673855.53,False,0.1729725307989999,0.6084462799725058,0.6677626967113722,0.6827008124808408,0.08562408102968588,False
2026-06-30,23669183000138,FUNDO DE INVESTIMENTO EM DIREITOS CREDITÓRIOS EMPÍRICA PREMIER CAPITAL MULTISETORIAL LONGO PRAZO,Classe,149973.18,BANVOX DISTRIBUIDORA DE TITULOS E VALORES MOBILIARIOS LTDA,24,0.0,3048500.0,9254743.299999999,13115256.479999999,14611535.319999998,1067196.35,0.0,1067196.35,False,2.856550249633069,8.6720155105478,12.289450277823756,13.691515455426734,21.15718176388898,True
2026-06-30,22101473000118,LITUS FUNDO DE INVESTIMENTO EM DIREITOS CREDITÓRIOS MULTISEGMENTOS,Classe,14029239.06,FINAXIS CORRETORA DE TÍTULOS E VALORES MOBILIÁRIOS S.A.,25,0.0,3047185.25,6787957.26,7604340.369999999,8793208.09,0.0,12243756.87,12243756.87,False,0.24887665463745853,0.5544015069943152,0.6210790079172815,0.7181789203561668,0.09040283481238552,False
2026-06-30,16802124000120,BERETTA FUNDO DE  INVESTIMENTO EM DIREITOS CREDITÓRIOS - RESPONSABILIDADE LIMITADA,Classe,348509717.19,QI CORRETORA DE TÍTULOS E VALORES MOBILIÁRIOS S.A.,25,0.0,3043732.57,3260711.34,3386887.71,3674759.41,37359205.7,0.0,37359205.7,False,0.08147209002358419,0.08727999642669061,0.09065738006308843,0.09836288917673643,0.006654976649623549,False
2026-06-30,60796225000128,WCS CONSIG FUNDO DE INVESTIMENTO EM DIREITOS CREDITÓRIOS RESPONSABILIDADE LIMITADA,Classe,15034270.29,PLANNER CORRETORA DE VALORES S.A.,1,0.0,3022054.41,3022054.41,3022054.41,3022054.41,2948016.18,0.0,2948016.18,False,1.0251145941810944,1.0251145941810944,1.0251145941810944,1.0251145941810944,1.0508599312030698,False
2026-06-30,14606072000191,MILLE - FUNDO DE INVESTIMENTO EM DIREITOS CREDITÓRIOS MULTISSEGMENTOS,Classe,147835225.3,BANCO FINAXIS S.A.,25,0.0,3017008.25,11091704.13,17124626.12,27853660.150000002,6334446.75,97447290.16,103781736.91,False,0.029070704921968723,0.10687529868206752,0.16500616225811057,0.26838691449300783,0.003828284922854701,False
2026-06-30,64432874000109,TEC BRASIL CAPITAL FUNDO DE INVESTIMENTO EM DIREITOS CREDITORIOS,Classe,3132883.86,AZUMI DISTRIBUIDORA DE TÍTULOS E VALORES MOBILIÁRIOS LTDA.,1,0.0,3009569.29,3009569.29,3009569.29,3009569.29,0.0,3009569.29,3009569.29,False,1.0,1.0,1.0,1.0,1.0,False
2026-06-30,60811152000104,ITAÚNA MULTI TESES FUNDO DE INVESTIMENTO EM DIREITOS CREDITÓRIOS RESPONSABILIDADE LIMITADA,Classe,7003962.69,VORTX DISTRIBUIDORA DE TITULOS E VALORES MOBILIARIOS LTDA.,18,0.0,3008606.33,5505601.710000001,6487748.25,6552700.93,1622293.09,4930407.84,6552700.93,False,0.4591398817281289,0.840203416700112,0.9900876477205561,1.0,0.26330595030022447,False
2026-06-30,56267236000143,CHAMONIX HIGH YIELD FUNDO DE  INVESTIMENTO EM COTAS DE FIDC RESPONSABILIDADE LIMITADA,Classe,198373371.6,BANCO DAYCOVAL S.A.,4,0.0,3002100.54,5085651.66,5085651.66,5085651.66,5085651.66,0.0,5085651.66,False,0.5903079370559957,1.0,1.0,1.0,0.4078755057533184,False
2026-06-30,48965359000120,FATTOR FUNDO DE INVESTIMENTO EM DIREITOS CREDITÓRIOS,Classe,122621531.87,QI CORRETORA DE TÍTULOS E VALORES MOBILIÁRIOS S.A.,25,0.0,3000000.0,9135621.51,15086122.950000001,25853061.499999996,2480843.1,77165606.85,79646449.94999999,False,0.0376664622451261,0.11470218089739229,0.1894136268405018,0.3245977883035577,0.005315175917627295,False
2026-06-30,58599510000107,TRIO FUNDO DE INVESTIMENTO EM DIREITOS CREDITÓRIOS - RESPONSABILIDADE LIMITADA,Classe,7543745.13,LIMINE TRUST DISTRIBUIDORA DE TITULOS E VALORES MOBILIARIOS LTDA.,4,0.0,2992648.47,6133841.7700000005,6133841.7700000005,6133841.7700000005,6133841.77,0.0,6133841.77,False,0.48789137089201445,1.0000000000000002,1.0000000000000002,1.0000000000000002,0.46361286385946304,False
2026-06-30,26913809000106,PROA FUNDO DE INVESTIMENTO EM DIREITOS CREDITÓRIOS MULTISSETORIAL,Classe,51398548.42,QI CORRETORA DE TÍTULOS E VALORES MOBILIÁRIOS S.A.,25,0.0,2992492.22,11451210.92,15016441.759999998,20808295.660000004,989143.89,49805470.25,50794614.14,False,0.05891357323341605,0.22544143929193355,0.2956305902553313,0.4096555513277102,0.012851717033209958,False
2026-06-30,62125959000100,FUNDO DE INVESTIMENTO EM DIREITOS CREDITÓRIOS TELCO EQUITY RESPONSABILIDADE  LIMITADA,Classe,124497491.66,VORTX DISTRIBUIDORA DE TITULOS E VALORES MOBILIARIOS LTDA.,24,0.0,2989998.02,4446986.19,5433648.069999999,6717975.299999998,0.0,122538679.52,122538679.52,False,0.024400442633397166,0.03629046932298786,0.04434230963875495,0.05482330417069275,0.0006547527360891382,False
2026-06-30,51764889000114,BIGTRADE SUNO FUNDO DE INVESTIMENTO - RESP LIMITADA - DIREITOS CREDITÓRIOS,Classe,4001631.09,BANCO DAYCOVAL S.A.,13,0.0,2984485.0,8622192.0,10488214.0,10701420.0,5370217.1,0.0,5370217.1,False,0.5557475506902692,1.6055574364023384,1.953033518886974,1.9927350795557224,0.6649973690957569,True
2026-06-30,63735087000165,CALLIS FUNDO DE INVESTIMENTO EM DIREITOS CREDITÓRIOS,Classe,63068244.18,CATÁLISE DISTRIBUIDORA DE TITULOS E VALORES MOBILIARIOS LTDA.,25,0.0,2983361.59,5225586.539999999,7417308.919999998,11898748.480000002,45267006.2,0.0,45267006.2,False,0.06590587362501564,0.11543919023299576,0.163856847241645,0.2628569786000118,0.006103812919548604,False
2026-06-30,28254193000126,BLP PRECATÓRIO III-FUNDO DE INVESTIMENTO EM DIREITOS CREDITÓRIOS NÃO-PADRONIZADOS DE RESP. LIMITADA,Classe,2337976.1,TRUSTEE DISTRIBUIDORA DE TITULOS E VALORES MOBILIARIOS LTDA.,1,0.0,2981620.67,2981620.67,2981620.67,2981620.67,2981620.67,0.0,2981620.67,False,1.0,1.0,1.0,1.0,1.0,False
2026-06-30,37511729000132,FUEL FUNDO DE INVESTIMENTO EM DIREITOS CREDITÓRIOS - RESPONSABILIDADE LIMITADA,Classe,7237961.01,APEX GROUP DISTRIBUIDORA DE TÍTULOS E VALORES MOBILIÁRIOS S.A.,8,0.0,2978273.6,6544404.19,7185175.750000001,7185175.750000001,7185174.46,0.0,7185174.46,False,0.41450261459622234,0.9108204994092796,1.0000001795363507,1.0000001795363507,0.24367572611608057,False
2026-06-30,46268360000170,CEDAR OCTANTE FUNDO DE INVESTIMENTO EM DIREITOS CREDITÓRIOS,Classe,80552533.27,VORTX DISTRIBUIDORA DE TITULOS E VALORES MOBILIARIOS LTDA.,24,0.0,2956411.38,10095078.889999999,17178796.02,34318731.41000001,66834502.84,9573675.3,76408178.14,False,0.03869234225926801,0.1321203977865189,0.22482928448475634,0.4491499764216209,0.00902001670496799,False
2026-06-30,54095003000185,TPC FUNDO DE INVESTIMENTO EM DIREITOS CREDITÓRIOS,Classe,4209780.05,PLANNER CORRETORA DE VALORES S.A.,24,0.0,2955227.0,4382445.79,4550762.66,4757014.53,3808186.86,0.0,3808186.86,False,0.7760194309372729,1.15079589082979,1.1949945807018514,1.2491547040315139,0.6463939443666084,True
2026-06-30,22397315000157,BLUMENAU FUNDO DE INVESTIMENTO EM DIREITOS CREDITÓRIOS,Classe,22462755.39,ID CORRETORA DE TITULOS E VALORES MOBILIARIOS S.A.,25,0.0,2954967.64,7944066.789999999,12829272.49,19923385.03,22515487.94,0.0,22515487.94,False,0.13124155460785453,0.3528267657876038,0.5697976665745756,0.8848746730735962,0.04702065386017061,False
2026-06-30,52349539000154,Z5 FUNDO DE  INVESTIMENTO EM DIREITOS CREDITÓRIOS MULTISSETORIAL - RESPONSABILIDADE  LIMITADA,Classe,32056000.92,ID CORRETORA DE TITULOS E VALORES MOBILIARIOS S.A.,25,0.0,2952040.71,9913006.01,12823856.299999999,17622615.089999996,0.0,30473520.98,30473520.98,False,0.09687232111896248,0.3252990035679165,0.42081964563321683,0.578292711943784,0.027570584090214255,False
2026-06-30,18862277000199,BRASFOR FUNDO DE INVESTIMENTO EM DIREITOS CREDITÓRIOS MULTISEGMENTOS,Classe,168125075.96,FINAXIS CORRETORA DE TÍTULOS E VALORES MOBILIÁRIOS S.A.,25,0.0,2932499.7,9597534.92,16986133.25,31703434.499999996,28605292.21,106261051.68,134866343.89000002,False,0.021743747293926884,0.07116330615314939,0.12594790338391815,0.23507298845335364,0.0024939178290092085,False
2026-06-30,62874327000140,IC NAXOS FUNDO DE INVESTIMENTO EM DIREITOS CREDITÓRIOS,Classe,24652643.85,SEFER INVESTIMENTOS DISTRIBUIDORA DE TÍTULOS E VALORES MOBILIÁRIOS LTDA.,1,0.0,2923998.54,2923998.54,2923998.54,2923998.54,0.0,2923998.54,2923998.54,False,1.0,1.0,1.0,1.0,1.0,False
2026-06-30,47847106000199,MOBI FUNDO DE INVESTIMENTO EM DIREITOS CREDITÓRIOS,Classe,88314097.65,QI CORRETORA DE TÍTULOS E VALORES MOBILIÁRIOS S.A.,25,0.0,2910584.85,11373359.57,16909718.54,27453295.130000003,4434199.68,70190371.58,74624571.25999999,False,0.039003036142870574,0.15240770403053974,0.2265971951930515,0.36788546542330924,0.00743691166857277,False
2026-06-30,18114024000137,METROPOLITANA ATIVOS FUNDO DE INVESTIMENTO EM DIREITOS CREDITÓRIOS MULTISSETORIAL,Classe,69280726.56,LIMINE TRUST DISTRIBUIDORA DE TITULOS E VALORES MOBILIARIOS LTDA.,24,0.0,2887296.23,10408484.15,14803639.31,20500111.709999997,53940666.52,2734688.98,56675355.5,False,0.050944474975547355,0.18365097242310197,0.26120064319667124,0.3617112152035817,0.009109131701922981,False
2026-06-30,09609468000152,MACRO FUND - FUNDO DE INVESTIMENTO EM DIREITOS CREDITÓRIOS MULTISEGMENTOS,Classe,31472558.59,BANCO FINAXIS S.A.,25,0.0,2879768.1,7347342.659999999,10406848.61,15203567.370000003,0.0,27275079.54,27275079.54,False,0.10558239053993242,0.26937933028663863,0.38155154028929367,0.557416059876319,0.022731897000140625,False
2026-06-30,64120858000172,FD BNK FUNDO DE INVESTIMENTO EM DIREITOS CREDITÓRIOS,Classe,34811731.75,FIDD DISTRIBUIDORA DE TITULOS E VALORES MOBILIARIOS LTDA.,25,0.0,2879216.27,7215613.2299999995,10791704.53,18045807.840000004,34806248.2,0.0,34806248.2,False,0.08272124744545147,0.20730798644365234,0.3100507836406223,0.5184646083170781,0.015883600717314258,False
2026-06-30,49983868000148,PRECAVIDA II FUNDO DE INVESTIMENTO EM DIREITOS CREDITORIOS,Classe,23759145.52,ACTUAL DISTRIBUIDORA DE TITULOS E VALORES MOBILIARIOS S.A.,25,0.0,2867151.08,8935363.01,10386882.06,10975553.280000001,11018409.53,0.0,11018409.53,False,0.2602146046753447,0.810948529882788,0.9426843349504728,0.9961104867373723,0.15481330669477086,False
2026-06-30,64096545000126,FEX AGRO FIDC RESPONSABILIDADE LIMITADA,Classe,16070339.24,VORTX DISTRIBUIDORA DE TITULOS E VALORES MOBILIARIOS LTDA.,5,0.0,2858670.52,8410512.450000001,8410512.450000001,8410512.450000001,6462637.77,0.0,6462637.77,False,0.4423380393173421,1.3014055172706982,1.3014055172706982,1.3014055172706982,0.5065038334122348,True
2026-06-30,52720932000102,FUNDO DE INVESTIMENTO EM DIREITOS CREDITÓRIOS CLIENTES BRF II,Classe,973969605.99,BEM - DISTRIBUIDORA DE TITULOS E VALORES MOBILIARIOS LTDA.,24,0.0,2851376.49,14015340.010000002,27299717.200000003,58565907.11999999,902848434.05,0.0,902848434.05,False,0.0031582006264432314,0.015523469368086459,0.03023732020837524,0.0648679278949235,0.0001774862600228772,False
2026-06-30,50824501000160,NETMONEY FUNDO DE INVESTIMENTO EM DIREITOS CREDITÓRIOS,Classe,32230236.4,LIMINE TRUST DISTRIBUIDORA DE TITULOS E VALORES MOBILIARIOS LTDA.,25,0.0,2842106.49,10497173.18,14367947.38,20431914.33,12432252.72,18924419.96,31356672.68,False,0.0906380124895318,0.3347668066419348,0.458210203825746,0.6515970153629195,0.02985207817186267,False
2026-06-30,59070167000171,CAPITEL INVEST FIDC  CREDITÓRIOS NÃO PADRONIZADOS - RESPONSABILIDADE LIMITADA,Classe,21744002.41,QI CORRETORA DE TÍTULOS E VALORES MOBILIÁRIOS S.A.,25,0.0,2839733.2,9069176.829999998,13007249.61,19409715.11,0.02,21606476.92,21606476.94,False,0.13142971933303996,0.41974343411860265,0.6020069651392227,0.8983285504573333,0.05366741599337744,False
2026-06-30,61084525000147,GARRA FUNDO DE INVESTIMENTO EM DIREITOS CREDITÓRIOS,Classe,2969643.41,AZUMI DISTRIBUIDORA DE TÍTULOS E VALORES MOBILIÁRIOS LTDA.,1,0.0,2828655.55,2828655.55,2828655.55,2828655.55,2828655.55,0.0,2828655.55,False,1.0,1.0,1.0,1.0,1.0,False
2026-06-30,52324200000101,LEOA JVS FUNDO DE INVESTIMENTO EM DIREITOS CREDITÓRIOS RESPONSABILIDADE LIMITADA,Classe,12796131.23,APEX GROUP DISTRIBUIDORA DE TÍTULOS E VALORES MOBILIÁRIOS S.A.,12,0.0,2822748.16,9119211.41,11606958.07,12023425.71,12023425.71,0.0,12023425.71,False,0.23477070745755038,0.758453674514366,0.9653619816810096,1.0,0.14144683917484965,False
2026-06-30,13026491000191,HAMPTON FUNDO DE INVESTIMENTO EM DIREITOS CREDITÓRIOS DE RESPONSABILIDADE LIMITADA,Classe,38850262.87,BANCO DAYCOVAL S.A.,24,0.0,2822735.31,9750209.12,14893817.12,22666708.22,329721.72,36485420.06,36815141.78,False,0.07667321578898453,0.2648423623699542,0.40455683177868773,0.6156898255465579,0.022144736096130373,False
2026-06-30,20093858000155,IB SIGMA FUNDO DE INVESTIMENTO EM DIREITOS CREDITÓRIOS,Classe,262367534.28,QI CORRETORA DE TÍTULOS E VALORES MOBILIÁRIOS S.A.,25,0.0,2817595.26,10987074.55,19234646.06,36450470.57,31158615.71,166170653.65,197329269.36,False,0.01427864841915411,0.055678889328656056,0.09747487598967917,0.18471902667161427,0.0014966759341854252,False
2026-06-30,18676987000124,CLM FUNDO DE INVESTIMENTO EM DIREITOS CREDITÓRIOS MULTISSETORIAL,Classe,67137289.95,LIMINE TRUST DISTRIBUIDORA DE TITULOS E VALORES MOBILIARIOS LTDA.,25,0.0,2809807.53,10518963.01,15263467.209999999,24608563.76,0.0,60911206.04,60911206.04,False,0.046129566506281576,0.17269339574547685,0.25058553593531835,0.4040071664947779,0.009237366153592204,False
2026-06-30,21053720000195,GLOBALCASH FUNDO DE INVESTIMENTO EM DIREITOS CREDITORIOS MULTISSETORIAL - RESPONSABILIDADE  LIMITA,Classe,54965357.22,QI CORRETORA DE TÍTULOS E VALORES MOBILIÁRIOS S.A.,25,0.0,2794313.64,8225830.240000002,11507925.290000001,15867820.669999998,6433792.1,44144708.05,50578500.15,False,0.05524706410259182,0.16263491830728005,0.22752602896232782,0.3137265957460385,0.007809044961784167,False
2026-06-30,22175405000101,MR FUNDO DE INVESTIMENTO EM DIREITOS CREDITÓRIOS,Classe,145164202.12,QI CORRETORA DE TÍTULOS E VALORES MOBILIÁRIOS S.A.,25,0.0,2794284.96,12917333.159999998,21734826.330000002,37658333.129999995,9029275.07,107144845.34,116174120.41,False,0.024052559641841494,0.11118942079709608,0.18708836575042506,0.3241542350146208,0.004934424346480012,False
2026-06-30,41687522000190,SUPERE FUNDO DE INVESTIMENTO EM DIREITOS CREDITÓRIOS,Classe,26390008.07,ACTUAL DISTRIBUIDORA DE TITULOS E VALORES MOBILIARIOS S.A.,25,0.0,2783751.98,9668917.75,15128148.17,23797865.990000002,4400040.05,21148810.62,25548850.67,False,0.1089580120826625,0.3784482470420263,0.5921263686340219,0.9314652270422464,0.049791288449556194,False
2026-06-30,56197290000160,SMT AGRO FUNDO DE INVESTIMENTO EM DIREITOS CREDITÓRIOS DE  RESPONSABILIDADE LIMITADA,Classe,62062683.96,CATÁLISE DISTRIBUIDORA DE TITULOS E VALORES MOBILIARIOS LTDA.,25,0.0,2780809.7,7355175.569999999,11179348.040000001,18883488.35,51997828.14,0.0,51997828.14,False,0.05347934326243189,0.14145159198181848,0.21499644196485473,0.3631591746324042,0.007455373218223519,False
2026-06-30,22753713000169,VENTURA FUNDO DE INVESTIMENTO EM DIREITOS CREDITÓRIOS,Classe,67674648.5,QI CORRETORA DE TÍTULOS E VALORES MOBILIÁRIOS S.A.,25,0.0,2751033.61,9289272.459999999,14723004.409999998,25129281.549999993,4932808.99,46180085.42,51112894.410000004,False,0.05382269272275398,0.18174029405352157,0.28804873173293644,0.4916427026891978,0.012146521627329437,False
2026-06-30,42866998000151,PRECAVIDA FUNDO DE INVESTIMENTO EM DIREITOS CREDITÓRIOS,Classe,14929332.83,ACTUAL DISTRIBUIDORA DE TITULOS E VALORES MOBILIARIOS S.A.,25,0.0,2744757.9,5864652.29,7125721.810000001,8693282.35,9144216.35,179529.66,9323746.01,False,0.2943835982936648,0.62900172138001,0.7642552470173951,0.9323808628716603,0.12781787546273105,False
2026-06-30,55596335000106,GO.BANK FUNDO DE INVESTIMENTO EM DIREITOS CREDITÓRIOS,Classe,33010226.65,QI CORRETORA DE TÍTULOS E VALORES MOBILIÁRIOS S.A.,25,0.0,2735457.74,11353049.63,18041193.000000004,24925379.330000006,13943546.73,13641666.71,27585213.44,False,0.09916391424521093,0.41156287061884705,0.6540167992261873,0.9035775410697712,0.05132888565650678,False
2026-06-30,40155056000130,TERA PERFORMANCE FUNDO DE INVESTIMENTO EM DIREITOS CREDITÓRIOS MULTISSETORIAL LP,Classe,69553455.11,QI CORRETORA DE TÍTULOS E VALORES MOBILIÁRIOS S.A.,25,0.0,2723706.13,8469575.67,13095728.389999999,22535648.65,3668439.75,55821851.09,59490290.84,False,0.04578404461537172,0.14236904124034366,0.22013219644901635,0.3788122117373733,0.0073799697214256875,False
2026-06-30,47465008000197,STAL FUNDO DE INVESTIMENTO EM DIREITOS CREDITÓRIOS MULTISSETORIAL RESPONSABILIDADE LIMITADA,Classe,3682406.43,ID CORRETORA DE TITULOS E VALORES MOBILIARIOS S.A.,5,0.0,2719446.34,3298251.55,3298251.55,3298251.55,0.0,3298251.55,3298251.55,False,0.8245115021624109,1.0,1.0,1.0,0.6932654534911004,False
2026-06-30,14364744000108,CAPITAL FORTE FUNDO DE INVESTIMENTO EM DIREITOS CREDITORIOS MULTISSETORIAL,Classe,19023760.02,QI CORRETORA DE TÍTULOS E VALORES MOBILIÁRIOS S.A.,25,0.0,2701520.77,6973633.800000001,8504251.930000002,10526010.819999998,537230.3,15556328.16,16093558.46,False,0.16786348256754646,0.4333183252996988,0.5284258264657276,0.6540511749568652,0.05190840853203194,False
2026-06-30,31962973000135,CREDIHOME FUNDO DE INVESTIMENTO EM DIREITOS CREDITÓRIOS - RESPONSABILIDADE LIMITADA,Classe,25898147.95,APEX GROUP DISTRIBUIDORA DE TÍTULOS E VALORES MOBILIÁRIOS S.A.,3,0.0,2701214.76,26874862.73,26874862.73,26874862.73,25011620.78,0.0,25011620.78,False,0.10799838937906685,1.0744950503763395,1.0744950503763395,1.0744950503763395,0.5332820052488245,True
2026-06-30,64897169000179,FUNDO DE INVESTIMENTO EM DIREITOS CREDITÓRIOS - RECEBÍVEIS COMERCIAIS TOP PARTNERS - RESP LIMITADA,Classe,50990467.39,BEM - DISTRIBUIDORA DE TITULOS E VALORES MOBILIARIOS LTDA.,8,0.0,2698289.04,10376816.719999999,12807077.519999998,12807077.519999998,12807077.52,0.0,12807077.52,False,0.21068733563814643,0.8102407987923227,0.9999999999999999,0.9999999999999999,0.14988308554464327,False
2026-06-30,08270249000129,MACCRED FUNDO DE INVESTIMENTO EM DIREITOS CREDITÓRIOS,Classe,57508221.11,QI CORRETORA DE TÍTULOS E VALORES MOBILIÁRIOS S.A.,25,0.0,2696854.35,10079858.840000002,15660916.010000002,23954392.61,376441.29,43078175.21,43454616.5,False,0.062061400311748234,0.23196289949998758,0.3603970595391171,0.5512508115219472,0.017290493643473615,False
2026-06-30,37910672000144,SANTOFORTE FUNDO DE INVESTIMENTOS EM DIREITOS CREDITÓRIOS,Classe,7437647.54,ACTUAL DISTRIBUIDORA DE TITULOS E VALORES MOBILIARIOS S.A.,25,0.0,2681374.24,5104390.3,6141377.04,6972413.82,1782947.69,3395149.18,5178096.87,False,0.5178300652378487,0.9857657027571212,1.1860297700456113,1.3465205451052136,0.3441513721407947,True
2026-06-30,45018961000161,NOVA ERA FUNDO DE INVESTIMENTO EM DIREITOS CREDITÓRIOS MULTISSETORIAL - RESPONSABILIDADE LIMITADA,Classe,25413544.69,ID CORRETORA DE TITULOS E VALORES MOBILIARIOS S.A.,25,0.0,2669751.85,4965116.74,7164476.040000001,10789781.700000001,919953.73,22790518.87,23710472.6,False,0.11259800236963644,0.20940606388419267,0.3021650458371716,0.4550639661227166,0.018424285546677976,False
2026-06-30,50791925000176,FACTIA FUNDO DE INVESTIMENTO EM DIREITOS CREDITÓRIOS,Classe,15223067.48,LIMINE TRUST DISTRIBUIDORA DE TITULOS E VALORES MOBILIARIOS LTDA.,25,0.0,2668062.68,11120884.53,16116494.450000001,21321981.750000004,12838979.26,0.0,12838979.26,False,0.20780956382664958,0.8661813610562682,1.2552784862119952,1.6607225012372209,0.20129959571367798,True
2026-06-30,32302142000108,AVCALA FUNDO DE INVESTIMENTO EM DIREITOS CREDITÓRIOS,Classe,25802955.7,HEMERA DISTRIBUIDORA DE TITULOS E VALORES MOBILIARIOS LTDA,25,0.0,2655765.74,9077667.23,14096780.120000001,22208085.009999994,1176310.41,22611902.86,23788213.27,False,0.1116420855091821,0.38160357513895793,0.5925951629909867,0.9335751600145291,0.04894814648767568,False
2026-06-30,08093745000154,V1 FUNDO DE INVESTIMENTO EM DIREITOS CREDITÓRIOS - MULTICARTEIRA,Classe,835765.02,QI CORRETORA DE TÍTULOS E VALORES MOBILIÁRIOS S.A.,1,0.0,2652243.56,2652243.56,2652243.56,2652243.56,2652243.56,0.0,2652243.56,False,1.0,1.0,1.0,1.0,1.0,False
2026-06-30,57074057000152,MOVE BRASIL FUNDO DE INVESTIMENTO EM DIREITOS CREDITÓRIOS DO AGRONEGÓCIO,Classe,8982384.83,BTG PACTUAL SERVIÇOS FINANCEIROS S/A DTVM,25,0.0,2648928.0,5935618.72,8279658.090000001,11854865.02,0.0,9112552.11,9112552.11,False,0.2906900249265077,0.6513673280931175,0.9085992584793022,1.3009379674208525,0.14150029066952757,True
2026-06-30,10338491000139,BELLUNO PAGAMENTOS FUNDO DE INVESTIMENTO EM DIREITOS CREDITÓRIOS MULTISSETORIAL,Classe,98631056.6,QI CORRETORA DE TÍTULOS E VALORES MOBILIÁRIOS S.A.,25,0.0,2643104.62,7074333.120000001,9174298.390000002,14050002.840000002,3840533.5,86578897.66,90419431.16,False,0.02923159973571327,0.07823908013181093,0.10146379237628465,0.15538698551573593,0.002053430164366848,False
2026-06-30,58594141000160,AUGME PRO 051 MASTER FUNDO DE INVESTIMENTO EM DIREITOS CREDITÓRIOS DE RESPONSABILIDADE LIMITADA,Classe,36654160.84,BANCO DAYCOVAL S.A.,25,0.0,2633636.99,6900261.260000001,10417217.66,14185240.790000001,13133515.84,0.0,13133515.84,False,0.20052794865323742,0.5253933024532752,0.7931781395711934,1.080079467129192,0.08933842949287484,True
2026-06-30,37511950000190,FAST CAPITAL FUNDO DE INVESTIMENTO EM DIREITOS CREDITÓRIOS,Classe,14124591.71,ACTUAL DISTRIBUIDORA DE TITULOS E VALORES MOBILIARIOS S.A.,25,0.0,2632410.0,7235956.9799999995,8633574.67,11056512.720000003,0.0,14255238.95,14255238.95,False,0.18466263590762189,0.5075998378827595,0.6056422274142238,0.7756104796826294,0.07637764203165347,False
2026-06-30,57821748000172,TBN FUNDO DE INVESTIMENTO EM DIREITOS  CREDITÓRIOS NÃO - PADRONIZADO,Classe,11954687.87,AZUMI DISTRIBUIDORA DE TÍTULOS E VALORES MOBILIÁRIOS LTDA.,4,0.0,2593600.12,6600160.52,6600160.52,6600160.52,6600160.52,0.0,6600160.52,False,0.3929601578841601,1.0,1.0,1.0,0.2990328554516391,False
2026-06-30,52892178000198,CISS FUNDO DE INVESTIMENTO EM DIREITOS CREDITÓRIOS PRESTAÇÃO DE SERVIÇOS,Classe,163832261.94,BANCO DAYCOVAL S.A.,24,0.0,2584436.34,8763393.989999998,13528625.610000003,22849139.98,27832211.16,133880072.01,161712283.17000002,False,0.015981694707031695,0.05419126994074706,0.08365861482382286,0.14129501811547515,0.0010720669472969956,False
2026-06-30,50434429000165,ALVORADA I FUNDO DE INVESTIMENTO EM DIREITOS CREDITÓRIOS,Classe,58578630.41,QI CORRETORA DE TÍTULOS E VALORES MOBILIÁRIOS S.A.,25,0.0,2581223.75,8154232.16,12036249.2,20040146.179999996,5224476.17,46957272.94,52181749.11,False,0.04946602584284281,0.15626597994656605,0.23066013319383727,0.3840451215568691,0.008116900508197128,False
2026-06-30,57941435000158,EJM FUNDO DE INVESTIMENTO EM DIREITOS CREDITÓRIOS DE RESPONSABILIDADE LIMITADA,Classe,4228543.66,CATÁLISE DISTRIBUIDORA DE TITULOS E VALORES MOBILIARIOS LTDA.,2,0.0,2579010.0,4229010.1899999995,4229010.1899999995,4229010.1899999995,4229010.19,0.0,4229010.19,False,0.6098377360495316,0.9999999999999998,0.9999999999999998,0.9999999999999998,0.5241286565209731,False
2026-06-30,41240074000182,NACIONAL FUNDO DE INVESTIMENTO EM DIREITOS  CREDITÓRIOS,Classe,-15614.27,INTRA INVESTIMENTOS DTVM LTDA,24,0.0,2575684.63,12081345.03,21801470.57,41536072.69,0.02,0.0,0.02,False,128784231.49999999,604067251.5,1090073528.5,2076803634.4999998,1.9295320308088746e+17,True
2026-06-30,20905862000170,PRIME FUNDO DE INVESTIMENTO EM DIREITOS CREDITÓRIOS MULTISSETORIAL,Classe,51133740.4,LIMINE TRUST DISTRIBUIDORA DE TITULOS E VALORES MOBILIARIOS LTDA.,25,0.0,2570116.65,10960970.86,17471797.96,22143657.889999997,5670669.62,35366298.91,41036968.529999994,False,0.06262930089782634,0.2670999163105092,0.4257575202521911,0.5396026724978946,0.020920034174499245,False
2026-06-30,59400011000101,VSG LEGAL I FIDC DE RESP LIMITADA,Classe,6292871.9,BANCO DAYCOVAL S.A.,7,0.0,2565000.0,5321599.380000001,5546599.380000001,5546599.380000001,5546599.38,0.0,5546599.38,False,0.46244551377712806,0.9594346040546381,1.0000000000000002,1.0000000000000002,0.36870175300334507,False
2026-06-30,49829816000111,FUNDO DE INVESTIMENTO EM DIREITOS CREDITÓRIOS 800,Classe,2397269.64,BANCO DAYCOVAL S.A.,1,0.0,2563559.04,2563559.04,2563559.04,2563559.04,2563559.04,0.0,2563559.04,False,1.0,1.0,1.0,1.0,1.0,False
2026-06-30,15578550000160,FUNDO DE INVESTIMENTO EM DIREITOS CREDITÓRIOS MULTISSETORIAL MILÊNIO RECEBÍVEIS LP,Classe,52948247.49,HEMERA DISTRIBUIDORA DE TITULOS E VALORES MOBILIARIOS LTDA,25,0.0,2557172.22,10036303.92,13876817.649999999,22846427.790000003,2109715.37,46901917.19,49011632.559999995,False,0.05217480190788406,0.20477391581913879,0.2831331446266764,0.46614296640764674,0.01515996255942661,False
2026-06-30,18269128000110,DB 18 FUNDO DE INVESTIMENTO EM DIREITOS CREDITÓRIOS MULTISSETORIAL,Classe,31197725.16,BANCO FINAXIS S.A.,25,0.0,2553908.37,7198475.64,9994377.479999999,14684890.799999999,951603.95,27969600.42,28921204.37,False,0.08830574056760832,0.24889958066431656,0.345572658459797,0.5077551616499295,0.018060820400360687,False
2026-06-30,45207689000168,TESOURARIA 2 FUNDO DE INVESTIMENTO EM DIREITOS CREDITÓRIOS,Classe,206001807.09,BTG PACTUAL SERVIÇOS FINANCEIROS S/A DTVM,1,0.0,2546002.76,2546002.76,2546002.76,2546002.76,2535219.16,0.0,2535219.16,False,1.0042535178694372,1.0042535178694372,1.0042535178694372,1.0042535178694372,1.00852512815314,False
2026-06-30,50790524000100,911 MULTIESTRATÉGIA FUNDO DE INVESTIMENTO EM DIREITOS CREDITÓRIOS,Classe,115031960.07,LIMINE TRUST DISTRIBUIDORA DE TITULOS E VALORES MOBILIARIOS LTDA.,24,0.0,2533906.37,10604916.83,17988099.000000004,29326562.519999996,4856204.04,91601567.86,96457771.9,False,0.02626959259049607,0.10994362217898172,0.18648677701832755,0.30403524715876207,0.004671054078741377,False
2026-06-30,13963676000122,HOPE II FUNDO DE INVESTIMENTO EM DIREITOS CREDITÓRIOS MULTISSEGMENTOS,Classe,27862806.16,FINAXIS CORRETORA DE TÍTULOS E VALORES MOBILIÁRIOS S.A.,25,0.0,2520141.36,6661719.12,9202259.709999999,13296252.03,3798930.27,19586197.58,23385127.849999998,False,0.10776684122340602,0.28486990375808446,0.39350906135841374,0.5685772648020824,0.024306618177263963,False
2026-06-30,12400421000199,LIBRA FUNDO DE INVESTIMENTO EM DIREITOS CREDITÓRIOS MULTISSETORIAL,Classe,194318406.42,QI CORRETORA DE TÍTULOS E VALORES MOBILIÁRIOS S.A.,25,0.0,2520102.09,10849850.51,17854860.8,32232673.95,12307186.58,173044539.4,185351725.98000002,False,0.01359632383607761,0.05853654964707871,0.09632961714058487,0.1739000474885138,0.0013923217755582018,False
2026-06-30,46450551000158,D365 FUNDO DE INVESTIMENTO EM DIREITOS CREDITÓRIOS,Classe,1054510.09,BANCO DAYCOVAL S.A.,24,0.0,2515232.72,3247528.4999999995,3426657.4999999995,3649390.3299999996,3478130.94,0.0,3478130.94,False,0.7231564203272923,0.9336993218547429,0.9852008331808232,1.0492389139323202,0.5404072429846889,False
2026-06-30,44273371000112,GRYPHON FUNDO DE INVESTIMENTO EM DIREITOS CREDITÓRIOS NÃO PADRONIZADOS,Classe,2224997.67,QI CORRETORA DE TÍTULOS E VALORES MOBILIÁRIOS S.A.,1,0.0,2500000.0,2500000.0,2500000.0,2500000.0,2500000.0,0.0,2500000.0,False,1.0,1.0,1.0,1.0,1.0,False
2026-06-30,64191286000112,FUNDESTAP FUNDO DE INVESTIMENTO EM DIREITOS CREDITÓRIOS,Classe,3140352.36,PLANNER CORRETORA DE VALORES S.A.,1,0.0,2500000.0,2500000.0,2500000.0,2500000.0,2500000.0,0.0,2500000.0,False,1.0,1.0,1.0,1.0,1.0,False
2026-06-30,50941133000130,THP CAPITAL FUNDO DE INVESTIMENTO EM DIREITOS CREDITÓRIOS NÃO PADRONIZADOS,Classe,7044991.16,QI CORRETORA DE TÍTULOS E VALORES MOBILIÁRIOS S.A.,25,0.0,2495488.44,6106285.93,6818119.269999999,7357266.039999998,3079137.44,3460610.63,6539748.07,False,0.38158785526427774,0.9337188320772729,1.0425660433735942,1.1250075631736067,0.29926859491855784,True
2026-06-30,28254169000197,VEGA FUNDO DE INVESTIMENTO EM DIREITOS CREDITÓRIOS MULTISSETORIAL RESPONSABILIDADE LIMITADA,Classe,1657451.54,ID CORRETORA DE TITULOS E VALORES MOBILIARIOS S.A.,25,0.0,2487473.63,10100993.629999999,14051750.18,16023326.23,0.0,0.0,0.0,True,,,,,,
2026-06-30,58495913000106,ZAB LEGACY FUNDO DE INVESTIMENTO EM DIREITOS CREDITÓRIOS DE RESPONSABILIDADE LIMITADA,Classe,67329914.84,CATÁLISE DISTRIBUIDORA DE TITULOS E VALORES MOBILIARIOS LTDA.,25,0.0,2473972.25,9886068.639999999,15170298.590000002,21704203.049999997,69402714.16,0.0,69402714.16,False,0.03564662102834395,0.14244498590082227,0.2185836501296854,0.31272844747776646,0.006044182747949728,False
2026-06-30,63190032000117,AVANCE PROSPERITY CAPITAL FUNDO DE INVESTIMENTO EM DIREITOS  CREDITÓRIOS,Classe,10327356.78,QI CORRETORA DE TÍTULOS E VALORES MOBILIÁRIOS S.A.,25,0.0,2473737.29,4438148.359999999,5116066.159999999,6065873.299999998,0.0,8859516.59,8859516.59,False,0.27921808880545257,0.5009470116021307,0.5774656109086872,0.6846731690583129,0.09638550376143278,False
2026-06-30,55327697000100,POLÍGONO MASTER QUALI FUNDO DE INVESTIMENTO EM DIREITOS CREDITÓRIOS,Classe,58864399.25,BTG PACTUAL SERVIÇOS FINANCEIROS S/A DTVM,2,0.0,2470086.46,2823545.2199999997,2823545.2199999997,2823545.2199999997,0.0,2468133.94,2468133.94,False,1.0007910915888139,1.14399999701799,1.14399999701799,1.14399999701799,1.0220915995977524,True
2026-06-30,62550985000186,YUMA CRED FUNDO DE  INVESTIMENTO EM DIREITOS CREDITÓRIOS RESPONSABILIDADE LIMITADA,Classe,3100588.42,ID CORRETORA DE TITULOS E VALORES MOBILIARIOS S.A.,2,0.0,2464999.09,2552729.65,2552729.65,2552729.65,2343609.4,209120.24,2552729.6399999997,False,0.96563265117257,1.0000000039173753,1.0000000039173753,1.0000000039173753,0.933627531945252,False
2026-06-30,60115023000173,SKIEN FUNDO DE INVESTIMENTO EM DIREITOS CREDITÓRIOS,Classe,31139965.33,OSLO CAPITAL DISTRIBUIDORA DE TITULOS E VALORES MOBILIARIOS S.A.,10,0.0,2463591.36,7423827.38,8687963.780000001,8687963.780000001,30973702.87,0.0,30973702.87,False,0.07953816081790287,0.23968162318721176,0.28049483836221745,0.28049483836221745,0.01563430303247693,False
2026-06-30,29494000000177,MULTIBANK FUNDO DE INVESTIMENTO EM DIREITOS CREDITÓRIOS MULTISSETORIAL LP,Classe,29092457.55,LIMINE TRUST DISTRIBUIDORA DE TITULOS E VALORES MOBILIARIOS LTDA.,25,0.0,2462434.66,6524492.25,7965670.94,10562540.82,4365994.26,12275933.4,16641927.66,False,0.1479657110827749,0.39205147284001596,0.47865073702645816,0.6346945519651418,0.04105091899173765,False
2026-06-30,61138429000134,LU INVEST FUNDO DE INVESTIMENTO EM DIREITOS CREDITÓRIOS,Classe,17375762.05,LIMINE TRUST DISTRIBUIDORA DE TITULOS E VALORES MOBILIARIOS LTDA.,25,0.0,2443610.04,5579558.409999999,7512624.839999999,11092930.160000002,8156491.75,9166848.97,17323340.72,False,0.1410588222847123,0.32208328059716185,0.4336706736551447,0.640345897439579,0.037057636035876605,False
2026-06-30,59388724000105,FUNDO DE INVESTIMENTO EM DIREITOS CREDITÓRIOS KREDITKARTE,Classe,10342072.19,PLANNER CORRETORA DE VALORES S.A.,24,0.0,2434338.07,8337552.22,10358857.870000001,11299140.3,229563.63,0.0,229563.63,False,10.604197494176232,36.31913391507182,45.1241247143548,49.22008028885064,322.9034637659,True
2026-06-30,32311976000171,FUNDO DE INVESTIMENTO EM DIREITOS CREDITÓRIOS CREDIBLUE-GENIAL,Classe,59727662.8,BANCO GENIAL S.A.,24,0.0,2433858.93,11122068.28,21291313.450000003,41405348.12000001,52024998.14,0.0,52024998.14,False,0.046782489514953014,0.21378315574505852,0.40925159464119115,0.7958740913085213,0.027923871421500514,False
2026-06-30,41755934000110,FIDEM BANK FUNDO DE INVESTIMENTO EM DIREITOS CREDITÓRIOS,Classe,112489131.37,QI CORRETORA DE TÍTULOS E VALORES MOBILIÁRIOS S.A.,25,0.0,2433001.72,7310247.209999999,11579271.280000001,20697230.18,726174.8,87416196.81,88142371.61,False,0.027603088906720197,0.08293681093975273,0.13137008987271567,0.23481589843733955,0.002727364477714959,False
2026-06-30,52768886000111,GRUMARI - FUNDO DE INVESTIMENTO EM DIREITOS CREDITÓRIOS,Classe,4100336.67,INTRA INVESTIMENTOS DTVM LTDA,24,0.0,2422861.81,3926285.82,4123048.5999999996,4469656.19,0.0,4087683.73,4087683.73,False,0.5927224242468485,0.9605160475563504,1.0086515670819767,1.0934447196089705,0.46391394003373904,True
2026-06-30,44585499000111,ECOFINANCE FUNDO DE INVESTIMENTO EM DIREITOS CREDITÓRIOS,Classe,22715909.42,AZUMI DISTRIBUIDORA DE TÍTULOS E VALORES MOBILIÁRIOS LTDA.,25,0.0,2420704.99,9200596.06,14867689.27,19197056.99,268290.97,18956267.8,19224558.77,False,0.12591732371915448,0.47858555143317866,0.7733695970802247,0.9985694454510489,0.06992096562214274,False
2026-06-30,62628909000146,SPT CAPITAL FUNDO DE INVESTIMENTO EM DIREITOS CREDITORIOS,Classe,2558519.43,ACTUAL DISTRIBUIDORA DE TITULOS E VALORES MOBILIARIOS S.A.,1,0.0,2411591.25,2411591.25,2411591.25,2411591.25,0.0,2411591.25,2411591.25,False,1.0,1.0,1.0,1.0,1.0,False
2026-06-30,65706613000194,UP VENDAS I FUNDO DE INVESTIMENTO EM DIREITOS CREDITÓRIOS DE RESPONSABILIDADE LIMITADA,Classe,3654167.59,LIMINE TRUST DISTRIBUIDORA DE TITULOS E VALORES MOBILIARIOS LTDA.,1,0.0,2407865.31,2407865.31,2407865.31,2407865.31,2407865.31,0.0,2407865.31,False,1.0,1.0,1.0,1.0,1.0,False
2026-06-30,47372688000102,PHX FUNDO DE  INVESTIMENTO EM DIREITOS CREDITÓRIOS NÃO-PADRONIZADOS  RESPONSABILIDADE LIMITADA,Classe,3934342.41,ID CORRETORA DE TITULOS E VALORES MOBILIARIOS S.A.,3,0.0,2400000.0,2722065.21,2722065.21,2722065.21,228047.82,0.08,228047.9,False,10.524104804297695,11.936374814238588,11.936374814238588,11.936374814238588,112.05135302865143,True
2026-06-30,55626024000142,INSOL FUNDO DE INVESTIMENTO EM DIREITOS CREDITÓRIOS DE RESPONSABILIDADE LIMITADA,Classe,3267142.24,MERITO DISTRIBUIDORA DE TITULOS E VALORES MOBILIARIOS LTDA.,8,0.0,2395679.73,3157015.4299999997,3257031.2299999995,3257031.2299999995,3257031.23,0.0,3257031.23,False,0.7355409146629521,0.9692923423396219,0.9999999999999999,0.9999999999999999,0.5625893594442599,False
2026-06-30,45829624000154,FUNDO DE INVESTIMENTO EM DIREITOS CREDITÓRIOS SALES FINANCE - RESPONSABILIDADE LIMITADA,Classe,91577343.55,APEX GROUP DISTRIBUIDORA DE TÍTULOS E VALORES MOBILIÁRIOS S.A.,24,0.0,2381155.36,10628004.61,17940126.93,30065712.41,32283590.66,0.0,32283590.66,False,0.07375745111742783,0.32920763746296366,0.5557042002836496,0.9313001371700579,0.0426297804717807,False
2026-06-30,63570081000185,FUNDO DE INVESTIMENTO EM DIREITOS CREDITÓRIOS ATLÉTICO MINEIRO - RESPONSABILIDADE LIMITADA,Classe,18245172.1,INTER DISTRIBUIDORA DE TÍTULOS E VALORES MOBILIÁRIOS,5,0.0,2371222.72,15395818.920000002,15395818.920000002,15395818.920000002,15378325.51,0.0,15378325.51,False,0.1541925171539694,1.0011375367226183,1.0011375367226183,1.0011375367226183,0.287209360227056,False
2026-06-30,56125191000172,IMOB RS FUNDO DE INVESTIMENTO EM DIREITOS CREDITÓRIOS - RESPONSABILIDADE LIMITADA,Classe,29108392.54,QI CORRETORA DE TÍTULOS E VALORES MOBILIÁRIOS S.A.,25,0.0,2368487.28,8471003.85,12736867.18,19129133.54,26348687.16,0.0,26348687.16,False,0.0898901438852561,0.321496239966743,0.48339665284484706,0.7259994937827483,0.03168760693616166,False
2026-06-30,14109346000137,FUNDO DE INVESTIMENTOS EM DIREITOS CREDITÓRIOS MULTISEGMENTOS NPL IPANEMA II,Classe,1634284.98,APEX GROUP DISTRIBUIDORA DE TÍTULOS E VALORES MOBILIÁRIOS S.A.,1,0.0,2354954.2,2354954.2,2354954.2,2354954.2,2354954.2,0.0,2354954.2,False,1.0,1.0,1.0,1.0,1.0,False
2026-06-30,49573227000115,SCORE I FUNDO DE INVESTIMENTO EM DIREITOS CREDITÓRIOS,Classe,129302893.22,BTG PACTUAL SERVIÇOS FINANCEIROS S/A DTVM,1,0.0,2353448.3,2353448.3,2353448.3,2353448.3,115343722.08,0.0,115343722.08,False,0.020403783210391782,0.020403783210391782,0.020403783210391782,0.020403783210391782,0.0004163143692966655,False
2026-06-30,33701265000176,FXN CAPITAL FUNDO DE INVESTIMENTOS EM DIREITOS CREDITORIOS,Classe,7982821.74,ACTUAL DISTRIBUIDORA DE TITULOS E VALORES MOBILIARIOS S.A.,25,0.0,2339468.82,6963365.300000001,9213096.5,10156982.57,1365336.47,4723613.91,6088950.38,False,0.38421545159643755,1.1436068395091767,1.5130845096491,1.6681007293739845,0.3597381883456603,True
2026-06-30,45512077000189,ALEVI FUNDO DE INVESTIMENTO EM DIREITOS CREDITÓRIOS,Classe,4397410.12,PLANNER CORRETORA DE VALORES S.A.,1,0.0,2335733.65,2335733.65,2335733.65,2335733.65,0.0,0.0,0.0,True,,,,,,
2026-06-30,29720600000106,FUNDO DE INVESTIMENTO EM DIREITOS CREDITÓRIOS NEXUS,Classe,21059501.0,HEMERA DISTRIBUIDORA DE TITULOS E VALORES MOBILIARIOS LTDA,25,0.0,2318899.02,3823440.91,5257891.84,6014489.479999999,5991158.33,11351493.55,17342651.880000003,False,0.1337107517376979,0.22046460578553684,0.30317692336680857,0.34680333328584334,0.030204590851019116,False
2026-06-30,22061694000100,FUNDO DE INVESTIMENTO EM DIREITOS CREDITÓRIOS BREOF REAL ESTATE CREDIT RESPONSABILIDADE LIMITADA,Classe,1935803.45,APEX GROUP DISTRIBUIDORA DE TÍTULOS E VALORES MOBILIÁRIOS S.A.,1,0.0,2316702.59,2316702.59,2316702.59,2316702.59,309671.97,0.0,309671.97,False,7.48115042507722,7.48115042507722,7.48115042507722,7.48115042507722,55.96761168263306,True
2026-06-30,60203969000191,24 CASH FUNDO DE INVESTIMENTO EM DIREITOS CREDITÓRIOS,Classe,12772459.83,PLANNER CORRETORA DE VALORES S.A.,1,0.0,2307486.41,2307486.41,2307486.41,2307486.41,2307486.41,0.0,2307486.41,False,1.0,1.0,1.0,1.0,1.0,False
2026-06-30,62390047000166,GROW FUNDO DE INVESTIMENTO EM DIREITOS CREDITÓRIOS,Classe,48664128.26,CATÁLISE DISTRIBUIDORA DE TITULOS E VALORES MOBILIARIOS LTDA.,25,0.0,2307278.28,9043551.04,12951789.61,20410469.6,47121500.72,0.0,47121500.72,False,0.048964448176428955,0.19191984342216847,0.2748594465817344,0.4331455766080279,0.010939083338552138,False
2026-06-30,63309002000187,KINEA AROEIRA FUNDO DE INVESTIMENTO EM DIREITOS CREDITÓRIOS ABERTO RESPONSABILIDADE LIMITADA,Classe,72836355.72,INTRAG DTVM LTDA.,5,0.0,2306047.24,8429911.83,8429911.83,8429911.83,8753900.16,0.0,8753900.16,False,0.26343083629594427,0.9629892591783912,0.9629892591783912,0.9629892591783912,0.21627600198301167,False
2026-06-30,56963951000110,AGRO DEFENDER FUNDO DE INVESTIMENTO EM DIREITOS CREDITÓRIOS - RESPONSABILIDADE LIMITADA,Classe,81179490.8,FIDD DISTRIBUIDORA DE TITULOS E VALORES MOBILIARIOS LTDA.,25,0.0,2295304.37,8186709.87,13094316.95,24472602.549999997,86326461.23,0.0,86326461.23,False,0.02658865355183053,0.09483430402861193,0.15168369887319658,0.2834890044293316,0.0037817821852928844,False
2026-06-30,58238421000135,SEVEN MP FUNDO DE INVESTIMENTO EM DIREITOS  CREDITÓRIOS,Classe,9234188.59,AZUMI DISTRIBUIDORA DE TÍTULOS E VALORES MOBILIÁRIOS LTDA.,25,0.0,2294177.48,5803644.79,6807064.7,8272207.660000001,9108495.01,0.0,9108495.01,False,0.25187228817508023,0.6371683558730962,0.7473314408721403,0.9081860011909916,0.12213237865851763,False
2026-06-30,41265819000168,M CREDIT FUNDO DE INVESTIMENTO EM DIREITOS CREDITÓRIOS,Classe,98749057.85,PLANNER CORRETORA DE VALORES S.A.,24,0.0,2292285.36,6232553.27,9403515.99,14155168.969999997,98360212.07,0.0,98360212.07,False,0.02330500628006627,0.06336457739196902,0.09560284379325862,0.14391153365881512,0.0013450627338387467,False
2026-06-30,55330962000109,LEGATUS FUNDO DE INVESTIMENTO EM DIREITOS CREDITÓRIOS,Classe,4318921.2,PLANNER CORRETORA DE VALORES S.A.,1,0.0,2276878.94,2276878.94,2276878.94,2276878.94,2276878.94,0.0,2276878.94,False,1.0,1.0,1.0,1.0,1.0,False
2026-06-30,36741161000183,NANBAN FUNDO DE INVESTIMENTO EM DIREITOS CREDITÓRIOS NÃO PADRONIZADOS RESPONSABILIDADE LIMITADA,Classe,47285152.16,ID CORRETORA DE TITULOS E VALORES MOBILIARIOS S.A.,22,0.0,2275288.68,8501897.780000001,12773160.74,14730306.049999999,30705295.13,0.0,30705295.13,False,0.07410085688370324,0.27688702368776097,0.4159921175133157,0.4797317852713959,0.02059406510919263,False
2026-06-30,62453870000173,OTMOW I FUNDO DE  INVESTIMENTO EM DIREITOS CREDITÓRIOS RESPONSABILIDADE LIMITADA,Classe,16333037.91,APEX GROUP DISTRIBUIDORA DE TÍTULOS E VALORES MOBILIÁRIOS S.A.,24,0.0,2256814.12,6151994.74,8775717.02,11009472.96,10630576.57,0.0,10630576.57,False,0.2122946112225783,0.5787075328878423,0.8255165617983032,1.035642129804066,0.09650194152727436,False
2026-06-30,65812452000113,ITABIRA I  FUNDO DE INVESTIMENTO EM DIREITOS CREDITÓRIOS DE RESPONSABILIDADE LIMITADA,Classe,5119145.77,ID CORRETORA DE TITULOS E VALORES MOBILIARIOS S.A.,2,0.0,2242134.45,2945015.3400000003,2945015.3400000003,2945015.3400000003,2945015.34,0.0,2945015.34,False,0.7613320105830078,1.0000000000000002,1.0000000000000002,1.0000000000000002,0.6365888395107148,False
2026-06-30,54075641000134,SWP FUNDO DE INVESTIMENTO EM DIREITOS CREDITÓRIOS MULTISSEGMENTOS,Classe,23368545.69,FINAXIS CORRETORA DE TÍTULOS E VALORES MOBILIÁRIOS S.A.,25,0.0,2237128.49,5353849.649999999,6871377.91,9661302.43,20467990.4,0.0,20467990.4,False,0.10929888309894852,0.2615718272957564,0.33571336392653384,0.4720200782388485,0.023253018501546974,False
2026-06-30,18675887000183,SUPERNOVA FUNDO DE INVESTIMENTO EM DIREITOS CREDITÓRIOS MULTISSETORIAL LP,Classe,27318484.95,QI CORRETORA DE TÍTULOS E VALORES MOBILIÁRIOS S.A.,25,0.0,2234349.34,7097082.98,9140433.98,12047066.83,0.0,26194879.79,26194879.79,False,0.08529717860560565,0.27093397781918205,0.3489397184975591,0.45990158865317704,0.018681384380573696,False
2026-06-30,13807406000122,B8 FUNDO DE INVESTIMENTO EM DIREITOS CREDITÓRIOS,Classe,39808170.44,QI CORRETORA DE TÍTULOS E VALORES MOBILIÁRIOS S.A.,25,0.0,2228370.86,8738243.870000001,13567838.319999998,18787354.28,9782010.56,29094079.79,38876090.35,False,0.05731982923020447,0.22477167305996862,0.3490021295312685,0.48326243999481805,0.014780816993405074,False
2026-06-30,54773936000184,TALÓ II FUNDO DE INVESTIMENTO EM DIREITOS CREDITÓRIOS RESPONSABILIDADE LIMITADA,Classe,39918281.91,VORTX DISTRIBUIDORA DE TITULOS E VALORES MOBILIARIOS LTDA.,24,0.0,2224967.67,9201091.73,16323088.489999998,27246689.38,34395754.06,0.0,34395754.06,False,0.06468727698537334,0.2675066147394124,0.47456696141988863,0.792152698047289,0.030776116814480274,False
2026-06-30,41957418000179,MILENIO MAGENTA FUNDO DE INVESTIMENTO EM DIREITOS CREDITÓRIOS DE RESPONSABILIDADE LIMITADA,Classe,62949552.33,QI CORRETORA DE TÍTULOS E VALORES MOBILIÁRIOS S.A.,3,0.0,2214740.42,2829009.0100000002,2829009.0100000002,2829009.0100000002,2829009.01,0.0,2829009.01,False,0.7828679273099947,1.0000000000000002,1.0000000000000002,1.0000000000000002,0.6501518493168852,False
2026-06-30,43648593000100,FC MONEY FUNDO  DE INVESTIMENTO EM DIREITOS CREDITÓRIOS RESPONSABILIDADE  LIMITADA,Classe,5502003.03,ID CORRETORA DE TITULOS E VALORES MOBILIARIOS S.A.,8,0.0,2209483.38,5210111.5,5400117.839999999,5400117.839999999,2259280.38,2552926.94,4812207.32,False,0.4591413530371338,1.0826864167606145,1.1221706549417738,1.1221706549417738,0.34589516105117907,True
2026-06-30,58363382000106,IPIRANGA FUNDO DE INVESTIMENTO EM DIREITOS CREDITORIOS,Classe,17041410.59,ACTUAL DISTRIBUIDORA DE TITULOS E VALORES MOBILIARIOS S.A.,1,0.0,2207131.58,2207131.58,2207131.58,2207131.58,2096775.0,0.0,2096775.0,False,1.0526315794493926,1.0526315794493926,1.0526315794493926,1.0526315794493926,1.1080332420541228,True
2026-06-30,46557432000107,ACELERA CASH FUNDO DE INVESTIMENTO EM DIREITOS CREDITÓRIOS,Classe,4300306.27,ID CORRETORA DE TITULOS E VALORES MOBILIARIOS S.A.,25,0.0,2205000.63,2563543.8499999996,2755075.57,2937049.5800000005,1793375.94,138520.64,1931896.58,False,1.141365771246409,1.326957082764751,1.426098890862988,1.520293379265675,1.3143394747237405,True
2026-06-30,12144737000167,CREDIT BRASIL FUNDO DE INVESTIMENTO EM DIREITOS CREDITÓRIOS MULTISSETORIAL MASTER - EM LIQUIDAÇÃO,Classe,806691.96,FINAXIS CORRETORA DE TÍTULOS E VALORES MOBILIÁRIOS S.A.,25,0.0,2200000.0,9220393.57,14866320.67,22317405.18,0.0,15481.82,15481.82,False,142.1021559480733,595.5626386303419,960.2437355556389,1441.5233596566811,117030.91007111112,True
2026-06-30,65216273000113,APG SAFIRA FUNDO DE INVESTIMENTO EM DIREITOS CREDITÓRIOS DE RESPONSABILIDADE LIMITADA,Classe,20622543.81,QI CORRETORA DE TÍTULOS E VALORES MOBILIÁRIOS S.A.,25,0.0,2199474.1,9713010.2,14373824.83,18703640.04,4170981.87,17009139.53,21180121.400000002,False,0.10384615170336087,0.45859086530070586,0.6786469519480657,0.8830752046586474,0.05581782322629118,False
2026-06-30,11823118000136,FUNDO DE INVESTIMENTO EM DIREITOS CREDITÓRIOS MULTISSETORIAL PREVIA,Classe,74676749.3,HEMERA DISTRIBUIDORA DE TITULOS E VALORES MOBILIARIOS LTDA,25,0.0,2172100.24,5272050.180000001,8721726.37,13430847.909999996,6195496.78,57489528.89,63685025.67,False,0.03410692257949749,0.08278319941831312,0.1369509751820439,0.21089491240209773,0.00364525118157984,False
2026-06-30,27984909000188,FUNDO DE INVESTIMENTO EM DIREITOS CREDITÓRIOS CONSORCIEI I - RESPONSABILIDADE LIMITADA,Classe,1928059.58,BANCO DAYCOVAL S.A.,12,0.0,2170953.73,5154335.26,6296313.48,6347472.640000001,6347472.64,0.0,6347472.64,False,0.34201860380133914,0.8120295355853633,0.991940231506063,1.0000000000000002,0.1863210595404158,False
2026-06-30,57088975000130,MONTE SIÃO FUNDO DE INVESTIMENTO EM DIREITOS CREDITÓRIOS,Classe,302613420.54,QI CORRETORA DE TÍTULOS E VALORES MOBILIÁRIOS S.A.,25,0.0,2157950.81,4985693.22,7441689.97,12775558.650000002,6066210.14,272185282.75,278251492.89,False,0.007755397060360405,0.01791793879780179,0.02674447454965459,0.045913711072344585,0.0001267676449414228,False
2026-06-30,61430639000100,NX BOATS FUNDO DE INVESTIMENTO EM DIREITOS CREDITÓRIOS - RESPONSABILIDADE LIMITADA,Classe,51179775.4,LIMINE TRUST DISTRIBUIDORA DE TITULOS E VALORES MOBILIARIOS LTDA.,25,0.0,2148343.14,8607789.25,14288934.620000001,25389165.770000003,34262233.72,8369300.89,42631534.61,False,0.05039328655778831,0.20191131585445876,0.3351728890530784,0.5955489522548061,0.01658501408032358,False
2026-06-30,28879529000146,CREDISA FUNDO DE INVESTIMENTO EM DIREITOS CREDITÓRIOS,Classe,37394750.96,QI CORRETORA DE TÍTULOS E VALORES MOBILIÁRIOS S.A.,25,0.0,2135772.62,6771506.56,9476103.650000002,15087231.199999997,0.0,32756554.33,32756554.33,False,0.06520138224806993,0.20672218731499284,0.28928878033185984,0.46058663704388464,0.013488291712596103,False
2026-06-30,41197066000109,IFOOD PAGO CRÉDITO I FUNDO DE INVESTIMENTO EM DIREITOS CREDITÓRIOS FINANCEIRO DE RESP LIMITADA,Classe,657095062.27,BANCO GENIAL S.A.,24,0.0,2131061.54,6837496.02,11267991.38,20621607.790000003,569616725.63,0.0,569616725.63,False,0.003741220094341562,0.01200367846017457,0.019781707370930032,0.03620260231507838,6.262892508580329e-05,False
2026-06-30,61817344000182,HELFEN FUNDO DE INVESTIMENTO EM DIREITOS CREDITÓRIOS RESPONSABILIDADE LIMITADA,Classe,6784783.24,FIDD DISTRIBUIDORA DE TITULOS E VALORES MOBILIARIOS LTDA.,22,0.0,2115864.28,4958846.369999999,6103876.3,6773571.49,0.0,6773571.49,6773571.49,False,0.3123705541638861,0.7320874043067048,0.901131154961797,1.0,0.1557201078416178,False
2026-06-30,60864701000109,NEXUS TRADE FUNDO DE INVESTIMENTO EM DIREITOS CREDITORIOS,Classe,2728468.47,ACTUAL DISTRIBUIDORA DE TITULOS E VALORES MOBILIARIOS S.A.,2,0.0,2109277.91,2820052.5900000003,2820052.5900000003,2820052.5900000003,0.0,2535742.72,2535742.72,False,0.8318185805537874,1.112120944982936,1.112120944982936,1.112120944982936,0.7704915664590889,True
2026-06-30,52680896000109,KAISEN FUNDO DE INVESTIMENTO EM DIREITOS CREDITÓRIOS RESPONSABILIDADE LIMITADA,Classe,38720544.65,ID CORRETORA DE TITULOS E VALORES MOBILIARIOS S.A.,8,0.0,2104327.37,8625499.7,10216803.64,10216803.64,31967819.75,2626394.1,34594213.85,False,0.060828882515565535,0.24933359484334688,0.29533273062078846,0.29533273062078846,0.013785972840810887,False
2026-06-30,55728426000158,ISAAC CREDITO FUNDO DE INVESTIMENTO EM DIREITOS CREDITORIOS FINANCEIROS DE RESPONSABILIDADE LIMITADA,Classe,114276812.82,GENIAL INVESTIMENTOS CORRETORA DE VALORES MOBILIÁRIOS S.A.,24,0.0,2100255.79,7068821.75,11772240.329999998,20940117.090000004,92913507.24,0.0,92913507.24,False,0.022604418371323987,0.07607959230019053,0.1267010651055475,0.2253721521447973,0.002457474072160801,False
2026-06-30,64041032000118,MTRIOS FUNDO DE INVESTIMENTO EM DIREITOS CREDITÓRIOS,Classe,5130400.16,QI CORRETORA DE TÍTULOS E VALORES MOBILIÁRIOS S.A.,3,0.0,2096800.64,5029218.04,5029218.04,5029218.04,0.0,5029218.03,5029218.03,False,0.4169237896413093,1.0000000019883806,1.0000000019883806,1.0000000019883806,0.357852494798225,False
2026-06-30,61515560000173,WECAR I FUNDO DE INVESTIMENTO EM DIREITOS CREDITÓRIOS RESPONSABILIDADE LIMITADA,Classe,1883088.35,PLANNER CORRETORA DE VALORES S.A.,1,0.0,2094972.31,2094972.31,2094972.31,2094972.31,1872838.3,0.0,1872838.3,False,1.118608216203182,1.118608216203182,1.118608216203182,1.118608216203182,1.251284341357265,True
2026-06-30,45931917000148,ARGENTA FUNDO DE INVESTIMENTO EM DIREITOS CREDITÓRIOS MERCANTIS DE RESPONSABILIDADE LIMITADA,Classe,40072348.5,GENIAL INVESTIMENTOS CORRETORA DE VALORES MOBILIÁRIOS S.A.,24,0.0,2089292.22,5532686.659999999,7706582.1899999995,12050816.959999997,35251762.86,0.0,35251762.86,False,0.05926773728444399,0.15694780093616004,0.218615512098109,0.3418500518075934,0.00812425671021123,False
2026-06-30,61288838000117,IFOOD PAGO CRÉDITO III FUNDO DE INVESTIMENTO EM DIREITOS CREDITÓRIOS FINANCEIRO RESP. LIMITADA,Classe,722466359.01,VERT DISTRIBUIDORA DE TÍTULOS E VALORES MOBILIÁRIOS LTDA.,25,0.0,2084450.82,6465064.43,11601447.609999998,25013660.17,681952295.66,0.0,681952295.66,False,0.0030565933031762122,0.009480229733288086,0.01701211020746254,0.03667948671657677,5.68490546907164e-05,False
2026-06-30,09520712000106,GRAN FIDC NÃO-PADRONIZADOS MULTISSETORIAL NP - GRANFIDC,Classe,21159905.23,QI CORRETORA DE TÍTULOS E VALORES MOBILIÁRIOS S.A.,25,0.0,2075813.14,4945321.609999999,6306726.669999999,8934867.139999999,0.0,14415696.83,14415696.83,False,0.14399672554712015,0.3430511662612427,0.43749024028275146,0.6198012656180422,0.038581727917197654,False
2026-06-30,36517586000103,NEXUM FUNDO DE INVESTIMENTO EM DIREITOS CREDITÓRIOS,Classe,9402563.58,FINVEST DISTRIBUIDORA DE TÍTULOS E VALORES MOBILIÁRIOS LTDA.,25,0.0,2058737.72,6535615.609999999,8195493.14,8749439.35,3615.75,6624951.8,6628567.55,False,0.31058561362929765,0.9859770698120138,1.2363897747409995,1.3199592949761823,0.23307358887111648,True
2026-06-30,63054582000109,GRBIGO FUNDO DE INVESTIMENTO EM DIREITOS CREDITÓRIOS DE RESPONSABILIDADE LIMITADA,Classe,32953406.33,CATÁLISE DISTRIBUIDORA DE TITULOS E VALORES MOBILIARIOS LTDA.,25,0.0,2055166.2,6074092.779999999,8650124.069999998,12878880.489999998,28127829.35,0.0,28127829.35,False,0.07306522570324112,0.21594601931129814,0.30752902978629587,0.4578696894717899,0.014870913819749516,False
2026-06-30,12910463000170,CAPITAL RS NP FUNDO DE INVESTIMENTO EM DIREITOS CREDITÓRIOS NÃO PADRONIZADOS MULTISSETORIAL,Classe,101490853.44,QI CORRETORA DE TÍTULOS E VALORES MOBILIÁRIOS S.A.,25,0.0,2053338.67,6958506.73,11975189.6,20951349.659999996,0.0,100944548.23,100944548.23,False,0.02034125374776567,0.06893395286831332,0.11863136553659921,0.20755305786561937,0.0020543408777092126,False
2026-06-30,59710430000140,HAVANTI FUNDO DE INVESTIMENTO EM DIREITOS CREDITÓRIOS,Classe,12621710.62,AZUMI DISTRIBUIDORA DE TÍTULOS E VALORES MOBILIÁRIOS LTDA.,25,0.0,2052383.37,4435492.790000001,4813958.010000001,5459834.250000002,12526759.53,0.0,12526759.53,False,0.16383992724413704,0.3540814190116413,0.3842939587425768,0.4358536808281816,0.050180451231490356,False
2026-06-30,17198452000122,REAL TIME PADRONIZADO FUNDO DE INVESTIMENTO EM DIREITOS CREDITÓRIOS MULTISEGMENTOS,Classe,105328549.34,FINAXIS CORRETORA DE TÍTULOS E VALORES MOBILIÁRIOS S.A.,25,0.0,2043242.28,7659700.860000001,13352461.68,24174864.87000001,8810304.63,86811927.77,95622232.39999999,False,0.021367857962705336,0.08010376528293646,0.13963762761932758,0.25281636145947173,0.0029086358940353728,False
2026-06-30,58355344000101,P051 FUNDO DE INVESTIMENTO EM DIREITOS CREDITÓRIOS DE RESPONSABILIDADE LIMITADA,Classe,5873116.78,BANCO DAYCOVAL S.A.,10,0.0,2040235.67,4995124.27,5676902.94,5676902.94,4660621.93,0.0,4660621.93,False,0.43776038920196214,1.0717720392308243,1.2180569514678485,1.2180569514678485,0.34951387651356464,True
2026-06-30,57619773000178,PLGN VIC FUNDO DE INVESTIMENTO EM DIREITOS CREDITÓRIOS,Classe,164220579.43,BTG PACTUAL SERVIÇOS FINANCEIROS S/A DTVM,1,0.0,2038586.18,2038586.18,2038586.18,2038586.18,2036975.21,0.0,2036975.21,False,1.000790863822049,1.000790863822049,1.000790863822049,1.000790863822049,1.0015823531096832,False
2026-06-30,10509884000168,SALUS - FUNDO DE INVESTIMENTO EM DIREITOS CREDITORIOS MULTISSETORIAL LP,Classe,620015331.67,APEX GROUP DISTRIBUIDORA DE TÍTULOS E VALORES MOBILIÁRIOS S.A.,24,0.0,2036404.77,6564377.8100000005,9451889.41,15800365.520000003,606989288.9,0.0,606989288.9,False,0.0033549270262913863,0.010814651806947233,0.01557175650846975,0.02603071554793626,3.898671643890941e-05,False
2026-06-30,32511204000183,ALLUGG FUNDO DE INVESTIMENTO EM DIREITOS CREDITÓRIOS,Classe,25446821.56,OSLO CAPITAL DISTRIBUIDORA DE TITULOS E VALORES MOBILIARIOS S.A.,24,0.0,2036350.31,6131543.84,9261905.920000002,14386900.520000003,0.0,24112873.75,24112873.75,False,0.08445075154096886,0.2542850720976383,0.3841062668857544,0.5966481087721867,0.02149803416458802,False
2026-06-30,19390746000187,ATLAS FUNDO DE  INVESTIMENTO EM DIREITOS CREDITÓRIOS DE RESPONSABILIDADE LIMITADA,Classe,106350408.53,QI CORRETORA DE TÍTULOS E VALORES MOBILIÁRIOS S.A.,25,0.0,2029738.21,9255688.92,15842343.82,29638955.49,0.0,93013170.51,93013170.51,False,0.021822051639254457,0.0995094444071757,0.17032366204844895,0.3186533189599581,0.004502527378624338,False
2026-06-30,60595957000150,F6 FUNDO DE INVESTIMENTO EM DIREITOS CREDITÓRIOS MULTISSEGMENTOS,Classe,38969239.43,FINAXIS CORRETORA DE TÍTULOS E VALORES MOBILIÁRIOS S.A.,25,0.0,2028547.16,5651395.0,8310879.4399999995,13214699.309999999,43046864.59,0.0,43046864.59,False,0.04712415594773054,0.13128470688461819,0.19306584856195677,0.30698401465155345,0.005677003170685957,False
2026-06-30,18387112000102,FUNDO DE INVESTIMENTO EM DIREITOS CREDITORIOS ONIX PRIME,Classe,74535278.1,QI CORRETORA DE TÍTULOS E VALORES MOBILIÁRIOS S.A.,25,0.0,2025838.23,9004229.29,16070945.540000001,26295889.899999995,17430314.08,54584238.37,72014552.44999999,False,0.028130956328674656,0.12503346870414384,0.22316247193451805,0.3651468905296238,0.006532031428537024,False
2026-06-30,59550943000130,ORIZ JUS IV FUNDO DE INVESTIMENTO EM DIREITOS CREDITÓRIOS RESPONSABILIDADE LIMITADA,Classe,81439358.53,BANCO DAYCOVAL S.A.,24,0.0,2025635.91,7186577.899999999,11306730.259999998,19929615.020000003,77133269.96,0.0,77133269.96,False,0.026261507013127544,0.09317092227163243,0.1465869431681488,0.2583789722688428,0.003309272715206835,False
2026-06-30,54462447000101,FIDERE DA AMAZÔNIA FUNDO DE INVESTIMENTO EM DIREITOS CREDITÓRIOS,Classe,36810446.8,QI CORRETORA DE TÍTULOS E VALORES MOBILIÁRIOS S.A.,25,0.0,2021549.05,5548334.52,8008710.009999999,10903868.44,0.0,17830241.78,17830241.78,False,0.11337754557358559,0.31117550667335925,0.4491644089191929,0.6115378902057714,0.02993923294338169,False
2026-06-30,51290276000192,BELAT BRASIL FUNDO DE INVESTIMENTO EM DIREITOS CREDITÓRIOS,Classe,9660950.56,APEX GROUP DISTRIBUIDORA DE TÍTULOS E VALORES MOBILIÁRIOS S.A.,24,0.0,2018469.08,6227014.249999999,8284627.970000001,9112616.99,8780718.52,0.0,8780718.52,False,0.22987516060359947,0.7091690999793032,0.9435022829999568,1.0377985547815967,0.1319653263640941,False
2026-06-30,50835592000130,CELETI IAAS FUNDO DE INVESTIMENTO EM DIREITOS CREDITÓRIOS,Classe,94019241.18,QI CORRETORA DE TÍTULOS E VALORES MOBILIÁRIOS S.A.,25,0.0,2010039.33,5619519.16,8644562.99,14211277.450000001,83025748.38,0.0,83025748.38,False,0.02420983091655211,0.06768405307568033,0.10411906135955266,0.17116711053246397,0.0016512252052507588,False
2026-06-30,24080647000139,AGA FUNDO DE INVESTIMENTO EM DIREITOS CREDITÓRIOS NÃO-PADRONIZADOS MULTISSETORIAL,Classe,16651574.94,LIMINE TRUST DISTRIBUIDORA DE TITULOS E VALORES MOBILIARIOS LTDA.,25,0.0,2000000.0,5207749.13,7237433.59,10483612.509999996,2325566.38,9751581.99,12077148.370000001,False,0.16560200626234417,0.4312068520194887,0.5992667613472401,0.8680536322665046,0.05667638338074341,False
2026-06-30,65346076000119,RENAISSANCE SJL FUNDO DE  INVESTIMENTO EM DIREITOS CREDITÓRIOS RESPONSABILIDADE LIMITADA,Classe,3955897.71,ID CORRETORA DE TITULOS E VALORES MOBILIARIOS S.A.,2,0.0,1989917.83,3069397.01,3069397.01,3069397.01,3069397.02,0.0,3069397.02,False,0.6483090382357901,0.999999996742031,0.999999996742031,0.999999996742031,0.5439911393532536,False
2026-06-30,43193260000133,RESIDENCE CLUB FUNDO DE INVESTIMENTO EM DIREITOS CREDITÓRIOS,Classe,403404357.91,APEX GROUP DISTRIBUIDORA DE TÍTULOS E VALORES MOBILIÁRIOS S.A.,24,0.0,1988672.53,7918709.9,11940445.860000001,18830648.540000003,399389648.21,0.0,399389648.21,False,0.00497927910478629,0.019827028405694492,0.029896733461959153,0.04714856437665807,0.00012428882182089634,False
2026-06-30,66107567000170,ATLAS PARTNERS FUNDO DE INVESTIMENTO EM DIREITOS CREDITÓRIOS CRÉDITO CORPORATIVO,Classe,2002399.53,AZUMI DISTRIBUIDORA DE TÍTULOS E VALORES MOBILIÁRIOS LTDA.,1,0.0,1982150.95,1982150.95,1982150.95,1982150.95,0.0,1982150.95,1982150.95,False,1.0,1.0,1.0,1.0,1.0,False
2026-06-30,27326119000105,EVOLUT FUNDO DE INVESTIMENTO EM DIREITOS CREDITÓRIOS MULTISSETORIAL,Classe,69991285.7,QI CORRETORA DE TÍTULOS E VALORES MOBILIÁRIOS S.A.,25,0.0,1968513.76,7873614.79,12651460.32,23749085.24,4109939.92,52094699.71,56204639.63,False,0.03502404379707612,0.14008834220506858,0.22509636932619187,0.42254670426395896,0.008223791158791205,False
2026-06-30,55749847000165,BR8 FUNDO DE INVESTIMENTO EM DIREITOS CREDITÓRIOS,Classe,34137447.24,FIDD DISTRIBUIDORA DE TITULOS E VALORES MOBILIARIOS LTDA.,25,0.0,1950750.09,6707360.9,10508426.25,14649063.71,1228397.93,32632519.38,33860917.31,False,0.05761066872880887,0.1980856229792435,0.31034086152464013,0.4326245380739805,0.012114911387964635,False
2026-06-30,61062538000115,EXT LOOMY FUNDO DE INVESTIMENTO EM DIREITOS CREDITÓRIOS RESPONSABILIDADE LIMITADA,Classe,30066365.33,LIMINE TRUST DISTRIBUIDORA DE TITULOS E VALORES MOBILIARIOS LTDA.,25,0.0,1948306.11,8289970.99,13098778.340000002,23346003.650000002,28913190.49,0.0,28913190.49,False,0.0673846807281212,0.2867193432999791,0.45303815033938866,0.8074516597562804,0.030921712444307026,False
2026-06-30,52998078000140,M12 FUNDO DE INVESTIMENTO EM DIREITOS CREDITORIOS LONGO  PRAZO,Classe,490442185.88,BANCO DAYCOVAL S.A.,3,0.0,1947632.59,3088917.41,3088917.41,3088917.41,389029870.54,0.0,389029870.54,False,0.005006383153295024,0.00794005202148712,0.00794005202148712,0.00794005202148712,2.945799935418565e-05,False
2026-06-30,63697245000130,NERA TRUST FUNDO DE INVESTIMENTO EM DIREITOS CREDITÓRIOS - RESPONSABILIDADE LIMITAD,Classe,6870649.41,LIMINE TRUST DISTRIBUIDORA DE TITULOS E VALORES MOBILIARIOS LTDA.,23,0.0,1943547.47,4533730.82,5385494.45,6561393.490000001,6561393.49,0.0,6561393.49,False,0.29620955868019433,0.6909707254883749,0.8207851667801743,1.0000000000000002,0.17508331073749653,False
2026-06-30,63680237000180,H2A FUNDO DE INVESTIMENTO EM DIREITOS CREDITÓRIOS MULTISSEGMENTOS,Classe,4726315.93,FINAXIS CORRETORA DE TÍTULOS E VALORES MOBILIÁRIOS S.A.,25,0.0,1941531.01,3470351.9400000004,3612391.57,3874898.8399999994,4865859.5,0.0,4865859.5,False,0.3990109065006912,0.7132043043988426,0.7423953712596921,0.7963441690003584,0.22784011721262387,False
2026-06-30,27326160000181,HB CAPITAL FUNDO DE INVESTIMENTO EM DIREITOS CREDITÓRIOS,Classe,430621219.08,LIMINE TRUST DISTRIBUIDORA DE TITULOS E VALORES MOBILIARIOS LTDA.,24,0.0,1934158.84,6230368.460000001,10024436.690000001,16884538.490000002,346515637.48,71537982.65,418053620.13,False,0.004626580770664166,0.014903275943556176,0.0239788300048275,0.04038845180852519,8.452524829740242e-05,False
2026-06-30,26000055000195,SILVER STONE FUNDO DE INVESTIMENTO EM DIREITOS CREDITÓRIOS MULTISSETORIAL,Classe,2284971.8,LIMINE TRUST DISTRIBUIDORA DE TITULOS E VALORES MOBILIARIOS LTDA.,25,0.0,1933008.09,5934612.55,8146452.199999999,11615095.5,1345195.21,833003.26,2178198.4699999997,False,0.8874343254864192,2.7245508762110187,3.739995373332532,5.332432126811659,2.139888150824901,True
2026-06-30,61386784000122,STRATEGI KOSMOS EVERGREEN FUNDO DE INVESTIMENTO EM DIREITOS CREDITÓRIOS DE RESP LIMITADA,Classe,27983761.8,BANCO DAYCOVAL S.A.,13,0.0,1931180.74,4777608.7299999995,5231369.74,5314067.84,10775025.95,0.0,10775025.95,False,0.1792274792618945,0.44339649409382625,0.4855087833918396,0.49318376258759733,0.05034304677602895,False
2026-06-30,60331197000173,BRAEVO FUNDO DE INVESTIMENTO EM DIREITOS CREDITÓRIOS,Classe,3129450.54,LIMINE TRUST DISTRIBUIDORA DE TITULOS E VALORES MOBILIARIOS LTDA.,8,0.0,1928561.06,3262174.41,3764086.73,3764086.73,3167991.45,0.0,3167991.45,False,0.6087646038312382,1.0297295499329708,1.1881618967121896,1.1881618967121896,0.433834705815731,True
2026-06-30,49684321000141,MILAGRE FUNDO DE INVESTIMENTO EM DIREITOS CREDITÓRIOS RESPONSABILIDADE LIMITADA,Classe,25106338.27,ACTUAL DISTRIBUIDORA DE TITULOS E VALORES MOBILIARIOS S.A.,25,0.0,1914635.16,5897817.25,9850403.35,17094885.75,18482835.44,1842489.51,20325324.950000003,False,0.09419948584881048,0.2901708712903013,0.484636943036918,0.8410633429995912,0.03554974860773305,False
2026-06-30,51555510000166,BANCOR FUNDO DE INVESTIMENTO EM DIREITOS CREDITÓRIOS,Classe,146432082.35,LIMINE TRUST DISTRIBUIDORA DE TITULOS E VALORES MOBILIARIOS LTDA.,24,0.0,1913509.65,4772380.86,5441343.07,5638281.24,145824658.71,0.0,145824658.71,False,0.013121989565601361,0.03272684402087842,0.03731428633631259,0.038664799834798806,0.0003196720706932046,False
2026-06-30,54427293000117,FOCO CAPITAL FIAGRO EM DIREITOS CREDITÓRIOS RESPONSABILIDADE LIMITADA,Classe,14272011.06,ID CORRETORA DE TITULOS E VALORES MOBILIARIOS S.A.,17,0.0,1901679.49,8201034.239999999,12291917.209999999,14309320.59,11582604.28,0.0,11582604.28,False,0.16418410264466016,0.7080475203802784,1.0612395030386033,1.2354147861814029,0.13496431022044048,True
2026-06-30,42043592000179,ATLAS 7 - FUNDO DE INVESTIMENTO EM DIREITOS CREDITÓRIOS DE RESPONSABILIDADE LIMITADA,Classe,26861943.45,APEX DISTRIBUIDORA DE TÍTULOS E VALORES MOBILIÁRIOS S.A.,20,0.0,1895570.57,10301601.8,15889098.37,27484894.770000003,27484894.77,0.0,27484894.77,False,0.06896772157443483,0.3748095776318667,0.5781029362842272,1.0000000000000002,0.0723257836369877,False
2026-06-30,37484372000140,FUNDO DE INVESTIMENTO EM DIREITOS CREDITÓRIOS ATIVOS JUDICIAIS II,Classe,11051363.86,APEX GROUP DISTRIBUIDORA DE TÍTULOS E VALORES MOBILIÁRIOS S.A.,19,0.0,1875725.51,5898077.0600000005,7389739.279999999,7527027.800000001,9313060.8,0.0,9313060.8,False,0.20140806017287033,0.6333124186196658,0.7934812666529567,0.8082227703270229,0.10270092297160018,False
2026-06-30,61281837000140,HCAM PETRO FUNDO DE INVESTIMENTO EM DIREITOS CREDITÓRIOS,Classe,2563140.53,LIMINE TRUST DISTRIBUIDORA DE TITULOS E VALORES MOBILIARIOS LTDA.,4,0.0,1863282.43,2466853.47,2466853.47,2466853.47,0.0,2122853.3,2122853.3,False,0.8777254791934987,1.1620461338520192,1.1620461338520192,1.1620461338520192,0.7997619891382772,True
2026-06-30,18677046000105,BRASPOR FUNDO DE INVESTIMENTO EM DIREITOS CREDITÓRIOS MULTISSETORIAL,Classe,18571703.93,QI CORRETORA DE TÍTULOS E VALORES MOBILIÁRIOS S.A.,25,0.0,1850000.0,6463562.630000001,8933802.190000001,12637351.239999998,302896.6,16561183.4,16864080.0,False,0.10970061811850987,0.38327395446416296,0.5297533094008093,0.7493649958966038,0.03962342363717601,False
2026-06-30,59060623000100,LUMI FUNDO DE INVESTIMENTO EM DIREITOS CREDITÓRIOS,Classe,6967783.68,BANCO DAYCOVAL S.A.,9,0.0,1839727.54,5583857.96,6734668.41,6734668.41,6733483.58,0.0,6733483.58,False,0.2732207657659425,0.8292673314872775,1.0001759609251175,1.0001759609251175,0.17220168339674588,False
2026-06-30,63007593000138,GENESIS  QUATRUM FUNDO DE INVESTIMENTO EM DIREITOS CREDITÓRIOS RESPONSABILIDADE  LIMITADA,Classe,4066796.15,ID CORRETORA DE TITULOS E VALORES MOBILIARIOS S.A.,17,0.0,1830069.56,3592257.14,4024749.2600000002,4106649.0600000005,0.0,4106649.06,4106649.06,False,0.445635732019429,0.8747416902480584,0.9800567813798047,1.0000000000000002,0.27221140412335154,False
2026-06-30,12910431000174,MEINBERG FUNDO DE INVESTIMENTO EM DIREITOS CREDITORIOS MULTISSETORIAL,Classe,43194173.88,QI CORRETORA DE TÍTULOS E VALORES MOBILIÁRIOS S.A.,25,0.0,1825440.73,5440557.38,9034062.33,15258054.160000002,1291306.05,33997741.45,35289047.5,False,0.05172825166221899,0.15417127311242956,0.2560018750860306,0.4323736468092544,0.009590747557194796,False
2026-06-30,56425776000108,JIVE BOSSANOVA HIGH  YIELD PFN II - FIC DE FIDC RESPONSABILIDADE LIMITADA,Classe,97401096.83,BANCO DAYCOVAL S.A.,2,0.0,1819174.27,3480414.77,3480414.77,3480414.77,3480414.77,0.0,3480414.77,False,0.5226889294002163,1.0,1.0,1.0,0.5010295750346561,False
2026-06-30,45523682000155,TITAN FUNDO DE INVESTIMENTO EM DIREITOS CREDITÓRIOS,Classe,34621185.82,QI CORRETORA DE TÍTULOS E VALORES MOBILIÁRIOS S.A.,25,0.0,1812715.35,7146707.57,11011287.08,19000989.07,0.01,33426738.19,33426738.200000003,False,0.054229501519235876,0.21380212233809878,0.329415541956768,0.5684368291130482,0.0160029669703074,False
2026-06-30,66598676000137,FAETA FUNDO DE INVESTIMENTO EM DIREITOS CREDITORIOS RESPONSABILIDADE LIMITADA,Classe,11780272.66,ACTUAL DISTRIBUIDORA DE TITULOS E VALORES MOBILIARIOS S.A.,23,0.0,1796617.76,6559468.88,9490832.409999998,10874995.679999998,0.0,10874995.68,10874995.68,False,0.16520629643137477,0.6031697917879081,0.8727205682899176,0.9999999999999998,0.09474970313102928,False
2026-06-30,45810162000123,LANCE REAL FUNDO DE  INVESTIMENTO EM DIREITOS CREDITORIOS,Classe,11875673.31,ACTUAL DISTRIBUIDORA DE TITULOS E VALORES MOBILIARIOS S.A.,25,0.0,1792423.25,2828259.7500000005,3545354.2500000005,4844279.409999999,9753855.05,2162949.95,11916805.0,False,0.15041139382577798,0.23733372745463238,0.2975087911566901,0.406508238575692,0.02624247202009631,False
2026-06-30,43104380000117,MIXTEL MULTI FUNDO DE  INVESTIMENTO EM DIREITOS CREDITÓRIOS,Fundo,-485299.08,APEX GROUP DISTRIBUIDORA DE TÍTULOS E VALORES MOBILIÁRIOS S.A.,24,0.0,1787219.69,7428026.369999999,12588197.37,19244531.189999998,0.0,0.0,0.0,True,,,,,,
2026-06-30,64439483000108,THE STANDARD FUND - FUNDO DE INVESTIMENTO EM DIREITOS CREDITÓRIOS - RESPONSABILIDADE LIMITADA,Classe,3752282.89,BARU DISTRIBUIDORA DE TÍTULOS E VALORES MOBILIÁRIOS LTDA.,3,0.0,1786910.2,2760247.67,2760247.67,2760247.67,2759320.8,0.0,2759320.8,False,0.6475905954827724,1.0003359051256382,1.0003359051256382,1.0003359051256382,0.5145543361158749,False
2026-06-30,62941946000100,CERES  CAPITAL FUNDO DE INVESTIMENTO EM DIREITOS CREDITÓRIOS NÃO-PADRONIZADOS  RESP LIMITADA,Classe,23759426.01,ID CORRETORA DE TITULOS E VALORES MOBILIARIOS S.A.,25,0.0,1785000.15,5438423.749999999,7813232.799999998,10224699.550000003,10865514.2,0.0,10865514.2,False,0.1642812403668848,0.5005215261694655,0.7190854161324458,0.9410230718763409,0.07284061822815387,False
2026-06-30,60026166000109,GG CAPITAL FUNDO DE INVESTIMENTO EM DIREITOS CREDITÓRIOS RESPONSABILIDADE LIMITADA,Classe,4613375.08,ID CORRETORA DE TITULOS E VALORES MOBILIARIOS S.A.,24,0.0,1775352.12,2927267.69,3637037.83,4351922.47,661909.71,3682286.45,4344196.16,False,0.40867218113833975,0.6738341415043283,0.8372176798756712,1.0017785361699687,0.19314695264515136,False
2026-06-30,57836076000179,7INVEST CAPITAL FUNDO DE INVESTIMENTO EM DIREITOS CREDITÓRIOS RESPONSABILIDADE LIMITADA,Classe,13758006.84,ID CORRETORA DE TITULOS E VALORES MOBILIARIOS S.A.,25,0.0,1771052.12,4633769.77,6052552.78,7887858.650000002,252917.69,11917064.75,12169982.44,False,0.14552626749722739,0.3807540226820574,0.49733455326168907,0.6481405120252584,0.04084550182680958,False
2026-06-30,28671036000116,WFR FUNDO DE INVESTIMENTO EM DIREITOS CREDITÓRIOS  NÃO-PADRONIZADOS MULTISSETORIAL,Classe,5620117.89,QI CORRETORA DE TÍTULOS E VALORES MOBILIÁRIOS S.A.,25,0.0,1763737.51,4124560.83,5189035.98,5550884.1000000015,4734689.63,855074.03,5589763.66,False,0.31552988950520316,0.7378774990998457,0.9283104430930449,0.9930445073593687,0.1608387809857012,False
2026-06-30,29953928000172,META FUNDO DE INVESTIMENTO EM DIREITOS CREDITORIOS,Classe,44496555.09,QI CORRETORA DE TÍTULOS E VALORES MOBILIÁRIOS S.A.,25,0.0,1746878.99,7891974.5200000005,11437352.799999999,17597074.790000003,11838281.34,30290602.1,42128883.44,False,0.04146511484188531,0.18732930653715898,0.27148483097799375,0.417696206334587,0.010068845550568072,False
2026-06-30,35476474000199,CENTRAL CAPITAL FUNDO DE INVESTIMENTO EM DIREITOS CREDITÓRIOS RESPONSABILIDADE LIMITADA,Classe,37615669.68,ACTUAL DISTRIBUIDORA DE TITULOS E VALORES MOBILIARIOS S.A.,25,0.0,1743705.72,5417211.39,8215341.54,13116622.059999999,18504.2,31947312.94,31965817.14,False,0.05454907385483467,0.1694688850366113,0.2570039584478459,0.4103327627306823,0.009581557632138948,False
2026-06-30,31570850000159,MITTU FUNDO DE INVESTIMENTO EM DIREITOS CREDITÓRIOS,Classe,30138244.71,HEMERA DISTRIBUIDORA DE TITULOS E VALORES MOBILIARIOS LTDA,25,0.0,1725961.65,5623727.53,8368465.23,9073455.22,20949794.57,3057087.44,24006882.01,False,0.07189445298565034,0.23425480775293733,0.3485860940422892,0.3779522561997213,0.014866255538575172,False
2026-06-30,57378463000109,SOLFARMA FUNDO DE INVESTIMENTO EM DIREITOS CREDITÓRIOS COMERCIAIS - RESPONSABILIDADE LIMITADA,Classe,105088003.99,LIMINE TRUST DISTRIBUIDORA DE TITULOS E VALORES MOBILIARIOS LTDA.,25,0.0,1724836.7,6835871.2700000005,10095081.13,17222600.759999998,103527951.05,0.0,103527951.05,False,0.016660589555828942,0.06602923365786056,0.09751068216470803,0.16635701359222446,0.0014626948996175786,False
2026-06-30,49920810000155,FUNDO DE INVESTIMENTO EM DIREITOS CREDITÓRIOS TMX FINANCE,Classe,5770490.27,BANCO DAYCOVAL S.A.,24,0.0,1724291.93,4743730.96,6875662.729999999,7295466.129999999,5659371.78,0.0,5659371.78,False,0.30467903453411216,0.8382080457700554,1.2149162481776374,1.2890946934749705,0.19865268667229152,True
2026-06-30,26405908000179,ZONDA - VX FUNDO DE INVESTIMENTO EM DIREITOS CREDITÓRIOS LP,Classe,119287550.34,BANCO DAYCOVAL S.A.,24,0.0,1721100.63,6363851.9,10945391.0,18397216.37,112706027.56,0.0,112706027.56,False,0.015270706165948023,0.05646416644941328,0.09711451318939557,0.1632318764868728,0.0013211704947774133,False
2026-06-30,61140138000180,FUNDO DE INVESTIMENTOS EM DIREITOS CREDITÓRIOS INTEGRA,Classe,1563805.64,BANVOX DISTRIBUIDORA DE TITULOS E VALORES MOBILIARIOS LTDA,1,0.0,1717085.51,1717085.51,1717085.51,1717085.51,1717436.22,0.0,1717436.22,False,0.999795794454597,0.999795794454597,0.999795794454597,0.999795794454597,0.9995916306090987,False
2026-06-30,28194790000102,ATICCA FUNDO DE INVESTIMENTO EM DIREITOS CREDITORIOS MULTISSETORIAL,Classe,72185229.97,QI CORRETORA DE TÍTULOS E VALORES MOBILIÁRIOS S.A.,25,0.0,1711547.86,7301423.29,11728936.03,19959347.360000003,11778706.94,56806875.14,68585582.08,False,0.024954922129312926,0.10645711632925169,0.17101168604677094,0.29101374887682524,0.004179261577695831,False
2026-06-30,36114991000180,D7 - FUNDO DE INVESTIMENTO EM DIREITOS CREDITÓRIOS,Classe,6107213.76,TRUSTEE DISTRIBUIDORA DE TITULOS E VALORES MOBILIARIOS LTDA.,5,0.0,1705506.73,6103162.91,6103162.91,6103162.91,6099466.4,0.0,6099466.4,False,0.2796157267134056,1.0006060382593467,1.0006060382593467,1.0006060382593467,0.28381294319117784,False
2026-06-30,58236968000100,PLGN ARTON FUNDO DE INVESTIMENTO EM DIREITOS CREDITÓRIOS,Classe,108384064.2,BTG PACTUAL SERVIÇOS FINANCEIROS S/A DTVM,1,0.0,1699445.45,1699445.45,1699445.45,1699445.45,0.0,1698101.92,1698101.92,False,1.000791195148051,1.000791195148051,1.000791195148051,1.000791195148051,1.001583016285864,False
2026-06-30,42196346000157,VIA CAPITAL ADAMANTUS FUNDO DE INVESTIMENTO EM DIREITOS CREDITORIOS MULTISSETORIAL,Classe,9654195.96,ID CORRETORA DE TITULOS E VALORES MOBILIARIOS S.A.,25,0.0,1675484.83,6835531.4,8482794.150000002,9996642.42,4525234.38,4015637.03,8540871.41,False,0.19617258586029923,0.8003318481058832,0.9932000779297533,1.1704475972200592,0.14051566143789743,True
2026-06-30,13554539000134,MARIN FUNDO DE INVESTIMENTO EM DIREITOS CREDITÓRIOS MULTISSETORIAL,Classe,3170463.45,PLANNER CORRETORA DE VALORES S.A.,1,0.0,1674298.05,1674298.05,1674298.05,1674298.05,1499123.79,0.0,1499123.79,False,1.1168510974000352,1.1168510974000352,1.1168510974000352,1.1168510974000352,1.247356373763663,True
2026-06-30,24774059000103,PROSPER FUNDO DE INVESTIMENTO EM DIREITOS CREDITÓRIOS,Classe,47914027.23,ACTUAL DISTRIBUIDORA DE TITULOS E VALORES MOBILIARIOS S.A.,25,0.0,1665009.13,6009461.07,9020567.07,14515860.72,1112434.25,39094160.13,40206594.38,False,0.041411344474085246,0.14946456328042773,0.2243554125660319,0.36103183927511745,0.007349440854274112,False
2026-06-30,30177946000199,CPV PS DUPLICATA FUNDO DE INVESTIMENTO EM DIREITOS CREDITÓRIOS,Classe,6610735.7,LIMINE TRUST DISTRIBUIDORA DE TITULOS E VALORES MOBILIARIOS LTDA.,25,0.0,1660569.04,5481352.53,7643332.36,9781536.590000002,6531144.21,0.0,6531144.21,False,0.2542539234484305,0.8392637421184733,1.1702899391345702,1.497675793932592,0.1896687108760896,True
2026-06-30,32670379000133,ALLIANCE FUNDO DE INVESTIMENTO EM DIREITOS CREDITÓRIOS,Classe,16227756.97,ACTUAL DISTRIBUIDORA DE TITULOS E VALORES MOBILIARIOS S.A.,25,0.0,1642887.43,3418380.5599999996,4829798.66,7578026.839999999,2747095.77,10824226.43,13571322.2,False,0.12105581208587031,0.25188264707177904,0.3558826906342258,0.5583853016178482,0.024041982673211202,False
2026-06-30,61079347000166,VERITAS FUNDO DE INVESTIMENTO EM DIREITOS CREDITÓRIOS,Classe,2010806.02,PLANNER CORRETORA DE VALORES S.A.,1,0.0,1642454.0,1642454.0,1642454.0,1642454.0,1357140.83,0.0,1357140.83,False,1.2102310708609363,1.2102310708609363,1.2102310708609363,1.2102310708609363,1.4646592448772087,True
2026-06-30,11989256000190,FIDC MULTISETORIAL MASTER II,Classe,742418.46,GENIAL INVESTIMENTOS CORRETORA DE VALORES MOBILIÁRIOS S.A.,1,0.0,1636023.67,1636023.67,1636023.67,1636023.67,0.0,0.0,0.0,True,,,,,,
2026-06-30,43076377000137,MAX FINANCEIRA FUNDO DE INVESTIMENTO EM DIREITOS CREDITORIOS,Classe,2160106.48,ACTUAL DISTRIBUIDORA DE TITULOS E VALORES MOBILIARIOS S.A.,25,0.0,1633875.88,4518916.18,6123295.850000001,8111893.630000002,0.0,3145678.03,3145678.03,False,0.5194034050585908,1.4365475858951782,1.9465742493677909,2.5787425008655456,0.5942471154573286,True
2026-06-30,46799305000106,INTER BASE FUNDO DE INVESTIMENTO EM DIREITOS CREDITÓRIOS MULTISSETORIAL - RESPONSABILIDADE LIMITADA,Classe,85054363.2,QI CORRETORA DE TÍTULOS E VALORES MOBILIÁRIOS S.A.,25,0.0,1626126.99,6804540.86,11810155.24,21031943.720000003,1942860.24,78357817.68,80300677.92,False,0.020250476485641107,0.08473827414980309,0.1470741660707514,0.2619148961725229,0.0031482301830983157,False
2026-06-30,65953609000120,ISIMAX FUNDO DE INVESTIMENTO EM DIREITOS CREDITÓRIOS,Classe,9724797.08,CATÁLISE DISTRIBUIDORA DE TITULOS E VALORES MOBILIARIOS LTDA.,25,0.0,1620041.58,3931184.95,5564721.440000001,8170610.56,9413344.43,0.0,9413344.43,False,0.17210053154296406,0.4176183055058998,0.5911524306138665,0.8679816850173409,0.05840749290712197,False
2026-06-30,42317295000174,FAZ CRED CONDOLIVRE FUNDO DE INVESTIMENTO EM DIREITOS CREDITÓRIOS - RESPONSABILIDADE LIMITADA,Classe,89804390.72,VORTX DISTRIBUIDORA DE TITULOS E VALORES MOBILIARIOS LTDA.,24,0.0,1617334.82,2317495.04,2775690.8000000003,3599533.0599999996,83259797.02,1612575.97,84872372.99,False,0.019056081066456818,0.027305646800673957,0.032704291187039665,0.042411127828652924,0.00039583416771016283,False
2026-06-30,29109316000106,DFC FUNDO DE INVESTIMENTO EM DIREITOS CREDITÓRIOS,Classe,24332650.65,QI CORRETORA DE TÍTULOS E VALORES MOBILIÁRIOS S.A.,25,0.0,1614365.71,6228918.4799999995,8630800.44,13312042.679999998,0.0,20804338.28,20804338.28,False,0.07759755144685139,0.2994047874134067,0.41485580189287324,0.6398685937921597,0.025437956673435232,False
2026-06-30,52363837000107,FAMA GAIA SOCIOBIOECONOMIA FUNDO DE INVESTIMENTO EM DIREITOS CREDITÓRIOS INVESTIMENTO SUSTENTÁVEL,Classe,8994320.41,OSLO CAPITAL DISTRIBUIDORA DE TITULOS E VALORES MOBILIARIOS S.A.,11,0.0,1613671.08,5680898.41,7935178.859999999,8037952.959999999,7393718.83,0.0,7393718.83,False,0.21824891060943957,0.7683411474818012,1.0732324345095496,1.0871326249770306,0.14919195586018755,True
2026-06-30,14718674000130,JGM LP FUNDO DE INVESTIMENTO EM DIREITOS CREDITÓRIOS MULTISSETORIAL,Classe,35879179.89,QI CORRETORA DE TÍTULOS E VALORES MOBILIÁRIOS S.A.,25,0.0,1611414.15,4678634.42,7127135.89,13145625.01,742886.96,33992307.67,34735194.63,False,0.04639139544674547,0.13469434876749387,0.20518485547348722,0.3784526083710618,0.00733873867334332,False
2026-06-30,25354081000159,ALBATROZ FUNDO DE INVESTIMENTO EM DIREITOS CREDITÓRIOS MULTISSETORIAL,Classe,19936133.01,LIMINE TRUST DISTRIBUIDORA DE TITULOS E VALORES MOBILIARIOS LTDA.,25,0.0,1602318.52,6246901.7299999995,9524244.549999999,14881956.970000003,12931614.54,6342859.8,19274474.34,False,0.0831316326315958,0.32410231375472104,0.49413770679257857,0.7721070213113788,0.033176448831522425,False
2026-06-30,49507576000139,IPIRANGA CAPITAL FUNDO DE INVESTIMENTO EM DIREITOS CREDITÓRIOS,Classe,15604010.35,QI CORRETORA DE TÍTULOS E VALORES MOBILIÁRIOS S.A.,25,0.0,1595251.4,4901957.84,6882249.600000001,9336861.87,356411.62,11698545.25,12054956.87,False,0.1323315725807321,0.40663420805751915,0.5709061985221355,0.7745247013894957,0.04653308583551963,False
2026-06-30,07084253000130,MULTI INFRA FUNDO DE INVESTIMENTO EM DIREITOS CREDITÓRIOS NÃO-PADRONIZADOS,Classe,65993813.34,QI CORRETORA DE TÍTULOS E VALORES MOBILIÁRIOS S.A.,5,0.0,1588348.83,5453113.5,5453113.5,5453113.5,5502156.72,0.0,5502156.72,False,0.28867749699430595,0.9910865461498524,0.9910865461498524,0.9910865461498524,0.21064355110027055,False
2026-06-30,50355218000137,SIGNAL SPECIAL OPPORTUNITIES FUNDO DE INVESTIMENTO EM DIREITOS CREDITÓRIOS,Classe,20721732.67,BTG PACTUAL SERVIÇOS FINANCEIROS S/A DTVM,1,0.0,1585566.18,1585566.18,1585566.18,1585566.18,0.0,1418916.53,1418916.53,False,1.1174485225004742,1.1174485225004742,1.1174485225004742,1.1174485225004742,1.248691200438493,True
2026-06-30,11675457000112,FUNDO DE INVESTIMENTO EM DIREITOS CREDITORIOS MULTISETORIAL MASTER,Classe,953731.42,GENIAL INVESTIMENTOS CORRETORA DE VALORES MOBILIÁRIOS S.A.,1,0.0,1567904.91,1567904.91,1567904.91,1567904.91,0.0,0.0,0.0,True,,,,,,
2026-06-30,63673464000189,BEB (BEM ESTAR BRASIL) FUNDO DE INVESTIMENTO EM DIREITOS CREDITÓRIOS DE RESPONSABILIDADE LIMITADA,Classe,58502639.09,BANCO DAYCOVAL S.A.,24,0.0,1567162.97,4838380.350000001,6578402.79,8936864.65,48214451.92,0.0,48214451.92,False,0.032504008810477006,0.10035124651065411,0.13644047641390258,0.1853565537741365,0.002895233418232074,False
2026-06-30,42085799000106,LESTE HIGH YIELD FIDC DE RESPONSABILIDADE LIMITADA,Classe,53873327.94,BANCO GENIAL S.A.,5,0.0,1565672.2,44127072.89,44127072.89,44127072.89,44127072.89,0.0,44127072.89,False,0.035480989276195786,1.0,1.0,1.0,0.36734356791271283,False
2026-06-30,58113703000106,IDEAL FUNDO DE INVESTIMENTO EM DIREITOS CREDITÓRIOS,Classe,5439699.81,QI CORRETORA DE TÍTULOS E VALORES MOBILIÁRIOS S.A.,25,0.0,1551546.15,2832625.2499999995,3372224.2499999995,3848043.0799999996,1411772.32,3625901.28,5037673.6,False,0.30798862197026816,0.5622883646133803,0.6694011001427325,0.7638531960466831,0.11739297317594938,False
2026-06-30,35265104000102,DIANTE FUNDO DE INVESTIMENTO EM DIREITOS CREDITÓRIOS,Classe,9281337.15,ACTUAL DISTRIBUIDORA DE TITULOS E VALORES MOBILIARIOS S.A.,25,0.0,1550826.97,3545257.03,5161728.239999999,6600068.359999999,1976.39,5345826.93,5347803.319999999,False,0.2899932696103716,0.6629370636614961,0.9652053247163921,1.234164378356383,0.14687415241164506,True
2026-06-30,61184629000123,FUNDO DE INVESTIMENTO EM DIREITOS CREDITÓRIOS MÁQUINAS & SERVIÇOS,Classe,70293219.63,VORTX DISTRIBUIDORA DE TITULOS E VALORES MOBILIARIOS LTDA.,24,0.0,1541349.13,5485406.899999999,9331268.84,16667191.389999999,49371893.82,0.0,49371893.82,False,0.03121916156628403,0.11110383814724001,0.1889996133026602,0.3375846073631534,0.0053882256608999085,False
2026-06-30,58325399000160,SET FUNDO DE INVESTIMENTO EM DIREITOS CREDITÓRIOS,Classe,15271509.29,PLANNER CORRETORA DE VALORES S.A.,24,0.0,1532811.78,3951223.7,4524283.62,5625538.080000001,3718633.24,0.0,3718633.24,False,0.4121976223716001,1.0625472976194876,1.2166522827080413,1.5127972340719464,0.3484925417892587,True
2026-06-30,59843866000107,LEGAL ONE FUNDO DE INVESTIMENTO EM DIREITOS CREDITÓRIOS - RESPONSABILIDADE LIMITADA,Classe,153081421.95,QI CORRETORA DE TÍTULOS E VALORES MOBILIÁRIOS S.A.,1,0.0,1532500.36,1532500.36,1532500.36,1532500.36,153250036.16,0.0,153250036.16,False,0.009999999989559546,0.009999999989559546,0.009999999989559546,0.009999999989559546,9.999999979119092e-05,False
2026-06-30,41124590000141,CONDOCASH II - FUNDO DE INVESTIMENTO EM DIREITOS CREDITÓRIOS,Classe,11481896.42,PLANNER CORRETORA DE VALORES S.A.,24,0.0,1527952.27,4505489.2700000005,7091213.82,12055248.219999999,18301154.32,0.0,18301154.32,False,0.08348939325265468,0.2461860706281395,0.3874735820488945,0.6587151831633754,0.023084502659380893,False
2026-06-30,29492868000138,MULTI RECEBÍVEIS III FUNDO DE INVESTIMENTO EM DIREITOS CREDITÓRIOS MULTISEGMENTOS,Classe,50082085.51,FINAXIS CORRETORA DE TÍTULOS E VALORES MOBILIÁRIOS S.A.,25,0.0,1527208.27,6333941.46,10790446.16,17958256.779999997,18941163.54,27478154.08,46419317.62,False,0.032900274030353144,0.13645055086443125,0.23245594104448622,0.38687033116278713,0.007320605648590228,False
2026-06-30,26208267000162,C&J FUNDO DE INVESTIMENTO EM DIREITOS CREDITORIOS,Classe,40544278.77,QI CORRETORA DE TÍTULOS E VALORES MOBILIÁRIOS S.A.,25,0.0,1521905.06,4215488.86,5746616.9,8381468.64,917873.37,25672047.6,26589920.970000003,False,0.05723616334614476,0.1585370962462097,0.21612011959281877,0.31521224337057513,0.007272202073665362,False
2026-06-30,61969359000166,NEW MERIDIAN FUNDO DE INVESTIMENTO EM DIREITOS CREDITÓRIOS MULTICARTEIRA OUTROS DE RESP LIMITADA,Classe,10713278.0,GENIAL INVESTIMENTOS CORRETORA DE VALORES MOBILIÁRIOS S.A.,7,0.0,1520385.58,2836025.99,3232690.62,3232690.62,3232690.62,0.0,3232690.62,False,0.470315832450431,0.8772958267191062,1.0,1.0,0.27451040905742174,False
2026-06-30,52258922000105,BRAVA FUNDO DE INVESTIMENTO EM DIREITOS CREDITÓRIOS,Classe,39937201.22,QI CORRETORA DE TÍTULOS E VALORES MOBILIÁRIOS S.A.,25,0.0,1517240.4,5330818.69,8979515.79,16588978.209999999,552308.45,37956945.33,38509253.78,False,0.03939937160735084,0.1384295504777761,0.23317813015279878,0.43077900976142985,0.008510678793071408,False
2026-06-30,47847076000110,IGNIS CAPITAL FUNDO DE INVESTIMENTO EM DIREITOS CREDITÓRIOS,Classe,48333808.37,QI CORRETORA DE TÍTULOS E VALORES MOBILIÁRIOS S.A.,25,0.0,1516932.2,6215328.2299999995,9601167.989999998,15261778.620000001,6704702.6,37749052.09,44453754.690000005,False,0.0341238262229678,0.1398155965304356,0.2159810359541982,0.34331810049406647,0.006339322761365321,False
2026-06-30,21888857000160,OS FUNDO DE INVESTIMENTO EM DIREITOS CREDITÓRIOS MULTISETORIAL - RESPONSABILIDADE LIMITADA,Classe,111576205.41,HEMERA DISTRIBUIDORA DE TITULOS E VALORES MOBILIARIOS LTDA,25,0.0,1511363.45,6232498.13,10961658.47,20675611.429999996,0.0,94142851.78,94142851.78,False,0.01605393740920305,0.06620256357396698,0.11643643954631858,0.21961955729061935,0.002119630539510234,False
2026-06-30,63385567000143,AURI OPEN FUNDO DE  INVESTIMENTO EM DIREITOS CREDITÓRIOS RESPONSABILIDADE LIMITADA,Classe,11222075.07,ID CORRETORA DE TITULOS E VALORES MOBILIARIOS S.A.,25,0.0,1506077.54,5530995.140000001,7269840.21,9533764.790000001,9279511.73,1711866.22,10991377.950000001,False,0.13702354216652152,0.503212169134808,0.6614129950831141,0.8673857666772345,0.06363128598497556,False
2026-06-30,48411822000191,SIGSUG FUNDO DE INVESTIMENTO EM DIREITOS CREDITÓRIOS - RESPONSABILIDADE LIMITADA,Classe,16599781.2,BNY MELLON SERVICOS FINANCEIROS DTVM S.A.,5,0.0,1496158.12,3727210.05,3727210.05,3727210.05,3727210.05,0.0,3727210.05,False,0.4014150262338985,1.0,1.0,1.0,0.2590009625613732,False
2026-06-30,20867468000195,INTERSECTOR CRÉDITO ESTUDANTIL FUNDO DE INVESTIMENTO EM DIREITOS CREDITÓRIOS,Classe,1357858.19,QI CORRETORA DE TÍTULOS E VALORES MOBILIÁRIOS S.A.,25,0.0,1487744.34,6026061.57,11142785.37,21895067.93,961229.86,0.0,961229.86,False,1.5477508574275878,6.26911607802113,11.592217255922531,22.7781812042335,22.69478966814504,True
2026-06-30,35715919000146,ORYX FUNDO DE INVESTIMENTO EM DIREITOS CREDITORIOS,Classe,1515519.95,PLANNER CORRETORA DE VALORES S.A.,1,0.0,1487714.62,1487714.62,1487714.62,1487714.62,1190171.7,0.0,1190171.7,False,1.2499999957989256,1.2499999957989256,1.2499999957989256,1.2499999957989256,1.562499989497314,True
2026-06-30,64009180000155,ZILI CONSIG CLT - FUNDO DE  INVESTIMENTO EM DIREITOS CREDITÓRIOS,Classe,132570766.98,GENIAL INVESTIMENTOS CORRETORA DE VALORES MOBILIÁRIOS S.A.,24,0.0,1478118.93,2246504.6199999996,2397798.11,2659906.34,127362369.84,0.0,127362369.84,False,0.011605617356656434,0.017638684195513864,0.018826582082386287,0.020884554388721947,0.00014989821079053846,False
2026-06-30,53095984000106,ROYAL CAPITAL GREEN FUNDO DE INVESTIMENTO EM DIREITOS CREDITÓRIOS CRÉDITO CORPORATIVO,Classe,5940021.14,QI CORRETORA DE TÍTULOS E VALORES MOBILIÁRIOS S.A.,25,0.0,1477572.26,2228806.05,2686334.66,3402697.250000001,211372.12,5627356.03,5838728.15,False,0.2530640615627908,0.3817280052677225,0.460089010994629,0.5827805581254885,0.07082045574109229,False
2026-06-30,58182199000104,TIVIO ALT CREDITO PADRONIZADO FI EM DIREITOS CREDITÓRIOS RESPONSABILIDADE LIMITADA,Classe,25175281.93,BNY MELLON SERVICOS FINANCEIROS DTVM S.A.,1,0.0,1474950.13,1474950.13,1474950.13,1474950.13,1474950.13,0.0,1474950.13,False,1.0,1.0,1.0,1.0,1.0,False
2026-06-30,49508860000120,LAVORO MULTICRÉDITO II FUNDO DE INVESTIMENTO EM DIREITOS CREDITÓRIOS MULTISEGMENTOS,Classe,48557581.37,HEMERA DISTRIBUIDORA DE TITULOS E VALORES MOBILIARIOS LTDA,25,0.0,1472736.61,5268067.44,8885268.700000001,15414014.620000001,0.0,44487604.83,44487604.83,False,0.03310442572999271,0.1184165220881369,0.19972459146661597,0.3464788603230362,0.00577803032613998,False
2026-06-30,60666932000108,BPI CAPITAIS FUNDO DE INVESTIMENTO EM DIREITOS CREDITÓRIOS,Classe,13430900.11,ID CORRETORA DE TITULOS E VALORES MOBILIARIOS S.A.,25,0.0,1466472.25,4133292.7499999995,5644614.790000001,7822983.960000001,11705197.04,0.0,11705197.04,False,0.1252838585278527,0.3531160334913935,0.48223150543393173,0.6683342393354534,0.03552606441506265,False
2026-06-30,58593281000113,HEIVI FUNDO DE INVESTIMENTO EM DIREITOS CREDITORIOS,Classe,25227773.77,ACTUAL DISTRIBUIDORA DE TITULOS E VALORES MOBILIARIOS S.A.,25,0.0,1460568.54,5198458.600000001,7663868.780000001,12209451.939999998,1131025.39,22407041.14,23538066.53,False,0.062051338759641105,0.2208532545939745,0.32559466047188546,0.5187109112993061,0.015275299294954432,False
2026-06-30,11813230000196,MA MÁQUINAS FUNDO DE INVESTIMENTO EM DIREITOS CREDITÓRIOS SEGMENTO ECONÔMICO DO AGRONEGÓCIO,Classe,19216579.0,FINAXIS CORRETORA DE TÍTULOS E VALORES MOBILIÁRIOS S.A.,25,0.0,1439922.07,4548638.99,7016046.760000001,11656123.05,16369603.82,0.0,16369603.82,False,0.0879631593918441,0.2778710492945821,0.42860211139795323,0.7120589586755192,0.027141783472618638,False
2026-06-30,66172389000160,VW1 CRÉDITO PRIVADO FUNDO DE INVESTIMENTO EM DIREITOS CREDITÓRIOS RESPONSABILIDADE LIMITADA,Classe,38456202.85,INTRAG DTVM LTDA.,3,0.0,1438243.66,4082114.4599999995,4082114.4599999995,4082114.4599999995,4082114.46,0.0,4082114.46,False,0.35232810693897104,0.9999999999999999,0.9999999999999999,0.9999999999999999,0.333924457979755,False
2026-06-30,12764295000151,FUNDO DE INVESTIMENTO EM DIREITOS CREDITÓRIOS ARM,Classe,113929320.34,HEMERA DISTRIBUIDORA DE TITULOS E VALORES MOBILIARIOS LTDA,25,0.0,1433813.83,3735850.16,7192824.38,11314989.37,553701.38,102468760.88,103022462.25999999,False,0.013917487492984331,0.036262481773846125,0.06981802048030375,0.10983031391197115,0.0009610791221586051,False
2026-06-30,29109292000187,PINARELLO FUNDO DE INVESTIMENTO EM DIREITOS CREDITÓRIOS RESPONSABILIDADE LIMITADA,Classe,40004799.95,QI CORRETORA DE TÍTULOS E VALORES MOBILIÁRIOS S.A.,25,0.0,1433074.89,5371635.64,8269129.24,14044810.91,4012342.88,26325473.56,30337816.439999998,False,0.047237245727102174,0.17706072059021266,0.27256837209606377,0.46294732311327813,0.01093505091079694,False
2026-06-30,55825226000113,FRAM CAPITAL VIGGO FUNDO DE INVESTIMENTO EM DIREITOS CREDITÓRIOS,Classe,5995940.39,OSLO CAPITAL DISTRIBUIDORA DE TITULOS E VALORES MOBILIARIOS S.A.,24,0.0,1423587.19,3222374.25,4238813.000000001,4654335.2700000005,5563338.98,0.0,5563338.98,False,0.25588719204739163,0.5792158740612997,0.7619188791548346,0.8366082467259617,0.10167624541656807,False
2026-06-30,30144093000199,UTILITY CREDIT FUNDO DE INVESTIMENTO EM DIREITOS CREDITÓRIOS,Classe,60619025.64,QI CORRETORA DE TÍTULOS E VALORES MOBILIÁRIOS S.A.,25,0.0,1411716.74,5203099.09,7432707.23,10215055.709999999,18939870.44,7649648.29,26589518.73,False,0.05309297826467279,0.19568233418717465,0.27953522985784407,0.38417602867233236,0.010571280784525003,False
2026-06-30,30178001000191,MARFIM FUNDO DE INVESTIMENTO EM DIREITOS CREDITORIOS,Classe,6825995.54,INTRA INVESTIMENTOS DTVM LTDA,24,0.0,1408652.12,2796640.5700000003,3738814.2,5583115.6899999995,6667298.38,0.0,6667298.38,False,0.2112777979496997,0.41945633907567825,0.5607689932125102,0.8373880051247983,0.06523164789851946,False
2026-06-30,55074368000196,PRIMATO FUNDO DE INVESTIMENTO EM DIREITOS CREDITÓRIOS DO AGRONEGÓCIO DE RESPONSABILIDADE LIMITADA,Classe,53578061.88,LIMINE TRUST DISTRIBUIDORA DE TITULOS E VALORES MOBILIARIOS LTDA.,25,0.0,1406905.5,5743738.54,10083118.12,16109240.159999998,47180622.14,0.0,47180622.14,False,0.02981956227336853,0.12173935568201051,0.21371312336832188,0.3414376375156463,0.005963857398094972,False
2026-06-30,40733257000177,WBR FUNDO DE INVESTIMENTO EM DIREITOS CREDITÓRIOS,Classe,17120953.04,QI CORRETORA DE TÍTULOS E VALORES MOBILIÁRIOS S.A.,25,0.0,1406761.67,3687610.86,4952123.08,7191974.059999998,26747.15,16586141.86,16612889.01,False,0.08467893026632578,0.22197288248782443,0.2980892171746352,0.4329153138668924,0.016480500519077377,False
2026-06-30,43873012000133,CARMEL II - FUNDO DE INVESTIMENTO EM DIREITOS CREDITÓRIOS - RESPONSABILIDADE LIMITADA,Classe,38474318.36,APEX GROUP DISTRIBUIDORA DE TÍTULOS E VALORES MOBILIÁRIOS S.A.,1,0.0,1405456.3,1405456.3,1405456.3,1405456.3,8300464.58,0.0,8300464.58,False,0.16932260675943997,0.16932260675943997,0.16932260675943997,0.16932260675943997,0.028670145159811946,False
2026-06-30,48937046000168,GCDC FUNDO DE INVESTIMENTO EM DIREITOS CREDITORIOS,Classe,1354150.47,PLANNER CORRETORA DE VALORES S.A.,1,0.0,1405000.0,1405000.0,1405000.0,1405000.0,1405000.0,0.0,1405000.0,False,1.0,1.0,1.0,1.0,1.0,False
2026-06-30,09220444000107,DELTA FUNDO DE INVESTIMENTO EM DIREITOS CREDITÓRIOS MULTISEGMENTOS,Classe,22931209.52,FINAXIS CORRETORA DE TÍTULOS E VALORES MOBILIÁRIOS S.A.,25,0.0,1403707.27,4653090.76,6824434.07,11218704.11,0.0,20555464.63,20555464.63,False,0.06828876385267094,0.22636757882908531,0.3320009638721555,0.5457772087343958,0.01708490843547651,False
2026-06-30,64530753000191,ACTUM LOG FUNDO DE INVESTIMENTO EM DIREITOS CREDITÓRIOS RESPONSABILIDADE LIMITADA,Classe,3461793.75,LIMINE TRUST DISTRIBUIDORA DE TITULOS E VALORES MOBILIARIOS LTDA.,6,0.0,1402614.57,3751515.15,3754385.6599999997,3754385.6599999997,3744147.07,0.0,3744147.07,False,0.3746152444807677,1.0019678927836562,1.0027345587148637,1.0027345587148637,0.33942426984695917,False
2026-06-30,52327272000102,MEDSYSTEMS B24 FIDC SEGMENTO RECEBIVEIS COMECIAIS DE RESPONSABILIDADE LIMITADA,Classe,32688422.29,BANCO GENIAL S.A.,24,0.0,1395549.24,6571153.600000001,11178139.16,21667370.369999997,31588842.97,0.0,31588842.97,False,0.04417854877829354,0.20802134494893154,0.3538635198071644,0.6859184551513189,0.020849395988560917,False
2026-06-30,35448908000147,EXES CRÉDITO DIRETO - FUNDO DE INVESTIMENTO EM DIREITOS CREDITÓRIOS RESPONSABILIDADE LIMITADA,Classe,156572049.24,BANCO DAYCOVAL S.A.,24,0.0,1373147.01,4010410.4400000004,6261156.440000001,9822342.349999998,65592583.27,8677104.82,74269688.09,False,0.01848865998112205,0.05399794375250621,0.08430298552503321,0.13225237108976792,0.0010235911980821146,False
2026-06-30,60809123000108,QCX FUNDO DE INVESTIMENTO EM DIREITOS CREDITÓRIOS,Classe,7384405.43,FIDD DISTRIBUIDORA DE TITULOS E VALORES MOBILIARIOS LTDA.,25,0.0,1368265.96,4640185.78,6775616.75,9327774.17,7320613.1,0.0,7320613.1,False,0.1869059245871087,0.6338520717615852,0.9255531821508229,1.2741793675723692,0.11400357703810664,True
2026-06-30,63241235000195,CONDOCASH III FUNDO DE INVESTIMENTO EM DIREITOS CREDITÓRIOS,Classe,20770876.11,FINVEST DISTRIBUIDORA DE TÍTULOS E VALORES MOBILIÁRIOS LTDA.,25,0.0,1364795.8,3473596.77,5423433.050000001,9658898.939999998,8492272.03,6770703.09,15262975.12,False,0.0894187266420703,0.22758320331979945,0.3553326273128329,0.6328319914079764,0.021382778551604333,False
2026-06-30,41970123000132,VECTOR EDGE FUNDO DE INVESTIMENTO EM DIREITOS CREDITORIOS,Classe,5019201.08,FINVEST DISTRIBUIDORA DE TÍTULOS E VALORES MOBILIÁRIOS LTDA.,25,0.0,1363294.08,4535960.31,7003087.09,11710369.999999998,3984071.96,0.0,3984071.96,False,0.34218610850593173,1.1385236902196916,1.757771235136024,2.939296809287551,0.4545094322112928,True
2026-06-30,41218800000160,FUNDO DE INVESTIMENTO EM DIREITOS CREDITÓRIOS VALYSSPI,Classe,2154565.89,BANCO DAYCOVAL S.A.,4,0.0,1360776.98,2367033.8699999996,2367033.8699999996,2367033.8699999996,2367033.87,0.0,2367033.87,False,0.574886991372033,0.9999999999999998,0.9999999999999998,0.9999999999999998,0.42643792232325095,False
2026-06-30,35178750000132,DIVICASH FUNDO DE INVESTIMENTO EM DIREITOS CREDITORIOS RESPONSABILIDADE LIMITADA,Classe,11170610.54,ACTUAL DISTRIBUIDORA DE TITULOS E VALORES MOBILIARIOS S.A.,25,0.0,1360735.81,4510387.1,6324751.56,9000128.06,0.0,11816053.22,11816053.22,False,0.11515992562531806,0.38171689108218143,0.5352676940634158,0.7616864863782324,0.04067008617120453,False
2026-06-30,53908944000128,CHIMERA ALTERNATIVE ASSETS VI FUNDO DE INVESTIMENTO EM DIREITOS CREDITÓRIOS,Classe,116530256.23,VORTX DISTRIBUIDORA DE TITULOS E VALORES MOBILIARIOS LTDA.,24,0.0,1359878.47,3290847.8200000003,3924787.9199999995,4912281.39,114996720.59,0.0,114996720.59,False,0.01182536739328768,0.02861688405648473,0.03412956386811343,0.04271670848348667,0.0002503972578344098,False
2026-06-30,51731270000103,D'ORO CAPITAL FUNDO DE INVESTIMENTO EM DIREITOS CREDITÓRIOS CRÉDITO CORPORATIVO - RESP LIMITADA,Classe,15468167.28,LIMINE TRUST DISTRIBUIDORA DE TITULOS E VALORES MOBILIARIOS LTDA.,25,0.0,1353137.74,4460961.32,6982985.83,11508023.62,8952327.11,6341214.98,15293542.09,False,0.08847772033692425,0.29168921717074897,0.45659702565346,0.7524760158423182,0.0309184949745301,False
2026-06-30,61941406000163,EXODO FUNDO DE INVESTIMENTO EM DIREITOS CREDITORIOS,Classe,14726685.44,FIDD DISTRIBUIDORA DE TITULOS E VALORES MOBILIARIOS LTDA.,25,0.0,1347731.52,3200287.29,4486054.17,6674311.710000002,0.0,14027054.27,14027054.27,False,0.09608086587947592,0.22815105926014215,0.31981441603134253,0.475817059058117,0.017081980721751187,False
2026-06-30,38315192000106,FIRMA PLUS FUNDO DE INVESTIMENTO EM DIREITOS CREDITÓRIOS,Classe,37420347.31,HEMERA DISTRIBUIDORA DE TITULOS E VALORES MOBILIARIOS LTDA,25,0.0,1346744.78,5914540.22,10178643.57,17743209.22,62192.26,34120421.38,34182613.64,False,0.03939853149274866,0.17302773516062828,0.29777253656487807,0.5190711689534808,0.0126611179115588,False
2026-06-30,55135135000156,ATENA FUNDO DE INVESTIMENTO EM DIREITOS CREDITÓRIOS RECUPERAÇÃO DE CRÉDITO,Classe,1310319.32,BANVOX DISTRIBUIDORA DE TITULOS E VALORES MOBILIARIOS LTDA,1,0.0,1339610.56,1339610.56,1339610.56,1339610.56,0.0,0.0,0.0,True,,,,,,
2026-06-30,57182898000183,COPOBRAS FUNDO DE INVESTIMENTO  EM DIREITOS CREDITÓRIOS DE RESPONSABILIDADE LIMITADA RECEBÍVEIS COME,Classe,30607830.61,OSLO CAPITAL DISTRIBUIDORA DE TITULOS E VALORES MOBILIARIOS S.A.,24,0.0,1321427.78,3716818.58,5758753.680000001,9676850.290000001,28581038.62,0.0,28581038.62,False,0.04623442127380604,0.1300449094736222,0.20148860776424787,0.3385758795773252,0.0063124671484854795,False
2026-06-30,55132551000109,GUINNESS FUNDO DE INVESTIMENTO EM COTAS DE FUNDOS DE INVESTIMENTO EM DIREITOS CREDITÓRIOS,Classe,1313980.12,BANVOX DISTRIBUIDORA DE TITULOS E VALORES MOBILIARIOS LTDA,1,0.0,1310319.32,1310319.32,1310319.32,1310319.32,0.0,0.0,0.0,True,,,,,,
2026-06-30,51646633000102,APUAMA LIBRA FUNDO DE INVESTIMENTO EM DIREITOS CREDITÓRIOS - RESPONSABILIDADE LIMITADA,Classe,39873690.97,QI CORRETORA DE TÍTULOS E VALORES MOBILIÁRIOS S.A.,25,0.0,1308463.03,5136988.640000001,8815984.46,14815450.080000002,385302.89,38183557.82,38568860.71,False,0.033925374146733515,0.13319005398228162,0.2285777774533595,0.3841298344640681,0.007204129590685022,False
2026-06-30,66733422000184,MAX LABEL FIDC RESPONSABILIDADE LIMITADA,Classe,9971736.03,BANCO DAYCOVAL S.A.,24,0.0,1307600.78,4655765.18,6354621.9399999995,8639562.54,8793382.38,0.0,8793382.38,False,0.14870282258781972,0.5294623819145232,0.7226595711853939,0.982507318190796,0.07337475283808048,False
2026-06-30,17498332000140,CANADA INVEST FUNDO DE INVESTIMENTO EM DIREITOS CREDITÓRIOS MULTISSETORIAL,Classe,7430586.25,ACTUAL DISTRIBUIDORA DE TITULOS E VALORES MOBILIARIOS S.A.,25,0.0,1292739.37,3874355.2999999993,5372830.539999999,7692731.659999997,4756616.62,2361727.09,7118343.71,False,0.18160676453202623,0.5442776378664075,0.7547866131347567,1.0806912356863416,0.0874975710603467,True
2026-06-30,55411764000161,OPENSEA FUNDO DE INVESTIMENTO EM DIREITOS CREDITÓRIOS,Classe,7602162.98,QI CORRETORA DE TÍTULOS E VALORES MOBILIÁRIOS S.A.,8,0.0,1287241.17,3560352.51,3841650.74,3841650.74,4392851.3,0.0,4392851.3,False,0.2930308999988231,0.8104878282586073,0.8745232828618625,0.8745232828618625,0.16326256335288203,False
2026-06-30,23381539000133,LESTE CREDIT FUNDO DE INVESTIMENTO EM DIREITOS CREDITÓRIOS RESPONSABILIDADE LIMITADA,Classe,38369007.93,APEX GROUP DISTRIBUIDORA DE TÍTULOS E VALORES MOBILIÁRIOS S.A.,9,0.0,1268719.58,5108448.35,36061613.15,36061613.15,36194553.28,0.0,36194553.28,False,0.03505277631651433,0.14113859371273885,0.9963270680819961,0.9963270680819961,0.4517270595255462,False
2026-06-30,55747288000154,TOP SETORIAL FUNDO DE INVESTIMENTO EM DIREITOS CREDITÓRIOS,Classe,5329761.68,AZUMI DISTRIBUIDORA DE TÍTULOS E VALORES MOBILIÁRIOS LTDA.,10,0.0,1261924.16,2035096.8599999996,2225302.92,2225302.92,1045616.98,886268.63,1931885.6099999999,False,0.6532085302918116,1.053425135249079,1.1518813062642979,1.1518813062642979,0.5046603724551594,True
2026-06-30,11026623000150,BENFICA FUNDO DE INVESTIMENTO EM DIREITOS CREDITÓRIOS,Classe,33098605.04,QI CORRETORA DE TÍTULOS E VALORES MOBILIÁRIOS S.A.,25,0.0,1260226.42,4838511.21,7413638.58,11778194.92,282029.41,27381216.73,27663246.14,False,0.04555598477568981,0.17490757178362004,0.2679959735195415,0.42577052817272876,0.009880408005459055,False
2026-06-30,11261368000120,FLUXASSET FUNDO DE INVESTIMENTO EM DIREITOS CREDITÓRIOS MULTISSETORIAL,Classe,63484445.64,QI CORRETORA DE TÍTULOS E VALORES MOBILIÁRIOS S.A.,25,0.0,1242785.13,5054230.11,8948631.01,16804383.57,10051835.81,47786461.42,57838297.230000004,False,0.02148723578527797,0.08738552744561841,0.1547180923119994,0.29054077271977113,0.0037315773956795467,False
2026-06-30,56938161000185,PODIUM FUNDO DE INVESTIMENTO EM DIREITOS CREDITÓRIOS  RESPONSABILIDADE LIMITADA,Classe,55160027.48,ID CORRETORA DE TITULOS E VALORES MOBILIARIOS S.A.,24,0.0,1232160.0,2268221.5199999996,2720966.2899999996,3438973.5499999993,40916679.28,0.0,40916679.28,False,0.030113880737195543,0.055435132076045626,0.0665001739603537,0.08404820749177863,0.0011231241687127802,False
2026-06-30,28267746000185,LEPAPIE FUNDO DE INVESTIMENTO EM DIREITOS CREDITÓRIOS MULTISEGMENTOS,Classe,42424474.0,FINAXIS CORRETORA DE TÍTULOS E VALORES MOBILIÁRIOS S.A.,25,0.0,1228979.0,4343116.38,7156519.500000001,13411643.849999998,308143.72,41061951.6,41370095.32,False,0.029706941463242438,0.10498202497252548,0.17298774500382275,0.32418692164618385,0.004822924519714588,False
2026-06-30,62772042000106,TC FUNDO DE INVESTIMENTO EM DIREITOS CREDITÓRIOS - RESPONSABILIDADE LIMITADA,Classe,35375493.88,LIMINE TRUST DISTRIBUIDORA DE TITULOS E VALORES MOBILIARIOS LTDA.,25,0.0,1228089.66,5206832.77,7959321.229999999,13442578.760000002,19615100.25,14107846.1,33722946.35,False,0.036417033294008125,0.15440029219155102,0.2360209320796787,0.3986181581076471,0.008034479799831294,False
2026-06-30,54214825000138,KOB 1 FUNDO DE INVESTIMENTO EM DIREITOS CREDITÓRIOS - RESPONSABILIDADE LIMITADA,Classe,1074240.01,VORTX DISTRIBUIDORA DE TITULOS E VALORES MOBILIARIOS LTDA.,24,0.0,1217625.5,4955667.5,8008661.319999999,12847763.57,0.0,0.0,0.0,True,,,,,,
2026-06-30,62698155000109,DORA FUNDO DE INVESTIMENTO EM DIREITOS CREDITÓRIOS,Classe,1207724.66,PLANNER CORRETORA DE VALORES S.A.,1,0.0,1211000.0,1211000.0,1211000.0,1211000.0,1211000.0,0.0,1211000.0,False,1.0,1.0,1.0,1.0,1.0,False
2026-06-30,41520310000114,TOKAY FUNDO DE INVESTIMENTO EM DIREITOS CREDITÓRIOS,Classe,2224438.56,WNT CAPITAL DISTRIBUIDORA DE TITULOS E VALORES MOBILIARIOS S.A.,1,0.0,1210601.5,1210601.5,1210601.5,1210601.5,0.0,1210601.5,1210601.5,False,1.0,1.0,1.0,1.0,1.0,False
2026-06-30,22397286000123,INVESTHOR FUNDO DE INVESTIMENTO EM DIREITOS CREDITÓRIOS,Classe,29619368.94,HEMERA DISTRIBUIDORA DE TITULOS E VALORES MOBILIARIOS LTDA,25,0.0,1208960.02,2499654.5300000003,4021169.78,6085578.690000001,0.0,24399159.97,24399159.97,False,0.04954924765797173,0.1024483848244551,0.1648077140747563,0.24941754951738207,0.005808179970332106,False
2026-06-30,58954874000168,MOBILE FUNDO DE INVESTIMENTO EM DIREITOS CREDITÓRIOS  RESPONSABILIDADE LIMITADA,Classe,41958488.54,ID CORRETORA DE TITULOS E VALORES MOBILIARIOS S.A.,24,0.0,1208177.26,4629788.39,7697096.070000001,13619183.03,0.0,41639935.18,41639935.18,False,0.029014868893943366,0.11118625353249169,0.1848488965395167,0.3270702264815581,0.005156983910673765,False
2026-06-30,46610394000109,LAW FUNDO DE INVESTIMENTO EM DIREITOS CREDITÓRIOS MULTISSETORIAL,Classe,37095502.43,QI CORRETORA DE TÍTULOS E VALORES MOBILIÁRIOS S.A.,25,0.0,1205403.17,3523859.0999999996,5174410.42,8604040.879999999,1100307.52,35385371.68,36485679.2,False,0.033037706750433736,0.09658197893709485,0.1418203123377788,0.23581967140685703,0.0032088108226345827,False
2026-06-30,39703077000163,QANTIC IONIQ FUNDO DE INVESTIMENTO EM DIREITOS CREDITÓRIOS,Classe,994923.01,QI CORRETORA DE TÍTULOS E VALORES MOBILIÁRIOS S.A.,25,0.0,1200000.0,2828791.79,4041894.24,5166330.509999999,418613.35,848815.98,1267429.33,False,0.946798351273755,2.231912835723945,3.1890490020457394,4.076227674169414,1.606381813705241,True
2026-06-30,40698790000145,BBA FINANCE FUNDO DE INVESTIMENTO EM DIREITOS CREDITÓRIOS,Classe,120466205.26,APEX GROUP DISTRIBUIDORA DE TÍTULOS E VALORES MOBILIÁRIOS S.A.,11,0.0,1196978.87,2777269.8200000003,3123102.9400000004,3127024.68,2234878.51,0.0,2234878.51,False,0.5355901292370475,1.2426938679543706,1.3974374562311223,1.3991922451301393,0.5151583453383827,True
2026-06-30,63951472000140,ANDRADE CAPITAL FUNDO DE INVESTIMENTO EM DIREITOS CREDITÓRIOS DE RESPONSABILIDADE LIMITADA,Classe,10118164.95,CATÁLISE DISTRIBUIDORA DE TITULOS E VALORES MOBILIARIOS LTDA.,21,0.0,1192135.39,3299346.36,5014974.97,7678662.490000001,7662596.39,0.0,7662596.39,False,0.15557851794931873,0.43057812157583836,0.654474634282545,1.0020966914061882,0.06502746150540507,False
2026-06-30,49950299000134,CAPITAL HILL FUNDO DE INVESTIMENTO EM DIREITOS CREDITÓRIOS RESPONSABILIDADE LIMITADA,Classe,23231310.71,ACTUAL DISTRIBUIDORA DE TITULOS E VALORES MOBILIARIOS S.A.,25,0.0,1187950.45,3694304.45,5210695.540000001,7347700.029999999,0.0,20614890.4,20614890.4,False,0.057625843598955055,0.17920563138186757,0.2527636790152424,0.3564268297055802,0.009197189268543356,False
2026-06-30,33498764000108,BRAFIC FUNDO DE  INVESTIMENTO EM DIREITOS CREDITÓRIOS NÃO-PADRONIZADOS RESPONSABILIDADE LIMITADA,Classe,18211331.96,ID CORRETORA DE TITULOS E VALORES MOBILIARIOS S.A.,22,0.0,1186614.88,2712917.66,3093017.8200000003,3301490.16,18073633.73,1693.54,18075327.27,False,0.06564832062374049,0.15008954579221848,0.1711182195374989,0.18265175012789686,0.006237032753630298,False
2026-06-30,34218953000142,FUNDO DE INVESTIMENTO EM DIREITOS CREDITÓRIOS CREDITAS TEMPUS II - RESPONSABILIDADE LIMITADA,Classe,141183036.28,LIMINE TRUST DISTRIBUIDORA DE TITULOS E VALORES MOBILIARIOS LTDA.,24,0.0,1183232.44,3071194.33,4543198.779999999,7811257.969999999,72156106.72,0.0,72156106.72,False,0.016398230084551324,0.04256319346493699,0.06296346888046178,0.10825498111076577,0.0006920818243169701,False
2026-06-30,32517659000106,AMB FUNDO DE INVESTIMENTOS EM DIREITOS CREDITÓRIOS NÃO PADRONIZADOS,Classe,23531649.23,QI CORRETORA DE TÍTULOS E VALORES MOBILIÁRIOS S.A.,25,0.0,1175235.18,3402795.0500000003,4845229.5200000005,7439929.3100000005,222081.1,20821115.82,21043196.92,False,0.05584869943801295,0.16170523247662505,0.23025158859749909,0.35355508662891894,0.007976391347771672,False
2026-06-30,52997828000160,USECORP CATÁLISE FUNDO DE INVESTIMENTO EM DIREITOS CREDITÓRIOS SEGMENTO COMERCIAL DE RESP LIMITADA,Classe,75701835.1,BANCO DAYCOVAL S.A.,24,0.0,1165496.61,5173857.67,8321096.180000001,13649217.240000002,72757231.4,0.0,72757231.4,False,0.016018979661174958,0.0711112499808507,0.11436796068081283,0.18759945887660592,0.0017965785193170835,False
2026-06-30,57998329000100,LOYALTY FUNDO DE INVESTIMENTO EM DIREITOS CREDITÓRIOS,Classe,18990665.74,AZUMI DISTRIBUIDORA DE TÍTULOS E VALORES MOBILIÁRIOS LTDA.,25,0.0,1161135.07,3234068.82,5177848.299999999,8789393.260000002,16848853.29,0.0,16848853.29,False,0.06891478310213241,0.19194593034526922,0.3073116140831445,0.5216612138949903,0.01454474647579231,False
2026-06-30,59665305000165,SATYA FUNDO DE INVESTIMENTO EM DIREITOS CREDITÓRIOS DE RESPONSABILIDADE LIMITADA,Classe,3676342.22,BANCO DAYCOVAL S.A.,11,0.0,1158742.8,2781514.7699999996,3351584.77,3395498.34,23323.48,3372174.86,3395498.34,False,0.34125853820915136,0.8191771844600577,0.9870671207573025,1.0,0.20087727767910232,False
2026-06-30,63615161000100,ROBBIN PAGAMENTOS I FUNDO DE INVESTIMENTO EM DIREITOS CREDITÓRIOS - RESPONSABILIDADE LIMITADA,Classe,16826579.21,BANCO DAYCOVAL S.A.,24,0.0,1157982.19,2262142.12,2993931.7900000005,4433393.829999999,11695914.76,0.0,11695914.76,False,0.09900740675370653,0.1934130135538026,0.2559809857916578,0.3790549025854904,0.014200591721365716,False
2026-06-30,62948578000121,SGX FUNDO DE INVESTIMENTO EM DIREITOS CREDITÓRIOS RESPONSABILIDADE LIMITADA,Classe,4225718.68,QORE DISTRIBUIDORA DE TÍTULOS E VALORES MOBILIÁRIOS LTDA.,4,0.0,1149318.06,1913682.58,1913682.58,1913682.58,0.0,1912341.64,1912341.64,False,0.6010003840108822,1.0007012031594942,1.0007012031594942,1.0007012031594942,0.4327300953561858,False
2026-06-30,53808205000164,FUNDO DE INVESTIMENTO EM DIREITOS CREDITÓRIOS GYMCRED - RESPONSABILIDADE LIMITADA,Classe,4405179.79,ID CORRETORA DE TITULOS E VALORES MOBILIARIOS S.A.,10,0.0,1143173.42,3587530.5,5010405.35,5010405.35,4187749.87,0.0,4187749.87,False,0.2729803487523002,0.8566725834558977,1.1964433181392469,1.1964433181392469,0.19032634766833806,True
2026-06-30,62730534000120,DINAMO CAPITAL FUNDO DE INVESTIMENTO EM DIREITOS CREDITÓRIOS,Classe,8598544.65,LIMINE TRUST DISTRIBUIDORA DE TITULOS E VALORES MOBILIARIOS LTDA.,25,0.0,1137199.24,3121436.0,4221937.109999999,6493535.6099999985,1365149.62,7544304.24,8909453.86,False,0.1276396126933868,0.3503509922212,0.47387159486339153,0.7288365495839718,0.03794580763750927,False
2026-06-30,57056989000172,LIFT SO II FUNDO DE INVESTIMENTO EM DIREITOS CREDITÓRIOS,Classe,82867581.11,APEX GROUP DISTRIBUIDORA DE TÍTULOS E VALORES MOBILIÁRIOS S.A.,2,0.0,1136463.18,2206502.58,2206502.58,2206502.58,10491178.99,0.0,10491178.99,False,0.10832559248900965,0.21031979171294266,0.21031979171294266,0.21031979171294266,0.022137250663426318,False
2026-06-30,42582289000144,ABC FUNDO DE  INVESTIMENTO EM DIREITOS CREDITÓRIOS,Classe,17851031.66,LIMINE TRUST DISTRIBUIDORA DE TITULOS E VALORES MOBILIARIOS LTDA.,25,0.0,1130148.79,2825571.84,4161933.4699999997,6637519.5600000005,8153673.88,5263381.07,13417054.95,False,0.08423225470951806,0.21059553311287588,0.3101972441426127,0.4947076377592089,0.015894817704591165,False
2026-06-30,40770670000101,MEZZO FUNDO DE INVESTIMENTO EM DIREITOS CREDITÓRIOS,Classe,969334455.98,BTG PACTUAL SERVIÇOS FINANCEIROS S/A DTVM,1,0.0,1123546.66,1123546.66,1123546.66,1123546.66,19718056.0,0.0,19718056.0,False,0.05698059991309488,0.05698059991309488,0.05698059991309488,0.05698059991309488,0.003246788766456188,False
2026-06-30,58347004000120,SOLAR BELMONTE FUNDO DE INVESTIMENTO EM DIREITOS CREDITÓRIOS,Classe,25913093.79,QI CORRETORA DE TÍTULOS E VALORES MOBILIÁRIOS S.A.,25,0.0,1120990.94,3801321.4399999995,5710661.960000001,8521520.08,0.0,8740698.56,8740698.56,False,0.1282495823766287,0.43489904312636535,0.6533415974477903,0.9749243749231868,0.05834124577329291,False
2026-06-30,59682659000118,LUPUS FUNDO DE INVESTIMENTO EM DIREITOS CREDITÓRIOS DE RESPONSABILIDADE LIMITADA,Classe,12667329.34,CATÁLISE DISTRIBUIDORA DE TITULOS E VALORES MOBILIARIOS LTDA.,25,0.0,1120127.83,2674063.5599999996,3916313.4199999995,6547576.160000002,6890114.68,4646906.99,11537021.67,False,0.09708986097449188,0.23178109883883052,0.3394561899960442,0.5675274214857223,0.019856840405102768,False
2026-06-30,41579569000130,BETTA FUNDO DE INVESTIMENTO EM DIREITOS CREDITÓRIOS,Classe,32036606.17,FIDD DISTRIBUIDORA DE TITULOS E VALORES MOBILIARIOS LTDA.,25,0.0,1101413.98,1831667.58,3132745.12,6086615.0,0.0,30730648.58,30730648.58,False,0.03584089600753881,0.05960393498470055,0.10194204368465042,0.19806334331522268,0.003350415798710746,False
2026-06-30,43181523000194,CAPITALIZE EBF FUNDO DE INVESTIMENTO EM DIREITOS CREDITÓRIOS MULTISSETORIAL,Classe,10407196.06,ACTUAL DISTRIBUIDORA DE TITULOS E VALORES MOBILIARIOS S.A.,25,0.0,1100563.77,4000394.8500000006,5561171.340000001,7952671.670000002,0.0,10389666.02,10389666.02,False,0.10592869567524367,0.38503594266642277,0.5352598754661414,0.7654405497434846,0.04008229958121454,False
2026-06-30,51199121000145,2MONEY FUNDO DE INVESTIMENTO EM DIREITOS CREDITÓRIOS NÃO-PADRONIZADOS RESPONSABILIDADE LIMITADA,Classe,4236054.38,ID CORRETORA DE TITULOS E VALORES MOBILIARIOS S.A.,23,0.0,1091802.63,3016878.9800000004,3564246.9,3989640.35,0.0,3920207.28,3920207.28,False,0.2785063523477769,0.7695712916486397,0.9091985819688596,1.0177115813120985,0.16526247553621137,False
2026-06-30,32316919000185,CASE FUNDO DE INVESTIMENTO EM DIREITOS CREDITÓRIOS,Classe,14434881.31,QI CORRETORA DE TÍTULOS E VALORES MOBILIÁRIOS S.A.,25,0.0,1090515.64,2294545.2899999996,3237160.5499999993,4917209.300000001,2116700.33,10579937.53,12696637.86,False,0.08589011138418025,0.18072070065326726,0.2549620289792214,0.38728436253910775,0.011981772202370152,False
2026-06-30,13425492000109,ACTIVA FUNDO DE INVESTIMENTO EM DIREITOS CREDITORIOS MULTISSETORIAL NÃO PADRONIZADOS LP,Classe,22848025.05,QI CORRETORA DE TÍTULOS E VALORES MOBILIÁRIOS S.A.,25,0.0,1084406.86,3313509.9499999997,4645525.41,7611281.909999999,1475532.87,18733488.33,20209021.2,False,0.0536595438872616,0.16396192161943993,0.22987384515188694,0.37662793436032416,0.008642814088754782,False
2026-06-30,30791451000155,CRESTONE I FUNDO DE INVESTIMENTO EM DIREITOS CREDITÓRIOS,Classe,17466184.45,APEX GROUP DISTRIBUIDORA DE TÍTULOS E VALORES MOBILIÁRIOS S.A.,1,0.0,1076664.26,1076664.26,1076664.26,1076664.26,1138649.06,0.0,1138649.06,False,0.9455628584982979,0.9455628584982979,0.9455628584982979,0.9455628584982979,0.8940891193714722,False
2026-06-30,60456726000165,VIRTUS CAPITAL FUNDO DE INVESTIMENTO EM DIREITOS CREDITÓRIOS DE CLASSE ÚNICA ABERTA,Classe,18154533.9,QI CORRETORA DE TÍTULOS E VALORES MOBILIÁRIOS S.A.,25,0.0,1076644.7,5139305.54,9841113.54,15421391.650000002,13285914.74,3338265.69,16624180.43,False,0.06476377614724914,0.3091464004279939,0.5919758619944189,0.9276482359497588,0.04345262501771739,False
2026-06-30,53033766000139,PROSPERITÀ FUNDO DE INVESTIMENTO EM DIREITOS CREDITÓRIOS,Classe,8907561.54,FIDD DISTRIBUIDORA DE TITULOS E VALORES MOBILIARIOS LTDA.,25,0.0,1067550.16,2550172.4699999997,3837919.119999999,6140465.05,8196490.82,0.0,8196490.82,False,0.13024478199805997,0.3111297902972579,0.4682392995103725,0.7491578023874368,0.036126061446602034,False
2026-06-30,45523882000108,SC FUNDO DE INVESTIMENTO EM DIREITOS CREDITÓRIOS,Classe,44874512.97,QI CORRETORA DE TÍTULOS E VALORES MOBILIÁRIOS S.A.,25,0.0,1066516.35,3133496.9800000004,5309625.86,10144789.05,5920345.34,34637746.85,40558092.19,False,0.02629601868361452,0.0772594767357572,0.1309140931759394,0.2501298385159571,0.002885035161815439,False
2026-06-30,42449234000160,REALINVEST FUNDO DE INVESTIMENTO EM DIREITOS CREDITÓRIOS,Classe,29697024.75,QI CORRETORA DE TÍTULOS E VALORES MOBILIÁRIOS S.A.,25,0.0,1065032.66,5037222.279999999,9190711.12,15131258.119999997,2664566.39,26491340.5,29155906.89,False,0.036528881232135116,0.17276849933032556,0.3152263846456535,0.5189774469059568,0.013095013561810646,False
2026-06-30,12377935000170,MATURITY FUNDO DE INVESTIMENTO EM DIREITOS CREDITÓRIOS  MULTISSEGMENTOS,Classe,44074932.87,BANCO FINAXIS S.A.,25,0.0,1062598.46,4102701.86,6784775.430000002,11520527.06,0.0,41369902.43,41369902.43,False,0.025685302540850104,0.09917117563769898,0.16400269353983105,0.27847605102509787,0.003786434004634387,False
2026-06-30,60761188000112,FUNDO DE INVESTIMENTO EM DIREITOS CREDITÓRIOS SEMEAR EMPRESAS - RESPONSABILIDADE LIMITADA,Classe,2421741.53,LASTRO RDV DTVM LTDA,2,0.0,1061794.3,1822326.09,1822326.09,1822326.09,1822326.09,0.0,1822326.09,False,0.5826587819965855,1.0,1.0,1.0,0.513664948482318,False
2026-06-30,48327323000110,CASACRED FUNDO DE INVESTIMENTO EM DIREITOS CREDITÓRIOS,Classe,9497506.86,QI CORRETORA DE TÍTULOS E VALORES MOBILIÁRIOS S.A.,25,0.0,1059701.35,3516355.91,4662176.490000001,6513710.44,0.0,8944433.59,8944433.59,False,0.11847607110468804,0.393133435965284,0.5212377556486505,0.7282418025085925,0.04106041257030769,False
2026-06-30,32156057000170,HARVEST FUNDO DE INVESTIMENTO EM DIREITOS CREDITÓRIOS NÃO PADRONIZADOS,Classe,24120332.31,SEFER INVESTIMENTOS DISTRIBUIDORA DE TÍTULOS E VALORES MOBILIÁRIOS LTDA.,25,0.0,1054009.55,2525753.44,2965671.4000000004,3444497.8800000004,0.0,3457347.19,3457347.19,False,0.304860776796906,0.7305466593882924,0.8577881355328969,0.9962834771014133,0.1495372381886275,False
2026-06-30,65536925000105,IMPPAR FUNDO DE INVESTIMENTO EM DIREITOS CREDITÓRIOS,Classe,2990071.06,PLANNER CORRETORA DE VALORES S.A.,1,0.0,1046527.79,1046527.79,1046527.79,1046527.79,1046527.79,0.0,1046527.79,False,1.0,1.0,1.0,1.0,1.0,False
2026-06-30,53358983000107,TRAPP FUNDO DE INVESTIMENTO EM DIREITOS CREDITÓRIOS INDUSTRIAIS DE RESPONSABILIDADE ILIMITADA,Classe,57464431.78,BANCO DAYCOVAL S.A.,24,0.0,1044820.48,2508572.1500000004,3537868.9300000006,4906707.209999999,46659802.59,0.0,46659802.59,False,0.02239230391051682,0.0537630253613124,0.07582262962163125,0.10515919351642501,0.0009323721077444275,False
2026-06-30,58601042000168,M CASTRO CAPITAL FUNDO DE INVESTIMENTO EM DIREITOS CREDITÓRIOS - RESPONSABILIDADE LIMITADA,Classe,1888309.99,LIMINE TRUST DISTRIBUIDORA DE TITULOS E VALORES MOBILIARIOS LTDA.,11,0.0,1030306.32,1543884.2899999998,1694934.2499999998,1713520.14,1267447.17,446072.97,1713520.14,False,0.6012805428712381,0.9010015429407208,0.9891533868986214,1.0,0.3931784916457497,False
2026-06-30,47669160000191,XAMA! FUNDO DE INVESTIMENTO EM DIREITOS CREDITÓRIOS NÃO-PADRONIZADOS,Classe,2706569.05,AZUMI DISTRIBUIDORA DE TÍTULOS E VALORES MOBILIÁRIOS LTDA.,25,0.0,1029899.71,2026431.8399999999,2561765.1799999997,3230307.789999999,2823920.27,0.0,2823920.27,False,0.3647056614668515,0.7175952740337105,0.9071662565034103,1.1439089921614534,0.17806154948077962,True
2026-06-30,26677268000156,GRIFO FUNDO DE INVESTIMENTO EM DIREITOS CREDITÓRIOS PADRONIZADOS MULTISSETORIAL - RESP LIMITADA,Classe,11848634.95,HEMERA DISTRIBUIDORA DE TITULOS E VALORES MOBILIARIOS LTDA,25,0.0,1027956.31,4113331.0,5890373.99,7499969.15,0.0,6103971.29,6103971.29,False,0.16840778915262558,0.6738778419123266,0.965006830823413,1.2287032152800312,0.12463129692376324,True
2026-06-30,63491326000189,AK INVESTIMENTOS FUNDO DE INVESTIMENTO EM DIREITOS CREDITÓRIOS,Classe,5860955.05,PLANNER CORRETORA DE VALORES S.A.,1,0.0,1025771.76,1025771.76,1025771.76,1025771.76,5870655.37,0.0,5870655.37,False,0.17472866236397727,0.17472866236397727,0.17472866236397727,0.17472866236397727,0.03053010545150476,False
2026-06-30,52531368000180,VALENTE FUNDO DE INVESTIMENTO EM DIREITOS CREDITÓRIOS,Classe,11053707.58,CATÁLISE DISTRIBUIDORA DE TITULOS E VALORES MOBILIARIOS LTDA.,25,0.0,1024951.38,2471907.4099999997,4036639.4699999997,7683849.71,11039123.48,0.0,11039123.48,False,0.09284717050741785,0.22392243500839973,0.3656666652305623,0.6960561428560087,0.024494305148435976,False
2026-06-30,31894563000102,BELSINOS FUNDO DE INVESTIMENTO EM DIREITOS CREDITÓRIOS,Classe,13882516.72,QI CORRETORA DE TÍTULOS E VALORES MOBILIÁRIOS S.A.,25,0.0,1021575.12,3045908.24,4212517.7700000005,5702224.34,0.0,13086972.01,13086972.01,False,0.07806046495854009,0.2327435435540448,0.3218863589515693,0.4357176232701364,0.015658233874865972,False
2026-06-30,59172572000109,CASAS BAHIA CDC FUNDO DE INVESTIMENTO EM DIREITOS CREDITÓRIOS LP RESPONSABILIDADE LIMITADA,Classe,1003572.06,FINAXIS CORRETORA DE TÍTULOS E VALORES MOBILIÁRIOS S.A.,1,0.0,1015646.77,1015646.77,1015646.77,1015646.77,1015646.76,0.0,1015646.76,False,1.000000009845943,1.000000009845943,1.000000009845943,1.000000009845943,1.000000019691886,False
2026-06-30,07738319000168,SP RECEBÍVEIS PREMIUM I FUNDO DE INVESTIMENTO EM DIREITOS CREDITÓRIOS  MULTISSEGMENTOS,Classe,22537671.77,BANCO FINAXIS S.A.,25,0.0,1000188.73,4963194.569999999,9346942.15,17321639.11,0.0,22769881.86,22769881.86,False,0.04392595166499472,0.21797190694778595,0.41049585621345863,0.7607259105032528,0.026126250101315713,False
2026-06-30,56746022000150,BJ FUNDO DE INVESTIMENTO EM DIREITOS CREDITÓRIOS,Classe,-72305.93,"MASTER S/A CORRETORA DE CAMBIO, TITULOS E VALORES MOBILIARIOS",3,0.0,1000000.0,1242500.0,1242500.0,1242500.0,23234.75,0.0,23234.75,False,43.03898255845232,53.475935828877006,53.475935828877006,53.475935828877006,1908.4919236752887,True
2026-06-30,39794865000102,APTA INVEST FUNDO DE INVESTIMENTO EM DIREITOS CREDITÓRIOS,Classe,84259461.07,QI CORRETORA DE TÍTULOS E VALORES MOBILIÁRIOS S.A.,25,0.0,996222.03,3600296.7099999995,5090833.2299999995,7902618.83,80083552.58,0.0,80083552.58,False,0.012439783175263328,0.04495675571339645,0.0635690234260584,0.0986796736084557,0.0005993371975992977,False
2026-06-30,52340225000190,INOVA CREDTECH III FIDC SEGMENTO MULTICARTEIRA DE RESPONSABILIDADE LIMITADA,Classe,86060327.05,LIMINE TRUST DISTRIBUIDORA DE TITULOS E VALORES MOBILIARIOS LTDA.,25,0.0,995342.65,4756377.99,8738977.84,17516979.01,9065174.53,64837149.82,73902324.35,False,0.013468353786628907,0.06436033009562575,0.11825037868379305,0.23702879664569038,0.0023643058003024898,False
2026-06-30,61043596000100,LA VIE PFO FUNDO DE INVESTIMENTO EM DIREITOS CREDITÓRIOS,Classe,5042091.79,PLANNER CORRETORA DE VALORES S.A.,1,0.0,992507.49,992507.49,992507.49,992507.49,1306283.86,0.0,1306283.86,False,0.7597946513707977,0.7597946513707977,0.7597946513707977,0.7597946513707977,0.5772879122516721,False
2026-06-30,60358670000106,SAÚDE CAPITAL FUNDO DE INVESTIMENTO EM DIREITOS CREDITÓRIOS  RESPONSABILIDADE LIMITADA,Classe,10431841.67,ID CORRETORA DE TITULOS E VALORES MOBILIARIOS S.A.,25,0.0,988755.59,4458887.4,5763916.7700000005,7164511.840000001,9164211.67,0.0,9164211.67,False,0.10789314188767532,0.4865543879346035,0.6289593668890017,0.7817924877765292,0.0542648417921413,False
2026-06-30,27500753000112,AS4 FUNDO DE INVESTIMENTO EM DIREITOS CREDITÓRIOS CRÉDITO PRIVADO,Classe,3279179.66,BANVOX DISTRIBUIDORA DE TITULOS E VALORES MOBILIARIOS LTDA,1,0.0,987968.94,987968.94,987968.94,987968.94,0.0,0.0,0.0,True,,,,,,
2026-06-30,53164652000128,IS SOL AGORA GREEN II ESG FIDC SEGMENTO FINANCEIRO DE RESPONSABILIDADE LIMITADA,Classe,705498309.71,BANCO GENIAL S.A.,24,0.0,983548.69,2531989.6399999997,4081027.829999999,7359788.68,665509321.63,0.0,665509321.63,False,0.0014778886756853253,0.0038045892938036075,0.006132187329855176,0.011058881432305144,6.381602787001405e-06,False
2026-06-30,09239216000189,FUNDO DE INVESTIMENTO EM DIREITOS CREDITÓRIOS MULTISETORIAL SM LP,Classe,15484146.61,QI CORRETORA DE TÍTULOS E VALORES MOBILIÁRIOS S.A.,25,0.0,980931.43,3420895.21,5383616.91,8487256.99,77160.1,12643282.88,12720442.98,False,0.07711456523505442,0.26892893709586835,0.42322558408260713,0.6672139487079404,0.024440753271282815,False
2026-06-30,60306067000180,CASH FUNDO DE INVESTIMENTO EM DIREITOS CREDITORIOS,Classe,2920413.18,ACTUAL DISTRIBUIDORA DE TITULOS E VALORES MOBILIARIOS S.A.,25,0.0,975345.54,2351654.24,2758221.91,2971967.8299999996,1357612.76,1528089.86,2885702.62,False,0.33799239507222684,0.8149329815558057,0.955823337749196,1.0298940055022023,0.1859798518662419,False
2026-06-30,55790118000152,OPINVEST FUNDO DE INVESTIMENTO EM DIREITOS CREDITÓRIOS,Classe,17157073.12,AZUMI DISTRIBUIDORA DE TÍTULOS E VALORES MOBILIÁRIOS LTDA.,25,0.0,974423.77,3398642.9,4767827.079999999,7384832.69,220816.29,15526606.89,15747423.18,False,0.06187829963428976,0.21582216094354048,0.3027687149511149,0.4689549906412054,0.013849287156756273,False
2026-06-30,48053945000106,XP C1 FUNDO DE INVESTIMENTO EM DIREITOS CREDITÓRIOS NÃO-PADRONIZADOS,Classe,2976770.37,APEX GROUP DISTRIBUIDORA DE TÍTULOS E VALORES MOBILIÁRIOS S.A.,1,0.0,970998.67,970998.67,970998.67,970998.67,970998.67,0.0,970998.67,False,1.0,1.0,1.0,1.0,1.0,False
2026-06-30,49261110000104,SIMPLEX FUNDO DE INVESTIMENTO EM DIREITOS CREDITÓRIOS,Classe,7095852.85,AZUMI DISTRIBUIDORA DE TÍTULOS E VALORES MOBILIÁRIOS LTDA.,25,0.0,970759.5,3040916.82,4739309.300000001,6134902.25,0.0,5864675.5,5864675.5,False,0.16552654959340887,0.5185140797645155,0.8081110881582452,1.0460770165374027,0.08220432221895396,False
2026-06-30,23077070000143,CHEHOHA FUNDO DE INVESTIMENTO EM DIREITOS CREDITÓRIOS MULTISEGMENTOS,Classe,3269681.96,FINAXIS CORRETORA DE TÍTULOS E VALORES MOBILIÁRIOS S.A.,25,0.0,955085.92,2406114.89,3116202.4300000006,4053033.9200000004,0.0,1862428.5,1862428.5,False,0.5128174960810576,1.2919233624270678,1.673193054122615,2.1762091376930712,0.4714151948882996,True
2026-06-30,42627753000171,LB FUNDO DE INVESTIMENTO EM DIREITOS CREDITORIOS,Classe,11613731.97,OSLO CAPITAL DISTRIBUIDORA DE TITULOS E VALORES MOBILIARIOS S.A.,9,0.0,952719.53,2989476.25,4242860.91,4242860.91,8488783.06,0.0,8488783.06,False,0.11223275742424262,0.352167822981213,0.49981968911336505,0.49981968911336505,0.033589525115277775,False
2026-06-30,63694302000127,ITAÚ MULTIEMPRESAS II FUNDO DE INVESTIMENTO EM DIREITOS CREDITÓRIOS RESPONSABILIDADE LIMITADA,Classe,43732241.39,INTRAG DTVM LTDA.,25,0.0,952681.24,3345338.52,6005434.880000001,11825699.64,35609806.43,0.0,35609806.43,False,0.026753339473291823,0.09394430510528333,0.1686455356561735,0.33209109584030955,0.004780029167129997,False
2026-06-30,51294885000110,HEALTH MERCANTIL FUNDO DE INVESTIMENTO EM DIREITOS CREDITÓRIOS,Classe,14375707.56,LIMINE TRUST DISTRIBUIDORA DE TITULOS E VALORES MOBILIARIOS LTDA.,24,0.0,946363.55,3734150.0100000002,5827152.2700000005,9264082.819999998,0.0,13954368.36,13954368.36,False,0.06781844405890401,0.2675972078180112,0.41758624393945704,0.6638840670535373,0.023563596293542738,False
2026-06-30,54974598000149,SOLUS FUNDO DE INVESTIMENTO EM DIREITOS CREDITÓRIOS - RESPONSABILIDADE LIMITADA,Classe,29258126.75,QI CORRETORA DE TÍTULOS E VALORES MOBILIÁRIOS S.A.,25,0.0,944505.73,4276128.84,7220194.260000001,12233251.000000002,0.0,28555489.49,28555489.49,False,0.0330761526721775,0.1497480490221497,0.25284785478912836,0.4284027771362151,0.008794113805256864,False
2026-06-30,43122353000177,FATURE FUNDO DE INVESTIMENTO EM DIREITOS CREDITÓRIOS MULTISSETORIAL,Classe,11759416.63,LIMINE TRUST DISTRIBUIDORA DE TITULOS E VALORES MOBILIARIOS LTDA.,24,0.0,943023.28,4150265.7600000002,7169129.829999999,13051438.120000001,8267223.32,4943964.71,13211188.030000001,False,0.07138065689918123,0.314147807946989,0.5426559529483889,0.9879079830188443,0.04520045616101066,False
2026-06-30,65324403000131,BLACK RIVER FUNDO DE INVESTIMENTO EM DIREITOS CREDITÓRIOS,Classe,6232361.86,LIMINE TRUST DISTRIBUIDORA DE TITULOS E VALORES MOBILIARIOS LTDA.,25,0.0,938167.45,3185762.29,4413603.68,5722177.1899999995,2481234.5,3753873.61,6235108.109999999,False,0.15046530604583214,0.5109393828938759,0.7078632161840736,0.9177350398820912,0.06901196705352867,False
2026-06-30,50327909000127,TAMBASA FUNDO DE INVESTIMENTO EM DIREITOS CREDITÓRIOS,Classe,907215866.55,QI CORRETORA DE TÍTULOS E VALORES MOBILIÁRIOS S.A.,25,0.0,926117.25,2119417.88,3361870.7199999997,6375487.569999999,789220098.07,58648914.15,847869012.22,False,0.0010922881207500678,0.0024996996581472725,0.003965082661999306,0.007519425144819098,2.9701730884704766e-06,False
2026-06-30,63983416000197,MS SAÚDE I FUNDO DE INVESTIMENTO EM DIREITOS CREDITÓRIOS,Classe,2326423.68,BTG PACTUAL SERVIÇOS FINANCEIROS S/A DTVM,1,0.0,921257.45,921257.45,921257.45,921257.45,0.0,0.0,0.0,True,,,,,,
2026-06-30,30659303000181,SIMOCRED FUNDO DE INVESTIMENTO EM DIREITOS CREDITÓRIOS MULTISSEGMENTOS,Classe,24892907.6,FINAXIS CORRETORA DE TÍTULOS E VALORES MOBILIÁRIOS S.A.,25,0.0,920194.97,2911870.8099999996,4565543.84,7654881.01,11425461.97,8258931.81,19684393.78,False,0.046747437603841716,0.14792788858748382,0.23193723367994926,0.3888807090304002,0.007948514882476571,False
2026-06-30,47425776000117,FAMA FUNDO DE INVESTIMENTO EM DIREITOS CREDITÓRIOS,Classe,17965994.2,QI CORRETORA DE TÍTULOS E VALORES MOBILIÁRIOS S.A.,25,0.0,917694.49,3184150.37,4726577.130000001,7153472.640000001,0.0,12654198.3,12654198.3,False,0.07252095061604968,0.25162798104720707,0.37351849701928574,0.5653042943068152,0.01903604015682646,False
2026-06-30,51388032000147,ACTUAL FUNDO DE INVESTIMENTO EM DIREITOS CREDITÓRIOS MULTISSETORIAL,Classe,6136929.29,AZUMI DISTRIBUIDORA DE TÍTULOS E VALORES MOBILIÁRIOS LTDA.,25,0.0,915447.78,3283626.12,4776928.54,6123549.71,59339.22,4122241.9,4181581.12,False,0.21892383615889294,0.7852594570735004,1.1423737583739617,1.4644101200648236,0.16833201182171928,True
2026-06-30,42432319000136,FUNDO DE INVESTIMENTO EM DIREITOS CREDITÓRIOS BIZCAPITAL FINPASS PME RESPONSABILIDADE LIMITADA,Classe,1500027.16,BANVOX DISTRIBUIDORA DE TITULOS E VALORES MOBILIARIOS LTDA,24,0.0,910828.79,4291083.73,8201303.430000002,18251206.16,115692.09,0.0,115692.09,False,7.8728700466903145,37.09055415975285,70.88905931252519,157.75673306619322,1043.1595539168277,True
2026-06-30,44613189000163,BIOMA INVESTIMENTOS FIAGRO EM DIREITOS CREDITÓRIOS,Classe,5137409.39,PLANNER CORRETORA DE VALORES S.A.,5,0.0,904992.34,1645192.4,1645192.4,1645192.4,1535888.94,0.0,1535888.94,False,0.5892303254687152,1.0711662524244754,1.0711662524244754,1.0711662524244754,0.4216357254194246,True
2026-06-30,65889435000184,AV SP FUNDO DE INVESTIMENTO EM DIREITOS CREDITÓRIOS MULTISSETORIAL  RESPONSABILIDADE LIMITADA,Classe,6405430.42,ID CORRETORA DE TITULOS E VALORES MOBILIARIOS S.A.,25,0.0,902476.53,2610624.97,3668510.34,4843164.84,826702.35,5311182.6,6137884.949999999,False,0.1470337970411127,0.42532973349394576,0.5976831383911815,0.7890608702269665,0.055065049290562815,False
2026-06-30,50013376000109,GERAR  CAPITAL FUNDO DE INVESTIMENTO EM DIREITOS CREDITÓRIOS DE  CLASSE ÚNICA ABERTA,Classe,10313907.05,APEX GROUP DISTRIBUIDORA DE TÍTULOS E VALORES MOBILIÁRIOS S.A.,24,0.0,900392.16,2928860.47,4215228.74,6244699.300000001,9617350.75,0.0,9617350.75,False,0.09362164107407646,0.30453921730992295,0.43829416744522914,0.6493159563718731,0.0271848690347412,False
2026-06-30,59503278000124,ASTREIA FUNDO DE INVESTIMENTO EM DIREITOS CREDITÓRIOS,Classe,1141428.69,PLANNER CORRETORA DE VALORES S.A.,1,0.0,900000.0,900000.0,900000.0,900000.0,900000.0,0.0,900000.0,False,1.0,1.0,1.0,1.0,1.0,False
2026-06-30,35982683000104,GPR FUNDO DE INVESTIMENTO EM DIREITOS CREDITORIOS,Classe,33082431.38,QI CORRETORA DE TÍTULOS E VALORES MOBILIÁRIOS S.A.,25,0.0,882223.24,3844845.91,5983442.56,10156217.34,1147913.38,27635787.78,28783701.16,False,0.030650097258027535,0.13357718969592025,0.20787606592841654,0.35284612230875456,0.00620156726386658,False
2026-06-30,61384065000172,PETRUS MULTICREDITO FUNDO DE INVESTIMENTO EM DIREITOS CREDITORIOS,Classe,29037882.4,ACTUAL DISTRIBUIDORA DE TITULOS E VALORES MOBILIARIOS S.A.,25,0.0,879776.35,4190957.1699999995,6379313.880000001,10007167.64,0.0,25743932.92,25743932.92,False,0.034174123772538166,0.16279397491531372,0.2477987298919671,0.3887194575552056,0.008205330789793387,False
2026-06-30,59905357000161,HR DIGITAL FUNDO DE INVESTIMENTO EM DIREITOS CREDITÓRIOS,Classe,23221532.09,HEMERA DISTRIBUIDORA DE TITULOS E VALORES MOBILIARIOS LTDA,25,0.0,873217.51,3442851.1100000003,5636756.410000001,9715027.139999997,17632822.97,0.0,17632822.97,False,0.04952227510510758,0.1952524060303658,0.3196740771225472,0.5509626652821773,0.014761602067047973,False
2026-06-30,47640584000123,SOL AGORA GREEN ESG FIDC IS SEGMENTO FINANCEIRO DE RESPONSABILIDADE LIMITADA,Classe,285125290.74,BANCO GENIAL S.A.,24,0.0,861075.41,2806772.4499999997,4918971.78,9527899.81,251645634.5,0.0,251645634.5,False,0.0034217776585351413,0.011153670341139971,0.01954721682247184,0.0378623687588747,6.503033585769575e-05,False
2026-06-30,61690192000108,VETORIAL I FUNDO DE INVESTIMENTO EM DIREITOS CREDITÓRIOS  RESPONSABILIDADE LIMITADA,Classe,25961803.64,ID CORRETORA DE TITULOS E VALORES MOBILIARIOS S.A.,4,0.0,855446.61,1396653.9800000002,1396653.9800000002,1396653.9800000002,473479.71,855446.61,1328926.32,False,0.6437125949917223,1.0509641949148845,1.0509641949148845,1.0509641949148845,0.5430994370622186,True
2026-06-30,60354694000197,FLIP FUNDO DE INVESTIMENTO EM DIREITOS CREDITÓRIOS MULTISEGMENTOS - RESPONSABILIDADE LIMITADA,Classe,106249850.38,FINAXIS CORRETORA DE TÍTULOS E VALORES MOBILIÁRIOS S.A.,25,0.0,854882.66,3153616.7600000002,4789221.02,8107657.63,11376503.89,76314733.29,87691237.18,False,0.009748780921464473,0.03596273540452745,0.05461459062516558,0.09245687357971427,0.000443035617897311,False
2026-06-30,57363296000122,LIWE FUNDO DE INVESTIMENTO EM DIREITOS CREDITÓRIOS MULTISEGMENTO RESPONSABILIDADE LIMITADA,Classe,48872799.83,FINAXIS CORRETORA DE TÍTULOS E VALORES MOBILIÁRIOS S.A.,25,0.0,854630.3,3577401.4799999995,6252114.790000001,12041161.280000003,0.0,46220610.1,46220610.1,False,0.018490242732646232,0.07739840457017245,0.13526681661002135,0.26051497922568534,0.0029486728883229736,False
2026-06-30,55768218000182,SF3 QUATÁ FUNDO DE INVESTIMENTO EM DIREITOS  CREDITÓRIOS,Classe,23469366.86,BANCO DAYCOVAL S.A.,24,0.0,853474.53,1641492.6100000003,2091970.62,2930351.17,22832706.82,0.0,22832706.82,False,0.03737947220749187,0.0718921599151861,0.0916216652056149,0.12834006905537798,0.0018881211189320439,False
2026-06-30,60866189000121,ASHER FUNDO DE INVESTIMENTO EM DIREITOS CREDITÓRIOS,Classe,16814391.64,QI CORRETORA DE TÍTULOS E VALORES MOBILIÁRIOS S.A.,25,0.0,852648.34,3166583.42,5090485.96,8422717.63,2499504.77,12005269.63,14504774.4,False,0.05878397805346079,0.2183131796934394,0.35095243949468113,0.5806858760933228,0.017172236578621974,False
2026-06-30,39616091000120,TECNOMYL FUNDO DE INVESTIMENTO EM DIREITOS CREDITÓRIOS RESPONSABILIDADE LIMITADA,Classe,221888273.29,APEX GROUP DISTRIBUIDORA DE TÍTULOS E VALORES MOBILIÁRIOS S.A.,24,0.0,850768.63,19004004.869999997,34663697.01,66594789.95,151327457.27,0.0,151327457.27,False,0.005622037436881331,0.1255820008664578,0.2290641608294037,0.44007076542085083,0.009980863589011272,False
2026-06-30,36359698000183,U.NIC FUNDO DE INVESTIMENTO EM DIREITOS CREDITÓRIOS,Classe,7010781.48,QI CORRETORA DE TÍTULOS E VALORES MOBILIÁRIOS S.A.,25,0.0,848976.07,3408712.0100000002,6145682.630000001,12665259.030000001,0.0,4559982.98,4559982.98,False,0.18617965762670452,0.7475273537095526,1.3477424492492296,2.7774794523465522,0.3232712778466737,True
2026-06-30,58376702000154,MEDSYSTEMS B24 II FIDC SEGMENTO RECEBÍVEIS COMERCIAIS DE RESPONSABILIDADE LIMITADA,Classe,68648249.14,GENIAL INVESTIMENTOS CORRETORA DE VALORES MOBILIÁRIOS S.A.,24,0.0,845146.65,3903218.61,6408728.720000001,12689381.229999999,29457071.75,0.0,29457071.75,False,0.028690789674299517,0.13250531631678564,0.21756163594230987,0.43077537841146746,0.008240095128021747,False
2026-06-30,49325599000122,BBG I FUNDO DE INVESTIMENTO EM DIREITOS CREDITÓRIOS,Classe,18342370.25,QI CORRETORA DE TÍTULOS E VALORES MOBILIÁRIOS S.A.,25,0.0,844819.7,2947117.71,4514693.8,7352498.099999999,0.0,17241379.67,17241379.67,False,0.04899954157786955,0.17093282361434128,0.26185223493776233,0.42644488090435967,0.009736714206484946,False
2026-06-30,20209230000172,MBM FUNDO DE INVESTIMENTO EM  DIREITOS CREDITÓRIOS NÃO-PADRONIZADOS,Classe,3449326.68,INTRA INVESTIMENTOS DTVM LTDA,24,0.0,835000.0,922252.25,999173.8900000001,1133302.15,2370413.27,0.0,2370413.27,False,0.3522592497130258,0.3890681265043711,0.4215188560769406,0.4781031916852203,0.12487269531454373,False
2026-06-30,52258509000132,MEDAL FUNDO DE INVESTIMENTO EM DIREITOS CREDITÓRIOS INDUSTRIAIS DE RESPONSABILIDADE ILIMITADA,Classe,23593228.94,BANCO DAYCOVAL S.A.,24,0.0,826761.19,2265613.55,3704432.79,5793008.67,19020127.64,0.0,19020127.64,False,0.04346769935766845,0.11911663227934047,0.19476382388777702,0.304572544393293,0.00535339375706042,False
2026-06-30,62527939000166,TITANO FUNDO DE INVESTIMENTO EM DIREITOS CREDITÓRIOS,Classe,12117937.4,FIDD DISTRIBUIDORA DE TITULOS E VALORES MOBILIARIOS LTDA.,25,0.0,826620.63,2784555.3,4753832.84,9102995.79,12067609.26,0.0,12067609.26,False,0.06849912125842232,0.23074622653136848,0.3939332752310212,0.7543329912224883,0.028948751829060655,False
2026-06-30,28849649000109,FUNDO DE INVESTIMENTO EM DIREITOS CREDITÓRIOS EMPÍRICA A55 SAAS,Classe,1106525.84,BANVOX DISTRIBUIDORA DE TITULOS E VALORES MOBILIARIOS LTDA,24,0.0,824785.88,3354654.8,6365624.9399999995,14081197.92,728536.32,0.0,728536.32,False,1.1321136055371956,4.604650046822648,8.737553317863412,19.32806578538185,15.757986681771806,True
2026-06-30,42556229000157,SIMONETTI FUNDO DE INVESTIMENTO EM DIREITOS CREDITÓRIOS,Classe,62139208.34,QI CORRETORA DE TÍTULOS E VALORES MOBILIÁRIOS S.A.,25,0.0,823490.2,880389.9500000001,944130.4700000001,1111625.1,60087495.23,823490.2,60910985.43,False,0.013519567844561793,0.014453713788816634,0.01550016738909949,0.018249993694117783,0.0001837217500698138,False
2026-06-30,64126192000160,ALPHA PRO FUNDO DE INVESTIMENTO EM DIREITOS CREDITÓRIOS,Classe,2877948.06,FINVEST DISTRIBUIDORA DE TÍTULOS E VALORES MOBILIÁRIOS LTDA.,21,0.0,820578.23,1333821.29,1651461.0999999999,1844995.17,866593.67,944812.97,1811406.6400000001,False,0.4530060848181499,0.7363455894144232,0.9117009198994654,1.018542788382403,0.2333926419025175,False
2026-06-30,61690116000194,XC CAPITAL FUNDO DE INVESTIMENTO EM DIREITOS CREDITÓRIOS,Classe,3301726.87,AZUMI DISTRIBUIDORA DE TÍTULOS E VALORES MOBILIÁRIOS LTDA.,25,0.0,816230.81,1025868.36,1156598.09,1385821.2700000003,0.0,2518643.07,2518643.07,False,0.3240756182256504,0.4073099409040123,0.45921476678313145,0.5502253520980249,0.10805782322315516,False
2026-06-30,63995636000130,AXEL CAPITAL FUNDO DE INVESTIMENTO EM DIREITOS CREDITÓRIOS,Classe,3130122.04,FINVEST DISTRIBUIDORA DE TÍTULOS E VALORES MOBILIÁRIOS LTDA.,7,0.0,815532.18,1627892.6,1741367.4100000001,1741367.4100000001,1741367.41,0.0,1741367.41,False,0.46832861078983906,0.9348358023996787,1.0000000000000002,1.0000000000000002,0.29135393646643076,False
2026-06-30,61543748000125,ORIZ JUS CPS FUNDO DE INVESTIMENTO EM DIREITOS CREDITÓRIOS - RESPONSABILIDADE LIMITADA,Classe,7606357.3,LIMINE TRUST DISTRIBUIDORA DE TITULOS E VALORES MOBILIARIOS LTDA.,25,0.0,815308.7,1763332.92,2500435.6499999994,4163790.840000001,8812099.36,0.0,8812099.36,False,0.09252150556777199,0.20010361299421392,0.2837502787757944,0.47250838533441153,0.015603145128057402,False
2026-06-30,19503125000162,FAMA FUNDO DE INVESTIMENTO EM DIREITOS CREDITÓRIOS MULTISEGMENTOS,Classe,17301592.61,BANCO FINAXIS S.A.,25,0.0,810125.13,2890609.6999999997,4609790.93,6851794.0,114203.67,11541204.16,11655407.83,False,0.06950637350627996,0.24800588209018506,0.3955066178066117,0.5878639426382045,0.020066929714567795,False
2026-06-30,60707702000131,GHIA PRECATÓRIOS I FUNDO DE INVESTIMENTO EM DIREITOS CREDITÓRIOS,Classe,10450722.15,BTG PACTUAL SERVIÇOS FINANCEIROS S/A DTVM,25,0.0,792942.12,3065847.6900000004,5280823.8,8941564.479999997,0.0,7537661.23,7537661.23,False,0.10519736769862764,0.40673726192388193,0.7005918200438944,1.1862518368976893,0.06840925968898286,True
2026-06-30,32969493000169,LIBER FUNDO DE INVESTIMENTO EM DIREITOS CREDITÓRIOS NÃO PADRONIZADO,Classe,10286538.34,QI CORRETORA DE TÍTULOS E VALORES MOBILIÁRIOS S.A.,25,0.0,791820.0,1216834.78,1409601.37,1542449.2900000003,305438.47,0.0,305438.47,False,2.5924042901341147,3.9838949559955568,4.615009268478853,5.049950944293299,7.38665098316485,True
2026-06-30,28152179000111,DD FUNDO DE INVESTIMENTO EM DIREITOS CREDITÓRIOS DE RESPONSABILIDADE LIMITADA,Classe,200583516.01,BANCO DAYCOVAL S.A.,4,0.0,786398.55,2333164.73,2333164.73,2333164.73,0.0,2333164.73,2333164.73,False,0.3370523049180501,1.0,1.0,1.0,0.2813828627422262,False
2026-06-30,51919474000172,RAMAPI FUNDO DE  INVESTIMENTO EM DIREITOS CREDITÓRIOS,Classe,5941391.16,QI CORRETORA DE TÍTULOS E VALORES MOBILIÁRIOS S.A.,25,0.0,785004.52,2269021.64,3039764.48,4098443.4499999993,11555.07,5382568.24,5394123.3100000005,False,0.14552958374991246,0.42064697256614997,0.5635326271397381,0.7597978789995439,0.049759279642312616,False
2026-06-30,47859927000145,NACIONAL CRED FUNDO DE INVESTIMENTO EM DIREITOS CREDITÓRIOS,Classe,42282420.61,QI CORRETORA DE TÍTULOS E VALORES MOBILIÁRIOS S.A.,25,0.0,781862.36,2880398.14,4835369.45,8685587.539999997,689904.87,38093873.96,38783778.83,False,0.0201595198711069,0.07426811483805072,0.1246750470395048,0.22394897562899488,0.0023257466738769825,False
2026-06-30,65014891000180,VIA MOBIL FUNDO DE INVESTIMENTO EM DIREITOS CREDITÓRIOS,Classe,1989062.71,AZUMI DISTRIBUIDORA DE TÍTULOS E VALORES MOBILIÁRIOS LTDA.,15,0.0,778836.65,2118700.37,2230249.1900000004,2260431.9800000004,0.0,2053953.51,2053953.51,False,0.37918903529612996,1.0315230406553848,1.0858323614150354,1.1005273337467119,0.2821676399662037,True
2026-06-30,44909456000144,SOLFÁCIL IV FUNDO DE INVESTIMENTO EM DIREITOS CREDITÓRIOS,Classe,19990406.16,BANCO GENIAL S.A.,24,0.0,776100.4,2954407.63,5274032.08,10976187.61,17147745.58,0.0,17147745.58,False,0.04525961715370867,0.172291314693042,0.30756416669438363,0.6400950818165801,0.017699645076115288,False
2026-06-30,60570464000165,BTG PACTUAL APOLO FUNDO DE INVESTIMENTO EM DIREITOS CREDITÓRIOS RESPONSABILIDADE LIMITADA,Classe,455169983.74,BTG PACTUAL SERVIÇOS FINANCEIROS S/A DTVM,25,0.0,771798.57,892856.48,1018329.6,1323054.12,0.0,163362364.31,163362364.31,False,0.004724457639064394,0.005465496803815204,0.0062335630627112825,0.008098891844447988,2.2818250010180182e-05,False
2026-06-30,23520837000167,DIVALLORE FUNDO DE INVESTIMENTO EM DIREITOS CREDITÓRIOS,Classe,13735378.02,QI CORRETORA DE TÍTULOS E VALORES MOBILIÁRIOS S.A.,25,0.0,762995.01,2267910.21,3323147.21,5470919.059999999,0.01,10463078.88,10463078.89,False,0.07292260892051823,0.21675361849441238,0.31760701079832915,0.5228785061755372,0.016436423627345653,False
2026-06-30,38284301000167,SAV NEXOOS FUNDO DE INVESTIMENTO EM DIREITOS CREDITÓRIOS,Classe,706512.32,HEMERA DISTRIBUIDORA DE TITULOS E VALORES MOBILIARIOS LTDA,25,0.0,757728.65,1409191.21,1568794.8699999999,2212181.9,103411.35,0.0,103411.35,False,7.327325772267744,13.627045870690209,15.170432162427042,21.39206092948211,87.94513333432121,True
2026-06-30,27771613000189,CONQUEST BRAZIL FUNDO DE INVESTIMENTO EM DIREITOS CREDITORIOS MULTISSETORIAL,Classe,19667306.53,QI CORRETORA DE TÍTULOS E VALORES MOBILIÁRIOS S.A.,25,0.0,754043.79,2824072.63,4255137.569999999,6547215.720000002,0.0,9909422.63,9909422.63,False,0.07609361495161096,0.2849886149219573,0.42940317805377515,0.6607060738512472,0.02490184345263322,False
2026-06-30,22406927000169,INVESTCON FUNDO DE INVESTIMENTO EM DIREITOS CREDITORIOS,Classe,13155541.92,QI CORRETORA DE TÍTULOS E VALORES MOBILIÁRIOS S.A.,25,0.0,752286.22,2210308.18,3425997.75,5352966.329999999,941684.26,11384835.82,12326520.08,False,0.061029894497198596,0.17931323403969177,0.27793714103940353,0.43426419583620224,0.010908698843474014,False
2026-06-30,63429748000124,USECORP F3 PILOTAGE FUNDO DE INVESTIMENTO EM DIREITOS CREDITÓRIOS RESPONSABILIDADE LIMITADA,Classe,11094060.48,VORTX DISTRIBUIDORA DE TITULOS E VALORES MOBILIARIOS LTDA.,24,0.0,750252.69,2545368.13,3550859.0199999996,5605760.649999999,10572461.45,0.0,10572461.45,False,0.07096291564156046,0.24075454349374809,0.33585925442177894,0.530222850800747,0.018004983936885474,False
2026-06-30,55610024000154,DEFFENDER FUNDO DE INVESTIMENTO EM DIREITOS CREDITÓRIOS  RESPONSABILIDADE LIMITADA,Classe,4915024.8,ID CORRETORA DE TITULOS E VALORES MOBILIARIOS S.A.,25,0.0,749637.07,2767241.37,3776323.99,4515153.79,0.0,4756847.5,4756847.5,False,0.15759115044154767,0.5817385085395317,0.7938711489069179,0.949190359791858,0.08367003506543809,False
2026-06-30,60686437000152,EXPOENTE MERCANTIL FUNDO DE INVESTIMENTO EM DIREITOS CREDITÓRIOS,Classe,6593115.16,LIMINE TRUST DISTRIBUIDORA DE TITULOS E VALORES MOBILIARIOS LTDA.,25,0.0,746781.71,1799098.43,2523629.8899999997,3902923.0,6283774.71,2806917.11,9090691.82,False,0.08214795141960933,0.19790555720323602,0.2776059226260295,0.4293317909439372,0.013333800478332674,False
2026-06-30,63884884000104,ÍMPAR SEGURALTA FUNDO DE INVESTIMENTO EM DIREITOS CREDITÓRIOS COMISSÕES DE SERVIÇOS,Classe,1029065.32,LIONS TRUST DISTRIBUIDORA DE TÍTULOS E VALORES MOBILIÁRIOS LTDA.,1,0.0,745689.3,745689.3,745689.3,745689.3,738232.37,0.0,738232.37,False,1.0101010607269905,1.0101010607269905,1.0101010607269905,1.0101010607269905,1.0203041528817913,False
2026-06-30,50908218000117,CF PRIME FUNDO DE INVESTIMENTO EM DIREITOS CREDITÓRIOS,Classe,826537.97,PLANNER CORRETORA DE VALORES S.A.,1,0.0,742777.96,742777.96,742777.96,742777.96,742777.96,0.0,742777.96,False,1.0,1.0,1.0,1.0,1.0,False
2026-06-30,55694842000182,NEO 8 FUNDO DE INVESTIMENTO EM DIREITOS CREDITÓRIOS MULTISSETORIAL,Classe,14262058.3,QI CORRETORA DE TÍTULOS E VALORES MOBILIÁRIOS S.A.,25,0.0,740777.09,3108630.52,4526265.53,6710782.0200000005,384756.23,10648294.21,11033050.440000001,False,0.06714163902616943,0.2817562139233725,0.4102460651852145,0.6082435729352108,0.022942573883339243,False
2026-06-30,12093804000161,CAPITAL ANNEX FUNDO DE INVESTIMENTO EM DIREITOS CREDITÓRIOS MULTISSETORIAL,Classe,160343792.94,QI CORRETORA DE TÍTULOS E VALORES MOBILIÁRIOS S.A.,25,0.0,737594.73,3267906.3900000006,5758667.400000001,10789269.419999998,0.0,108425206.87,108425206.87,False,0.006802797534750048,0.030139729352033105,0.05311188759736051,0.09950886635555282,0.0004357035440967792,False
2026-06-30,55726318000146,AGRO REAL FUNDO DE INVESTIMENTO EM DIREITOS CREDITÓRIOS FIAGRO,Classe,7802220.57,PLANNER CORRETORA DE VALORES S.A.,24,0.0,726405.07,2259772.2,3186993.6799999997,4653146.86,5811043.31,0.0,5811043.31,False,0.12500424299883595,0.3888754702810846,0.5484374336903711,0.8007420719085986,0.045102516206065126,False
2026-06-30,45829761000199,FARMERS FIRST I FUNDO DE INVESTIMENTO EM DIREITOS CREDITÓRIOS,Classe,9199901.9,BANCO GENIAL S.A.,15,0.0,712881.86,3869106.2600000002,10170896.72,16161651.03,7187452.51,0.0,7187452.51,False,0.09918421847075272,0.5383139929782994,1.415090632717099,2.248592391742982,0.44621256530557707,True
2026-06-30,31368600000130,DSX FUNDO DE INVESTIMENTO EM DIREITOS CREDITÓRIOS,Classe,19586785.23,QI CORRETORA DE TÍTULOS E VALORES MOBILIÁRIOS S.A.,25,0.0,711881.62,2859498.2300000004,4137734.4600000004,7094118.16,804126.49,14004100.03,14808226.52,False,0.048073388061597534,0.19310200489828816,0.2794213374850509,0.47906602120238234,0.01200586114798959,False
2026-06-30,50918500000185,FIDC RECUPERADOS QUESTÕES GLOBAIS DE INVERNO RESPONSABILIDADE LIMITADA,Classe,1946903.75,BANCO DAYCOVAL S.A.,17,0.0,709300.23,2527296.14,4184066.85,4637788.7299999995,1731696.64,0.0,1731696.64,False,0.4095984328987322,1.4594335298820007,2.416166176773318,2.678176201808649,0.6453314509303758,True
2026-06-30,60079965000143,AXXIS FUNDO DE INVESTIMENTO EM DIREITOS CREDITÓRIOS,Classe,1485386.35,AZUMI DISTRIBUIDORA DE TÍTULOS E VALORES MOBILIÁRIOS LTDA.,6,0.0,706811.5,2332183.7500000005,2339146.6500000004,2339146.6500000004,0.0,1479319.93,1479319.93,False,0.4777948878171337,1.576524254628274,1.5812310796083173,1.5812310796083173,0.5927357368574678,True
2026-06-30,35581308000152,MARILIA FUNDO DE INVESTIMENTO EM DIREITOS CREDITORIOS,Classe,12761683.25,QI CORRETORA DE TÍTULOS E VALORES MOBILIÁRIOS S.A.,25,0.0,704474.53,2412207.6799999997,3263937.19,5038839.53,1210203.91,10854919.77,12065123.68,False,0.058389333477599295,0.19993227951725395,0.2705266250532129,0.4176367904419195,0.011152682386777954,False
2026-06-30,41282794000100,FRONTEIRA HIGH YIELD FUNDO DE INVESTIMENTO EM DIREITOS CREDITÓRIOS DE RESPONSABILIDADE LIMITADA,Classe,1005697.18,BANCO DAYCOVAL S.A.,2,0.0,703577.4,778437.8300000001,778437.8300000001,778437.8300000001,294329.43,484108.4,778437.8300000001,False,0.9038324871749873,1.0,1.0,1.0,0.8261613553958725,False
2026-06-30,61020441000140,TIVIO ALT 90 FUNDO DE INVESTIMENTO EM DIREITOS CREDITÓRIOS RESPONSABILIDADE LIMITADA,Classe,20567962.87,BNY MELLON SERVICOS FINANCEIROS DTVM S.A.,2,0.0,702918.27,1255050.01,1255050.01,1255050.01,1255050.01,0.0,1255050.01,False,0.5600719209587512,1.0,1.0,1.0,0.5072172713753489,False
2026-06-30,61220673000141,VISION FIDC - CRÉDITOS EM RECUPERAÇÃO JUDICIAL - RESP LIMITADA,Classe,3286219.51,BANCO DAYCOVAL S.A.,15,0.0,695072.71,2011320.5999999999,2618002.02,2735773.0,2735773.0,0.0,2735773.0,False,0.25406812261104994,0.735192795601097,0.9569514795269929,1.0,0.13814044629428612,False
2026-06-30,26648789000185,PROJEÇÃO FUNDO DE INVESTIMENTO EM DIREITOS CREDITÓRIOS MULTISSETORIAL LP,Classe,19597628.38,QI CORRETORA DE TÍTULOS E VALORES MOBILIÁRIOS S.A.,25,0.0,694966.46,2640378.18,3605621.29,5237310.9799999995,0.0,14895602.69,14895602.69,False,0.046655813427848615,0.17725890217067813,0.24205944298048407,0.3516011462574798,0.008584554128617927,False
2026-06-30,31368812000118,FUNDO DE INVESTIMENTO EM DIREITOS CREDITÓRIOS BIZCAPITAL EMPÍRICA PME RESPONSABILIDADE LIMITADA,Classe,762311.37,APEX GROUP DISTRIBUIDORA DE TÍTULOS E VALORES MOBILIÁRIOS S.A.,24,0.0,694505.88,3203924.14,6070573.1000000015,13081442.470000003,516009.02,0.0,516009.02,False,1.3459181004239034,6.209046772089372,11.764470900140468,25.351189539283638,27.101770620602743,True
2026-06-30,54871427000194,CONSIGNADO DELTA RECEIVABLES I FUNDO DE INVESTIMENTO EM DIREITOS CREDITÓRIOS,Classe,2008347381.44,BTG PACTUAL SERVIÇOS FINANCEIROS S/A DTVM,25,0.0,682117.31,2860127.9,5338264.43,11597012.5,0.0,1979009727.34,1979009727.34,False,0.000344676077422236,0.0014452318553503608,0.002697442239041036,0.005860007831082074,1.4048299055389616e-06,False
2026-06-30,65570364000152,VÉRTICE FUNDO DE INVESTIMENTO EM DIREITOS CREDITORIOS,Classe,2104281.34,ACTUAL DISTRIBUIDORA DE TITULOS E VALORES MOBILIARIOS S.A.,6,0.0,676031.86,1407142.9199999997,1464023.8099999996,1464023.8099999996,1203611.42,213000.36,1416611.7799999998,False,0.4772174490882746,0.9933158398555741,1.0334686119862704,1.0334686119862704,0.35264756872061787,False
2026-06-30,52306146000163,FUNDO DE INVESTIMENTO EM DIREITOS CREDITÓRIOS OPEN PME I SEGMENTO FINANCEIRO DE RESP LIMITADA,Classe,24337486.66,APEX GROUP DISTRIBUIDORA DE TÍTULOS E VALORES MOBILIÁRIOS S.A.,24,0.0,675569.41,2615187.9699999997,4705345.5600000005,9552572.870000001,20584579.05,0.0,20584579.05,False,0.03281919967170764,0.12704597765383985,0.22858595012172475,0.46406452358325007,0.009343598182293416,False
2026-06-30,37654045000190,QUATÁ NX FUNDO DE INVESTIMENTO EM DIREITOS CREDITÓRIOS - RESPONSABILIDADE LIMITADA,Classe,10320525.96,APEX GROUP DISTRIBUIDORA DE TÍTULOS E VALORES MOBILIÁRIOS S.A.,1,0.0,673993.98,673993.98,673993.98,673993.98,8361951.11,0.0,8361951.11,False,0.08060247795445434,0.08060247795445434,0.08060247795445434,0.08060247795445434,0.006496759452398297,False
2026-06-30,59986514000100,ALZ FUNDO DE INVESTIMENTO EM DIREITOS CREDITÓRIOS,Classe,1010647.15,PLANNER CORRETORA DE VALORES S.A.,3,0.0,673337.0,1311073.1,1311073.1,1311073.1,646272.13,0.0,646272.13,False,1.0418784421355134,2.028670337370111,2.028670337370111,2.028670337370111,1.5787629798908644,True
2026-06-30,59987689000132,HCAM PRECATÓRIOS FUNDO DE INVESTIMENTO EM DIREITOS CREDITÓRIOS,Classe,5382662.55,BTG PACTUAL SERVIÇOS FINANCEIROS S/A DTVM,19,0.0,667764.77,2909346.22,4883972.010000001,6819104.61,0.0,5016559.25,5016559.25,False,0.13311210666952653,0.5799485414230879,0.9735700839175777,1.3593190611672732,0.11942071782374386,True
2026-06-30,26199799000180,TARISUL FUNDO DE INVESTIMENTO EM DIREITOS CREDITÓRIOS MULTISSETORIAL,Classe,1130585.18,QI CORRETORA DE TÍTULOS E VALORES MOBILIÁRIOS S.A.,25,0.0,660176.19,982814.2199999999,1167008.8599999999,1481946.4599999995,0.0,990968.96,990968.96,False,0.6661926020366975,0.9917709430575907,1.1776442119841977,1.4954519463455238,0.4876416005098866,True
2026-06-30,64987557000140,DIAMOND CAPITAL FUNDO DE INVESTIMENTO EM DIREITOS  CREDITÓRIOS - RESPONSABILIDADE LIMITADA,Classe,2373031.64,LIMINE TRUST DISTRIBUIDORA DE TITULOS E VALORES MOBILIARIOS LTDA.,25,0.0,647625.5,1490052.4400000002,1981406.85,2531399.1599999997,238293.64,2607397.17,2845690.81,False,0.22758111939785897,0.5236171247993032,0.6962832515174058,0.8895552359744943,0.08469536033362683,False
2026-06-30,61085925000177,CHIMERA ALTERNATIVE ASSETS VI.2 FUNDO DE INVESTIMENTO EM DIREITOS CREDITÓRIOS RESPONSABILIDADE LTDA,Classe,174907296.76,VORTX DISTRIBUIDORA DE TITULOS E VALORES MOBILIARIOS LTDA.,24,0.0,645129.15,2614981.2700000005,4042695.9700000007,7058076.699999998,168634462.13,0.0,168634462.13,False,0.003825606829419429,0.015506802328364627,0.023973130515181965,0.041854296036826326,8.763940219931788e-05,False
2026-06-30,62435419000123,LUPI DUPLICATAS E RECEBÍVEIS FUNDO DE INVESTIMENTO EM DIREITOS CREDITÓRIOS,Classe,7344142.21,CATÁLISE DISTRIBUIDORA DE TITULOS E VALORES MOBILIARIOS LTDA.,25,0.0,641741.73,2472893.2299999995,3897885.76,5907968.94,7130436.64,0.0,7130436.64,False,0.09000034112917943,0.34680810655096145,0.546654567847054,0.8285564038053076,0.038847649423716914,False
2026-06-30,61279682000108,ESMERALDA FUNDO DE INVESTIMENTO EM DIREITOS CREDITÓRIOS NÃO-PADRONIZADOS,Classe,5186703.79,AZUMI DISTRIBUIDORA DE TÍTULOS E VALORES MOBILIÁRIOS LTDA.,25,0.0,637553.57,2003204.9499999997,3169728.25,4746839.78,0.0,4880688.93,4880688.93,False,0.13062778209059106,0.41043487481592067,0.6494427929050582,0.9725757670854063,0.056723652135877115,False
2026-06-30,53560257000164,FUNDO DE INVESTIMENTO EM DIREITOS CREDITÓRIOS FINANCIAMENTO DE VEÍCULOS PESADOS - RESPONSABILIDADE L,Classe,43316737.77,QI CORRETORA DE TÍTULOS E VALORES MOBILIÁRIOS S.A.,25,0.0,623410.99,2466439.01,4331163.15,9317545.36,41448212.73,0.0,41448212.73,False,0.015040720671383219,0.05950652265917378,0.1044957759267899,0.2247996896921929,0.002103156949794483,False
2026-06-30,61009520000150,AG ANTECIPA I FUNDO DE INVESTIMENTO EM DIREITOS CREDITÓRIOS RESPONSABILIDADE LIMITADA,Classe,14754441.5,ID CORRETORA DE TITULOS E VALORES MOBILIARIOS S.A.,25,0.0,620244.89,2237246.62,3725247.83,5857832.01,801387.83,11931225.86,12732613.69,False,0.04871308476806541,0.1757099268437791,0.29257526543240314,0.4600651643582536,0.011134283910053559,False
2026-06-30,54072485000158,GRUPO JC FUNDO DE INVESTIMENTO EM DIREITOS CREDITÓRIOS,Classe,5670534.81,BTG PACTUAL SERVIÇOS FINANCEIROS S/A DTVM,25,0.0,605735.94,1684590.2899999998,2403302.78,3399978.5099999993,3578845.04,0.0,3578845.04,False,0.1692545872285099,0.4707078041020742,0.6715302711178576,0.9500211582225978,0.06594413830762373,False
2026-06-30,60617627000118,MS CAPITAL FUNDO DE INVESTIMENTO EM DIREITOS CREDITÓRIOS,Classe,1438048.88,APEX GROUP DISTRIBUIDORA DE TÍTULOS E VALORES MOBILIÁRIOS S.A.,5,0.0,604192.68,1075699.7200000002,1075699.7200000002,1075699.7200000002,1075699.22,0.0,1075699.22,False,0.5616743684168517,1.000000464813947,1.000000464813947,1.000000464813947,0.43575234489024994,False
2026-06-30,50115649000126,FUNDO DE INVESTIMENTO  EM DIREITOS CREDITÓRIOS GARANTIDO TÊXTIL,Classe,47060025.29,BANCO DAYCOVAL S.A.,24,0.0,603151.95,2157456.7399999998,3462651.8600000003,6083125.28,0.0,33256270.74,33256270.74,False,0.018136487843615625,0.06487368222574194,0.10412026913875191,0.1829166393176892,0.0016735239125548029,False
2026-06-30,45383797000191,NICE 2TM FUNDO DE INVESTIMENTO EM DIREITOS CREDITÓRIOS,Classe,4516734.69,BANVOX DISTRIBUIDORA DE TITULOS E VALORES MOBILIARIOS LTDA,24,0.0,601717.67,1249999.99,1715524.18,2268362.32,4896962.59,0.0,4896962.59,False,0.12287569262398634,0.25526026940712243,0.3503241342915793,0.463218225238678,0.022754374261547736,False
2026-06-30,48069210000162,G3 FUNDO DE INVESTIMENTO EM DIREITOS CREDITÓRIOS,Classe,6272838.5,AZUMI DISTRIBUIDORA DE TÍTULOS E VALORES MOBILIÁRIOS LTDA.,25,0.0,601054.4,1177135.87,1369100.14,1693551.6900000002,6033355.08,0.0,6033355.08,False,0.09962191716387427,0.19510468957845592,0.22692185721646602,0.28069816338407855,0.013356760737477043,False
2026-06-30,55512068000141,PRIMER CAPITAL FUNDO DE INVESTIMENTO EM DIREITOS CREDITÓRIOS RESPONSABILIDADE LIMITADA,Classe,22734005.34,FIDD DISTRIBUIDORA DE TITULOS E VALORES MOBILIARIOS LTDA.,25,0.0,588269.16,2572288.2600000002,4630552.67,7942300.55,44061.59,19908535.27,19952596.86,False,0.029483338140276545,0.1289199735778153,0.2320776940711466,0.398058488613196,0.007440220619302824,False
2026-06-30,34027522000107,BANSULCRED FUNDO DE INVESTIMENTO EM DIREITOS CREDITÓRIOS,Classe,35455940.05,QI CORRETORA DE TÍTULOS E VALORES MOBILIÁRIOS S.A.,25,0.0,586572.28,2650021.8899999997,4570220.76,9153317.47,50297.26,23800457.2,23850754.46,False,0.024593447598638355,0.11110851417485934,0.1916174504108328,0.3837747558615385,0.006265459317171903,False
2026-06-30,46420562000195,PRIMO CAPITAL I FUNDO DE INVESTIMENTO EM DIREITOS CREDITÓRIOS DE RESPONSABILIDADE LIMITADA,Classe,1696466.62,BANCO DAYCOVAL S.A.,4,0.0,584239.08,836516.2999999999,836516.2999999999,836516.2999999999,836516.3,0.0,836516.3,False,0.6984192418007873,0.9999999999999999,0.9999999999999999,0.9999999999999999,0.5258847998035826,False
2026-06-30,56975898000178,ESQUADRO FUNDO DE INVESTIMENTO EM DIREITOS CREDITÓRIOS,Classe,5943946.91,QI CORRETORA DE TÍTULOS E VALORES MOBILIÁRIOS S.A.,25,0.0,583558.34,2114055.57,3217897.1000000006,4957747.659999998,5416603.75,0.0,5416603.75,False,0.10773509876922416,0.39029171554223435,0.5940802112393768,0.915287122488884,0.04937513756812949,False
2026-06-30,65836995000170,PNEUCASH II FUNDO DE INVESTIMENTO EM DIREITOS CREDITÓRIOS DE  CLASSE ÚNICA FECHADA RESP LIMITADA,Classe,154321628.99,BANCO DAYCOVAL S.A.,24,0.0,574448.79,2513088.15,4358448.91,7359628.049999998,146439499.18,0.0,146439499.18,False,0.003922772156533402,0.017161272498692245,0.029762795792156436,0.05025712387170701,0.00012224087397780944,False
2026-06-30,47846982000109,FS TATUÍ FUNDO DE INVESTIMENTO EM DIREITOS CREDITÓRIOS,Classe,23236990.94,QI CORRETORA DE TÍTULOS E VALORES MOBILIÁRIOS S.A.,25,0.0,573737.54,2405447.68,4167362.58,7859332.389999999,0.0,18749228.22,18749228.22,False,0.03060059503611931,0.12829582379471405,0.22226848652653503,0.4191816483206688,0.007780438378613838,False
2026-06-30,27944815000185,PRIMEIRA LINHA FUNDO DE INVESTIMENTO EM DIREITOS CREDITORIOS MULTISSETORIAL,Classe,8538562.0,QI CORRETORA DE TÍTULOS E VALORES MOBILIÁRIOS S.A.,25,0.0,567778.77,2141239.51,3030317.0600000005,4539413.88,242689.36,7214293.99,7456983.350000001,False,0.07614054415181173,0.2871455398918116,0.40637304896221876,0.6087466830672218,0.022967177854819904,False
2026-06-30,54776530000155,FINTRUST FUNDO DE INVESTIMENTO EM DIREITOS CREDITÓRIOS,Classe,16999152.59,FIDD DISTRIBUIDORA DE TITULOS E VALORES MOBILIARIOS LTDA.,25,0.0,565700.5,2457326.21,4092032.6399999997,6807623.690000001,0.0,13213408.6,13213408.6,False,0.04281260930657968,0.18597216542595982,0.30968789082932013,0.515205719892746,0.013152316709987235,False
2026-06-30,17031327000123,BRASFOR CONSOLIDADOR FUNDO DE INVESTIMENTO EM DIREITOS CREDITÓRIOS MULTISEGMENTOS,Classe,99474402.73,BANCO FINAXIS S.A.,25,0.0,564978.81,1392953.1800000002,2007798.7,2834851.88,0.0,185.13,185.13,False,3051.795008912656,7524.189380435371,10845.344892778048,15312.763355479932,18452122.043161966,True
2026-06-30,59677032000179,BOS FUNDO DE INVESTIMENTO EM DIREITOS CREDITÓRIOS,Classe,10744563.49,QI CORRETORA DE TÍTULOS E VALORES MOBILIÁRIOS S.A.,25,0.0,555979.13,1954692.9000000001,3347907.8699999996,6186947.17,98564.95,10114770.81,10213335.76,False,0.05443658595632031,0.19138633507530944,0.3277976900663451,0.605771445821928,0.017010691203153405,False
2026-06-30,34027549000191,SMARTCRED FUNDO DE INVESTIMENTO EM DIREITOS CREDITÓRIOS,Classe,10397082.63,QI CORRETORA DE TÍTULOS E VALORES MOBILIÁRIOS S.A.,25,0.0,554903.41,1752083.96,2807402.5,4569989.02,294107.41,9031540.76,9325648.17,False,0.05950293211629922,0.18787798210491571,0.30104100528167366,0.49004518899837496,0.012870011068528314,False
2026-06-30,47669241000191,FIGURATI FUNDO DE INVESTIMENTO EM DIREITOS CREDITÓRIOS NÃO-PADRONIZADOS,Classe,2244400.32,AZUMI DISTRIBUIDORA DE TÍTULOS E VALORES MOBILIÁRIOS LTDA.,24,0.0,554807.86,1328698.59,1960817.4200000002,2615339.710000001,1062574.42,1628770.28,2691344.7,False,0.20614522547037545,0.4936932047388802,0.7285642080704118,0.9717594739908272,0.08067012419867405,False
2026-06-30,14330038000137,FUNDO DE INVESTIMENTO EM DIREITOS CREDITÓRIOS F ACB - FINANCEIRO,Fundo,2479930.87,BEM - DISTRIBUIDORA DE TITULOS E VALORES MOBILIARIOS LTDA.,24,0.0,554728.55,2522794.07,4815926.49,10459785.170000002,0.0,0.0,0.0,True,,,,,,
2026-06-30,54229058000130,CONTATO II FUNDO DE INVESTIMENTO EM DIREITOS CREDITÓRIOS MULTISSETORIAL - RESP LIMITADA,Classe,10109054.42,HEMERA DISTRIBUIDORA DE TITULOS E VALORES MOBILIARIOS LTDA,25,0.0,544862.57,1404085.5099999998,2049803.4999999998,3002849.73,138385.89,8902794.18,9041180.07,False,0.060264541329946096,0.15529892106219267,0.22671857922635089,0.3321302868376561,0.01133463672368597,False
2026-06-30,47117653000119,CERUS  FUNDO DE INVESTIMENTO EM DIREITOS CREDITÓRIOS,Classe,96216186.1,HEMERA DISTRIBUIDORA DE TITULOS E VALORES MOBILIARIOS LTDA,25,0.0,541936.98,1722146.3699999999,2465840.35,3882880.7800000003,97834456.24,973049.87,98807506.11,False,0.005484775411664319,0.01742930712250521,0.02495600230264733,0.03929742721850791,0.0001001133812724639,False
2026-06-30,56973069000156,FUNDO DE INVESTIMENTO EM DIREITOS CREDITÓRIOS DE RESPONSABILIDADE LIMITADA ABERTO UR,Classe,758577.21,BANCO DAYCOVAL S.A.,8,0.0,535293.2,728708.5799999998,731227.1999999998,731227.1999999998,731227.2,0.0,731227.2,False,0.7320477137611948,0.9965556259395163,0.9999999999999999,0.9999999999999999,0.5690754543990549,False
2026-06-30,59283314000191,FUNDO DE INVESTIMENTO EM DIREITOS CREDITÓRIOS TATUHY,Classe,12175366.91,QI CORRETORA DE TÍTULOS E VALORES MOBILIÁRIOS S.A.,25,0.0,534106.89,1860726.88,2968385.11,5067740.7,0.0,9877322.1,9877322.1,False,0.054074058190326714,0.18838374016374337,0.30052529217408025,0.5130682839633225,0.013056705192889442,False
2026-06-30,63119756000174,ALIANZA FUNDO DE INVESTIMENTO EM DIREITOS CREDITÓRIOS,Classe,371383.02,PLANNER CORRETORA DE VALORES S.A.,1,0.0,533405.88,533405.88,533405.88,533405.88,533405.88,0.0,533405.88,False,1.0,1.0,1.0,1.0,1.0,False
2026-06-30,42627599000138,COOPERA FUNDO DE INVESTIMENTO EM DIREITOS CREDITÓRIOS - RESPONSABILIDADE LIMITADA,Classe,87750554.43,QI CORRETORA DE TÍTULOS E VALORES MOBILIÁRIOS S.A.,25,0.0,532958.38,1620532.1600000001,2458138.1100000003,4536189.410000001,81444514.21,0.0,81444514.21,False,0.00654382170695742,0.019897376461986763,0.030181751758772024,0.0556966844728633,0.00015983149894468725,False
2026-06-30,57341862000103,BOREAL II CONSIGNADO FUNDO DE INVESTIMENTO EM DIREITOS CREDITÓRIOS - RESPONSABILIDADE LIMITADA,Classe,11998812.01,ID CORRETORA DE TITULOS E VALORES MOBILIARIOS S.A.,25,0.0,523814.21,732286.5400000002,919246.2200000001,1288129.2500000002,11694324.31,0.0,11694324.31,False,0.04479217405934931,0.06261896973165097,0.07860618498615933,0.11014995102354914,0.0022075198041379557,False
2026-06-30,63803585000106,FEDERAL FUNDO DE INVESTIMENTO EM DIREITOS CREDITÓRIOS RESPONSABILIDADE LIMITADA,Classe,941157.44,ID CORRETORA DE TITULOS E VALORES MOBILIARIOS S.A.,6,0.0,521416.53,1099292.75,1133459.75,1133459.75,0.0,1127841.94,1127841.94,False,0.4623134780747735,0.9746868874197036,1.0049810259760334,1.0049810259760334,0.2926473773511507,False
2026-06-30,20636504000100,PLENO INVEST FUNDO DE INVESTIMENTO EM DIREITOS CREDITÓRIOS,Classe,33049147.43,QI CORRETORA DE TÍTULOS E VALORES MOBILIÁRIOS S.A.,25,0.0,514468.91,2147137.19,3592259.3299999996,6624896.160000002,486350.79,29083872.61,29570223.4,False,0.017398208428821,0.07261146326003069,0.12148231960939462,0.2240394355627358,0.002268200675596918,False
2026-06-30,64685957000100,MAPLE CAPITAL FUNDO DE INVESTIMENTO EM DIREITOS CREDITORIOS,Classe,468846.0,INTRA INVESTIMENTOS DTVM LTDA,1,0.0,509972.84,509972.84,509972.84,509972.84,0.0,509972.83,509972.83,False,1.0000000196088878,1.0000000196088878,1.0000000196088878,1.0000000196088878,1.000000039217776,False
2026-06-30,55665127000111,WH INVEST FUNDO DE INVESTIMENTO EM DIREITOS CREDITÓRIOS RESPONSABILIDADE LIMITADA,Classe,999811.11,ID CORRETORA DE TITULOS E VALORES MOBILIARIOS S.A.,24,0.0,507277.95,1487234.5999999999,1606426.88,1669602.9199999997,507277.95,295201.06,802479.01,False,0.6321385901420649,1.8533003124904162,2.0018304030157745,2.0805564995400934,0.9702506222964238,True
2026-06-30,62540865000106,BARAC FUNDO DE INVESTIMENTO EM DIREITOS CREDITÓRIOS,Classe,3888411.96,QI CORRETORA DE TÍTULOS E VALORES MOBILIÁRIOS S.A.,25,0.0,502108.63,1319058.49,1959907.8900000001,2845900.690000001,0.0,3613206.53,3613206.53,False,0.138964829668898,0.3650658989592826,0.5424289682106824,0.7876385328020541,0.04309246009024587,False
2026-06-30,50692376000182,BOLSA DE CRÉDITOS FUNDO DE INVESTIMENTO EM DIREITOS CREDITÓRIOS,Classe,4287699.89,LIMINE TRUST DISTRIBUIDORA DE TITULOS E VALORES MOBILIARIOS LTDA.,25,0.0,496046.35,1731584.4799999997,2645688.8499999996,3818029.87,4117982.85,0.0,4117982.85,False,0.12045857597488537,0.420493368494723,0.6424720418638945,0.9271602163180451,0.056287945899349254,False
2026-06-30,21605486000161,VALORTEC FUNDO DE INVESTIMENTOS EM DIREITOS CREDITÓRIOS,Classe,11408433.14,QI CORRETORA DE TÍTULOS E VALORES MOBILIÁRIOS S.A.,25,0.0,494282.01,1117216.38,1761957.3499999999,3126076.74,1681562.8,7786381.52,9467944.32,False,0.05220584250330699,0.11799988912482323,0.18609713898275226,0.3301748124348919,0.006204378340624731,False
2026-06-30,10772734000142,GRANCRED SP FUNDO DE INVESTIMENTO EM DIREITOS CREDITÓRIOS MULTISSETORIAL,Classe,12163636.59,QI CORRETORA DE TÍTULOS E VALORES MOBILIÁRIOS S.A.,25,0.0,493674.18,2198381.96,3568231.57,5877891.520000001,51670.89,9894464.0,9946134.89,False,0.04963477626835201,0.22102876990038486,0.35875559797480283,0.5909724315029877,0.01754795684115704,False
2026-06-30,63322011000108,FUNDO DE INVESTIMENTO EM DIREITOS CREDITÓRIOS STELLANTIS MOBILITY II - RESPONSABILIDADE LIMITADA,Classe,731257888.0,QI CORRETORA DE TÍTULOS E VALORES MOBILIÁRIOS S.A.,25,0.0,490553.07,2123029.95,3853839.0100000002,8400453.16,720315606.45,0.0,720315606.45,False,0.000681025186192535,0.002947360755465414,0.005350208957700142,0.011662184027083284,5.574488152598764e-06,False
2026-06-30,39611075000144,AUGME VD  FUNDO DE INVESTIMENTO EM DIREITOS CREDITÓRIOS,Classe,8202690.61,BANCO DAYCOVAL S.A.,16,0.0,489392.48,1755764.67,2572087.7199999997,2947277.55,6253285.11,0.0,6253285.11,False,0.078261661093524,0.28077476704080745,0.4113178393044675,0.4713166756600995,0.02120125979960869,False
2026-06-30,63662224000189,FIDC SANTANDER AUTO LOANS I SEGMENTO FINANCEIRO - RESPONSABILIDADE LIMITADA,Classe,2430490971.94,APEX GROUP DISTRIBUIDORA DE TÍTULOS E VALORES MOBILIÁRIOS S.A.,24,0.0,485147.64,2166619.17,4197384.01,9463150.579999998,2367073934.46,0.0,2367073934.46,False,0.00020495669059474335,0.0009153153767012648,0.001773237391910003,0.003997826363695237,6.696177955925096e-07,False
2026-06-30,57585602000175,AURIN INVEST FUNDO DE INVESTIMENTO EM DIREITOS CREDITÓRIOS NÃO-PADRONIZADOS - RESP. LIMITADA,Classe,2255222.63,AZUMI DISTRIBUIDORA DE TÍTULOS E VALORES MOBILIÁRIOS LTDA.,18,0.0,483960.07,1484920.84,1964493.8300000003,2105868.0700000003,1309798.93,796069.14,2105868.07,False,0.22981499975922046,0.7051347903290068,0.9328665256793606,1.0000000000000002,0.13517411998224427,False
2026-06-30,59201781000125,"INTI ENERGIAS DO BRASIL FUNDO DE INVESTIMENTO EM DIREITOS CREDITÓRIOS,",Classe,-120041.95,PLANNER CORRETORA DE VALORES S.A.,1,0.0,482833.57,482833.57,482833.57,482833.57,271968.5,0.0,271968.5,False,1.7753290178825858,1.7753290178825858,1.7753290178825858,1.7753290178825858,3.1517931217359463,True
2026-06-30,12956543000166,CAMBUI FINANÇAS FUNDO DE INVESTIMENTO EM DIREITOS CREDITÓRIOS MULTISSETORIAL LP,Classe,5348811.08,QI CORRETORA DE TÍTULOS E VALORES MOBILIÁRIOS S.A.,25,0.0,479561.66,1583427.8599999999,2198032.19,3351771.2500000005,0.0,4347050.42,4347050.42,False,0.11031886306025408,0.3642533918435664,0.5056376111690004,0.7710449445396588,0.038785177824870086,False
2026-06-30,61289833000109,FUNDO DE INVESTIMENTO EM DIREITOS CREDITÓRIOS GENIAL MULTI CONSIGNADOS II  RESPONSABILIDADE LIMITADA,Classe,45852308.1,GENIAL INVESTIMENTOS CORRETORA DE VALORES MOBILIÁRIOS S.A.,24,0.0,474532.6,1009841.5899999999,1508126.77,2582187.2099999995,44761259.59,0.0,44761259.59,False,0.010601413015330205,0.02256061601594442,0.03369267942443976,0.05768799255543915,0.00021478060004298348,False
2026-06-30,62135468000140,HOMMA CASH FUNDO DE INVESTIMENTO  EM DIREITOS CREDITÓRIOS - RESPONSABILIDADE LIMITADA,Classe,992926.02,HEMERA DISTRIBUIDORA DE TITULOS E VALORES MOBILIARIOS LTDA,3,0.0,469360.99,566746.64,566746.64,566746.64,566713.91,0.0,566713.91,False,0.8282150512239941,1.0000577540085438,1.0000577540085438,1.0000577540085438,0.7007075011927603,False
2026-06-30,57533260000140,ONZE I FUNDO DE INVESTIMENTO EM DIREITOS CREDITÓRIOS - RESPONSABILIDADE LIMITADA,Classe,23813746.82,QI CORRETORA DE TÍTULOS E VALORES MOBILIÁRIOS S.A.,25,0.0,459368.01,1860726.9499999997,3183626.11,5728556.93,23336354.19,0.0,23336354.19,False,0.0196846519494826,0.07973511778448027,0.13642345689817453,0.2454778018605313,0.0027448846399572443,False
2026-06-30,45899588000103,FIDÚCIA FUNDO DE INVESTIMENTO EM DIREITOS CREDITÓRIOS - NÃO PADRONIZADOS,Classe,853901.15,ID CORRETORA DE TITULOS E VALORES MOBILIARIOS S.A.,12,0.0,458388.28,934096.84,988161.8,990402.24,529078.17,0.0,529078.17,False,0.8663904617346053,1.7655176360801277,1.8677047287738218,1.8719393393229584,1.2787936682537264,True
2026-06-30,51767969000123,GUARDIAN GDF FUNDO DE INVESTIMENTO EM DIREITOS CREDITÓRIOS RESPONSABILIDADE LIMITADA,Classe,546311018.04,BANCO DAYCOVAL S.A.,24,0.0,455610.27,1783577.43,2905800.83,5553041.82,549188275.11,0.0,549188275.11,False,0.0008296066952790339,0.0032476611589035784,0.005291083152527211,0.010111362663173664,4.696271897067711e-06,False
2026-06-30,32511268000184,PREMIER RP FUNDO DE INVESTIMENTO EM DIREITOS CREDITÓRIOS,Classe,12735618.64,QI CORRETORA DE TÍTULOS E VALORES MOBILIÁRIOS S.A.,25,0.0,450923.32,1651764.1300000001,2573246.5199999996,4060899.4799999995,506515.88,10717946.51,11224462.39,False,0.04017326659686905,0.14715752724794867,0.22925343153116481,0.36179010975330994,0.007234965230926116,False
2026-06-30,47984230000104,JUGIS I PRIVATE CLAIMS FUNDO DE INVESTIMENTO EM DIREITOS CREDITÓRIOS,Classe,5067094.88,APEX DISTRIBUIDORA DE TÍTULOS E VALORES MOBILIÁRIOS S.A.,7,0.0,450000.0,2959431.3,4461780.87,4461780.87,4461780.87,0.0,4461780.87,False,0.10085658913141558,0.6632847704150024,1.0,1.0,0.19910475513813528,False
2026-06-30,59871316000100,UNION CAPITAL FUNDO DE INVESTIMENTO EM DIREITOS CREDITÓRIOS,Classe,2390485.59,FIDD DISTRIBUIDORA DE TITULOS E VALORES MOBILIARIOS LTDA.,15,0.0,448706.68,1638910.99,2336835.12,2469762.12,2469538.13,0.0,2469538.13,False,0.1816965992746182,0.663650813927704,0.9462640368302393,1.000090701170911,0.11352130993685439,False
2026-06-30,57028406000108,IS GREEN SOLFÁCIL VI FUNDO DE INVESTIMENTO EM DIREITOS CREDITÓRIOS RESPONSABILIDADE LIMITADA,Classe,437421807.29,LIMINE TRUST DISTRIBUIDORA DE TITULOS E VALORES MOBILIARIOS LTDA.,25,0.0,446560.28,1746535.6199999996,3013530.13,6069206.850000001,399266497.48,0.0,399266497.48,False,0.0011184516677920592,0.00437436056123764,0.007547665904903411,0.015200891856206938,9.864694307611188e-06,False
2026-06-30,44302089000116,BLACK I FUNDO DE INVESTIMENTO EM DIREITOS CREDITORIOS,Classe,6508511.68,VORTX DISTRIBUIDORA DE TITULOS E VALORES MOBILIARIOS LTDA.,21,0.0,444713.01,1038943.19,1120200.11,1157132.5,5525994.97,0.0,5525994.97,False,0.08047654990898409,0.1880101584674443,0.2027146452505729,0.20939803714660277,0.011181048121712066,False
2026-06-30,46285178000127,INNOV FUNDO DE  INVESTIMENTO EM DIREITOS CREDITÓRIOS,Classe,5884756.71,QI CORRETORA DE TÍTULOS E VALORES MOBILIÁRIOS S.A.,25,0.0,440892.77,1225609.8399999999,2016573.29,3134014.28,0.0,5699920.82,5699920.82,False,0.07735068326791249,0.21502225709865208,0.35378970229274165,0.5498347045459483,0.01733864512777891,False
2026-06-30,60696087000105,UNIQUE CAPITAL FUNDO DE INVESTIMENTO EM DIREITOS CREDITÓRIOS,Classe,17209146.59,QI CORRETORA DE TÍTULOS E VALORES MOBILIÁRIOS S.A.,25,0.0,440613.71,1796467.3399999999,2765500.01,4803136.380000001,17134377.23,0.0,17134377.23,False,0.025715186731651057,0.10484579135182258,0.16140067262894034,0.2803216198363108,0.0039021048476482055,False
2026-06-30,60974918000163,LIVEN FUNDO DE INVESTIMENTO EM DIREITOS CREDITÓRIOS,Classe,5863651.3,LIMINE TRUST DISTRIBUIDORA DE TITULOS E VALORES MOBILIARIOS LTDA.,23,0.0,431994.26,826290.8700000001,1129273.6,1662965.2700000003,2654404.93,2615525.7,5269930.630000001,False,0.08197342438262796,0.15679350033493705,0.21428623624975496,0.3155573359036796,0.009597538557335424,False
2026-06-30,66228782000129,FARTURA  FUNDO DE INVESTIMENTO EM DIREITOS CREDITÓRIOS NÃO PADRONIZADO  RESPONSABILIDADE LIMITADA,Classe,5705455.73,ID CORRETORA DE TITULOS E VALORES MOBILIARIOS S.A.,19,0.0,431860.99,1076804.4100000001,1274410.31,1389388.7099999997,0.0,1387229.4,1387229.4,False,0.3113118781940464,0.7762266356234955,0.918673083197343,1.0015565630313197,0.17297511864164733,False
2026-06-30,51869304000120,LORD FUNDO DE INVESTIMENTO EM DIREITOS CREDITÓRIOS,Classe,7900397.08,FINVEST DISTRIBUIDORA DE TÍTULOS E VALORES MOBILIÁRIOS LTDA.,25,0.0,430675.16,1726799.86,2580507.27,4030955.6399999997,0.0,7088010.55,7088010.55,False,0.06076107773287668,0.2436226424634766,0.36406651087730113,0.5687005700069111,0.018058136722589196,False
2026-06-30,40211675000102,G VALUE FUNDO DE INVESTIMENTO EM DIREITOS CREDITÓRIOS NÃO PADRONIZADO,Classe,514234913.95,PLANNER CORRETORA DE VALORES S.A.,1,0.0,430321.68,430321.68,430321.68,430321.68,2986.27,0.0,2986.27,False,144.10005793180122,144.10005793180122,144.10005793180122,144.10005793180122,20764.826695948464,True
2026-06-30,61664240000185,FINZA FUNDO DE INVESTIMENTO EM DIREITOS CREDITÓRIOS,Classe,15342166.84,LIMINE TRUST DISTRIBUIDORA DE TITULOS E VALORES MOBILIARIOS LTDA.,25,0.0,428070.55,1039691.8999999999,1578412.2099999997,2800359.8499999996,14966792.99,0.0,14966792.99,False,0.028601354364025316,0.06946657849110799,0.10546095018850125,0.1871048695516166,0.0019497877765605898,False
2026-06-30,58284749000198,TVP FUNDO DE INVESTIMENTO EM DIREITOS CREDITÓRIOS,Classe,14442968.03,FIDD DISTRIBUIDORA DE TITULOS E VALORES MOBILIARIOS LTDA.,2,0.0,426036.45,810584.41,810584.41,810584.41,810584.41,0.0,810584.41,False,0.5255917147481285,1.0,1.0,1.0,0.5013098717274992,False
2026-06-30,61529519000156,PACUÍBA II FUNDO DE INVESTIMENTO EM DIREITOS CREDITÓRIOS,Classe,-64596.22,PLANNER CORRETORA DE VALORES S.A.,1,0.0,420058.81,420058.81,420058.81,420058.81,420058.81,0.0,420058.81,False,1.0,1.0,1.0,1.0,1.0,False
2026-06-30,57506211000118,NOVA FUNDO DE INVESTIMENTO EM DIREITOS CREDITÓRIOS  SERVIÇOS RESPONSABILIDADE LIMITADA,Classe,147092432.49,BANCO DAYCOVAL S.A.,24,0.0,414240.05,1549295.49,2578857.4999999995,4905819.4,0.0,137669660.45,137669660.45,False,0.003008942192825754,0.011253717666883373,0.018732213703226284,0.0356347170753845,5.82675888707362e-05,False
2026-06-30,52174102000127,BYX CONSIGNADO MULTICONVENIOS  FUNDO DE INVESTIMENTO EM DIREITOS CREDITÓRIOS RESP LIMITADA,Classe,202162483.94,ID CORRETORA DE TITULOS E VALORES MOBILIARIOS S.A.,24,0.0,413991.71,1894079.81,3562176.8899999997,7328524.389999999,201703119.43,0.0,201703119.43,False,0.0020524804533014356,0.009390433897862102,0.017660494790891094,0.03633322286095493,5.639797263961528e-05,False
2026-06-30,58510255000184,SOL AGORA GREEN III ESG FIDC IS SEGMENTO FINANCEIRO RESPONSABILIDADE LIMITADA,Classe,700445756.69,BANCO GENIAL S.A.,24,0.0,406484.96,1518676.3399999999,2672596.96,5152911.420000001,673738839.47,0.0,673738839.47,False,0.0006033271887958298,0.0022541024073878153,0.003966814444158231,0.0076482326951101175,2.630488400468886e-06,False
2026-06-30,51410150000104,ALPS BANK FUNDO DE INVESTIMENTO EM DIREITOS CREDITÓRIOS MULTISSETORIAL,Classe,14018237.57,LIMINE TRUST DISTRIBUIDORA DE TITULOS E VALORES MOBILIARIOS LTDA.,25,0.0,404328.46,1746297.27,3086285.56,5821312.16,6534402.44,7086831.28,13621233.72,False,0.029683688593223845,0.12820404567582735,0.22657900330044406,0.42737040415455113,0.008065854836041912,False
2026-06-30,61805739000165,AGRICORE FUNDO DE INVESTIMENTO EM DIREITOS CREDITÓRIOS RESPONSABILIDADE LIMITADA,Classe,1146273.64,FIDD DISTRIBUIDORA DE TITULOS E VALORES MOBILIARIOS LTDA.,5,0.0,389645.02,1130121.4400000002,1130121.4400000002,1130121.4400000002,1130121.44,0.0,1130121.44,False,0.34478154843252956,1.0000000000000002,1.0000000000000002,1.0000000000000002,0.24427501667506762,False
2026-06-30,31881619000186,OPTACRED FUNDO DE INVESTIMENTO EM DIREITOS CREDITÓRIOS,Classe,22692180.6,QI CORRETORA DE TÍTULOS E VALORES MOBILIÁRIOS S.A.,25,0.0,387228.84,1572621.6400000001,2449690.86,4053635.5899999994,0.0,17971803.27,17971803.27,False,0.021546465548417947,0.08750494407120228,0.13630746025854978,0.2255553062260958,0.002580191771043917,False
2026-06-30,44395545000110,CONDOCONTA FUNDO DE INVESTIMENTO EM DIREITOS CREDITÓRIOS,Classe,42888201.2,FIDD DISTRIBUIDORA DE TITULOS E VALORES MOBILIARIOS LTDA.,25,0.0,384426.42,1176742.52,1634771.56,2384064.3,55918442.03,2986.99,55921429.02,False,0.006874402652738218,0.02104278343064417,0.02923336525279661,0.04263239230076456,0.00012410164807775167,False
2026-06-30,61443209000114,ANTALLI FUNDO DE INVESTIMENTO EM DIREITOS CREDITÓRIOS,Classe,24659119.42,LIMINE TRUST DISTRIBUIDORA DE TITULOS E VALORES MOBILIARIOS LTDA.,25,0.0,383407.58,1564622.02,2648765.5700000003,5304458.82,11770989.42,12995048.64,24766038.060000002,False,0.01548118350909132,0.063176113038728,0.10695152626281638,0.2141827775257808,0.0019803065203572792,False
2026-06-30,60252007000122,BAY FUNDO DE INVESTIMENTO EM DIREITOS CREDITÓRIOS,Classe,10781743.25,LIMINE TRUST DISTRIBUIDORA DE TITULOS E VALORES MOBILIARIOS LTDA.,25,0.0,380030.0,1612913.15,2552382.3599999994,3950904.9499999993,6345039.01,3136079.36,9481118.37,False,0.04008282411097036,0.17011844880067667,0.2692068868242597,0.416712965265932,0.009357350117138976,False
2026-06-30,22003571000112,INVESTOR FUNDO DE INVESTIMENTO EM DIREITOS CREDITÓRIOS,Classe,8643789.7,QI CORRETORA DE TÍTULOS E VALORES MOBILIÁRIOS S.A.,25,0.0,379403.75,1552328.61,2058444.12,3004549.81,0.0,6557598.09,6557598.09,False,0.05785712158519919,0.23672213342370302,0.3139021470588479,0.4581784014152658,0.014401548720902702,False
2026-06-30,24506265000124,VERSATIL FUNDO DE INVESTIMENTO EM DIREITOS CREDITÓRIOS,Classe,12730729.49,QI CORRETORA DE TÍTULOS E VALORES MOBILIÁRIOS S.A.,25,0.0,379123.92,1649596.37,2597588.8899999997,4329427.29,875738.93,9650573.65,10526312.58,False,0.03601678338151725,0.15671170293139824,0.2467710197904839,0.4112957179540644,0.008526779966629658,False
2026-06-30,53337522000140,CM FEDERAL II FUNDO DE INVESTIMENTO EM DIREITOS CREDITÓRIOS - RESPONSABILIDADE LIMITADA,Classe,8042936.76,QI CORRETORA DE TÍTULOS E VALORES MOBILIÁRIOS S.A.,25,0.0,378543.19,1556368.27,2682881.4299999997,4990314.450000001,7894011.69,0.0,7894011.69,False,0.04795320869356351,0.19715809034987633,0.3398628650878017,0.6321645629587357,0.017919127022314647,False
2026-06-30,54065359000176,GUARDIAN MULTI CONSIGNADO VII FUNDO DE INVESTIMENTO EM DIREITOS CREDITÓRIOS RESP LIMITADA,Classe,35762907.34,BANCO DAYCOVAL S.A.,24,0.0,378227.45,1551125.05,2702889.41,5169205.159999999,35674801.76,0.0,35674801.76,False,0.010602089747954357,0.04347957027021753,0.07576466516011833,0.14489793649802188,0.0009429622933228584,False
2026-06-30,50356663000111,ABF VISION FUNDO DE INVESTIMENTO EM DIREITOS CREDITÓRIOS NÃO-PADRONIZADOS,Classe,1028485.15,AZUMI DISTRIBUIDORA DE TÍTULOS E VALORES MOBILIÁRIOS LTDA.,5,0.0,373226.2,738091.06,738091.06,738091.06,317560.4,0.0,317560.4,False,1.175292007441734,2.3242540946541195,2.3242540946541195,2.3242540946541195,1.8238711730747665,True
2026-06-30,29720593000142,FUNDO DE INVESTIMENTO EM DIREITOS CREDITÓRIOS ANGÁ MULTI CONSIGNADOS I RESPONSABILIDADE LIMITADA,Classe,968651152.41,BANCO DAYCOVAL S.A.,24,0.0,371732.68,1486424.85,2834428.0,6205372.169999998,699749350.82,0.0,699749350.82,False,0.0005312369058497671,0.0021242246931106627,0.004050633268438878,0.008867992750158673,3.3188380535267666e-06,False
2026-06-30,40365962000169,FINANCIAMENTO DE VEÍCULOS RECEIVABLES I FUNDO DE INVESTIMENTO EM DIREITOS CREDITÓRIOS,Classe,4196287.61,BTG PACTUAL SERVIÇOS FINANCEIROS S/A DTVM,25,0.0,371541.85,1210712.89,2059412.24,4243503.57,1983895.94,0.0,1983895.94,False,0.18727890032377403,0.6102703602488344,1.0380646476850999,2.138974874861632,0.19868651010200575,True
2026-06-30,09221411000181,VERTIGO FUNDO DE INVESTIMENTO EM DIREITOS CREDITÓRIOS MULTISEGMENTOS,Classe,59618554.37,BANCO FINAXIS S.A.,25,0.0,370854.27,1779077.44,3296437.46,6974767.650000001,11566535.36,41019531.51,52586066.87,False,0.007052329487139681,0.03383172665105615,0.06268651862002243,0.1326352789844996,0.0007235719517147443,False
2026-06-30,42462306000100,IS GREEN SOLFÁCIL II FUNDO DE INVESTIMENTO EM DIREITOS CREDITÓRIOS DE RESPONSABILIDADE LIMITADA,Classe,96077249.15,BANCO GENIAL S.A.,24,0.0,361211.86,1575827.9100000001,2900580.4400000004,5828950.000000001,107125885.7,0.0,107125885.7,False,0.0033718447939982818,0.01471005723502737,0.027076373007761282,0.05441215222550081,0.00012800956386090483,False
2026-06-30,43619145000188,QI QUATÁ FUNDO DE INVESTIMENTO EM DIREITOS CREDITÓRIOS,Classe,20659497.49,QI CORRETORA DE TÍTULOS E VALORES MOBILIÁRIOS S.A.,21,0.0,357411.55,1270797.57,1925018.6900000004,2306125.1100000003,1730785.26,0.0,1730785.26,False,0.20650253862226675,0.734231796034593,1.1122227202235362,1.3324155013892367,0.15617970910794599,True
2026-06-30,47240785000133,FUNDO DE INVESTIMENTO EM DIREITOS CREDITÓRIOS IS GREEN SOLFÁCIL V DE RESPONSABILIDADE LIMITADA,Classe,69778675.64,BANCO DAYCOVAL S.A.,24,0.0,356507.02,1626756.19,2711533.3,5006352.370000001,68819614.52,0.0,68819614.52,False,0.005180311201778002,0.023637973001537818,0.03940058831936625,0.07274601005713395,0.0002423486703806996,False
2026-06-30,51313788000127,AV BANCO FUNDO DE INVESTIMENTO EM DIREITOS CREDITÓRIOS,Classe,5403488.86,LIMINE TRUST DISTRIBUIDORA DE TITULOS E VALORES MOBILIARIOS LTDA.,25,0.0,351825.43,1272493.7900000003,2082915.4600000002,3384842.769999999,3714309.11,2100541.66,5814850.77,False,0.060504636131874456,0.2188351585160285,0.35820617628679063,0.582103119045306,0.017499099982834856,False
2026-06-30,48313744000192,CREDX FUNDO DE INVESTIMENTO EM DIREITOS CREDITÓRIOS,Classe,70370368.63,QI CORRETORA DE TÍTULOS E VALORES MOBILIÁRIOS S.A.,3,0.0,348842.31,549017.16,549017.16,549017.16,54901714.84,0.0,54901714.84,False,0.006353941967325259,0.01000000021128666,0.01000000021128666,0.01000000021128666,5.361622480443364e-05,False
2026-06-30,63396234000110,NEXA FORTIS FUNDO DE INVESTIMENTO EM DIREITOS CREDITÓRIOS,Classe,125248171.14,CATÁLISE DISTRIBUIDORA DE TITULOS E VALORES MOBILIARIOS LTDA.,25,0.0,348796.1,1088246.1700000002,1810913.7800000003,3726521.0799999996,124833759.79,0.0,124833759.79,False,0.0027940847138366877,0.008717563036078449,0.014506602885680819,0.02985186928815484,3.907648792443854e-05,False
2026-06-30,32274365000109,FCC I - FUNDO DE INVESTIMENTO EM DIREITOS CREDITÓRIOS,Classe,28606083.66,APEX DISTRIBUIDORA DE TÍTULOS E VALORES MOBILIÁRIOS S.A.,24,0.0,348152.15,1217047.8,1987033.9500000002,3783845.8199999994,24945124.85,0.0,24945124.85,False,0.013956721086525249,0.04878900415685833,0.07965620384537783,0.1516867862058425,0.0010682797724158317,False
2026-06-30,51137439000100,FINANCIA GROUP FUNDO DE INVESTIMENTO EM DIREITOS CREDITÓRIOS,Classe,7809993.72,QI CORRETORA DE TÍTULOS E VALORES MOBILIÁRIOS S.A.,25,0.0,346492.81,1156377.43,1793455.7000000002,2803954.0100000002,0.0,7238265.09,7238265.09,False,0.04786959384489744,0.15975892228616898,0.24777424945070645,0.3873792925702311,0.008435264183647402,False
2026-06-30,35688153000158,MAGALU I FUNDO DE INVESTIMENTOS EM DIREITOS CREDITÓRIOS - RESPONSABILIDADE LIMITADA,Classe,46577039.45,APEX GROUP DISTRIBUIDORA DE TÍTULOS E VALORES MOBILIÁRIOS S.A.,24,0.0,345612.7,1588464.4500000002,2904326.3200000003,6217346.320000001,17915440.21,0.0,17915440.21,False,0.01929133171994773,0.08866455031974903,0.1621130313269595,0.3470384342847248,0.005104172071497104,False
2026-06-30,36771685000117,FUNDO DE INVESTIMENTO EM DIREITOS CREDITÓRIOS IS GREEN SOLFÁCIL I DE RESPONSABILIDADE LIMITADA,Classe,89925922.71,BANCO DAYCOVAL S.A.,24,0.0,344892.59,995828.4299999999,1590850.4,2860456.6,83625893.41,0.0,83625893.41,False,0.004124232052255213,0.011908135021262669,0.01902341888534928,0.03420539360907977,5.906550622643046e-05,False
2026-06-30,51861911000144,VANGUARD II FUNDO DE INVESTIMENTO EM DIREITOS CREDITÓRIOS,Classe,5829594.92,ACTUAL DISTRIBUIDORA DE TITULOS E VALORES MOBILIARIOS S.A.,25,0.0,344545.31,1392224.92,2406132.19,4416647.329999999,0.0,5652593.36,5652593.36,False,0.06095349303527469,0.2462984388461299,0.42566872172810954,0.7813488515296276,0.027488720034846925,False
2026-06-30,51253601000147,AID BANK FUNDO DE INVESTIMENTO EM DIREITOS CREDITÓRIOS MULTISSETORIAL,Classe,7996909.22,LIMINE TRUST DISTRIBUIDORA DE TITULOS E VALORES MOBILIARIOS LTDA.,25,0.0,340039.31,1377097.7899999998,2307599.08,3570944.3499999996,2485942.83,2678722.47,5164665.300000001,False,0.06583956369834845,0.2666383415010455,0.4468051550213718,0.691418348058295,0.025601034428692528,False
2026-06-30,59556339000111,BNVT CRÉDITO CORPORATIVO - FUNDO DE INVESTIMENTO EM DIREITOS CREDITÓRIOS RESPONSABILIDADE LIMITADA,Classe,6276981.31,PLANNER CORRETORA DE VALORES S.A.,1,0.0,338142.36,338142.36,338142.36,338142.36,339346.21,0.0,339346.21,False,0.9964524430669197,0.9964524430669197,0.9964524430669197,0.9964524430669197,0.9929174712940326,False
2026-06-30,38001854000165,ALCANCE FUNDO DE INVESTIMENTO EM DIREITOS CREDITÓRIOS,Classe,9285335.65,ACTUAL DISTRIBUIDORA DE TITULOS E VALORES MOBILIARIOS S.A.,25,0.0,337981.34,1480990.8199999998,2444641.4699999997,4167438.6599999997,0.0,7918866.93,7918866.93,False,0.04268051767855632,0.1870205463851632,0.30871101782739513,0.5262670400751386,0.013379596537709822,False
2026-06-30,62682937000141,GIRO CRÉDITO FUNDO DE INVESTIMENTO EM DIREITOS CREDITÓRIOS,Classe,11266088.1,BTG PACTUAL SERVIÇOS FINANCEIROS S/A DTVM,25,0.0,337168.79,1334063.68,2215552.66,4434202.4399999995,0.0,0.0,0.0,True,,,,,,
2026-06-30,65942396000131,NED CAPITAL FUNDO DE INVESTIMENTO EM DIREITOS CREDITÓRIOS RESPONSABILIDADE LIMITADA,Classe,2362343.46,LIMINE TRUST DISTRIBUIDORA DE TITULOS E VALORES MOBILIARIOS LTDA.,25,0.0,336608.44,1206652.83,1441657.5900000003,1710862.7900000005,925403.11,1395348.1,2320751.21,False,0.14504288031805013,0.5199406230192163,0.6212029896991846,0.73720215360784,0.06413707453392027,False
2026-06-30,58482694000120,BLIPS FUNDO DE INVESTIMENTO EM DIREITOS CREDITÓRIOS - RESPONSABILIDADE LIMITADA,Classe,77002193.99,LIMINE TRUST DISTRIBUIDORA DE TITULOS E VALORES MOBILIARIOS LTDA.,25,0.0,333523.53,1018225.76,1722746.13,3502745.5299999993,63327264.39,8542287.42,71869551.81,False,0.004640679141588764,0.014167693193521808,0.023970458791149653,0.04873754520217592,0.00010480653697404948,False
2026-06-30,42336359000184,ESTÍMULO BRASIL FUNDO DE INVESTIMENTO EM DIREITOS CREDITORIOS IS DE RESPONSABILIDADE LIMITADA,Classe,71355393.96,QI CORRETORA DE TÍTULOS E VALORES MOBILIÁRIOS S.A.,25,0.0,327308.54,1463201.51,2570780.27,5474375.970000001,53560402.71,0.0,53560402.71,False,0.006111017158929796,0.027318717484676656,0.04799777708766223,0.10220938777553117,0.00043278473893307664,False
2026-06-30,62900843000100,LUPUS II FUNDO DE INVESTIMENTO EM DIREITOS CREDITÓRIOS DE RESPONSABILIDADE LIMITADA,Classe,33215783.77,CATÁLISE DISTRIBUIDORA DE TITULOS E VALORES MOBILIARIOS LTDA.,25,0.0,325434.37,872645.79,1462563.1,2725979.49,33107320.37,0.0,33107320.37,False,0.009829680154208143,0.0263580918131551,0.044176426350871115,0.08233766609725776,0.00032777707804837664,False
2026-06-30,46268912000140,LOGFIN FUNDO DE INVESTIMENTO EM DIREITOS CREDITÓRIOS,Classe,26746320.39,CATÁLISE DISTRIBUIDORA DE TITULOS E VALORES MOBILIARIOS LTDA.,25,0.0,321770.35,1396274.83,2454126.4800000004,4550368.31,26677048.58,0.0,26677048.58,False,0.012061692245866878,0.052339929052226515,0.09199392776305394,0.1705724040781426,0.001288284206351033,False
2026-06-30,60931216000100,FORTE OESTE FUNDO DE INVESTIMENTO EM DIREITOS CREDITÓRIOS,Classe,3940075.24,LIMINE TRUST DISTRIBUIDORA DE TITULOS E VALORES MOBILIARIOS LTDA.,25,0.0,317933.87,1044772.5900000001,1776583.58,2747669.05,2041967.73,1613177.97,3655145.7,False,0.08698254354128755,0.2858360995021348,0.4860500034239401,0.7517262718145544,0.03066163606836828,False
2026-06-30,55913770000117,JUNTOS PELO RS FUNDO DE INVESTIMENTO EM DIREITOS CREDITÓRIOS,Classe,1686009.74,BTG PACTUAL SERVIÇOS FINANCEIROS S/A DTVM,23,0.0,314594.99,1164993.73,1968063.5599999998,3152821.53,0.0,1219378.7,1219378.7,False,0.2579961336047612,0.9553994423553569,1.6139887960975536,2.5855966895272156,0.3577989076664914,True
2026-06-30,25695170000169,INVESTCAMP FUNDO DE INVESTIMENTO EM DIREITOS CREDITÓRIOS,Classe,6775675.58,QI CORRETORA DE TÍTULOS E VALORES MOBILIÁRIOS S.A.,25,0.0,314351.22,1030525.1399999999,1662418.28,2663388.3100000005,71094.07,3338281.09,3409375.1599999997,False,0.09220200337237161,0.30226217169952047,0.48760203907862115,0.7811954346496737,0.032607450686494475,False
2026-06-30,58902072000104,TIVIO VÉRTICE HY 90 FUNDO DE INVESTIMENTO EM DIREITOS CREDITÓRIOS - RESPONSABILIDADE LIMITADA,Classe,8911165.47,BNY MELLON SERVICOS FINANCEIROS DTVM S.A.,1,0.0,311366.76,311366.76,311366.76,311366.76,311366.76,0.0,311366.76,False,1.0,1.0,1.0,1.0,1.0,False
2026-06-30,35865981000114,THUNDER FUNDO DE INVESTIMENTO EM DIREITOS CREDITÓRIOS,Classe,1535274.99,TRUSTEE DISTRIBUIDORA DE TITULOS E VALORES MOBILIARIOS LTDA.,4,0.0,304867.4,1306491.0699999998,1306491.0699999998,1306491.0699999998,1306491.07,0.0,1306491.07,False,0.2333482463068041,0.9999999999999998,0.9999999999999998,0.9999999999999998,0.3371323288620452,False
2026-06-30,65867787000139,FFP FUNDO DE INVESTIMENTO EM DIREITOS CREDITÓRIOS MULTISSEGMENTOS,Classe,24820376.79,FINAXIS CORRETORA DE TÍTULOS E VALORES MOBILIÁRIOS S.A.,25,0.0,304546.37,891673.33,1507393.9,2733628.1999999997,0.0,25330003.29,25330003.29,False,0.012023147668529181,0.03520225875185822,0.05951021335220679,0.10792056237431305,0.0005566326857185469,False
2026-06-30,63812734000195,FUNDO DE INVESTIMENTO EM DIREITOS CREDITÓRIOS CREDITAS TEMPUS IV,Classe,15513936.11,LIMINE TRUST DISTRIBUIDORA DE TITULOS E VALORES MOBILIARIOS LTDA.,25,0.0,302603.27,977215.61,1614714.37,3260959.35,9469451.81,0.0,9469451.81,False,0.03195573260961555,0.10319664005977976,0.17051825199583545,0.34436622261030336,0.005238505839116287,False
2026-06-30,57547806000111,PLGN PFN FUNDO DE INVESTIMENTO EM DIREITOS CREDITÓRIOS,Classe,50713260.01,BANCO DAYCOVAL S.A.,2,0.0,295416.39,580421.71,580421.71,580421.71,580421.71,0.0,580421.71,False,0.5089685394435023,1.0,1.0,1.0,0.5001608693994994,False
2026-06-30,64669281000152,DIGITAL SAT FUNDO DE INVESTIMENTO EM DIREITOS CREDITÓRIOS,Classe,12510940.26,FIDD DISTRIBUIDORA DE TITULOS E VALORES MOBILIARIOS LTDA.,25,0.0,293026.16,816038.7,1331037.7699999998,2278550.5000000005,12535885.41,0.0,12535885.41,False,0.023374987120275532,0.0650962156489591,0.1061782017358118,0.18176223102537123,0.0021575590148701093,False
2026-06-30,46157224000102,SOFISA  CONSIGNADO FUNDO DE INVESTIMENTO EM DIREITOS CREDITÓRIOS - RESPONSABILIDADE LIMITADA,Classe,206166722.5,HEMERA DISTRIBUIDORA DE TITULOS E VALORES MOBILIARIOS LTDA,25,0.0,287930.93,1357808.1400000001,2449881.67,5453028.26,199024784.95,0.0,199024784.95,False,0.0014467089115174044,0.006822306781243932,0.012309430057243732,0.027398739616123373,3.059628912612424e-05,False
2026-06-30,53765941000182,COHAB MINAS FUNDO DE INVESTIMENTO EM DIREITOS CREDITÓRIOS IMOBILIÁRIOS DE RESPONSABILIDADE LIMITADA,Classe,11597177.36,LIMINE TRUST DISTRIBUIDORA DE TITULOS E VALORES MOBILIARIOS LTDA.,25,0.0,287715.13,1360118.1500000001,2532860.5599999996,4978280.74,13877358.03,0.0,13877358.03,False,0.02073270210208737,0.09800987674020545,0.18251749032665116,0.35873404211651666,0.0055825254421766266,False
2026-06-30,61641786000110,VETOR FUNDO DE INVESTIMENTO EM DIREITOS CREDITÓRIOS DE RESPONSABILIDADE LIMITADA,Classe,19701717.95,BANCO DAYCOVAL S.A.,24,0.0,286574.37,1126180.93,1742662.6900000002,2927431.05,7247276.46,0.0,7247276.46,False,0.03954235381825078,0.1553936759851438,0.24045759805332445,0.40393533573024476,0.008564023595001986,False
2026-06-30,42404659000153,ARCESP CONSIGNADO FUNDO DE INVESTIMENTO EM DIREITOS CREDITÓRIOS,Classe,310040634.1,VORTX DISTRIBUIDORA DE TITULOS E VALORES MOBILIARIOS LTDA.,24,0.0,284947.71,1386569.54,2709358.5799999996,6287675.24,303069272.16,0.0,303069272.16,False,0.0009402065341997685,0.004575091133844758,0.008939733680983804,0.02074666031032184,1.7956251470441352e-05,False
2026-06-30,60776251000194,MACRO FUNDO DE INVESTIMENTO EM DIREITOS CREDITORIOS,Classe,4212954.04,ACTUAL DISTRIBUIDORA DE TITULOS E VALORES MOBILIARIOS S.A.,25,0.0,281564.79,865955.24,1470631.07,1973173.2300000002,0.0,2768565.01,2768565.01,False,0.10170062432451243,0.3127812555862649,0.5311889244746325,0.7127061213563486,0.03379946346239438,False
2026-06-30,11351413000137,CORAL FIDC MULTISETORIAL,Fundo,-24467457.04,BNY MELLON SERVICOS FINANCEIROS DTVM S.A.,2,0.0,281176.55,38281176.55,38281176.55,38281176.55,0.0,0.0,0.0,True,,,,,,
2026-06-30,30366229000105,ITAPEVA XII MULTICARTEIRA FUNDO DE INVESTIMENTO EM DIREITOS CREDITÓRIOS RESPONSABILIDADE LIMITADA,Classe,16872781.38,OSLO CAPITAL DISTRIBUIDORA DE TITULOS E VALORES MOBILIARIOS S.A.,22,0.0,278683.78,710482.78,852815.37,1071125.7,28146386.82,0.0,28146386.82,False,0.009901227528144943,0.02524241511152514,0.030299284076989032,0.038055531136198605,0.0001853272928947947,False
2026-06-30,62682407000101,PURUNÃ FUNDO DE INVESTIMENTO EM DIREITOS CREDITÓRIOS DE RESPONSABILIDADE LIMITADA,Classe,3030225.4,CATÁLISE DISTRIBUIDORA DE TITULOS E VALORES MOBILIARIOS LTDA.,25,0.0,278153.43,790216.15,1232715.9300000002,2092087.8600000006,2974989.58,0.0,2974989.58,False,0.0934972787366872,0.2656198042885246,0.41435974710203866,0.7032252731453266,0.026704445944786936,False
2026-06-30,63249135000105,TRUST FORT FUNDO DE INVESTIMENTO EM DIREITOS CREDITÓRIOS,Classe,3519013.58,AZUMI DISTRIBUIDORA DE TÍTULOS E VALORES MOBILIÁRIOS LTDA.,25,0.0,278071.41,1204654.43,1956473.6600000001,3150449.4799999995,0.0,3534248.01,3534248.01,False,0.07867908794550046,0.3408516964829528,0.553575655829541,0.8914058863684554,0.04118694642816794,False
2026-06-30,54902792000119,GP AUDAX FUNDO DE INVESTIMENTO EM DIREITOS CREDITÓRIOS,Classe,6722914.8,QI CORRETORA DE TÍTULOS E VALORES MOBILIÁRIOS S.A.,25,0.0,276903.87,612393.69,855576.83,1422728.8600000003,1689641.48,4304121.5,5993762.98,False,0.0461986686700781,0.1021718229505298,0.1427445217394966,0.2373682217243766,0.0038975130249527543,False
2026-06-30,47425860000130,ATICCA DIGITAL FUNDO DE INVESTIMENTO EM DIREITOS CREDITÓRIOS,Classe,6196105.42,LIMINE TRUST DISTRIBUIDORA DE TITULOS E VALORES MOBILIARIOS LTDA.,25,0.0,276749.19,974846.28,1415493.3400000003,2327948.08,3510178.99,2176595.68,5686774.67,False,0.048665404567541974,0.1714234054573504,0.24890969348008304,0.4093617586574782,0.009494927012996266,False
2026-06-30,58829200000131,VOX FUNDO DE INVESTIMENTO EM DIREITOS CREDITÓRIOS - RESPONSABILIDADE LIMITADA,Classe,132188157.49,QI CORRETORA DE TÍTULOS E VALORES MOBILIÁRIOS S.A.,25,0.0,274890.54,872518.01,1148275.8900000001,1648413.93,113625345.28,0.0,113625345.28,False,0.002419271328263989,0.007678903046234158,0.010105807706637757,0.014507449248562582,1.6481567466254396e-05,False
2026-06-30,61622111000124,WIND CUPERTINO FUNDO DE INVESTIMENTO EM DIREITOS CREDITÓRIOS - RESPONSABILIDADE LIMITADA,Classe,12340136.56,HEMERA DISTRIBUIDORA DE TITULOS E VALORES MOBILIARIOS LTDA,25,0.0,274590.39,1296221.17,2196561.96,3357659.03,3036415.96,5868540.94,8904956.9,False,0.030835678721813916,0.1455617567334885,0.2466673319889959,0.377055056830202,0.008392595763221902,False
2026-06-30,59891249000187,SYNTHÉO FUNDO DE INVESTIMENTO EM DIREITOS CREDITÓRIOS,Classe,9510489.76,QI CORRETORA DE TÍTULOS E VALORES MOBILIÁRIOS S.A.,25,0.0,273175.77,876649.78,1343995.75,2258019.85,420887.65,8713059.11,9133946.76,False,0.02990774713033252,0.09597710639600882,0.1471429367078991,0.247211847116131,0.0032215201492785104,False
2026-06-30,57041896000174,NORD FUNDO DE INVESTIMENTO EM DIREITOS CREDITÓRIOS  RESPONSABILIDADE LIMITADA,Classe,1973731.58,ID CORRETORA DE TITULOS E VALORES MOBILIARIOS S.A.,25,0.0,271803.05,942551.3099999999,1298756.5199999998,1561521.9099999997,0.0,1571240.91,1571240.91,False,0.1729862354462245,0.5998770169496159,0.8265801327690735,0.9938144431333574,0.09275564602021023,False
2026-06-30,30366204000101,ITAPEVA XI MULTICARTEIRA FUNDO DE INVESTIMENTO EM DIREITOS CREDITÓRIOS RESPONSABILIDADE LIMITADA,Classe,524085545.41,OSLO CAPITAL DISTRIBUIDORA DE TITULOS E VALORES MOBILIARIOS S.A.,22,0.0,269000.0,800600.0,1165000.0,1805300.0,389025113.2,0.0,389025113.2,False,0.0006914720692124202,0.002057964827551909,0.0029946652811615967,0.004640574448138224,1.3694027507755027e-06,False
2026-06-30,64454678000127,FROGPAY FUNDO DE INVESTIMENTO EM DIREITOS CREDITÓRIOS,Classe,453191.57,FIDD DISTRIBUIDORA DE TITULOS E VALORES MOBILIARIOS LTDA.,4,0.0,268850.63,365634.65,365634.65,365634.65,0.0,365634.65,365634.65,False,0.7352985555389786,1.0,1.0,1.0,0.5766332207034589,False
2026-06-30,33512746000133,FUNDO DE INVESTIMENTO EM DIREITOS CREDITÓRIOS BRZ CAPITAL CONSIG I RESPONSABILIDADE LIMITADA,Classe,97994599.11,BANVOX DISTRIBUIDORA DE TITULOS E VALORES MOBILIARIOS LTDA,24,0.0,268443.53,1245426.47,2188927.48,4392946.46,97657772.17,0.0,97657772.17,False,0.0027488189013026103,0.012752968272018281,0.0224142680235381,0.04498307059834294,8.78256415290936e-05,False
2026-06-30,66376024000158,SOMMA COASTAL FUNDO DE INVESTIMENTO EM DIREITOS CREDITÓRIOS DE PRECATÓRIOS,Classe,1966305.56,QI CORRETORA DE TÍTULOS E VALORES MOBILIÁRIOS S.A.,1,0.0,265907.85,265907.85,265907.85,265907.85,265907.85,0.0,265907.85,False,1.0,1.0,1.0,1.0,1.0,False
2026-06-30,43023990000196,FUNDO DE INVESTIMENTO EM DIREITOS CREDITÓRIOS QUASAR CB,Classe,9715915.59,FINVEST DISTRIBUIDORA DE TÍTULOS E VALORES MOBILIÁRIOS LTDA.,25,0.0,263114.21,1226890.6800000002,2376872.9799999995,5577203.000000001,9471148.66,0.0,9471148.66,False,0.027780601851518188,0.12953979755186318,0.2509593150024529,0.5888623650850815,0.013936932785099039,False
2026-06-30,53125179000170,SQUID UNO FUNDO DE INVESTIMENTO EM DIREITOS CREDITÓRIOS RESPONSABILIDADE LIMITADA,Classe,1429307.47,ID CORRETORA DE TITULOS E VALORES MOBILIARIOS S.A.,16,0.0,262397.07,859049.05,1120683.04,1292264.2299999997,0.0,1208788.99,1208788.99,False,0.21707433817708746,0.7106691549200825,0.9271122166657061,1.0690569162116539,0.12832194876339928,True
2026-06-30,62860514000174,ALLEGHE FUNDO DE INVESTIMENTO EM DIREITOS CREDITÓRIOS MULTISSEGMENTOS,Classe,6072891.44,FINAXIS CORRETORA DE TÍTULOS E VALORES MOBILIÁRIOS S.A.,25,0.0,258004.98,1052554.57,1818849.1799999997,3314575.9200000004,0.0,6094011.26,6094011.26,False,0.042337463616698344,0.17271949871651535,0.29846501793303215,0.5439070882189345,0.01351604139676936,False
2026-06-30,40794358000158,AUTO LOANS FUNDO DE INVESTIMENTO EM DIREITOS CREDITÓRIOS RESPONSABILIDADE LIMITADA,Classe,1371816.47,APEX GROUP DISTRIBUIDORA DE TÍTULOS E VALORES MOBILIÁRIOS S.A.,24,0.0,256022.09,975462.34,1703590.82,3334070.229999999,1061443.06,0.0,1061443.06,False,0.24120190677020395,0.918996389688581,1.604976172720937,3.141073087801807,0.43869848032491554,True
2026-06-30,53841740000117,FUNDO DE INVESTIMENTO  EM DIREITOS CREDITÓRIOS CRÉDITO CONSIGNADO PRIVADO PAKETÁ DE  RESPONSABILID,Classe,1918531934.02,QI CORRETORA DE TÍTULOS E VALORES MOBILIÁRIOS S.A.,25,0.0,255410.72,864686.5499999999,1356528.48,2612363.059999999,1712040602.57,0.0,1712040602.57,False,0.00014918496653443537,0.0005050619411140079,0.0007923459747179307,0.0015258768139485102,1.0729174029017431e-07,False
2026-06-30,47758232000177,SIMPALA FUNDO DE INVESTIMENTO EM DIREITOS CREDITÓRIOS,Classe,138493762.81,QI CORRETORA DE TÍTULOS E VALORES MOBILIÁRIOS S.A.,25,0.0,254073.01,1224021.06,2128775.58,4447578.67,137035004.19,0.0,137035004.19,False,0.0018540737930560136,0.008932178075485634,0.015534538730326434,0.032455785266612615,4.3850928308865e-05,False
2026-06-30,54697682000162,FUNDO DE INVESTIMENTO EM DIREITOS  CREDITÓRIOS SOMACRED SABEMI CONSIGNADO PÚBLICO III,Classe,469787444.93,BTG PACTUAL SERVIÇOS FINANCEIROS S/A DTVM,25,0.0,253076.12,1155310.65,2155475.18,5048556.57,0.0,461423671.69,461423671.69,False,0.0005484680035445279,0.0025037957974036852,0.004671358043044053,0.010941260450529705,4.819608878077652e-06,False
2026-06-30,51732995000116,TESLA FUNDO DE INVESTIMENTO EM DIREITOS CREDITÓRIOS MULTISSETORIAL,Classe,372304.45,LIMINE TRUST DISTRIBUIDORA DE TITULOS E VALORES MOBILIARIOS LTDA.,25,0.0,251931.31,737560.63,1033004.47,1290816.38,0.0,174168.57,174168.57,False,1.446479752345673,4.234751597260057,5.931061327540324,7.411304921433298,4.864424154087262,True
2026-06-30,51326028000154,LARCA CONSIGNADO FUNDO DE INVESTIMENTO EM DIREITOS CREDITÓRIOS RESPONSABILIDADE LIMITADA,Classe,22954880.87,BANCO DAYCOVAL S.A.,24,0.0,248687.41,928123.8899999999,1686307.42,3338216.6299999994,22340407.95,0.0,22340407.95,False,0.011131730922576999,0.04154462586704913,0.07548239153797548,0.14942505246418294,0.0009797460123151048,False
2026-06-30,53276025000189,KYM FUNDO DE INVESTIMENTO EM DIREITOS CREDITÓRIOS NÃO PADRONIZADO,Classe,14021911.56,CBSF DISTRIBUIDORA DE TÍTULOS E VALORES MOBILIÁRIOS S.A.,1,0.0,248181.84,248181.84,248181.84,248181.84,0.0,0.0,0.0,True,,,,,,
2026-06-30,60209130000160,WFOUR FUNDO DE INVESTIMENTO EM DIREITOS CREDITORIOS,Classe,3149811.71,ACTUAL DISTRIBUIDORA DE TITULOS E VALORES MOBILIARIOS S.A.,25,0.0,246210.92,938321.23,1527111.37,2071980.6499999994,47405.72,3194679.15,3242084.87,False,0.07594215755369785,0.2894190829742221,0.47102757368594117,0.6390889606785647,0.026479085634734462,False
2026-06-30,24237625000130,TERRA NOVA FUNDO DE INVESTIMENTO EM DIREITOS CREDITORIOS,Classe,3090837.69,ID CORRETORA DE TITULOS E VALORES MOBILIARIOS S.A.,25,0.0,245693.86,850370.9299999999,1237372.07,2070781.5300000005,0.0,3258364.44,3258364.44,False,0.07540404534981973,0.26098091409320684,0.3797525085929308,0.6355279061417699,0.021893762576051683,False
2026-06-30,29242916000130,JUNTOS CAPITAL FUNDO DE INVESTIMENTO EM DIREITOS CREDITÓRIOS,Classe,6168787.26,QI CORRETORA DE TÍTULOS E VALORES MOBILIÁRIOS S.A.,25,0.0,244472.62,657203.7000000001,719464.4800000002,867020.26,4506840.35,0.0,4506840.35,False,0.054244792585120084,0.14582360344759054,0.15963833287327348,0.1923787382439673,0.006164391244139796,False
2026-06-30,57182268000109,CONECTEPAG I FUNDO DE INVESTIMENTO EM DIREITOS CREDITORIOS RESPONSABILIDADE LIMITADA,Classe,240719392.06,BANCO DAYCOVAL S.A.,24,0.0,241725.08,935007.94,1571323.7299999997,2791809.0,0.0,233993594.87,233993594.87,False,0.0010330414391654412,0.003995869803698956,0.006715242487184238,0.011931134275496077,6.782624700688304e-06,False
2026-06-30,65473122000140,SOL AGORA IV FIDC SEGMENTO FINANCEIRO DE RESPONSABILIDADE LIMITADA,Classe,204566279.58,GENIAL INVESTIMENTOS CORRETORA DE VALORES MOBILIÁRIOS S.A.,24,0.0,240373.82,933972.4000000001,1550245.51,3079899.66,175705124.2,0.0,175705124.2,False,0.0013680524179043837,0.0053155672280615265,0.008822995442269521,0.017528798172637472,1.3748938640429813e-05,False
2026-06-30,32999089000138,STRUCTURE FUNDO DE INVESTIMENTO EM DIREITOS CREDITÓRIOS,Classe,161729639.36,WNT CAPITAL DISTRIBUIDORA DE TITULOS E VALORES MOBILIARIOS S.A.,25,0.0,235807.2,1032494.1299999999,1799164.21,3759440.49,0.0,148176733.39,148176733.39,False,0.001591391540393574,0.006967990900990397,0.012142015610943548,0.02537132790007715,2.686658992802235e-05,False
2026-06-30,62159963000190,GUARDIAN CONSIGNADO FEDERAL FIDC RESP LIMITADA,Classe,870102.9,BANCO DAYCOVAL S.A.,24,0.0,235256.16,849182.38,1260839.65,1926940.7199999997,1178224.16,0.0,1178224.16,False,0.19967012049727448,0.7207307478739869,1.0701186521247366,1.6354618971656463,0.15972033932561788,True
2026-06-30,29242926000175,CONSIGA FUNDO DE  INVESTIMENTO EM DIREITOS CREDITÓRIOS - RESPONSABILIDADE  LIMITADA,Classe,140418993.12,QI CORRETORA DE TÍTULOS E VALORES MOBILIÁRIOS S.A.,25,0.0,234633.17,689647.1100000001,1182376.7300000002,2436548.8400000003,140887542.95,0.0,140887542.95,False,0.0016653932994151917,0.004895018364006469,0.008392344030157567,0.01729428158786696,1.3151696346083534e-05,False
2026-06-30,43946439000114,ATIVOS JUDICIAIS PEC - I - FUNDO DE INVESTIMENTO EM DIREITOS CREDITÓRIOS E DE RESP LIMITADA,Classe,110086493.63,ID CORRETORA DE TITULOS E VALORES MOBILIARIOS S.A.,25,0.0,233474.6,946164.84,1584906.1800000002,3197379.67,110519939.89,0.0,110519939.89,False,0.00211251110190954,0.00856103288638877,0.014340454596495892,0.02893034210100311,3.635071802988157e-05,False
2026-06-30,59929098000109,FUNDO DE INVESTIMENTO EM DIREITOS CREDITÓRIOS CREDITAS AUTO XII,Classe,2207591119.67,BANCO DAYCOVAL S.A.,24,0.0,232391.44,1011665.5,1894879.7899999998,4203826.97,2055685572.6,0.0,2055685572.6,False,0.0001130481446664408,0.0004921304665870962,0.0009217751076607424,0.0020449756645823337,1.7599367564215438e-07,False
2026-06-30,58255305000124,FUNDO DE INVESTIMENTO EM DIREITOS CREDITÓRIOS DIGITAL CASH CONSIG,Classe,4582638.64,INTRA INVESTIMENTOS DTVM LTDA,14,0.0,231294.45,281892.49,293419.55,295577.8,0.0,295577.82,295577.82,False,0.7825162591699202,0.9536997397165998,0.992698132762465,0.9999999323359242,0.622694332970657,False
2026-06-30,40365950000134,INSS CONSIGNADO (PDL) I FUNDO DE INVESTIMENTO EM DIREITOS CREDITÓRIOS RESPONSABILIDADE LIMITADA,Classe,32398248.41,BTG PACTUAL SERVIÇOS FINANCEIROS S/A DTVM,25,0.0,230367.14,829794.99,1482819.0599999996,3166420.3200000008,27684584.66,0.0,27684584.66,False,0.008321134047311367,0.029973178221413852,0.05356118136539888,0.11437485369159231,0.0005459653871883576,False
2026-06-30,42606211000112,PORTOSEG VEÍCULOS FUNDO DE INVESTIMENTO EM DIREITOS CREDITÓRIOS DE RESPONSABILIDADE LIMITADA,Classe,87543056.28,BANCO DAYCOVAL S.A.,24,0.0,228558.51,816260.79,1482669.6800000002,3234651.0599999996,82949814.68,0.0,82949814.68,False,0.002755383009374072,0.009840417283015442,0.017874297678901096,0.03899527771675546,6.498175780107617e-05,False
2026-06-30,36232996000108,OXYGEN FUNDO DE INVESTIMENTO EM DIREITOS CREDITÓRIOS MULTISSETORIAL,Classe,10652712.29,QI CORRETORA DE TÍTULOS E VALORES MOBILIÁRIOS S.A.,25,0.0,228160.0,1058504.82,1739446.21,2961226.3600000003,0.0,7464046.63,7464046.63,False,0.030567869054162113,0.1418138005389176,0.23304332036307226,0.3967320284546508,0.007561888897013042,False
2026-06-30,52883033000120,BES CARD FUNDO DE INVESTIMENTO EM DIREITOS CREDITÓRIOS - CREDITO PESSOAL,Classe,29436249.7,GENIAL INVESTIMENTOS CORRETORA DE VALORES MOBILIÁRIOS S.A.,24,0.0,228109.5,868168.16,1452096.8,2467531.8299999996,22738427.14,0.0,22738427.14,False,0.010031894404812381,0.03818066019495137,0.06386091663506327,0.10851814045041286,0.0005799305083446909,False
2026-06-30,61281536000117,AKZ IWS FUNDO DE INVESTIMENTO EM DIREITOS CREDITÓRIOS RECEBÍVEIS COMERCIAIS RESP LIMITADA,Classe,21485500.38,HEMERA DISTRIBUIDORA DE TITULOS E VALORES MOBILIARIOS LTDA,25,0.0,227796.72,943505.4700000001,1667329.6100000003,3438587.3000000003,17597717.77,0.0,17597717.77,False,0.012944674018374146,0.053615217741953825,0.09474692296988693,0.19539961629922198,0.0016041925194735663,False
2026-06-30,58035124000192,FUNDO DE INVESTIMENTO EM DIREITOS CREDITÓRIOS CREDITAS AUTO XI,Classe,294240334.75,LIMINE TRUST DISTRIBUIDORA DE TITULOS E VALORES MOBILIARIOS LTDA.,25,0.0,225518.55,1033449.42,1920687.73,4124646.63,279088589.07,0.0,279088589.07,False,0.0008080536389950226,0.003702944013023743,0.006882000215058094,0.014778987001025222,8.953971423021918e-06,False
2026-06-30,59331492000140,YELLOW CAPITAL I FUNDO DE INVESTIMENTO EM DIREITOS CREDITÓRIOS MULTISSETORIAL - RESP ILIMITADA,Classe,1458109.25,LIMINE TRUST DISTRIBUIDORA DE TITULOS E VALORES MOBILIARIOS LTDA.,25,0.0,224681.82,459256.19999999995,637276.16,852222.5399999999,720320.13,783236.3,1503556.4300000002,False,0.14943357995549258,0.3054466003647099,0.4238458545915699,0.566804492997978,0.0329057061710364,False
2026-06-30,53095241000128,FUNDO DE INVESTIMENTO EM DIREITOS CREDITÓRIOS CREDITAS AUTO X - RESPONSABILIDADE LIMITADA,Classe,384997010.3,LIMINE TRUST DISTRIBUIDORA DE TITULOS E VALORES MOBILIARIOS LTDA.,25,0.0,224347.84,1061728.75,2005984.1300000001,4393655.319999999,365217590.67,0.0,365217590.67,False,0.0006142854170535126,0.0029071128475828185,0.005492572595750321,0.012030240142430539,5.886464471285397e-06,False
2026-06-30,46767226000113,GUARDIAN MULTI CONSIGNADO I FUNDO DE INVESTIMENTO EM DIREITOS CREDITÓRIOS,Classe,258668615.04,BANVOX DISTRIBUIDORA DE TITULOS E VALORES MOBILIARIOS LTDA,24,0.0,222772.73,961310.49,1768983.1099999999,3671325.3200000003,251535808.11,0.0,251535808.11,False,0.0008856501651748068,0.0038217639755672717,0.007032728752585396,0.014595636889975045,9.10517819604602e-06,False
2026-06-30,58055646000156,ORUMAS I FUNDO DE INVESTIMENTO EM DIREITOS CREDITÓRIOS,Classe,49706476.87,FIDD DISTRIBUIDORA DE TITULOS E VALORES MOBILIARIOS LTDA.,4,0.0,220083.51,2336013.21,2336013.21,2336013.21,39461265.2,0.0,39461265.2,False,0.005577203591536137,0.05919762577708734,0.05919762577708734,0.05919762577708734,0.0014392590953549193,False
2026-06-30,57340272000158,ESTÍMULO RETOMADA RIO GRANDE DO SUL FIDC IS DE RESPONSABILIDADE LIMITADA,Classe,54850668.82,QI CORRETORA DE TÍTULOS E VALORES MOBILIÁRIOS S.A.,25,0.0,219334.44,1074510.6,2122806.3299999996,5053520.910000001,47838535.68,0.0,47838535.68,False,0.00458489033751294,0.022461193360674373,0.04437440025756239,0.10563703169770604,0.0004472987285574289,False
2026-06-30,61517582000172,FIDC AB NEXT FUNDO DE INVESTIMENTO EM DIREITOS CREDITÓRIOS  RESPONSABILIDADE LIMITADA,Classe,6399203.04,ID CORRETORA DE TITULOS E VALORES MOBILIARIOS S.A.,24,0.0,217908.22,825197.62,1192855.98,1956987.7099999997,6328930.05,0.0,6328930.05,False,0.03443049903830111,0.13038501191840476,0.18847672048453118,0.309213041468202,0.005312054279656998,False
2026-06-30,45853950000105,FUNDO DE INVESTIMENTO EM DIREITOS CREDITÓRIOS BEES BANK RESPONSABILIDADE LIMITADA,Classe,5517286.2,APEX GROUP DISTRIBUIDORA DE TÍTULOS E VALORES MOBILIÁRIOS S.A.,24,0.0,211902.72,911189.3500000001,1568927.6600000001,3005927.65,135250.49,0.0,135250.49,False,1.5667427156825828,6.737050268727309,11.600162483699691,22.224892863604413,22.112237242224293,True
2026-06-30,54634742000106,LARCA CONSIGNADO II FUNDO DE INVESTIMENTO EM DIREITOS CREDITÓRIOS - RESPONSABILIDADE LIMITADA,Classe,60838718.64,BANCO DAYCOVAL S.A.,24,0.0,210015.77,958440.1699999999,1802083.56,3858876.9899999998,60396016.5,0.0,60396016.5,False,0.003477311620378142,0.015869261344413334,0.0298377883912261,0.06389290575149108,0.0001725235490480219,False
2026-06-30,61641310000180,EXEMPLAR FIDC MULTICARTEIRA FINANCEIRO DE RESP LIMITADA,Classe,2369818.55,BANCO DAYCOVAL S.A.,24,0.0,209321.22,787779.93,1308237.4799999997,2025795.5499999996,2053821.42,0.0,2053821.42,False,0.10191792624307132,0.3835678809893803,0.636977230474108,0.9863542809870975,0.0536860672679205,False
2026-06-30,35688072000158,VINCI ANTECIPE PLUS FUNDO DE INVESTIMENTO EM DIREITOS CREDITÓRIOS - RESPONSABILIDADE LIMITADA,Classe,64544955.71,APEX GROUP DISTRIBUIDORA DE TÍTULOS E VALORES MOBILIÁRIOS S.A.,14,0.0,208910.8,11983116.02,21564192.089999996,32302225.33,36845043.35,0.0,36845043.35,False,0.005669983829724548,0.3252300697863068,0.585267111376597,0.876704772013791,0.09357644455867592,False
2026-06-30,61652768000134,FUNDO DE INVESTIMENTO EM DIREITOS CREDITÓRIOS DRIVER MASTER BRASIL I - RESP LIMITADA,Classe,1972712266.59,BEM - DISTRIBUIDORA DE TITULOS E VALORES MOBILIARIOS LTDA.,24,0.0,207850.16,1029370.55,2025840.1400000001,4762040.83,0.0,1892395974.34,1892395974.34,False,0.00010983439133159787,0.0005439509299099031,0.0010705159847460258,0.002516408243608122,2.6398532253774717e-07,False
2026-06-30,31030854000144,GRIF CRÉDITO PULVERIZADO FUNDO DE INVESTIMENTO EM DIREITOS CREDITÓRIOS DE RESPONSABILIDADE LIMITADA,Classe,6633469.03,VORTX DISTRIBUIDORA DE TITULOS E VALORES MOBILIARIOS LTDA.,24,0.0,207554.98,718700.77,1163935.41,2219267.43,5995713.4,0.0,5995713.4,False,0.03461722836852075,0.11986910014744867,0.19412792646159502,0.370142347030797,0.00649480067653643,False
2026-06-30,57532556000146,FIDC BV AUTO I SEGMENTO FINANCEIRO - RESPONSABILIDADE LIMITADA,Classe,1246401933.83,BANCO DAYCOVAL S.A.,24,0.0,206360.23,883149.52,1649807.73,3545488.0699999994,1202304439.92,0.0,1202304439.92,False,0.0001716372518874928,0.0007345473331685972,0.001372204639042817,0.002948910402623076,3.6823475303941434e-07,False
2026-06-30,59086325000181,CONSIGNADOS IX FUNDO DE INVESTIMENTO EM DIREITOS CREDITÓRIOS - RESPONSABILIDADE LIMITADA,Classe,383020425.18,QI CORRETORA DE TÍTULOS E VALORES MOBILIÁRIOS S.A.,25,0.0,204432.5,952389.7599999999,1813968.1700000002,4062291.62,382920731.74,0.0,382920731.74,False,0.0005338768132794856,0.002487172098706488,0.004737189761853034,0.010608701183508294,4.553485444646952e-06,False
2026-06-30,27985097000195,ALIANÇA FUNDO DE INVESTIMENTO EM DIREITOS CREDITÓRIOS CONSIGNADOS - RESPONSABILIDADE LIMITADA,Classe,386827626.56,BANCO DAYCOVAL S.A.,24,0.0,204218.24,915409.73,1716771.6099999999,3823061.840000001,387256783.41,0.0,387256783.41,False,0.0005273458045118042,0.002363831362589275,0.004433160847133319,0.009872162357844133,4.093701499623301e-06,False
2026-06-30,63103274000126,TAX AGRO CASH FUNDO DE INVESTIMENTO EM DIREITOS CREDITÓRIOS,Classe,1046265.43,FINVEST DISTRIBUIDORA DE TÍTULOS E VALORES MOBILIÁRIOS LTDA.,21,0.0,203975.97,607810.76,804283.72,909559.97,705584.0,203975.97,909559.97,False,0.2242578573461187,0.6682470425781821,0.8842558451643381,1.0,0.12160049370198124,False
2026-06-30,46766118000126,FUNDO DE INVESTIMENTO EM DIREITOS CREDITÓRIOS CONSIGNADO Q1,Classe,14464225.97,BANVOX DISTRIBUIDORA DE TITULOS E VALORES MOBILIARIOS LTDA,24,0.0,200468.62,934247.9900000001,1663739.0999999999,3395013.77,14396052.45,0.0,14396052.45,False,0.013925249348476778,0.06489612296459785,0.11556911908861515,0.23582949435558637,0.0023977535306873867,False
2026-06-30,63938673000107,GV CONSIGNADO PÚBLICO FUNDO DE INVESTIMENTO EM DIREITOS CREDITÓRIOS RESPONSABILIDADE LIMITADA,Classe,106831149.32,QI CORRETORA DE TÍTULOS E VALORES MOBILIÁRIOS S.A.,25,0.0,199094.27,715324.51,1304083.8499999996,2799810.7499999995,104767322.26,0.0,104767322.26,False,0.001900347032884068,0.0068277445158404105,0.012447429426168475,0.02672408428127749,2.9646623586278416e-05,False
2026-06-30,61242234000130,BROKER FUNDO DE INVESTIMENTO EM DIREITOS CREDITÓRIOS  RESPONSABILIDADE LIMITADA,Classe,2490882.21,ID CORRETORA DE TITULOS E VALORES MOBILIARIOS S.A.,25,0.0,198709.17,831906.3499999999,1206711.5099999998,1685871.7499999995,2764942.01,0.0,2764942.01,False,0.07186739153346657,0.3008765995783036,0.43643284583751535,0.6097313230811664,0.02447397380426008,False
2026-06-30,43076509000120,CERTO - FUNDO DE INVESTIMENTO EM DIREITOS CREDITÓRIOS,Classe,215275643.98,LASTRO RDV DTVM LTDA,25,0.0,198481.16,413539.5,565695.9,723712.3200000001,206420812.88,0.0,206420812.88,False,0.0009615365680949255,0.002003380832728363,0.0027404983640329904,0.0035060046024560547,1.389444526654129e-06,False
2026-06-30,58479412000136,VARYAGI II FUNDO DE INVESTIMENTO EM DIREITOS CREDITÓRIOS CONSIGNADO PÚBLICO RESP LIMITADA,Classe,43480055.68,HEMERA DISTRIBUIDORA DE TITULOS E VALORES MOBILIARIOS LTDA,25,0.0,198366.37,660256.35,1139262.23,2230426.11,42216486.97,0.0,42216486.97,False,0.004698789128071307,0.01563977482231511,0.026986192167282555,0.05283305812691121,0.00012281034855264286,False
2026-06-30,34691300000186,ALPHA CRÉDITO - FUNDO DE INVESTIMENTO EM DIREITOS CREDITÓRIOS,Classe,11747740.57,ID CORRETORA DE TITULOS E VALORES MOBILIARIOS S.A.,25,0.0,197160.15,267539.17,347027.13999999996,548267.0199999999,9532306.12,103373.95,9635680.069999998,False,0.020461467023364967,0.027765468348514816,0.036014805128331745,0.05689967039347748,0.0004748267313118396,False
2026-06-30,47240173000140,CONSIGNADOS V FUNDO DE INVESTIMENTO EM DIREITOS CREDITÓRIOS - RESPONSABILIDADE LIMITADA,Classe,262177584.96,QI CORRETORA DE TÍTULOS E VALORES MOBILIÁRIOS S.A.,25,0.0,196528.84,745155.29,1373936.0999999999,2991305.49,260752959.81,0.0,260752959.81,False,0.0007536974465916034,0.0028577059702139685,0.005269110275876181,0.011471798794459101,5.417704948587761e-06,False
2026-06-30,32528203000141,FUNDO DE INVESTIMENTO EM DIREITOS CREDITÓRIOS EV CONSIGNADO FEDERAL II (F2),Classe,94061570.6,BANVOX DISTRIBUIDORA DE TITULOS E VALORES MOBILIARIOS LTDA,24,0.0,196479.38,912391.9299999999,1699272.52,3496122.5500000003,86870928.11,0.0,86870928.11,False,0.0022617391603231025,0.010502845426546921,0.01956088828529957,0.0402450235776582,6.919446415650796e-05,False
2026-06-30,50115378000109,GUARDIAN MULTI CONSIGNADO II FUNDO DE INVESTIMENTO EM DIREITOS CREDITÓRIOS,Classe,127554295.01,BANVOX DISTRIBUIDORA DE TITULOS E VALORES MOBILIARIOS LTDA,24,0.0,196241.26,879404.7,1632175.5899999999,3472832.7,124654607.97,0.0,124654607.97,False,0.0015742800302033632,0.007054730782287983,0.013093584076673744,0.02785964158529775,3.289745434093195e-05,False
2026-06-30,62082498000136,CELESTIS FUNDO DE INVESTIMENTO EM DIREITOS CREDITÓRIOS DE RESPONSABILIDADE LIMITADA,Classe,7162196.07,CATÁLISE DISTRIBUIDORA DE TITULOS E VALORES MOBILIARIOS LTDA.,25,0.0,194977.09,714025.46,1205215.68,2307024.32,7154475.04,0.0,7154475.04,False,0.027252466310931457,0.09980123712892287,0.1684562002469436,0.32245892355506767,0.004648684582207058,False
2026-06-30,54248993000144,TRINITÁ FUNDO DE INVESTIMENTO EM DIREITOS CREDITÓRIOS,Classe,383067.97,SEFER INVESTIMENTOS DISTRIBUIDORA DE TÍTULOS E VALORES MOBILIÁRIOS LTDA.,12,0.0,194694.71,629338.46,810727.9400000001,836472.62,565982.88,0.0,565982.88,False,0.34399399147903553,1.111939039569536,1.4324248464900564,1.4779115226948207,0.30182135400492655,True
2026-06-30,31523773000186,FUNDO DE INVESTIMENTO EM DIREITOS CREDITÓRIOS ALI CRÉDITO,Classe,3769388.78,HEMERA DISTRIBUIDORA DE TITULOS E VALORES MOBILIARIOS LTDA,25,0.0,193944.56,507058.37,804659.93,1459943.48,3414230.96,0.0,3414230.96,False,0.05680475699277239,0.14851320134476198,0.23567823601482427,0.42760536621693573,0.009335554294874133,False
2026-06-30,66188571000100,IPECRED FUNDO DE INVESTIMENTO EM DIREITOS CREDITÓRIOS,Classe,805793.73,AZUMI DISTRIBUIDORA DE TÍTULOS E VALORES MOBILIÁRIOS LTDA.,3,0.0,193242.13,208421.55000000002,208421.55000000002,208421.55000000002,0.0,208421.55,208421.55,False,0.9271696232947122,1.0000000000000002,1.0000000000000002,1.0000000000000002,0.863495875198473,False
2026-06-30,50114948000146,DRIVER BRASIL SIX BANCO VOLKSWAGEN FIDC FINANCIAMENTO DE VEÍCULOS - RESPONSABILIDADE LIMITADA,Classe,1934784988.69,BEM - DISTRIBUIDORA DE TITULOS E VALORES MOBILIARIOS LTDA.,24,0.0,191131.3,946437.4099999999,1879048.58,4431256.71,0.0,1783402198.86,1783402198.86,False,0.00010717229132170882,0.0005306920730528363,0.001053631413710906,0.002484720896291696,2.573155616385613e-07,False
2026-06-30,51869340000194,VFA CONSIGNADO FUNDO DE INVESTIMENTO EM DIREITOS CREDITÓRIOS,Classe,131395453.6,VORTX DISTRIBUIDORA DE TITULOS E VALORES MOBILIARIOS LTDA.,24,0.0,190803.22,913662.53,1793989.88,4103796.5699999994,127275398.76,0.0,127275398.76,False,0.0014991366898782442,0.007178626340215758,0.014095338906640404,0.032243439109064784,4.341879026050178e-05,False
2026-06-30,46766050000185,FUNDO DE INVESTIMENTO EM DIREITOS CREDITÓRIOS ALION II CONSIGNADOS,Classe,264861217.81,QI CORRETORA DE TÍTULOS E VALORES MOBILIÁRIOS S.A.,25,0.0,189973.26,823082.7,1562762.69,3572681.3000000007,260478068.43,0.0,260478068.43,False,0.000729325356046445,0.0031598925197849907,0.005999594128670267,0.013715862227994488,7.603904459161974e-06,False
2026-06-30,66929956000180,BV AUTO III SEGMENTO FINANCEIRO FIDC RESPONSABILIDADE LIMITADA,Classe,1461910524.62,BANCO DAYCOVAL S.A.,24,0.0,189946.74,891584.96,1756049.7600000002,4026050.340000001,1454003565.64,0.0,1454003565.64,False,0.00013063705240392052,0.0006131931042463133,0.0012077341496938147,0.0027689411739701465,3.2019112078173666e-07,False
2026-06-30,49920525000134,IS GREEN SOLFÁCIL III FUNDO DE INVESTIMENTO EM DIREITOS CREDITÓRIOS RESPONSABILIDADE LIMITADA,Classe,147651064.59,BANCO DAYCOVAL S.A.,24,0.0,189409.79,930774.2800000001,1726335.8699999999,3386695.01,138151291.06,0.0,138151291.06,False,0.0013710316316750027,0.0067373549161821355,0.012495980723410257,0.024514392764734542,2.6144206287854934e-05,False
2026-06-30,51983505000154,GEAR CONSIGNADOS FUNDO DE INVESTIMENTO EM DIREITOS CREDITÓRIOS,Classe,202079142.08,GENIAL INVESTIMENTOS CORRETORA DE VALORES MOBILIÁRIOS S.A.,24,0.0,187992.15,926351.13,1830350.43,4265373.33,197293166.04,0.0,197293166.04,False,0.0009528568767652384,0.00469530267364754,0.00927731287777554,0.021619468203653954,1.9491100053955196e-05,False
2026-06-30,52989090000199,FUNDO DE INVESTIMENTO EM DIREITOS CREDITÓRIOS NOTO CONSIGNADOS - RESPONSABILIDADE LIMITADA,Classe,950559088.1,QI CORRETORA DE TÍTULOS E VALORES MOBILIÁRIOS S.A.,25,0.0,186884.92,840155.3800000001,1533269.2199999997,3543307.0200000005,941086088.41,0.0,941086088.41,False,0.00019858429776148221,0.0008927508230617604,0.001629255005342301,0.003765125277737927,5.73406856581419e-07,False
2026-06-30,34218960000144,FUNDO DE INVESTIMENTO EM DIREITOS CREDITÓRIOS ALION CONSIGNADOS,Classe,112488576.64,QI CORRETORA DE TÍTULOS E VALORES MOBILIÁRIOS S.A.,25,0.0,186814.33,774530.98,1406395.33,3114068.2999999993,109752011.73,0.0,109752011.73,False,0.0017021494827774123,0.007057100528648323,0.012814301148846923,0.02837367854049812,3.290227667206997e-05,False
2026-06-30,48169685000120,EOS FUNDO DE INVESTIMENTO EM DIREITOS CREDITÓRIOS WH,Classe,21491333.36,LIMINE TRUST DISTRIBUIDORA DE TITULOS E VALORES MOBILIARIOS LTDA.,25,0.0,185011.41,695026.03,1147714.96,2200536.37,15870039.69,0.0,15870039.69,False,0.011657904681648594,0.04379485140405468,0.07231960237145443,0.13865978995544656,0.0008575401432445483,False
2026-06-30,45853976000145,FUNDO DE INVESTIMENTO EM DIREITOS CREDITÓRIOS CREDITAS AUTO IX,Classe,17415581.18,APEX GROUP DISTRIBUIDORA DE TÍTULOS E VALORES MOBILIÁRIOS S.A.,24,0.0,184887.04,823722.18,1474684.7700000003,2989089.5200000005,14603127.78,0.0,14603127.78,False,0.012660783551672793,0.05640724318855478,0.10098417217301103,0.20468830821940534,0.001808793568464262,False
2026-06-30,63482918000134,QUANTIX FUNDO DE INVESTIMENTO EM DIREITOS CREDITÓRIOS CREDITO CORPORATIVO DE RESP LIMITADA,Classe,2012368.27,GENIAL INVESTIMENTOS CORRETORA DE VALORES MOBILIÁRIOS S.A.,1,0.0,183987.56,183987.56,183987.56,183987.56,180491.8,0.0,180491.8,False,1.0193679712873382,1.0193679712873382,1.0193679712873382,1.0193679712873382,1.0391110608864638,False
2026-06-30,56069419000154,CLEAM CAPITAL BANK FUNDO DE INVESTIMENTO EM DIREITOS CREDITÓRIOS,Classe,16736393.49,LIMINE TRUST DISTRIBUIDORA DE TITULOS E VALORES MOBILIARIOS LTDA.,23,0.0,183600.28,714374.44,1254117.85,1839306.6800000002,15643074.56,0.0,15643074.56,False,0.01173684107275648,0.045667137701093964,0.08017080307261541,0.11757961473271915,0.0007833467746763036,False
2026-06-30,56321885000185,GONN II FUNDO DE INVESTIMENTO EM DIREITOS CREDITÓRIOS RESPONSABILIDADE LIMITADA,Classe,915291645.76,BANCO GENIAL S.A.,24,0.0,182188.82,743113.7200000001,1232105.18,2174846.6700000004,821746662.42,0.0,821746662.42,False,0.00022170923026746916,0.0009043099947757256,0.0014993735129650739,0.0026466145461366323,3.3658618599948956e-07,False
2026-06-30,64079869000156,AZUL FUNDO DE INVESTIMENTO EM DIREITOS CREDITÓRIOS DE RESPONSABILIDADE LIMITADA,Classe,983856.22,CATÁLISE DISTRIBUIDORA DE TITULOS E VALORES MOBILIARIOS LTDA.,12,0.0,181823.34,630826.77,852139.3500000001,888159.4400000001,888159.44,0.0,888159.44,False,0.20471925626326734,0.7102629793587513,0.9594441173760425,1.0000000000000002,0.12545907846252347,False
2026-06-30,58059847000121,FUNDO DE INVESTIMENTO EM DIREITOS CREDITÓRIOS VOITER CONSIGNADO III - RESPONSABILIDADE LIMITADA,Classe,7828090.0,BANVOX DISTRIBUIDORA DE TITULOS E VALORES MOBILIARIOS LTDA,24,0.0,181761.62,754363.9299999999,1350240.7699999998,2833815.7699999996,9203901.67,0.0,9203901.67,False,0.019748322669770547,0.08196131999745712,0.14670308510586247,0.30789287756482514,0.004064259620585835,False
2026-06-30,41609394000167,VERSATILE FUNDO DE INVESTIMENTO EM DIREITOS CREDITÓRIOS RESPONSABILIDADE LIMITADA,Classe,48075421.31,VORTX DISTRIBUIDORA DE TITULOS E VALORES MOBILIARIOS LTDA.,24,0.0,181420.66,625194.7,968257.75,1764004.98,45727879.47,0.0,45727879.47,False,0.0039673971787609775,0.013672068489643436,0.021174341806845215,0.03857613780576211,7.46635626073064e-05,False
2026-06-30,50153210000198,AMETISTA CONSIGNADO I FUNDO DE INVESTIMENTO EM DIREITOS CREDITÓRIOS,Classe,19399936.6,QORE DISTRIBUIDORA DE TÍTULOS E VALORES MOBILIÁRIOS LTDA.,25,0.0,179559.81,788888.6,1448762.18,2885510.700000001,14100955.19,0.0,14100955.19,False,0.012733875654561242,0.05594575611157587,0.10274213062015979,0.20463228633237018,0.0017653559260609613,False
2026-06-30,55695976000118,FALCON CONSIGNADO FUNDO DE  INVESTIMENTOS EM DIREITOS CREDITÓRIOS,Classe,337177262.33,APEX GROUP DISTRIBUIDORA DE TÍTULOS E VALORES MOBILIÁRIOS S.A.,24,0.0,178075.76,826384.6000000001,1513658.69,3230330.11,325040940.6,0.0,325040940.6,False,0.0005478564013237414,0.0025424015770892094,0.004656824728620047,0.00993822533259061,4.187583543913251e-06,False
2026-06-30,29828802000176,FUNDO DE INVESTIMENTO EM DIREITOS CREDITÓRIOS ASAAS - RESPONSABILIDADE LIMITADA,Classe,22585828.73,HEMERA DISTRIBUIDORA DE TITULOS E VALORES MOBILIARIOS LTDA,25,0.0,177911.51,660426.4500000001,968509.1499999999,1519509.86,0.0,16325934.52,16325934.52,False,0.010897477861500086,0.040452597013111144,0.05932335137161875,0.09307337709449542,0.000502474717936816,False
2026-06-30,55234274000137,AZURE CONSIGNADOS II FUNDO DE INVESTIMENTO EM DIREITOS CREDITÓRIOS - RESPONSABILIDADE LIMITADA,Classe,67219245.17,BANCO DAYCOVAL S.A.,24,0.0,177728.8,794877.6200000001,1409278.7,2829636.05,66234261.16,0.0,66234261.16,False,0.0026833363411522954,0.012001003801942314,0.0212771860864523,0.042721636815190527,7.926925729705159e-05,False
2026-06-30,60598366000136,FIDC BV AUTO II SEGMENTO FINANCEIRO - RESPONSABILIDADE LIMITADA,Classe,1013813788.76,BANCO DAYCOVAL S.A.,24,0.0,176081.74,795186.88,1527498.23,3439411.1499999994,977194408.51,0.0,977194408.51,False,0.00018019110472447826,0.000813744811753968,0.001563146715431056,0.0035196795233860597,5.187622386335301e-07,False
2026-06-30,30366120000178,FUNDO DE INVESTIMENTO EM  DIREITOS CREDITÓRIOS VCK CONSIGNADOS - RESPONSABILIDADE LIMITADA,Classe,268426438.97,QI CORRETORA DE TÍTULOS E VALORES MOBILIÁRIOS S.A.,25,0.0,176028.28,828133.31,1584443.9400000002,3535367.2300000004,239183680.79,0.0,239183680.79,False,0.0007359543904441809,0.0034623319921524656,0.006624381457659398,0.01478097175494178,8.86437574573305e-06,False
2026-06-30,60742391000141,FIDC SINAI CONSIG FUNDO DE INVESTIMENTO EM DIREITOS CREDITÓRIOS RESPONSABILIDADE LIMITADA,Classe,309009580.11,ID CORRETORA DE TITULOS E VALORES MOBILIARIOS S.A.,25,0.0,175848.23,860581.47,1629184.3399999999,3379295.0399999996,314239984.88,0.0,314239984.88,False,0.0005595985185244706,0.002738612243533023,0.0051845227163632365,0.010753867116212037,4.78125616055573e-06,False
2026-06-30,63212782000142,GRUPO K FUNDO DE INVESTIMENTO EM DIREITOS CREDITÓRIOS,Classe,27823103.0,QI CORRETORA DE TÍTULOS E VALORES MOBILIÁRIOS S.A.,5,0.0,174783.39,271515.15,271515.15,271515.15,27149853.07,0.0,27149853.07,False,0.006437728762264717,0.010000612132226173,0.010000612132226173,0.010000612132226173,4.930965717250728e-05,False
2026-06-30,40752367000186,MT INSS RECEIVABLES II FUNDO DE INVESTIMENTO EM DIREITOS CREDITÓRIOS RESPONSABILIDADE LIMITADA,Classe,426917130.82,BTG PACTUAL SERVIÇOS FINANCEIROS S/A DTVM,25,0.0,174376.31,790844.67,1454441.29,3243209.659999999,324758901.75,0.0,324758901.75,False,0.0005369408168963301,0.0024351747272775104,0.004478526322642979,0.009986515050160589,4.051109507101493e-06,False
2026-06-30,52203615000119,AMETISTA CONSIGNADO II FUNDO DE INVESTIMENTO EM DIREITOS CREDITÓRIOS  RESPONSABILIDADE LIMITADA,Classe,7565917.92,QORE DISTRIBUIDORA DE TÍTULOS E VALORES MOBILIÁRIOS LTDA.,25,0.0,174139.49,686666.31,1164289.1400000001,2413687.47,8624371.95,0.0,8624371.95,False,0.02019155609354256,0.07961928288586859,0.13499987555615575,0.2798682018810657,0.0033141440042644965,False
2026-06-30,58055083000104,MIDIAN FUNDO DE INVESTIMENTO EM DIREITOS CREDITÓRIOS - RESPONSABILIDADE LIMITADA,Classe,272445948.05,BANVOX DISTRIBUIDORA DE TITULOS E VALORES MOBILIARIOS LTDA,24,0.0,173846.64,811205.8500000001,1521952.08,3314194.0200000005,263679394.03,0.0,263679394.03,False,0.0006593106778007108,0.003076485566815682,0.00577197958755488,0.01256902926446702,6.657886032929575e-06,False
2026-06-30,36771000000132,VCE FUNDO DE INVESTIMENTO EM DIREITOS CREDITÓRIOS DE RESPONSABILIDADE LIMITADA,Classe,387820801.36,BANCO DAYCOVAL S.A.,24,0.0,173604.69,587047.66,1004873.21,1796326.1600000004,369408111.39,0.0,369408111.39,False,0.00046995364922216903,0.0015891574708283237,0.00272022508173653,0.004862714446742459,1.1257696771068143e-06,False
2026-06-30,61704277000190,NEO POWER2GO I - FUNDO DE INVESTIMENTO EM DIREITOS CREDITÓRIOS - RESPONSABILIDADE LIMITADA,Classe,2924736.14,VORTX DISTRIBUIDORA DE TITULOS E VALORES MOBILIARIOS LTDA.,24,0.0,171424.95,479266.61999999994,678603.88,904425.4700000001,1400300.68,0.0,1400300.68,False,0.12242010051726893,0.34225979237544896,0.48461297612167126,0.6458794763993118,0.03463643953102323,False
2026-06-30,61942290000187,MONT BLANC FEDERAL FUNDO DE INVESTIMENTO EM DIREITOS CREDITÓRIOS - RESPONSABILIDADE LIMITADA,Classe,123896175.55,BANCO DAYCOVAL S.A.,24,0.0,170989.53,710732.6100000001,1270483.85,2607436.99,109347560.83,0.0,109347560.83,False,0.001563725141211273,0.006499757329795027,0.01161876717099516,0.023845406063091972,2.4540833549167575e-05,False
2026-06-30,36655893000150,XP CRÉDITO ESTRUTURADO 360 PROFISSIONAL FUNDO DE INVESTIMENTO EM DIREITOS CREDITÓRIOS,Classe,190660747.68,VORTX DISTRIBUIDORA DE TITULOS E VALORES MOBILIARIOS LTDA.,19,0.0,170225.31,359247.94,448213.59,466680.5900000001,92179963.28,0.0,92179963.28,False,0.0018466628098227204,0.0038972454231596,0.004862375445285598,0.005062711823636127,4.808381529418445e-06,False
2026-06-30,35820716000110,FRADE IV FUNDO DE INVESTIMENTO EM DIREITOS CREDITÓRIOS,Classe,25401796.81,APEX GROUP DISTRIBUIDORA DE TÍTULOS E VALORES MOBILIÁRIOS S.A.,4,0.0,169163.9,24375056.840000004,24375056.840000004,24375056.840000004,24375056.84,0.0,24375056.84,False,0.006940041252433034,1.0000000000000002,1.0000000000000002,1.0000000000000002,0.9395935260884142,False
2026-06-30,63915937000107,GP7 CRÉDITO ESPECIAL FUNDO DE INVESTIMENTO EM DIREITOS CREDITÓRIOS - REC COMERCIAIS - RESP LIMITADA,Classe,7059067.26,BANCO DAYCOVAL S.A.,24,0.0,165080.34,727766.0,1172492.54,2079845.9600000002,6065180.9,0.0,6065180.9,False,0.02721771085179009,0.11999081511319802,0.19331534530157213,0.3429157339725844,0.005671136014107376,False
2026-06-30,55843467000195,CONSIGNADOS VI FUNDO DE INVESTIMENTO EM DIREITOS CREDITÓRIOS - RESPONSABILIDADE LIMITADA,Classe,280182298.79,BANCO DAYCOVAL S.A.,24,0.0,164359.51,770197.15,1490412.9200000002,3286072.48,276540885.7,0.0,276540885.7,False,0.0005943407231952755,0.002785111315639357,0.0053894848721098175,0.011882772674579599,5.926265549765906e-06,False
2026-06-30,62972105000160,ONZE II FUNDO DE INVESTIMENTO EM DIREITOS CREDITÓRIOS - RESPONSABILIDADE LIMITADA,Classe,29107812.74,QI CORRETORA DE TÍTULOS E VALORES MOBILIÁRIOS S.A.,25,0.0,163126.57,708918.73,1215473.4500000002,2387351.99,27105211.24,0.0,27105211.24,False,0.00601827333333116,0.02615433333918559,0.04484279569849979,0.08807723241340805,0.00033458341284663964,False
2026-06-30,62552447000120,V CDT 1 FUNDO DE INVESTIMENTO EM DIREITOS CREDITÓRIOS RESPONSABILIDADE LIMITADA,Classe,167490006.72,BTG PACTUAL SERVIÇOS FINANCEIROS S/A DTVM,25,0.0,162500.94,668132.48,1161729.5100000002,2164008.6999999993,0.0,152299312.44,152299312.44,False,0.0010669840683884837,0.004386969772192623,0.0076279366688387145,0.014208919694581908,8.952788639793813e-06,False
2026-06-30,58561243000189,F3 FALCON FUNDO DE INVESTIMENTO EM DIREITOS CREDITÓRIOS RESPONSABILIDADE LIMITADA,Classe,188024680.81,VORTX DISTRIBUIDORA DE TITULOS E VALORES MOBILIARIOS LTDA.,24,0.0,160373.53,616316.24,1008115.7200000001,1927802.3000000003,160160915.75,0.0,160160915.75,False,0.0010013275039606534,0.0038481063692344677,0.0062943928316044236,0.012036658825110397,6.60838605608233e-06,False
2026-06-30,65947492000172,HARPY EAGLE  CONSIG FUNDO DE INVESTIMENTO EM DIREITOS CREDITÓRIOS RESPONSABILIDADE  LIMITADA,Classe,17220484.53,ID CORRETORA DE TITULOS E VALORES MOBILIARIOS S.A.,25,0.0,159175.8,591884.8,1027806.21,1996783.6599999997,14917986.74,0.0,14917986.74,False,0.010670059088683704,0.03967591675175333,0.06889711245312448,0.13385074640440386,0.0007801170936316664,False
2026-06-30,38440284000100,CANAL 75 FUNDO DE INVESTIMENTO EM DIREITOS CREDITÓRIOS,Classe,17502348.65,WNT CAPITAL DISTRIBUIDORA DE TITULOS E VALORES MOBILIARIOS S.A.,25,0.0,155801.53,606549.6299999999,1115836.8099999998,2232955.73,0.0,15439646.67,15439646.67,False,0.010091003591599677,0.0392852014663364,0.0722708772972199,0.1446247947071706,0.0008845444368347183,False
2026-06-30,42299325000167,FUNDO DE  INVESTIMENTO EM DIREITOS CREDITÓRIOS KUNA CAPITAL RESPONSABILIDADE LIMITADA,Classe,243658739.84,QI CORRETORA DE TÍTULOS E VALORES MOBILIÁRIOS S.A.,25,0.0,155175.61,733010.17,1392919.1700000002,3287020.9399999995,234390297.65,0.0,234390297.65,False,0.000662039391373246,0.003127305939491391,0.005942733909916173,0.01402370735032854,7.900672857945443e-06,False
2026-06-30,53165872000176,FUNDO DE INVESTIMENTO EM DIREITOS CREDITÓRIOS BRASIL CONSIG,Classe,45478809.34,INTRA INVESTIMENTOS DTVM LTDA,24,0.0,154471.21,710417.0700000001,1339836.8199999998,2773407.9200000004,0.0,44959475.99,44959475.99,False,0.003435787597576935,0.01580127557887936,0.029800988345549437,0.06168683817882727,0.00016296132101366984,False
2026-06-30,58315066000150,CAPITALE FUNDO DE INVESTIMENTO EM DIREITOS CREDITÓRIOS MULTISSEGMENTO,Classe,26997975.74,FINAXIS CORRETORA DE TÍTULOS E VALORES MOBILIÁRIOS S.A.,25,0.0,153951.03,642594.86,1021468.64,1815631.1700000002,0.0,26715952.28,26715952.28,False,0.005762513287435772,0.024052852515426038,0.038234408764260604,0.0679605634480494,0.00021842683294952196,False
2026-06-30,41687533000170,BRCARD FUNDO DE INVESTIMENTO EM DIREITOS CREDITÓRIOS,Classe,24172825.23,ACTUAL DISTRIBUIDORA DE TITULOS E VALORES MOBILIARIOS S.A.,25,0.0,151168.26,444130.42000000004,691079.85,1235222.9300000002,17487892.12,0.0,17487892.12,False,0.00864416700210065,0.025396452411326976,0.03951761854761487,0.07063303693344147,0.00025335055779972856,False
2026-06-30,47117855000160,FUNDO DE INVESTIMENTO EM DIREITOS CREDITÓRIOS SOL CONSIG - RESPONSABILIDADE LIMITADA,Classe,688855871.34,HEMERA DISTRIBUIDORA DE TITULOS E VALORES MOBILIARIOS LTDA,25,0.0,151110.47,738685.6800000002,1456141.54,3499920.43,685518450.47,0.0,685518450.47,False,0.00022043238937828263,0.0010775576930038104,0.0021241463873097085,0.005105508724966353,1.044143482903015e-06,False
2026-06-30,62546276000127,ASHER CONSIGNADO FUNDO DE INVESTIMENTOS EM DIREITOS CREDITÓRIOS RESPONSABILIDADE LIMITADA,Classe,76893715.23,APEX GROUP DISTRIBUIDORA DE TÍTULOS E VALORES MOBILIÁRIOS S.A.,24,0.0,150767.38,680974.6300000001,1250659.8399999999,2462181.5100000002,75487855.0,0.0,75487855.0,False,0.0019972402183106143,0.0090209826468112,0.01656769608833103,0.03261692241752001,4.623233885969781e-05,False
2026-06-30,46082740000115,MUNDIAL  FUNDO DE INVESTIMENTO EM DIREITOS CREDITÓRIOS,Classe,46366941.13,HEMERA DISTRIBUIDORA DE TITULOS E VALORES MOBILIARIOS LTDA,25,0.0,150692.0,1884754.5299999998,13785543.5,39493676.120000005,0.0,45392651.11,45392651.11,False,0.003319744414901613,0.04152113797964068,0.30369549173485144,0.8700455944794894,0.26457034584729855,False
2026-06-30,60290928000180,WH CONSIGNADO PÚBLICO FUNDO DE INVESTIMENTO EM DIREITOS CREDITÓRIOS - RESPONSABILIDADE LIMITADA,Classe,107958427.97,QI CORRETORA DE TÍTULOS E VALORES MOBILIÁRIOS S.A.,25,0.0,150209.76,674365.0800000001,1260817.23,2796240.94,107880263.48,0.0,107880263.48,False,0.001392374797340456,0.006251051473609175,0.011687190866323234,0.025919856420432243,2.7345016875100916e-05,False
2026-06-30,53145182000155,LIONS FUNDO DE INVESTIMENTO EM DIREITOS CREDITÓRIOS,Classe,26642047.16,AZUMI DISTRIBUIDORA DE TÍTULOS E VALORES MOBILIÁRIOS LTDA.,25,0.0,149922.82,579403.18,1024570.3700000001,2244223.8000000003,25985990.64,0.0,25985990.64,False,0.005769370969033798,0.022296751662341092,0.03942779723867399,0.0863628341551654,0.0003073245432151988,False
2026-06-30,65344088000104,GUARDIAN NACIONAL CONSIGNADO FIDC RESPONSABILIDADE LIMITADA,Classe,6707674.18,BANCO DAYCOVAL S.A.,24,0.0,149706.36,473454.3599999999,708491.08,1206401.74,2688374.4,0.0,2688374.4,False,0.05568657401290534,0.17611176478990423,0.2635388433991932,0.44874766699162144,0.010869222678345019,False
2026-06-30,44414972000106,TECNOMOTOR FUNDO DE INVESTIMENTO EM DIREITOS CREDITORIOS,Classe,13916531.52,AZUMI DISTRIBUIDORA DE TÍTULOS E VALORES MOBILIÁRIOS LTDA.,25,0.0,148375.77,600083.38,1066678.8800000001,2265290.4299999997,12325992.11,0.0,12325992.11,False,0.012037633050212946,0.048684387807871154,0.08653898773264752,0.18378159013765585,0.0014094242805688965,False
2026-06-30,28729157000171,FUNDO DE INVESTIMENTO EM  DIREITOS CREDITÓRIOS INTRA BLACK CREDIFACIL,Classe,34876948.64,INTRA INVESTIMENTOS DTVM LTDA,24,0.0,148183.66,665583.16,1116085.19,1594029.8900000001,0.0,1514853.24,1514853.24,False,0.09782047269476746,0.4393713809530487,0.736761265401525,1.0522668783412974,0.06521840949439488,True
2026-06-30,64104152000117,SARON FUNDO DE INVESTIMENTO EM DIREITOS CREDITÓRIOS RESPONSABILIDADE LIMITADA,Classe,90661005.44,ID CORRETORA DE TITULOS E VALORES MOBILIARIOS S.A.,25,0.0,147256.53,620717.22,1070090.7,2150930.3800000004,83176714.74,0.0,83176714.74,False,0.0017704057014070042,0.007462632083273358,0.012865267681525648,0.025859766002102148,2.851405465307524e-05,False
2026-06-30,57661848000189,FUNDO DE INVESTIMENTO EM DIREITOS CREDITÓRIOS VJP CONSIGNADO - RESPONSABILIDADE LIMITADA,Classe,99752301.87,QI CORRETORA DE TÍTULOS E VALORES MOBILIÁRIOS S.A.,25,0.0,143026.95,643604.9199999999,1210370.7600000002,2577381.1799999997,97148828.64,0.0,97148828.64,False,0.0014722457491485408,0.006624937521223003,0.012458933133256975,0.026530234240403287,2.894219249121882e-05,False
2026-06-30,66575588000110,FINANTO INSS RECEIVABLES I FUNDO DE INVESTIMENTO EM DIREITOS CREDITÓRIOS RESPONSABILIDADE LIMITADA,Classe,34203009.33,QI CORRETORA DE TÍTULOS E VALORES MOBILIÁRIOS S.A.,25,0.0,142124.08,537992.02,915662.9099999999,1888263.4099999997,32615926.03,0.0,32615926.03,False,0.004357505590038278,0.016494764536354328,0.028074104324303923,0.057893907665328356,0.0001429904497377568,False
2026-06-30,59678384000149,NTZ CONSIGNADO PÚBLICO FUNDO DE INVESTIMENTO EM DIREITOS CREDITÓRIOS - RESPONSABILIDADE LIMITADA,Classe,78420856.77,VORTX DISTRIBUIDORA DE TITULOS E VALORES MOBILIARIOS LTDA.,24,0.0,141887.43,627709.37,1162848.82,2415401.659999999,66800548.42,0.0,66800548.42,False,0.0021240458851909524,0.009396769709933467,0.017407773551329775,0.036158410628809014,5.587020235517293e-05,False
2026-06-30,63505455000189,IS GREEN SOLFÁCIL VII FINANCEIRO FUNDO DE INVESTIMENTO EM DIREITOS CREDITÓRIOS RESP LIMITADA LIM,Classe,564702170.63,GENIAL INVESTIMENTOS CORRETORA DE VALORES MOBILIÁRIOS S.A.,24,0.0,141743.83,632589.54,1151013.33,2328085.2699999996,543545034.67,0.0,543545034.67,False,0.00026077660719696626,0.0011638217620441723,0.002117604350297873,0.00428315065266568,7.909812339552929e-07,False
2026-06-30,49220648000162,FUNDO DE INVESTIMENTO EM DIREITOS CREDITÓRIOS ALION III CONSIGNADOS - RESPONSABILIDADE LIMITADA,Classe,214462260.0,QI CORRETORA DE TÍTULOS E VALORES MOBILIÁRIOS S.A.,25,0.0,140595.6,686985.9600000001,1350032.12,3221836.6599999997,208872128.19,0.0,208872128.19,False,0.0006731180517876831,0.0032890264773626715,0.006463438332815505,0.015424923793897788,9.535917957433707e-06,False
2026-06-30,54229137000141,SENA FUNDO DE INVESTIMENTO EM DIREITOS  CREDITÓRIOS - RESPONSABILIDADE LIMITADA,Classe,18176963.3,HEMERA DISTRIBUIDORA DE TITULOS E VALORES MOBILIARIOS LTDA,25,0.0,138655.96,357619.76,527541.28,987921.4000000001,12107170.74,0.0,12107170.74,False,0.011452383300576133,0.029537847254312365,0.04357263074329123,0.0815980398076058,0.0003617445626011124,False
2026-06-30,57407013000105,VARYAGI I FUNDO DE INVESTIMENTO EM DIREITOS CREDITÓRIOS CONSIGNADO PÚBLICO RESPONSABILIDADE LIMITADA,Classe,121119256.67,HEMERA DISTRIBUIDORA DE TITULOS E VALORES MOBILIARIOS LTDA,25,0.0,136194.21,558538.43,1027520.5900000001,2232525.52,118971559.74,0.0,118971559.74,False,0.001144762750842624,0.004694722261527275,0.00863669092214593,0.018765203422388955,1.4467081652172742e-05,False
2026-06-30,53286391000119,CONSIGNADOS VIII FUNDO DE INVESTIMENTO EM DIREITOS CREDITÓRIOS - RESPONSABILIDADE LIMITADA,Classe,194128409.97,QI CORRETORA DE TÍTULOS E VALORES MOBILIÁRIOS S.A.,25,0.0,134398.45,646548.47,1181858.3,2623494.5199999996,190120633.09,0.0,190120633.09,False,0.0007069114373103206,0.0034007275248969663,0.006216360006757013,0.013799104691378131,7.748476995247097e-06,False
2026-06-30,44173467000109,MT INSS RECEIVABLES III FUNDO DE INVESTIMENTO EM DIREITOS CREDITÓRIOS RESPONSABILIDADE,Classe,33343874.61,BTG PACTUAL SERVIÇOS FINANCEIROS S/A DTVM,25,0.0,134373.93,458103.77,793001.9200000002,1530772.6800000004,0.0,24594161.89,24594161.89,False,0.005463651520267357,0.01862652494721787,0.03224350248432069,0.062241302909468665,0.00017160609285901725,False
2026-06-30,63679363000115,FUNDO DE INVESTIMENTO EM DIREITOS CREDITÓRIOS ZA I,Classe,4014124.92,INTRA INVESTIMENTOS DTVM LTDA,24,0.0,133663.61,584977.5599999999,905349.8300000001,1488560.6399999997,0.0,3841692.01,3841692.01,False,0.03479290105819805,0.1522708115271323,0.2356643446802494,0.38747526770111895,0.007850404596152044,False
2026-06-30,46285106000180,PAGOL FUNDO DE INVESTIMENTO EM DIREITOS CREDITÓRIOS,Classe,40568759.32,QI CORRETORA DE TÍTULOS E VALORES MOBILIÁRIOS S.A.,25,0.0,133607.19,499113.10000000003,824954.1299999999,1644217.7200000002,35281152.51,0.0,35281152.51,False,0.0037869281612081898,0.014146734573325877,0.023382289730081156,0.0466032882438851,9.45137356694453e-05,False
2026-06-30,59060877000110,FIDC HOPE CONSIGNADO I DE RESP LIMITADA,Classe,75943493.57,BANCO DAYCOVAL S.A.,24,0.0,133109.78,536279.49,988305.51,2118768.44,67013009.12,0.0,67013009.12,False,0.0019863274571306102,0.008002617656516303,0.014747964954539563,0.03161727055422817,4.248112983839416e-05,False
2026-06-30,54229771000184,CAMPANA FUNDO DE INVESTIMENTO EM DIREITOS CREDITÓRIOS - RESPONSABILIDADE LIMITADA,Classe,391941800.38,HEMERA DISTRIBUIDORA DE TITULOS E VALORES MOBILIARIOS LTDA,25,0.0,131980.4,637583.44,1190974.0100000002,2695277.48,319858666.58,0.0,319858666.58,False,0.00041262099104946503,0.0019933286373546915,0.0037234383008413036,0.008426463815467333,2.8720443585348585e-06,False
2026-06-30,59936269000127,ALTIS FUNDO DE INVESTIMENTO EM DIREITOS CREDITÓRIOS RESPONSABILIDADE LIMITADA,Classe,2261374.85,LIMINE TRUST DISTRIBUIDORA DE TITULOS E VALORES MOBILIARIOS LTDA.,25,0.0,131479.41,385951.84,646465.39,1156275.19,2250013.18,0.0,2250013.18,False,0.058434951034375716,0.17153314630805852,0.28731626807626076,0.5138970741495834,0.012810483352606044,False
2026-06-30,42922136000107,FUNDO DE INVESTIMENTO EM DIREITOS CREDITÓRIOS MONEE I DE RESPONSABILIDADE LIMITADA,Classe,5751418460.99,QI CORRETORA DE TÍTULOS E VALORES MOBILIÁRIOS S.A.,25,0.0,131237.58,614073.8,1189170.48,2847708.1300000004,5584036253.47,0.0,5584036253.47,False,2.3502279362611064e-05,0.00010996952242536136,0.0002129589469017205,0.000509973073371505,1.0426258801185715e-08,False
2026-06-30,43236160000147,FUNDO DE INVESTIMENTO EM DIREITOS CREDITÓRIOS VCK II CONSIGNADOS,Classe,227395778.2,QI CORRETORA DE TÍTULOS E VALORES MOBILIÁRIOS S.A.,25,0.0,130898.53,649688.76,1288423.31,3092017.8,225216645.55,0.0,225216645.55,False,0.0005812116137345603,0.0028847279845297382,0.005720817423834505,0.013729082024328196,7.553300023820214e-06,False
2026-06-30,57090601000150,MACCA FUNDO DE INVESTIMENTO EM DIREITOS CREDITÓRIOS RESPONSABILIDADE LIMITADA,Classe,2119611.7,BARU DISTRIBUIDORA DE TÍTULOS E VALORES MOBILIÁRIOS LTDA.,25,0.0,130845.51,437996.41000000003,598362.4600000001,942988.2900000002,4328619.7,0.0,4328619.7,False,0.030227998546511255,0.10118616102957717,0.13823401025504736,0.21784965077897697,0.0030376173480926374,False
2026-06-30,62010175000137,FUNDO DE INVESTIMENTO EM DIREITOS CREDITÓRIOS MT FGTS RECEIVABLES IV,Classe,553851632.17,VORTX DISTRIBUIDORA DE TITULOS E VALORES MOBILIARIOS LTDA.,24,0.0,130695.3,334611.23,500191.93000000005,899395.4099999999,550296118.46,0.0,550296118.46,False,0.00023749994887434407,0.0006080566785322914,0.0009089504963251127,0.0016343844338152919,1.4715960156092249e-07,False
2026-06-30,25316863000101,SPDA HABITACAO FUNDO DE INVESTIMENTO EM DIREITOS CREDITORIOS RESPONSABILIDADE LIMITADA,Classe,246774625.41,OSLO CAPITAL DISTRIBUIDORA DE TITULOS E VALORES MOBILIARIOS S.A.,23,0.0,129982.21,566065.2000000001,1025009.74,1653619.88,176583564.47,0.0,176583564.47,False,0.0007360946098813338,0.0032056505468048223,0.005804672383165876,0.009364517501745953,4.419216678193088e-06,False
2026-06-30,66660995000125,HARTPREC FUNDO DE INVESTIMENTO EM DIREITOS CREDITÓRIOS  RESPONSABILIDADE LIMITADA,Classe,725643.88,ID CORRETORA DE TITULOS E VALORES MOBILIARIOS S.A.,7,0.0,128671.09,404211.58,477026.06000000006,477026.06000000006,0.0,477026.06,477026.06,False,0.26973597626930484,0.8473574378724719,1.0000000000000002,1.0000000000000002,0.17738455185754673,False
2026-06-30,55481003000186,VB1 FUNDO DE INVESTIMENTO EM DIREITOS CREDITÓRIOS FINANCEIROS,Classe,20121270.61,FINVEST DISTRIBUIDORA DE TÍTULOS E VALORES MOBILIÁRIOS LTDA.,25,0.0,127310.52,455803.5,796379.55,1654748.6700000002,10002997.44,0.0,10002997.44,False,0.01272723708704658,0.04556669165757579,0.07961409115386119,0.16542528176434285,0.0011569014740396596,False
2026-06-30,53211671000168,FIDC GUARDIAN INSS FUNDO DE INVESTIMENTO EM DIREITOS CREDITÓRIOS RESPONSABILIDADE LIMITADA,Classe,148630070.82,BANCO DAYCOVAL S.A.,24,0.0,126649.29,591930.64,1099067.27,2315156.63,144456932.4,0.0,144456932.4,False,0.0008767269794246301,0.004097627093180611,0.007608269480322981,0.01602662185563619,1.0911545309399882e-05,False
2026-06-30,64282567000180,EMCASH CRÉDITO IMOBILIÁRIO FUNDO DE INVESTIMENTO EM DIREITOS CREDITÓRIOS RESPONSABILIDADE LIMITADA,Classe,1494433.97,BTG PACTUAL SERVIÇOS FINANCEIROS S/A DTVM,25,0.0,125893.88,419613.24999999994,725408.73,1243154.25,0.0,1074046.55,1074046.55,False,0.11721454717209417,0.3906844167973911,0.6753978493762677,1.1574491347698104,0.06520922438082262,True
2026-06-30,57624136000190,GUARDIAN MULTI CONSIGNADO XI FUNDO DE INVESTIMENTO EM DIREITOS CREDITÓRIOS RESPONSABILIDADE LIMITADA,Classe,123131064.3,BANCO DAYCOVAL S.A.,24,0.0,125593.24,513169.93,935921.7100000002,1986158.43,105061348.87,0.0,105061348.87,False,0.0011954276368125218,0.0048844787880553695,0.008908335178126104,0.01890474900010676,1.5253686140999897e-05,False
2026-06-30,54705382000188,CASHGO FUNDO DE INVESTIMENTO EM DIREITOS CREDITÓRIOS - RESPONSABILIDADE LIMITADA,Classe,65994473.53,BANCO DAYCOVAL S.A.,24,0.0,125362.3,576673.63,1035891.1100000001,2111918.68,62775474.21,0.0,62775474.21,False,0.0019969948706501377,0.009186288709996509,0.01650152584327248,0.0336424169881233,4.883037698903496e-05,False
2026-06-30,57779658000160,GUARDIAN WAREHOUSE FUNDO DE INVESTIMENTO EM DIREITOS  CREDITÓRIOS - RESPONSABILIDADE LIMITADA,Classe,183699.59,BANVOX DISTRIBUIDORA DE TITULOS E VALORES MOBILIARIOS LTDA,24,0.0,124745.72,395824.2,668008.51,1221796.6199999999,0.0,0.0,0.0,True,,,,,,
2026-06-30,62310468000130,MT INSS RECEIVABLES VI FUNDO DE INVESTIMENTO EM DIREITOS CREDITÓRIOS RESPONSABILIDADE LIMITADA,Classe,1535189477.94,BTG PACTUAL SERVIÇOS FINANCEIROS S/A DTVM,25,0.0,123388.52,597283.56,1154889.2200000002,2755138.68,0.0,1479300642.3,1479300642.3,False,8.341003611555047e-05,0.00040376076567596856,0.0007806994649879902,0.0018624602742795687,1.3910503078143716e-07,False
2026-06-30,58479927000136,CONCRETO-CONSIGNADO FUNDO DE INVESTIMENTO EM DIREITOS  CREDITÓRIOS RESPONSABILIDADE LIMITADA,Classe,21955804.96,ID CORRETORA DE TITULOS E VALORES MOBILIARIOS S.A.,25,0.0,122420.37,521687.12,913516.97,1860248.7900000003,21734853.24,0.0,21734853.24,False,0.005632445209002019,0.024002330001470028,0.04203005007270065,0.08558828391702544,0.0003100707054186374,False
2026-06-30,64171337000144,MELL.RO & MANCHESTER FUNDO DE INVESTIMENTO EM DIREITOS CREDITÓRIOS,Classe,10185974.95,LIMINE TRUST DISTRIBUIDORA DE TITULOS E VALORES MOBILIARIOS LTDA.,25,0.0,121733.66,492518.58999999997,763742.9800000001,1340976.6199999999,10410314.0,0.0,10410314.0,False,0.0116935627494041,0.047310637316031,0.07336406759680833,0.1288123124816408,0.0008178568279596111,False
2026-06-30,64127465000190,VF AUTO FUNDO DE INVESTIMENTO EM DIREITOS CREDITÓRIOS - RESPONSABILIDADE LIMITADA,Classe,5381986.93,FINVEST DISTRIBUIDORA DE TÍTULOS E VALORES MOBILIÁRIOS LTDA.,25,0.0,121152.06,336201.62,516454.47000000003,974148.8099999998,5017300.26,0.0,5017300.26,False,0.02414686259976795,0.06700847120518955,0.10293473446614097,0.1941579653436966,0.001865011567862333,False
2026-06-30,60696527000124,BVGARANTIA FUNDO DE INVESTIMENTO EM DIREITOS CREDITÓRIOS.,Classe,8295959.24,CATÁLISE DISTRIBUIDORA DE TITULOS E VALORES MOBILIARIOS LTDA.,25,0.0,118896.78,353672.18,523974.94,861413.47,5500414.62,0.0,5500414.62,False,0.02161596683415113,0.0642991855039466,0.09526098961608825,0.15660882488164138,0.0014295013587823913,False
2026-06-30,60010416000112,MT CONSIGNADO PRIVADO I FUNDO DE INVESTIMENTO EM DIREITOS CREDITÓRIOS,Classe,3072067502.44,BTG PACTUAL SERVIÇOS FINANCEIROS S/A DTVM,25,0.0,118659.58,487149.52,827264.2900000002,1702385.1500000001,0.0,2779246734.82,2779246734.82,False,4.269487070484408e-05,0.00017528113423565848,0.00029765773568627703,0.0006125347306057935,1.58940611921725e-08,False
2026-06-30,46285154000178,AZURE CONSIGNADOS FUNDO DE INVESTIMENTO EM DIREITOS CREDITÓRIOS - RESPONSABILIDADE LIMITADA,Classe,76747081.56,BANCO DAYCOVAL S.A.,24,0.0,118322.73,560849.47,1045918.08,2245022.75,75995512.78,0.0,75995512.78,False,0.001556969953509405,0.007380034024161498,0.013762892593775061,0.029541517227459648,3.688235604485991e-05,False
2026-06-30,55316469000126,SOMAPAY CARTÃO CONSIGNADO PÚBLICO  FUNDO DE INVESTIMENTO EM DIREITOS CREDITÓRIOS RESP LIMITADA,Classe,159189935.48,BANCO DAYCOVAL S.A.,24,0.0,117106.58,566370.99,1085907.14,2384133.19,150472301.89,0.0,150472301.89,False,0.0007782600420747775,0.003763955112576367,0.007216657991939489,0.01584433254528715,1.0551879918343828e-05,False
2026-06-30,41341232000190,HOLDER FUNDO DE INVESTIMENTO EM DIREITOS CREDITÓRIOS NÃO PADRONIZADOS,Classe,10032658.15,AZUMI DISTRIBUIDORA DE TÍTULOS E VALORES MOBILIÁRIOS LTDA.,25,0.0,116176.6,332814.62,466288.35000000003,721474.5099999999,13342891.83,0.0,13342891.83,False,0.008707003060520203,0.02494321502717301,0.034946573497028795,0.0540718248481821,0.00019413776218369695,False
2026-06-30,59927305000196,VGR CONSIGNADO FUNDO DE INVESTIMENTO EM DIREITOS CREDITÓRIOS - RESP LIMITADA,Classe,92733682.66,HEMERA DISTRIBUIDORA DE TITULOS E VALORES MOBILIARIOS LTDA,25,0.0,115771.49,531459.5800000001,1034697.5,2517869.5,92620780.11,0.0,92620780.11,False,0.0012499515752567116,0.005738016667197342,0.011171332165105427,0.027184714888059475,2.9600241482219737e-05,False
2026-06-30,66733008000175,STZ FUNDO DE INVESTIMENTO EM DIREITOS CREDITÓRIOS - NP,Classe,1377436.25,BARU DISTRIBUIDORA DE TÍTULOS E VALORES MOBILIÁRIOS LTDA.,1,0.0,115355.39,115355.39,115355.39,115355.39,115355.39,0.0,115355.39,False,1.0,1.0,1.0,1.0,1.0,False
2026-06-30,55633169000170,FUNDO DE INVESTIMENTO EM DIREITOS CREDITÓRIOS AMETISTA II - RESPONSABILIDADE LIMITADA,Classe,140063628.33,VORTX DISTRIBUIDORA DE TITULOS E VALORES MOBILIARIOS LTDA.,24,0.0,113370.67,457971.55999999994,811959.1000000001,1651392.2600000002,10014465.29,0.0,10014465.29,False,0.011320691291746442,0.045731004775393255,0.08107862741416523,0.164900692366372,0.0011805716678775014,False
2026-06-30,55364540000146,ANGÁ FGTS IV FUNDO DE INVESTIMENTO EM DIREITOS CREDITÓRIOS,Classe,162591663.09,BANCO DAYCOVAL S.A.,24,0.0,112680.48,321328.73,561613.36,1168332.74,160586535.0,0.0,160586535.0,False,0.0007016807480153925,0.0020009693216184034,0.0034972630799960905,0.007275409111978162,2.3848618335672535e-06,False
2026-06-30,59673010000130,FUNDO DE INVESTIMENTO EM DIREITOS CREDITÓRIOS CREDITAS AUTO VEÍCULOS,Classe,17237845.62,BANCO DAYCOVAL S.A.,24,0.0,112006.34,387418.11,610501.16,1131952.24,15338705.05,0.0,15338705.05,False,0.007302203128288199,0.025257550017235644,0.0398013494626784,0.07379711887738528,0.00026689417139552136,False
2026-06-30,47463403000130,ARTESANAL CP AUTO FUNDO DE INVESTIMENTO EM DIREITOS CREDITÓRIOS - RESPONSABILIDADE LIMITADA,Classe,53441092.04,QI CORRETORA DE TÍTULOS E VALORES MOBILIÁRIOS S.A.,25,0.0,111360.29,406443.26,677141.84,1311345.9300000002,51280491.6,0.0,51280491.6,False,0.0021715917013556867,0.007925884626269846,0.013204667484115928,0.0255720233774046,2.9054552442142613e-05,False
2026-06-30,55106170000147,FUNDO DE INVESTIMENTO EM DIREITOS CREDITÓRIOS DR. SIM,Classe,1361563.88,WNT CAPITAL DISTRIBUIDORA DE TITULOS E VALORES MOBILIARIOS S.A.,25,0.0,110491.55,270403.13,411659.71,630371.4400000001,49384.81,1246838.03,1296222.84,False,0.08524116887185848,0.20860852135578786,0.31758405830898645,0.4863140970421413,0.015491717205782412,False
2026-06-30,38612809000147,GETNET FUNDO DE INVESTIMENTO EM DIREITOS CREDITÓRIOS RESPONSABILIDADE LIMITADA,Classe,60169999.38,APEX GROUP DISTRIBUIDORA DE TÍTULOS E VALORES MOBILIÁRIOS S.A.,24,0.0,110308.34,495474.05000000005,909203.3800000001,1958977.3699999999,31845021.55,0.0,31845021.55,False,0.003463911614153076,0.01555891708919255,0.028550879721417555,0.061515969361936255,0.000160360810998084,False
2026-06-30,62135021000171,APROVOU FUNDO DE INVESTIMENTO EM DIREITOS CREDITÓRIOS - RESPONSABILIDADE LIMITADA,Classe,22796380.1,HEMERA DISTRIBUIDORA DE TITULOS E VALORES MOBILIARIOS LTDA,25,0.0,107024.95,521450.31,1025533.27,2381689.86,20342726.79,0.0,20342726.79,False,0.0052610916473897155,0.0256332553341046,0.05041277310493733,0.11707820119625173,0.0005533646740571323,False
2026-06-30,61559162000159,SANTO INÁCIO FUNDO DE INVESTIMENTO EM DIREITOS CREDITÓRIOS RESPONSABILIDADE LIMITADA,Classe,34158654.92,VORTX DISTRIBUIDORA DE TITULOS E VALORES MOBILIARIOS LTDA.,24,0.0,106912.17,445989.82999999996,814781.27,1575277.66,29588545.45,0.0,29588545.45,False,0.0036132959013029146,0.015073056928521641,0.027537050490597875,0.053239442359948784,0.00012473580034088564,False
2026-06-30,54477887000132,VALORA BYX WAREHOUSE FUNDO DE INVESTIMENTO EM DIREITOS CREDITÓRIOS,Classe,215011966.08,BANCO DAYCOVAL S.A.,24,0.0,105897.69,496653.70999999996,946835.1900000001,2122895.9800000004,214672920.68,0.0,214672920.68,False,0.0004932978489534565,0.0023135368374678786,0.004410594438277524,0.009888978885997799,4.097537371418977e-06,False
2026-06-30,61164467000161,GALAXY CONSIG FUNDO DE INVESTIMENTO EM DIREITOS CREDITÓRIOS  RESPONSABILIDADE LIMITADA,Classe,81628065.1,ID CORRETORA DE TITULOS E VALORES MOBILIARIOS S.A.,25,0.0,105877.35,481085.13,873315.6799999999,1832576.4399999997,81640088.45,0.0,81640088.45,False,0.0012968794131677597,0.005892756109575234,0.010697142746664919,0.022447016836861348,2.0893112096754535e-05,False
2026-06-30,63931003000169,FUNDO DE INVESTIMENTO EM DIREITOS CREDITÓRIOS COBUCCIO INSS,Classe,149131555.17,BANCO DAYCOVAL S.A.,24,0.0,104028.0,459742.61,845933.7000000001,1763123.3999999997,124072056.34,0.0,124072056.34,False,0.0008384482619916251,0.0037054484592416803,0.006818083982438813,0.014210479394074332,8.612266168377166e-06,False
2026-06-30,64330030000149,WAREHOUSE SOL AGORA FUNDO DE INVESTIMENTO EM DIREITOS CREDITÓRIOS SEGMENTO FINANCEIRO RESP LIMITADA,Classe,213555283.22,GENIAL INVESTIMENTOS CORRETORA DE VALORES MOBILIÁRIOS S.A.,24,0.0,103742.87,487595.91000000003,930505.5799999998,1933603.9100000004,37115569.0,0.0,37115569.0,False,0.0027951307980756,0.013137233865389482,0.025070492116125172,0.05209684135517363,0.00011577657985288143,False
2026-06-30,47117773000116,SOLIS CONSIGNADO FEDERAL FUNDO DE INVESTIMENTO EM DIREITOS CREDITÓRIOS - RESP LIMITADA,Classe,267352193.71,HEMERA DISTRIBUIDORA DE TITULOS E VALORES MOBILIARIOS LTDA,25,0.0,102420.15,488087.65,945330.92,2196407.4600000004,261847159.55,0.0,261847159.55,False,0.00039114478146723127,0.0018640173559217057,0.0036102393534633245,0.008388127882596312,2.83156441116428e-06,False
2026-06-30,57651404000162,APPIA FUNDO DE INVESTIMENTO EM DIREITOS  CREDITÓRIOS - RESPONSABILIDADE LIMITADA,Classe,248143243.12,HEMERA DISTRIBUIDORA DE TITULOS E VALORES MOBILIARIOS LTDA,25,0.0,102344.41,460430.57,899653.6900000001,2033665.6500000001,246338762.3,0.0,246338762.3,False,0.00041546206144918993,0.001869095085568675,0.003652099578645971,0.008255564942407766,2.752658456263753e-06,False
2026-06-30,61922025000137,IPO III FUNDO DE INVESTIMENTO EM DIREITOS CREDITÓRIOS - RESPONSABILIDADE LIMITADA,Classe,89165913.12,QI CORRETORA DE TÍTULOS E VALORES MOBILIÁRIOS S.A.,25,0.0,100506.53,317226.46,505957.03,973415.11,39823541.54,0.0,39823541.54,False,0.0025237968827822137,0.007965802330296715,0.01270497325035246,0.024443208021121668,2.7782381832316263e-05,False
2026-06-30,51957370000152,FUNDO DE INVESTIMENTO EM DIREITOS CREDITÓRIOS ANGÁ FGTS I - RESPONSABILIDADE LIMITADA,Classe,416057702.27,BANCO DAYCOVAL S.A.,24,0.0,100283.51,426486.54000000004,776731.6299999999,1606742.75,410931292.31,0.0,410931292.31,False,0.00024403960437344285,0.0010378536460500687,0.0018901739646881065,0.0039100033997603156,6.559150874154968e-07,False
2026-06-30,54827590000150,GUARDIAN MULTI CONSIGNADO IX FUNDO DE INVESTIMENTO EM DIREITOS CREDITÓRIOS RESPONSABILIDADE LIMITADA,Classe,34806277.05,BANCO DAYCOVAL S.A.,24,0.0,100001.46,446345.39,831571.52,1748786.9699999995,33791643.58,0.0,33791643.58,False,0.0029593547222185757,0.0132087505286122,0.024608791757385128,0.051752054198246834,0.000113912400903985,False
2026-06-30,54464892000100,FUNDO DE INVESTIMENTO EM DIREITOS CREDITÓRIOS MT FGTS RECEIVABLES II,Classe,697493758.97,VORTX DISTRIBUIDORA DE TITULOS E VALORES MOBILIARIOS LTDA.,24,0.0,99812.47,336875.02,560238.91,1005299.7200000001,693328772.9,0.0,693328772.9,False,0.00014396124018120927,0.000485880628595502,0.0008080422043595243,0.0014499610564193276,1.0085141637326154e-07,False
2026-06-30,46073462000130,FUNDO DE INVESTIMENTO EM DIREITOS CREDITÓRIOS OPEN II RESPONSABILIDADE LIMITADA,Classe,20586726.89,APEX GROUP DISTRIBUIDORA DE TÍTULOS E VALORES MOBILIÁRIOS S.A.,24,0.0,99130.33,488538.14999999997,961421.15,2247709.6799999992,15267338.47,0.0,15267338.47,False,0.006492967336434508,0.031998907403537766,0.06297241342288784,0.14722341319783416,0.0009037719029340849,False
2026-06-30,49004860000192,PRINCIPIAPAY EDUCAÇÃO FUNDO DE INVESTIMENTO EM DIREITOS CREDITÓRIOS,Classe,17875655.37,QI CORRETORA DE TÍTULOS E VALORES MOBILIÁRIOS S.A.,25,0.0,98039.93,475438.16,943681.9200000002,2220646.22,17458257.24,0.0,17458257.24,False,0.005615676791345068,0.027232853397914536,0.05405361526222993,0.127197473921515,0.0006508694238161948,False
2026-06-30,38305947000183,ESTRUTURADO FUNDO DE INVESTIMENTO EM DIREITOS CREDITÓRIOS,Classe,53258000.06,HEMERA DISTRIBUIDORA DE TITULOS E VALORES MOBILIARIOS LTDA,25,0.0,97329.09,384791.0,710017.1900000002,1541204.24,51106194.82,0.0,51106194.82,False,0.0019044479899707,0.0075292437904106125,0.013892977015814541,0.030156896740761885,3.738578080157736e-05,False
2026-06-30,64509633000102,AMETISTA CONSIGNADO III FUNDO DE INVESTIMENTO EM DIREITOS CREDITÓRIOS,Classe,3269222.54,QORE DISTRIBUIDORA DE TÍTULOS E VALORES MOBILIÁRIOS LTDA.,25,0.0,97219.04,467920.48000000004,791323.31,1478899.6000000003,3282067.52,0.0,3282067.52,False,0.029621279698718687,0.14256881589078338,0.2411051281480035,0.45059999253153704,0.008996188511423605,False
2026-06-30,57996195000199,CDC EMPRÉSTIMOS FUNDO DE INVESTIMENTO EM DIREITOS CREDITÓRIOS DE CLASSE ÚNICA FECHADA,Classe,33662527.48,APEX GROUP DISTRIBUIDORA DE TÍTULOS E VALORES MOBILIÁRIOS S.A.,24,0.0,94801.74,382834.67000000004,681414.2999999999,1353647.83,33213237.23,0.0,33213237.23,False,0.0028543360390769113,0.01152656898058112,0.0205163469998796,0.04075627499439626,7.263180941473961e-05,False
2026-06-30,62135992000111,FRUCTUS FUNDO DE INVESTIMENTO EM  DIREITOS CREDITÓRIOS - RESPONSABILIDADE LIMITADA,Classe,70157252.07,HEMERA DISTRIBUIDORA DE TITULOS E VALORES MOBILIARIOS LTDA,25,0.0,94737.41,3538002.62,4862836.79,12068809.85,5495680.15,55823745.65,61319425.8,False,0.0015449820144923798,0.057697908514988086,0.0793033647422054,0.19681870292399248,0.0034249683738588914,False
2026-06-30,54810968000102,ANGÁ FGTS III FUNDO DE INVESTIMENTO EM DIREITOS CREDITÓRIOS,Classe,965301307.96,BANCO DAYCOVAL S.A.,24,0.0,94379.57,400251.33,682429.72,1324844.0599999998,948587459.78,0.0,948587459.78,False,9.949485313867514e-05,0.0004219445722936584,0.0007194167632769167,0.0013966493509278129,8.744788394790679e-08,False
2026-06-30,55852782000189,ZERAZERO FUNDO DE INVESTIMENTO EM DIREITOS CREDITÓRIOS RESPONSABILIDADE LIMITADA,Classe,920161.48,ID CORRETORA DE TITULOS E VALORES MOBILIARIOS S.A.,25,0.0,94376.0,329477.52,391782.9100000001,538077.77,1062666.74,0.0,1062666.74,False,0.08881053339450523,0.3100478330581797,0.3686789990246614,0.5063466745933913,0.02656640231362592,False
2026-06-30,42299351000195,FIGTREE EDUCACIONAL FUNDO DE INVESTIMENTO EM DIREITOS CREDITÓRIOS - RESPONSABILIDADE LIMITADA,Classe,9582642.62,APEX GROUP DISTRIBUIDORA DE TÍTULOS E VALORES MOBILIÁRIOS S.A.,24,0.0,93922.28,403733.87,724173.8200000001,1592237.8199999998,7754822.79,0.0,7754822.79,False,0.012111466959775621,0.05206229477230904,0.09338367098908266,0.20532227016885835,0.0017899378812567272,False
2026-06-30,53179862000190,FUNDO DE INVESTIMENTO EM DIREITOS CREDITÓRIOS DE  RESPONSABILIDADE LIMITADA FGTS MT II,Classe,212708785.89,BANCO DAYCOVAL S.A.,24,0.0,93076.59,384475.01999999996,558457.2100000001,942097.66,203077394.89,0.0,203077394.89,False,0.00045833062833220003,0.0018932438059305263,0.0027499722965350086,0.004639106487013494,1.1650156596161631e-06,False
2026-06-30,56972378000101,FUNDO DE INVESTIMENTO EM DIREITOS CREDITÓRIOS PFN MT III RESPONSABILIDADE LIMITADA,Classe,157817430.27,BANCO DAYCOVAL S.A.,24,0.0,92379.6,285445.76,431337.98000000004,765792.5900000001,156504291.33,0.0,156504291.33,False,0.0005902687984779362,0.0018238845566101321,0.0027560776534267316,0.004893109214400224,1.2346781295250833e-06,False
2026-06-30,64112934000106,GUARDIAN APP CRÉDITO CONSIGNADO FUNDO DE INVESTIMENTO EM DIREITOS CREDITÓRIOS RL,Classe,8509682.72,BANCO DAYCOVAL S.A.,24,0.0,92254.54,362002.70999999996,622282.2399999999,1106934.7500000002,6722751.09,0.0,6722751.09,False,0.013722736237732697,0.053847406389695734,0.0925636293340737,0.1646550251795802,0.001268659046889848,False
2026-06-30,62160076000131,TKO I FUNDO DE INVESTIMENTO EM DIREITOS CREDITÓRIOS,Classe,182963544.47,BANCO DAYCOVAL S.A.,24,0.0,91759.74,311668.99,512983.61,1002505.1100000002,182273445.4,0.0,182273445.4,False,0.0005034180365583851,0.0017098979465497062,0.0028143628320310447,0.005500006365710582,1.3833682373248416e-06,False
2026-06-30,60499242000101,FIRST PERSONAL LOAN I FUNDO DE INVESTIMENTOS EM DIREITOS CREDITÓRIOS - RESPONSABILIDADE LIMITADA,Classe,9991597.59,AZUMI DISTRIBUIDORA DE TÍTULOS E VALORES MOBILIÁRIOS LTDA.,25,0.0,91325.18,433611.19999999995,821268.8899999999,1847332.6799999997,10036154.75,0.0,10036154.75,False,0.00909961855659908,0.04320491371458775,0.08183103095336387,0.1840677755591602,0.0013702270084281262,False
2026-06-30,50168890000113,CEA PAY FUNDO DE INVESTIMENTO EM DIREITOS CREDITÓRIOS FINANCEIROS RESPONSABILIDADE LIMITADA,Classe,842505368.1,BANCO GENIAL S.A.,24,0.0,91106.28,251823.83,419652.64999999997,758459.3000000002,822627423.37,0.0,822627423.37,False,0.00011075035600779183,0.00030612136533009194,0.0005101369563888818,0.0009219961290530203,4.245826828892869e-08,False
2026-06-30,66014791000117,FIDC GOLGOTA FUNDO DE INVESTIMENTO  EM DIREITOS CREDITÓRIOS RESPONSABILIDADE LIMITADA,Classe,20425367.91,ID CORRETORA DE TITULOS E VALORES MOBILIARIOS S.A.,25,0.0,90376.73,376713.29000000004,676948.92,1363897.1099999996,9221572.93,0.0,9221572.93,False,0.00980057639689458,0.04085130517966853,0.07340926815182712,0.1479028708391942,0.0009243881091418565,False
2026-06-30,65463011000153,AV1 CONSIG FUNDO DE DIREITO CREDITORIO DE RESPONSABILIDADE LIMITADA,Classe,6179101.06,ACTUAL DISTRIBUIDORA DE TITULOS E VALORES MOBILIARIOS S.A.,25,0.0,90309.28,351156.89999999997,591113.52,1215168.2600000002,6084044.16,0.0,6084044.16,False,0.01484362664455085,0.05771767770995271,0.09715799301496195,0.1997303484398115,0.0017100752111989367,False
2026-06-30,57823707000115,ICRED INSS FUNDO DE INVESTIMENTO EM DIREITOS CREDITÓRIOS RESPONSABILIDADE LIMITADA,Classe,192256772.17,QI CORRETORA DE TÍTULOS E VALORES MOBILIÁRIOS S.A.,25,0.0,89332.86,380368.19,681030.2799999999,1472758.0800000003,192378705.95,0.0,192378705.95,False,0.000464359397568762,0.001977184471231755,0.0035400502183282304,0.0076555150567588085,2.409445112055986e-06,False
2026-06-30,45963673000185,K-FUNDO DE INVESTIMENTO EM DIREITOS CREDITÓRIOS - RESP LIMITADA CRÉDITO PESSOAL,Classe,62757211.36,BANCO GENIAL S.A.,24,0.0,88810.08,383192.13999999996,664546.1399999999,1222046.5,58427047.45,0.0,58427047.45,False,0.0015200165655469896,0.006558471747659738,0.011373946981810046,0.020915766812378948,1.99258862564641e-05,False
2026-06-30,52596071000100,CONSIGNADO PLGN I FUNDO DE INVESTIMENTO EM DIREITOS CREDITÓRIOS RESPONSABILIDADE LIMITADA,Classe,302242413.12,BTG PACTUAL SERVIÇOS FINANCEIROS S/A DTVM,25,0.0,88476.38,231681.80000000002,371323.62000000005,715832.9299999998,0.0,291468742.56,291468742.56,False,0.00030355357910046493,0.0007948770010983507,0.0012739740691870643,0.002455950932208941,2.925854813839503e-07,False
2026-06-30,54287342000163,FUNDO DE INVESTIMENTO EM DIREITOS CREDITÓRIOS PIX CARD CONSIG,Classe,19773110.14,ACTUAL DISTRIBUIDORA DE TITULOS E VALORES MOBILIARIOS S.A.,25,0.0,88338.36,396075.33,707802.79,1515596.41,14067250.29,71182.41,14138432.7,False,0.006248101318896543,0.028014090274659655,0.05006232338609923,0.10719691794409433,0.00047406739980097325,False
2026-06-30,55768379000176,FGTS V FUNDO DE INVESTIMENTO EM DIREITOS CREDITÓRIOS,Classe,186681156.87,BANCO DAYCOVAL S.A.,24,0.0,88205.38,367032.52,560137.05,937059.1500000001,183235927.69,0.0,183235927.69,False,0.0004813760113094555,0.0020030597963350753,0.0030569171508092255,0.005113948786208152,1.357711586835843e-06,False
2026-06-30,64655872000170,CONECTEPAG ELETROBIDU FUNDO DE INVESTIMENTO EM DIREITOS CREDITÓRIOS RESP LIMITADA,Classe,18987136.39,BANCO DAYCOVAL S.A.,24,0.0,87876.9,401492.39999999997,783255.2799999999,1664008.9899999995,18234054.99,0.0,18234054.99,False,0.0048193832939625245,0.022018821387792688,0.042955627830976506,0.09125830710242909,0.00035316236411266853,False
2026-06-30,53109903000171,UP.P II FUNDO DE INVESTIMENTO EM DIREITOS CREDITÓRIOS - RESPONSABILIDADE LIMITADA,Classe,146633199.97,BANCO DAYCOVAL S.A.,24,0.0,86412.95,288410.6,487386.76,920483.2399999999,146102736.78,0.0,146102736.78,False,0.0005914533286951341,0.0019740259926430107,0.0033359180720474936,0.00630024639022371,1.8369542266077395e-06,False
2026-06-30,55102194000128,NEW ERA FUNDO DE INVESTIMENTO EM DIREITOS CREDITÓRIOS,Classe,754024.0,ACTUAL DISTRIBUIDORA DE TITULOS E VALORES MOBILIARIOS S.A.,25,0.0,85689.72,256026.93999999997,405124.86,686036.98,547406.61,286560.53,833967.14,False,0.10274951600611026,0.306998834510434,0.4857803630008731,0.8226187185264877,0.03565769378600465,False
2026-06-30,64414126000195,ATLAS HUB II FUNDO DE INVESTIMENTO EM DIREITOS CREDITÓRIOS DE RESPONSABILIDADE LIMITADA,Classe,6766622.72,BANCO DAYCOVAL S.A.,24,0.0,84571.17,314977.22000000003,512102.22000000003,908849.81,6115835.56,0.0,6115835.56,False,0.013828228239674908,0.051501911212275965,0.08373381118180359,0.14860599195050955,0.0010632402070997068,False
2026-06-30,64145940000151,AZURE CONSIGNADOS III FUNDO DE INVESTIMENTO EM DIREITOS CREDITÓRIOS,Classe,10057435.9,BANCO DAYCOVAL S.A.,24,0.0,84552.11,382245.85,706358.88,1470586.3999999997,9306842.38,0.0,9306842.38,False,0.009084940578954986,0.041071486374522646,0.07589672749996652,0.15801131468179003,0.001064125547574025,False
2026-06-30,63802702000109,ATLAS HUB I FUNDO DE INVESTIMENTO EM DIREITOS CREDITÓRIOS DE RESPONSABILIDADE LIMITADA,Classe,24677848.17,BANCO DAYCOVAL S.A.,24,0.0,84378.77,321857.66,590731.48,1224774.65,22534669.28,0.0,22534669.28,False,0.0037443979741423566,0.01428277717328896,0.026214339898224588,0.05435068226570396,0.0001272375417443769,False
2026-06-30,61386747000114,FIDC VALE CONSIGNADO FINANCEIRO RESP LIMITADA,Classe,67261860.77,BANCO DAYCOVAL S.A.,24,0.0,84343.09,264895.83999999997,463589.77,922705.6399999999,60874969.7,0.0,60874969.7,False,0.0013855134617011561,0.0043514738702202585,0.0076154414907248814,0.01515738972104983,1.0334189948512402e-05,False
2026-06-30,32156038000144,SUN CAPITAL FUNDO DE INVESTIMENTO EM DIREITOS CREDITÓRIOS NÃO PADRONIZADOS,Classe,213548427.06,QI CORRETORA DE TÍTULOS E VALORES MOBILIÁRIOS S.A.,25,0.0,84245.39,296232.58999999997,463445.23000000004,781033.6,158572305.71,0.0,158572305.71,False,0.0005312742954880756,0.001868123116919014,0.0029226114101383966,0.004925409872190222,1.2347850841511373e-06,False
2026-06-30,64656289000184,ARV MAISTODOS FIDC RESPONSABILIDADE LIMITADA,Classe,7362795.74,BANCO DAYCOVAL S.A.,1,0.0,83910.25,83910.25,83910.25,83910.25,83910.25,0.0,83910.25,False,1.0,1.0,1.0,1.0,1.0,False
2026-06-30,64656407000154,FUNDO DE INVESTIMENTO EM DIREITOS CREDITÓRIOS 360 CONSIGNADO,Classe,8961875.05,BANCO DAYCOVAL S.A.,24,0.0,80142.81,373149.93,664863.8699999999,1241366.1600000001,8288468.55,0.0,8288468.55,False,0.009669193955015972,0.045020371103416924,0.08021552666686536,0.14977026847740169,0.0010064188568352022,False
2026-06-30,42860984000120,CONDOBLUE I FUNDO DE  INVESTIMENTO EM DIREITOS CREDITÓRIOS RESPONSABILIDADE LIMITADA,Classe,6307897.74,ID CORRETORA DE TITULOS E VALORES MOBILIARIOS S.A.,25,0.0,79621.89,209643.75999999998,314047.51999999996,582711.01,5546043.68,50754.25,5596797.93,False,0.014226329232508132,0.03745780401973526,0.05611199902655767,0.10411507031128422,0.0005682003877022581,False
2026-06-30,45880936000192,ABC I FUNDO DE INVESTIMENTO EM DIREITOS CREDITÓRIOS,Classe,78780233.92,OSLO CAPITAL DISTRIBUIDORA DE TITULOS E VALORES MOBILIARIOS S.A.,24,0.0,79409.08,294570.08999999997,471151.1400000001,823696.8199999998,69175313.52,0.0,69175313.52,False,0.001147939574961828,0.004258312322861156,0.0068109722388721905,0.011907381088512917,7.087549577457118e-06,False
2026-06-30,47463397000111,ARTESANAL CONSIGNADO PRIVADO FUNDO DE INVESTIMENTO EM DIREITOS CREDITÓRIOS - RESPONSABILIDADE LIMITA,Classe,111138934.09,QI CORRETORA DE TÍTULOS E VALORES MOBILIÁRIOS S.A.,25,0.0,79298.48,310824.49,522411.30999999994,1030066.95,109528071.56,0.0,109528071.56,False,0.0007240014260322288,0.002837852301907177,0.004769656788066614,0.009404593136068541,3.833005542408662e-06,False
2026-06-30,55752712000159,ROMA CONSIGNADO FUNDO DE INVESTIMENTO EM DIREITOS CREDITÓRIOS,Classe,7458862.57,ID CORRETORA DE TITULOS E VALORES MOBILIARIOS S.A.,25,0.0,78605.57,303521.04000000004,547275.17,1101335.18,7550908.27,0.0,7550908.27,False,0.010410081435143697,0.04019662657085888,0.0724780583250285,0.14585466285898874,0.0009014009759516835,False
2026-06-30,60869078000179,MAVERICKS CONSIG FUNDO DE INVESTIMENTO EM DIREITOS CREDITÓRIOS RESPONSABILIDADE LIMITADA,Classe,29169304.1,ID CORRETORA DE TITULOS E VALORES MOBILIARIOS S.A.,25,0.0,78179.24,347126.89,626516.5599999999,1269675.97,31314969.35,0.0,31314969.35,False,0.00249654531435778,0.011085014521976532,0.020006935117757026,0.04054533650693162,6.896642454851298e-05,False
2026-06-30,44271111000108,GUARDIAN CAPITAL CONSIG I FUNDO DE INVESTIMENTO EM DIREITOS CREDITÓRIOS CONSIGNADOS,Classe,485307.98,BANVOX DISTRIBUIDORA DE TITULOS E VALORES MOBILIARIOS LTDA,24,0.0,77986.32,310419.87,495641.31000000006,837110.5700000001,912110.44,0.0,912110.44,False,0.0855009619229882,0.3403314515290495,0.5434005447849057,0.9177732578085611,0.04258932016812685,False
2026-06-30,57333077000109,STORRBERG FUNDO DE INVESTIMENTO EM DIREITOS CREDITÓRIOS DE RESPONSABILIDADE LIMITADA,Classe,55118210.8,BANCO DAYCOVAL S.A.,24,0.0,75666.18,342653.27,609504.2300000001,1123437.92,52420563.11,0.0,52420563.11,False,0.001443444623843912,0.006536619404125283,0.011627197302726574,0.021431244789235915,2.0761033627674243e-05,False
2026-06-30,47117716000137,MCC FUNDO DE INVESTIMENTO EM DIREITOS CREDITÓRIOS - RESPONSABILIDADE LIMITADA,Classe,87438876.12,HEMERA DISTRIBUIDORA DE TITULOS E VALORES MOBILIARIOS LTDA,25,0.0,75662.47,314340.64,577511.0499999999,1280152.5100000002,84354565.16,0.0,84354565.16,False,0.0008969576199757154,0.0037264212008416217,0.0068462335014661336,0.015175853346785248,9.407675371821988e-06,False
2026-06-30,40750266000176,FUNDO DE INVESTIMENTO EM DIREITOS CREDITÓRIOS MT I RECEIVABLES RESPONSABILIDADE LIMITADA,Classe,1701914787.69,BTG PACTUAL SERVIÇOS FINANCEIROS S/A DTVM,25,0.0,75558.74,312961.24,540553.26,1118670.73,1636235860.48,0.0,1636235860.48,False,4.61783914073576e-05,0.0001912690264031928,0.0003303638998850846,0.0006836854985392087,1.9726033817876778e-08,False
2026-06-30,27984240000124,ALLCON PRIME FUNDO DE INVESTIMENTO EM DIREITOS CREDITÓRIOS NÃO PADRONIZADOS-RESP LIMITADA,Classe,107660185.57,LASTRO RDV DTVM LTDA,25,0.0,73774.32,115790.78000000001,127155.83,131583.46000000005,96285353.29,0.0,96285353.29,False,0.0007662050091647953,0.0012025793751958512,0.0013206144616515225,0.0013665989218909168,6.417102680161665e-07,False
2026-06-30,57976577000150,OKLAHOMA FUNDO DE INVESTIMENTO EM DIREITOS CREDITÓRIOS,Classe,472862.85,LIMINE TRUST DISTRIBUIDORA DE TITULOS E VALORES MOBILIARIOS LTDA.,25,0.0,73348.42,273010.0,470268.89,796415.7000000001,816041.23,0.0,816041.23,False,0.08988322808150269,0.3345541744257211,0.5762807964984809,0.9759503205493675,0.04678917440944242,False
2026-06-30,26405883000103,FIDC MULTISEGMENTOS NPL IPANEMA VI RESPONSABILIDADE LIMITADA,Classe,2633629374.15,APEX GROUP DISTRIBUIDORA DE TÍTULOS E VALORES MOBILIÁRIOS S.A.,24,0.0,71879.4,306008.02,545478.71,1131120.51,1470927669.0,0.0,1470927669.0,False,4.886671283358665e-05,0.00020803743545597824,0.00037083992741182163,0.0007689844537148346,2.5429829630651805e-08,False
2026-06-30,55261422000102,SERIGY FUNDO DE INVESTIMENTO EM DIREITOS CREDITÓRIOS RESPONSABILIDADE LIMITADA,Classe,21436196.49,QI CORRETORA DE TÍTULOS E VALORES MOBILIÁRIOS S.A.,25,0.0,71110.32,329255.28,627591.4700000001,1314721.7000000002,19191713.49,0.0,19191713.49,False,0.003705261650402015,0.017156116892405735,0.03270116919612268,0.0685046544012366,0.00019349252914560968,False
2026-06-30,47669805000196,GONN FUNDO DE INVESTIMENTO EM DIREITOS CREDITORIOS,Classe,1370830378.37,BANCO GENIAL S.A.,24,0.0,70537.94,253047.8,424238.89,821603.5800000001,1241951019.54,0.0,1241951019.54,False,5.679607238144238e-05,0.0002037502252655061,0.00034159067734984566,0.0006615426591495611,1.9885447987951403e-08,False
2026-06-30,58137246000190,TAGUAÍBA FUNDO DE INVESTIMENTO EM DIREITOS CREDITÓRIOS CONSIGNADOS,Classe,11026023.18,VORTX DISTRIBUIDORA DE TITULOS E VALORES MOBILIARIOS LTDA.,24,0.0,69726.92,334830.66,616023.71,1249621.3099999998,10418269.62,0.0,10418269.62,False,0.006692754415392064,0.03213879772867694,0.059129177154084826,0.11994518817223698,0.0006204664489585498,False
2026-06-30,61306033000159,BAHREIN I FUNDO DE INVESTIMENTO EM DIREITOS CREDITORIOS,Classe,32774921.71,QI CORRETORA DE TÍTULOS E VALORES MOBILIÁRIOS S.A.,25,0.0,68855.3,125922.05,137603.92,155477.02000000002,20300186.88,0.0,20300186.88,False,0.003391855474386648,0.006202999545982506,0.006778455824737709,0.007658895995345636,1.4968565552795021e-05,False
2026-06-30,63249864000161,NEO ATIVOS JUDICIAIS I FUNDO DE INVESTIMENTO EM DIREITOS CREDITÓRIOS - RESPONSABILIDADE LIMITADA,Classe,5704939.72,VORTX DISTRIBUIDORA DE TITULOS E VALORES MOBILIARIOS LTDA.,7,0.0,66622.07,188523.49,211205.97,211205.97,211205.97,0.0,211205.97,False,0.315436490739348,0.8926049296807282,1.0,1.0,0.19197054906717073,False
2026-06-30,36312154000166,FUNDO DE INVESTIMENTO EM DIREITOS CREDITÓRIOS SEBRAE MPE,Classe,52284.72,APEX GROUP DISTRIBUIDORA DE TÍTULOS E VALORES MOBILIÁRIOS S.A.,24,0.0,65225.16,304566.78,564960.11,1164965.6899999997,110659.96,0.0,110659.96,False,0.58941969615749,2.752276252404212,5.105370632702198,10.527436391627104,4.749816968673261,True
2026-06-30,59928229000133,NILO FUNDO DE INVESTIMENTO EM DIREITOS  CREDITÓRIOS- RESPONSABILIDADE LIMITADA,Classe,33820910.98,HEMERA DISTRIBUIDORA DE TITULOS E VALORES MOBILIARIOS LTDA,25,0.0,64981.63,287683.67,524614.9500000001,1135573.7599999995,33038837.25,0.0,33038837.25,False,0.0019668255728339835,0.008707439303118937,0.01587873526027312,0.03437087544598742,4.844911205995847e-05,False
2026-06-30,64191668000146,CONCORDE FUNDO DE INVESTIMENTO EM DIREITOS CREDITÓRIOS - RESPONSABILIDADE LIMITADA,Classe,9185888.76,APEX GROUP DISTRIBUIDORA DE TÍTULOS E VALORES MOBILIÁRIOS S.A.,24,0.0,64613.44,266363.53,495508.56999999995,1025014.95,9085973.91,0.0,9085973.91,False,0.0071113389318548026,0.029315903021341606,0.054535548407710535,0.11281288722080426,0.0005458509086190574,False
2026-06-30,57937985000101,MOSAICO MULTICONSIGNADO I FUNDO DE INVESTIMENTO EM DIREITOS CREDITÓRIOS FINANCEIROS DE RESP LIMITADA,Classe,11328064.96,BANCO DAYCOVAL S.A.,24,0.0,64410.83,312263.75,588982.04,1196857.87,10085085.64,0.0,10085085.64,False,0.006386741005404094,0.030962924971254878,0.05840129286200092,0.1186760244506957,0.0006037712418315822,False
2026-06-30,60371387000114,FUNDO DE INVESTIMENTO EM DIREITOS CREDITÓRIOS NEXT CONSIG,Classe,5209401.33,ACTUAL DISTRIBUIDORA DE TITULOS E VALORES MOBILIARIOS S.A.,25,0.0,64025.94,307375.98,597490.6399999999,1287194.26,4687648.96,371948.56,5059597.52,False,0.012654354372440281,0.06075107333833937,0.11809054724969506,0.25440645326270933,0.002662589442750512,False
2026-06-30,55847499000169,SIZE FÁCIL FUNDO DE INVESTIMENTO EM  DIREITOS CREDITÓRIOS - RESPONSABILIDADE LIMITADA,Classe,107908623.09,HEMERA DISTRIBUIDORA DE TITULOS E VALORES MOBILIARIOS LTDA,25,0.0,63947.25,9009906.51,11309639.77,14580744.439999998,15995238.63,85673453.14,101668691.77,False,0.000628976815642171,0.08862026601446453,0.11124014259557144,0.14341430174969977,0.008167310478439856,False
2026-06-30,53577135000180,ANGÁ FGTS II FUNDO DE INVESTIMENTO EM DIREITOS CREDITÓRIOS - RESPONSABILIDADE LIMITADA,Classe,249730019.95,QI CORRETORA DE TÍTULOS E VALORES MOBILIÁRIOS S.A.,25,0.0,63894.03,246274.05,401526.11000000004,782133.21,247259405.24,0.0,247259405.24,False,0.0002584088962682,0.000996014892784185,0.0016239063165676651,0.003163209137548599,4.4454513594413143e-07,False
2026-06-30,60910091000124,VCG FUNDO DE INVESTIMENTO EM DIREITOS CREDITÓRIOS RECEBÍVEIS COMERCIAIS,Classe,20505916.15,QI CORRETORA DE TÍTULOS E VALORES MOBILIÁRIOS S.A.,25,0.0,63804.85,155479.02,169197.55000000002,186975.28000000003,20545011.35,0.0,20545011.35,False,0.003105612789062781,0.007567726167257628,0.008235456633125686,0.009100763042411267,1.912555572520328e-05,False
2026-06-30,41332977000193,UP.P CRÉDITO PESSOAL FUNDO DE INVESTIMENTO EM DIREITOS CREDITÓRIOS - RESPONSABILIDADE LIMITADA,Classe,67128843.22,BANCO DAYCOVAL S.A.,24,0.0,63177.33,265889.79000000004,484781.23000000004,949912.6900000001,66478045.54,0.0,66478045.54,False,0.0009503487878864617,0.003999663164585871,0.007292350821419773,0.014289118795293633,8.918528429946813e-06,False
2026-06-30,61302922000148,NTZ LEVE SAUDE FUNDO DE INVESTIMENTO EM DIREITOS CREDITÓRIOS COMERCIAIS - RESPONSABILIDADE LIMITADA,Classe,78398951.32,VORTX DISTRIBUIDORA DE TITULOS E VALORES MOBILIARIOS LTDA.,24,0.0,62795.24,207590.02000000002,331632.82999999996,591189.47,5433689.68,68268455.7,73702145.38,False,0.0008520137327921024,0.002816607561824546,0.004499636045737045,0.008021333259050918,3.181522569572494e-06,False
2026-06-30,53270983000142,ANGÁ FGTS +AG FUNDO DE INVESTIMENTO EM DIREITOS CREDITÓRIOS - RESPONSABILIDADE LIMITADA,Classe,71093264.7,BANCO DAYCOVAL S.A.,24,0.0,62387.89,172074.62,295595.75,595375.18,70306496.79,0.0,70306496.79,False,0.0008873701983238866,0.002447492448869603,0.004204387410781131,0.008468281128817142,3.319435475866298e-06,False
2026-06-30,32990730000173,C+ VALORA FUNDO DE INVESTIMENTO EM DIREITOS CREDITÓRIOS,Classe,28943462.88,QI CORRETORA DE TÍTULOS E VALORES MOBILIÁRIOS S.A.,25,0.0,62219.25,286760.24,501203.93999999994,999003.6900000001,27351401.83,0.0,27351401.83,False,0.0022748102779783556,0.010484297725664324,0.01832461616099916,0.0365247710596046,5.666567705797296e-05,False
2026-06-30,63453304000124,GPC FUNDO DE INVESTIMENTO EM DIREITOS CREDITÓRIOS RESPONSABILIDADE LIMITADA,Classe,79433344.72,BANCO DAYCOVAL S.A.,24,0.0,62043.34,246676.33999999997,392120.2299999999,696341.2300000001,75070013.04,0.0,75070013.04,False,0.0008264730148233899,0.0032859504083016734,0.005223393657745392,0.009275890622650678,4.146714767867963e-06,False
2026-06-30,49000687000154,ADVANTAGE CREDIT FUNDO DE INVESTIMENTO EM DIREITOS CREDITÓRIOS NÃO-PADRONIZADO,Classe,17850398.3,AZUMI DISTRIBUIDORA DE TÍTULOS E VALORES MOBILIÁRIOS LTDA.,25,0.0,61865.85,201207.56,344646.94,696518.6500000001,17446806.65,0.0,17446806.65,False,0.003545969829384222,0.011532629668937153,0.019754155984757247,0.03992241468440875,6.935077559814684e-05,False
2026-06-30,54968056000163,TAYA FGTS FUNDO DE INVESTIMENTO EM DIREITOS CREDITÓRIOS - RESPONSABILIDADE LIMITADA,Classe,295849655.91,BANCO DAYCOVAL S.A.,24,0.0,61580.5,257666.77,453243.07,913432.7999999999,155770623.13,137995825.3,293766448.43,False,0.00020962400685684048,0.0008771143586242388,0.001542868739511622,0.003109384359179659,4.214966625772101e-07,False
2026-06-30,42556334000196,DIGITAL STRATEGY FUNDO DE INVESTIMENTO EM DIREITOS CREDITÓRIOS -  RESPONSABILIDADE LIMITADA,Classe,40760713.83,APEX GROUP DISTRIBUIDORA DE TÍTULOS E VALORES MOBILIÁRIOS S.A.,24,0.0,61495.79,209615.51,352480.48,672808.39,20745276.54,0.0,20745276.54,False,0.0029643273195913734,0.010104252387083389,0.016990878830675737,0.03243188340742167,4.848541247200269e-05,False
2026-06-30,65839682000176,FUNDO DE INVESTIMENTOS EM DIREITOS CREDITÓRIOS PICPAY FGTS II DE RESPONSABILIDADE LIMITADA,Classe,1420614297.06,GENIAL INVESTIMENTOS CORRETORA DE VALORES MOBILIÁRIOS S.A.,24,0.0,61352.77,277552.08,499038.68000000005,1047583.3899999998,1407879793.19,0.0,1407879793.19,False,4.357813095746318e-05,0.00019714188764022062,0.00035446114250227927,0.000744085819732071,2.3645770259174203e-08,False
2026-06-30,57391695000105,SIMPLIX FGTS FUNDO DE INVESTIMENTO EM DIREITOS CREDITÓRIOS FINANCEIROS DE RESPONSABILIDADE LIMITADA,Classe,108159829.29,BANCO DAYCOVAL S.A.,24,0.0,60631.94,223881.62,368140.51,709678.96,104660363.66,0.0,104660363.66,False,0.0005793209375515751,0.002139125187136771,0.003517477840951733,0.006780780566609393,2.1247022693220155e-06,False
2026-06-30,52325895000138,LCPF I FUNDO DE INVESTIMENTO EM DIREITOS CREDITÓRIOS RESPONSABILIDADE LIMITADA,Classe,83704329.17,BANCO GENIAL S.A.,24,0.0,58740.09,236714.72999999998,407981.35,801289.81,6593246.78,0.0,6593246.78,False,0.008909129592749749,0.03590260427048659,0.061878671254589374,0.12153190025142666,0.0006552153992242487,False
2026-06-30,63615626000122,GUARDIAN MULTI CONSIGNADO XV FUNDO DE INVESTIMENTO EM DIREITOS CREDITÓRIOS RESPONSABILIDADE LIMITADA,Classe,120599988.93,BANCO DAYCOVAL S.A.,24,0.0,58421.83,210047.24,362069.48000000004,756551.64,120795362.4,0.0,120795362.4,False,0.0004836429879364309,0.001738868412054203,0.0029973789788472873,0.006263085146388037,1.7089574616970554e-06,False
2026-06-30,58893878000183,UP.P III FUNDO DE INVESTIMENTO EM DIREITOS CREDITÓRIOS - RESPONSABILIDADE LIMITADA,Classe,163520394.22,BANCO DAYCOVAL S.A.,24,0.0,57964.09,217329.66000000003,379831.13,770729.7,149324144.69,0.0,149324144.69,False,0.0003881762733035213,0.0014554220983564372,0.00254366854595777,0.005161453973836922,1.166416038662399e-06,False
2026-06-30,40265649000159,BPD CONSIGNADO FUNDO DE INVESTIMENTO EM DIREITOS CREDITÓRIOS,Classe,44402924.27,QI CORRETORA DE TÍTULOS E VALORES MOBILIÁRIOS S.A.,25,0.0,57431.78,246677.03,460990.54000000004,1023213.7000000002,43894789.19,0.0,43894789.19,False,0.0013083963053428667,0.005619733789636182,0.010502170041290955,0.0233105960612087,2.2098443266939227e-05,False
2026-06-30,65343842000191,CONECTEPOWER FUNDO DE INVESTIMENTO EM DIREITOS CREDITÓRIOS RESPONSABILIDADE LIMITADA,Classe,9727905.03,BANCO DAYCOVAL S.A.,24,0.0,57255.77,278880.82,529131.0200000001,1078204.07,9746798.6,0.0,9746798.6,False,0.00587431549062684,0.028612555921695152,0.05428767349312011,0.11062135520067072,0.0005240664209195926,False
2026-06-30,54111764000183,FUNDO DE INVESTIMENTO EM DIREITOS CREDITÓRIOS  MULTICRED CONSIGNADO,Classe,66804309.94,QI CORRETORA DE TÍTULOS E VALORES MOBILIÁRIOS S.A.,25,0.0,56612.12,240870.13,425578.20999999996,913363.4499999998,65976813.48,0.0,65976813.48,False,0.0008580608400731754,0.003650830000648889,0.006450420800165022,0.01384370359561051,7.921215503980969e-06,False
2026-06-30,63851030000121,DEZEMBRO81 FUNDO DE INVESTIMENTOS EM DIREITOS CREDITÓRIOS RESPONSABILIDADE LIMITADA,Classe,37528741.91,GENIAL INVESTIMENTOS CORRETORA DE VALORES MOBILIÁRIOS S.A.,24,0.0,56444.27,94234.16999999998,138978.54999999996,255123.33999999997,1527049.11,0.0,1527049.11,False,0.036962969710908636,0.06170997997569311,0.09101118561930202,0.16706950570830034,0.002106041103563079,False
2026-06-30,29319754000190,ALGARVE II FUNDO DE INVESTIMENTO EM DIREITOS CREDITÓRIOS,Classe,22481.79,TRUSTEE DISTRIBUIDORA DE TITULOS E VALORES MOBILIARIOS LTDA.,1,0.0,56122.94,56122.94,56122.94,56122.94,0.0,0.0,0.0,True,,,,,,
2026-06-30,61868687000176,TNB FUNDO DE INVESTIMENTO EM DIREITOS CREDITÓRIOS RESPONSABILIDADE LIMITADA,Classe,110611592.22,BTG PACTUAL SERVIÇOS FINANCEIROS S/A DTVM,25,0.0,55578.23,266379.72,516447.37000000005,1211510.6900000002,0.0,108646402.11,108646402.11,False,0.0005115515002855717,0.0024518043379872026,0.004753469603872555,0.011150950850387071,4.995535981199291e-06,False
2026-06-30,61228553000190,BDM FUNDO DE INVESTIMENTO EM DIREITOS CREDITÓRIOS  RESPONSABILIDADE LIMITADA,Classe,4202074.44,ID CORRETORA DE TITULOS E VALORES MOBILIARIOS S.A.,2,0.0,54902.4,65958.87,65958.87,65958.87,65958.87,0.0,65958.87,False,0.8323732653394457,1.0,1.0,1.0,0.7209439750248112,False
2026-06-30,57584334000177,TAYA TECH FGTS I FUNDO DE INVESTIMENTO EM DIREITOS CREDITÓRIOS,Classe,420305555.84,BANCO DAYCOVAL S.A.,24,0.0,53913.4,167140.33,304938.61,670824.5900000002,419328519.61,0.0,419328519.61,False,0.00012857079229941862,0.0003985904182130284,0.0007272069409531474,0.0015997590400574381,1.1079101400601931e-07,False
2026-06-30,39663988000104,SPARK FUNDO DE INVESTIMENTO EM DIREITOS CREDITÓRIOS DE RESPONSABILIDADE LIMITADA,Classe,117103997.53,QI CORRETORA DE TÍTULOS E VALORES MOBILIÁRIOS S.A.,25,0.0,53263.32,238487.24,441519.3,912514.3700000001,106336510.43,0.0,106336510.43,False,0.0005008939994797231,0.002242759697827334,0.004152095063253431,0.008581383443090292,3.0544273524017584e-06,False
2026-06-30,66607729000139,FIDC SUMMIT CONSIG FUNDO DE  INVESTIMENTO EM DIREITOS CREDITÓRIOS RESPONSABILIDADE LIMITADA,Classe,1197594.73,ID CORRETORA DE TITULOS E VALORES MOBILIARIOS S.A.,24,0.0,53221.3,170291.22,274572.16000000003,499479.00999999995,1218132.34,0.0,1218132.34,False,0.04369090143358315,0.1397969780524832,0.22540421182808432,0.4100367370592919,0.008195530474546476,False
2026-06-30,66032389000165,GW4 FUNDO DE INVESTIMENTO EM DIREITOS CREDITORIOS,Classe,5293210.15,ACTUAL DISTRIBUIDORA DE TITULOS E VALORES MOBILIARIOS S.A.,25,0.0,53174.17,152236.04,226649.42,382496.86000000004,731964.38,0.0,731964.38,False,0.0726458437772614,0.20798285293609506,0.30964542290978697,0.5225621224901682,0.015142970184348327,False
2026-06-30,41579637000161,MGW ATIVOS FUNDO DE INVESTIMENTO EM DIREITOS CREDITÓRIOS  RESPONSABILIDADE LIMITADA,Classe,200342130.57,ID CORRETORA DE TITULOS E VALORES MOBILIARIOS S.A.,24,0.0,52027.25,250550.03000000003,445543.29,847638.3399999999,163492141.96,43100309.0,206592450.96,False,0.00025183519416241114,0.001212774372130911,0.0021566290923489026,0.004102949241664778,7.467731364305434e-07,False
2026-06-30,47117685000114,SOLIS  KEDU FUNDO DE INVESTIMENTO EM DIREITOS CREDITÓRIOS,Classe,128515890.89,HEMERA DISTRIBUIDORA DE TITULOS E VALORES MOBILIARIOS LTDA,25,0.0,51688.26,212538.31,370430.4,761974.4,126217904.11,0.0,126217904.11,False,0.0004095160695661151,0.001683899851599271,0.0029348482896465046,0.0060369755414091866,1.5344549443309418e-06,False
2026-06-30,54326936000136,FUNDO DE INVESTIMENTO EM DIREITOS CREDITÓRIOS DE  RESPONSABILIDADE LIMITADA SAQUE FGTS,Classe,71839094.06,BANCO DAYCOVAL S.A.,24,0.0,51043.72,182639.46,309863.57,615471.6,71481163.24,0.0,71481163.24,False,0.000714086308705124,0.0025550711784975144,0.004334898257875637,0.008610262789562293,3.3258504255663028e-06,False
2026-06-30,63848380000139,FUNDO DE INVESTIMENTO EM DIREITOS CREDITÓRIOS DAYCOVAL FGTS I RESPONSABILIDADE LIMITADA,Classe,102701036.48,BANCO DAYCOVAL S.A.,24,0.0,50588.78,216021.87,403566.79,866389.1300000001,101443950.31,0.0,101443950.31,False,0.0004986870074105654,0.0021294702083255257,0.003978224317633042,0.008540569717094252,3.0875068126068316e-06,False
2026-06-30,62274607000117,MT CP III FUNDO DE INVESTIMENTO EM DIREITOS CREDITÓRIOS RESPONSABILIDADE LIMITADA,Classe,697089883.97,BTG PACTUAL SERVIÇOS FINANCEIROS S/A DTVM,25,0.0,50411.93,246164.02999999997,481559.64999999997,1152036.0600000003,0.0,469581672.88,469581672.88,False,0.00010735497765663993,0.0005242198412264406,0.001025507761081342,0.002453324153249906,2.411873503884484e-07,False
2026-06-30,30035329000159,VIA INVEST II FUNDO DE INVESTIMENTO EM DIREITOS CREDITÓRIOS RESPONSABILIDADE LIMITADA,Classe,202884356.35,GENIAL INVESTIMENTOS CORRETORA DE VALORES MOBILIÁRIOS S.A.,24,0.0,50311.51,198138.53,344366.05,683128.9800000001,201260499.16,0.0,201260499.16,False,0.0002499820392475668,0.000984487919025193,0.001711046387330246,0.003394252637011099,5.10507280765989e-07,False
2026-06-30,55685665000178,IRONWOOD CONSIG MULTI I FUNDO DE INVESTIMENTO EM DIREITOS CREDITÓRIOS DE RESPONSABILIDADE LIMITADA,Classe,90189403.33,BANCO DAYCOVAL S.A.,24,0.0,50150.44,196319.77999999997,335292.79,652603.0500000002,87173219.38,0.0,87173219.38,False,0.0005752964081937523,0.002252065271837847,0.0038462820621366846,0.007486279096280867,2.5166826395622713e-06,False
2026-06-30,51768553000120,PASQUINI FUNDO DE INVESTIMENTO EM DIREITOS CREDITÓRIOS MULTISEGMENTOS DE RESPONSABILIDADE LIMITADA,Classe,10531865.3,FINAXIS CORRETORA DE TÍTULOS E VALORES MOBILIÁRIOS S.A.,25,0.0,49324.06,204852.40999999997,370347.73000000004,794186.6200000001,9763070.18,0.0,9763070.18,False,0.005052105443330942,0.02098237605826572,0.03793353147851694,0.08134599110297495,0.00027303829751291374,False
2026-06-30,63516387000153,GV CONSIGNADO PRIVADO I FUNDO DE INVESTIMENTO EM DIREITOS CREDITÓRIOS RESPONSABILIDADE  LIMITADA,Classe,114443604.59,QI CORRETORA DE TÍTULOS E VALORES MOBILIÁRIOS S.A.,25,0.0,49037.82,230808.07,430869.55,922692.5400000002,92563761.67,0.0,92563761.67,False,0.0005297734136478293,0.0024935035680902443,0.004654840536149529,0.00996818326473702,4.070816046376634e-06,False
2026-06-30,54252144000164,J17 FGTS FUNDO DE INVESTIMENTO EM DIREITOS CREDITÓRIOS FINANCEIRO - RESPONSABILIDADE LIMITADA,Classe,213618399.48,LIMINE TRUST DISTRIBUIDORA DE TITULOS E VALORES MOBILIARIOS LTDA.,25,0.0,48578.78,219617.18,411287.95,916833.65,211916758.91,0.0,211916758.91,False,0.00022923519711166954,0.0010363370085952964,0.0019407995484428486,0.004326385769184846,7.596277299255293e-07,False
2026-06-30,26758072000196,FUNDO DE INVESTIMENTO EM DIREITOS CREDITÓRIOS EMPÍRICA NOVERDE CRÉDITO PESSOAL,Classe,90787060.8,BANVOX DISTRIBUIDORA DE TITULOS E VALORES MOBILIARIOS LTDA,24,0.0,48093.57,186451.01,335101.73,691625.5099999999,88716019.1,0.0,88716019.1,False,0.0005421069440208911,0.0021016611418264147,0.0037772403834112076,0.007795948432045909,2.622443804268675e-06,False
2026-06-30,55636084000146,EXPLORER FUNDO DE INVESTIMENTO EM DIREITOS CREDITÓRIOS - RESPONSABILIDADE LIMITADA,Classe,23341250.38,QI CORRETORA DE TÍTULOS E VALORES MOBILIÁRIOS S.A.,25,0.0,47560.43,126874.20999999999,155719.05999999997,182984.86999999997,22283264.35,0.0,22283264.35,False,0.002134356495214311,0.005693699451175787,0.006988161947645699,0.00821176229505171,9.42542959114718e-06,False
2026-06-30,58458416000138,MT CONSIGNADO PRIVADO II FUNDO DE INVESTIMENTO EM DIREITOS CREDITÓRIOS RESPONSABILIDADE LIMITADA,Classe,387756518.91,BANCO DAYCOVAL S.A.,24,0.0,46364.46,207729.69,378948.01000000007,811938.3500000001,330309719.49,0.0,330309719.49,False,0.00014036662339693477,0.0006288936647723711,0.0011472505580068847,0.0024581121961946423,2.560943934247134e-07,False
2026-06-30,60008909000118,FUNDO DE INVESTIMENTO EM DIREITOS CREDITÓRIOS PARCRED CONSIGNADO PÚBLICO - RESPONSABILIDADE LIMITADA,Classe,2406522.39,BANVOX DISTRIBUIDORA DE TITULOS E VALORES MOBILIARIOS LTDA,24,0.0,46121.28,181991.71,314011.63999999996,582658.89,1538110.94,0.0,1538110.94,False,0.029985665403303094,0.11832157568556141,0.20415409047152344,0.3788146061817882,0.0065754445245658575,False
2026-06-30,64381894000190,SIMPLIX CONSIGNADO PRIVADO II FUNDO DE INVESTIMENTO EM DIREITOS CREDITÓRIOS RESP LIMITADA,Classe,100132994.58,BANCO DAYCOVAL S.A.,24,0.0,45595.36,174167.59000000003,306405.16,633998.8800000002,95335225.01,0.0,95335225.01,False,0.0004782635169237537,0.0018268965115646504,0.003213976365691277,0.006650205943642532,1.915016908338126e-06,False
2026-06-30,43181488000103,TOPCRED FUNDO DE INVESTIMENTO EM DIREITOS CREDITÓRIOS RESPONSABILIDADE LIMITADA,Classe,119403421.23,BANCO DAYCOVAL S.A.,24,0.0,45322.0,168344.11000000002,294676.51999999996,606650.7799999999,115610146.94,0.0,115610146.94,False,0.00039202441307787164,0.001456136113098863,0.002548881112943597,0.005247383521749548,1.204370911219832e-06,False
2026-06-30,63672540000131,DIRETTO FGTS FUNDO DE INVESTIMENTO EM DIREITOS CREDITÓRIOS RESPONSABILIDADE LIMITADA,Classe,128170437.56,BANCO DAYCOVAL S.A.,24,0.0,44839.19,172020.63000000003,292368.72000000003,557779.3599999999,127423352.23,0.0,127423352.23,False,0.0003518914642825042,0.0013499929721633884,0.002294467339646445,0.004377371574663994,8.693471906404734e-07,False
2026-06-30,64039922000195,GV CONSIGNADO PRIVADO II FUNDO DE INVESTIMENTO EM DIREITOS CREDITÓRIOS RESPONSABILIDADE LIMITADA,Classe,76193940.19,QI CORRETORA DE TÍTULOS E VALORES MOBILIÁRIOS S.A.,25,0.0,44764.6,204093.51,360971.85000000003,696850.41,65457322.06,0.0,65457322.06,False,0.000683874600903586,0.0031179630265491492,0.0055146137764255495,0.010645874106509391,4.894195358625371e-06,False
2026-06-30,66226355000101,FUNDO DE INVESTIMENTO EM  DIREITOS CREDITÓRIOS CONSIG PREMIUM I RESPONSABILIDADE  LIMITADA,Classe,748831543.44,BANCO DAYCOVAL S.A.,24,0.0,44538.37,198343.27000000002,355758.43,744878.54,746388857.97,0.0,746388857.97,False,5.9671804481559065e-05,0.0002657371795975713,0.0004766395240244853,0.000997976499844722,4.269779686250574e-08,False
2026-06-30,55401645000128,QUATÁ FDC FGTS FUNDO DE INVESTIMENTO EM DIREITOS CREDITÓRIOS,Classe,225010783.2,QI CORRETORA DE TÍTULOS E VALORES MOBILIÁRIOS S.A.,25,0.0,43194.09,195848.4,362583.01,774986.8400000001,224803068.57,0.0,224803068.57,False,0.00019214190569000203,0.0008711998517004941,0.0016128917292207584,0.003447403298050097,4.879083772610223e-07,False
2026-06-30,52667588000135,GRUPO CASAS BAHIA FUNDO DE INVESTIMENTO EM DIREITOS CREDITÓRIOS,Classe,164893557.73,BTG PACTUAL SERVIÇOS FINANCEIROS S/A DTVM,25,0.0,42979.9,155988.81999999998,288326.46,659111.8000000002,44223258.06,0.0,44223258.06,False,0.0009718845215268158,0.0035273027552235477,0.006519792359233516,0.014904189083168607,9.06096662093912e-06,False
2026-06-30,62456242000141,CREDIFIT CONSIGNADO PRIVADO FUNDO DE INVESTIMENTO EM DIREITOS CREDITORIOS - RESPONSABILIDADE LIMITAD,Classe,33653676.97,QI CORRETORA DE TÍTULOS E VALORES MOBILIÁRIOS S.A.,25,0.0,41692.55,180394.58000000002,303966.78,600691.95,31482471.48,0.0,31482471.48,False,0.0013243099426449476,0.005730000585074778,0.009655111740293397,0.019080203102275626,1.5696204516891558e-05,False
2026-06-30,48313595000161,IBBA AGRO BR FUNDO DE INVESTIMENTO EM DIREITOS CREDITÓRIOS,Classe,609029.22,QI CORRETORA DE TÍTULOS E VALORES MOBILIÁRIOS S.A.,1,0.0,41600.0,41600.0,41600.0,41600.0,0.0,0.0,0.0,True,,,,,,
2026-06-30,53270792000180,FUNDO DE INVESTIMENTO DIREITOS CREDITÓRIOS POUPACRED RESPONSABILIDADE ILIMITADA,Classe,106937710.14,BANCO DAYCOVAL S.A.,24,0.0,41597.03,188054.11000000002,339641.80999999994,691529.2300000001,105724001.59,0.0,105724001.59,False,0.0003934492582045295,0.0017787267524102804,0.0032125326784086202,0.006540891562937294,1.8411019576877573e-06,False
2026-06-30,66282332000114,FUNDO DE INVESTIMENTO EM DIREITOS CREDITÓRIOS INTRA DIGITAL CASH CLT,Classe,12812479.59,INTRA INVESTIMENTOS DTVM LTDA,24,0.0,41289.41,143014.11,246347.71,482591.94999999995,0.0,12515574.96,12515574.96,False,0.0032990422039707876,0.011426890930466688,0.019683291481800206,0.03855931122160767,6.691479509361966e-05,False
2026-06-30,60757582000187,NOVO OLHAR FUNDO DE INVESTIMENTO EM DIREITOS CREDITÓRIOS RESPONSABILIDADE LIMITADA,Classe,1064930.86,QI CORRETORA DE TÍTULOS E VALORES MOBILIÁRIOS S.A.,25,0.0,41106.4,110655.77,167222.4,298775.49,0.0,987630.73,987630.73,False,0.04162122415935762,0.11204164333768757,0.1693167242781115,0.3025174095180291,0.004850477272704199,False
2026-06-30,19599487000107,FUNDO DE INVESTIMENTO EM DIREITOS CREDITÓRIOS ZIPDIN I,Classe,89758241.51,QI CORRETORA DE TÍTULOS E VALORES MOBILIÁRIOS S.A.,25,0.0,41095.66,162180.26,286638.13,622328.44,77872553.08,0.0,77872553.08,False,0.0005277297118765534,0.0020826369957767927,0.003680862109471755,0.007991627542513853,2.6500096711468426e-06,False
2026-06-30,47117740000176,ELLEVE NPL FUNDO DE INVESTIMENTO EM DIREITOS CREDITÓRIOS - RESPONSABILIDADE LIMITADA,Classe,1772175.83,HEMERA DISTRIBUIDORA DE TITULOS E VALORES MOBILIARIOS LTDA,25,0.0,40865.52,192412.56,365049.76,831650.65,1150034.27,0.0,1150034.27,False,0.03553417586416794,0.16731028371876258,0.3174251146446271,0.7231529283036061,0.021099756130052577,False
2026-06-30,54842157000193,LIBRA CONSIGNADO FUNDO DE INVESTIMENTO EM DIREITOS CREDITÓRIOS,Classe,15452496.75,CATÁLISE DISTRIBUIDORA DE TITULOS E VALORES MOBILIARIOS LTDA.,25,0.0,39317.62,103372.64,165009.8,303048.1699999999,12362081.14,40896.09,12402977.23,False,0.0031700146884813723,0.008334502118569155,0.013304047644373526,0.0244335020842411,3.0136741451154198e-05,False
2026-06-30,27984265000128,MUNDO FUNDO DE INVESTIMENTO EM DIREITOS CREDITÓRIOS NÃO PADRONIZADOS-RESPONSABILIDADE LIMITADA,Classe,100887070.68,LASTRO RDV DTVM LTDA,25,0.0,39121.69,115487.95000000001,143964.84999999998,164111.94999999998,96544919.32,0.0,96544919.32,False,0.0004052174912522368,0.0011962095034458828,0.0014911696132121227,0.0016998507135942366,3.5214668920302336e-07,False
2026-06-30,50057356000130,FUNDO DE INVESTIMENTO EM DIREITOS CREDITÓRIOS PRATA DIGITAL,Classe,202932945.36,BANCO DAYCOVAL S.A.,24,0.0,38622.02,155756.85,287153.92,615479.91,202000867.4,0.0,202000867.4,False,0.00019119729779932615,0.0007710702038302238,0.0014215479551945725,0.003046917163881446,3.9461634954062043e-07,False
2026-06-30,65910958000165,NACIONAL CONSIG FUNDO DE INVESTIMENTO EM DIREITOS CREDITÓRIOS RESPONSABILIDADE LIMITADA,Classe,2443988.46,ACTUAL DISTRIBUIDORA DE TITULOS E VALORES MOBILIARIOS S.A.,25,0.0,38577.16,177905.26,311654.5,636630.1099999999,2438961.07,0.0,2438961.07,False,0.01581704623108232,0.07294305029641167,0.1277816623780715,0.2610251216514907,0.002874015129773193,False
2026-06-30,47669281000133,AGAZZII FUNDO DE INVESTIMENTO EM DIREITOS CREDITORIOS NÃO-PADRONIZADOS,Classe,1891123.07,AZUMI DISTRIBUIDORA DE TÍTULOS E VALORES MOBILIÁRIOS LTDA.,25,0.0,38425.15,130391.37,211447.11000000002,390453.89999999997,514856.45,0.0,514856.45,False,0.07463274471942616,0.25325771872917197,0.41069138786160686,0.7583743002539833,0.02676616163225536,False
2026-06-30,57107628000108,GTCS FUNDO DE INVESTIMENTO EM DIREITOS CREDITÓRIOS,Classe,149471949.4,QI CORRETORA DE TÍTULOS E VALORES MOBILIÁRIOS S.A.,25,0.0,38031.56,177120.87,321441.83999999997,706854.1199999999,144480769.42,43712.01,144524481.42999998,False,0.0002631496036083027,0.001225542331980537,0.0022241341869521907,0.004890895390220533,9.767807280198912e-07,False
2026-06-30,63934300000168,FUNDO DE INVESTIMENTO EM DIREITOS CREDITÓRIOS CONSIGNADO EXT V-EIGHT - RESPONSABILIDADE LIMITADA,Classe,174226321.8,BANCO DAYCOVAL S.A.,24,0.0,37441.96,165692.49,313342.18999999994,689678.38,166185169.82,0.0,166185169.82,False,0.00022530265510788044,0.000997035356280385,0.001885500314735605,0.004150059724023574,7.24133175428987e-07,False
2026-06-30,62627243000101,LEVER I FGTS FUNDO DE INVESTIMENTO EM DIREITOS CREDITÓRIOS,Classe,82860747.91,QI CORRETORA DE TÍTULOS E VALORES MOBILIÁRIOS S.A.,25,0.0,37304.47,132657.99,232690.65,485365.16,81921875.11,0.0,81921875.11,False,0.0004553664079332864,0.001619323163951929,0.002840397020790312,0.00592473206147051,1.4822618533238256e-06,False
2026-06-30,56780135000171,FUNDO DE INVESTIMENTO EM DIREITOS CREDITÓRIOS PRATA DIGITAL IV,Classe,144396198.14,BANCO DAYCOVAL S.A.,24,0.0,36630.87,154087.98,292889.17,649503.5900000002,144098206.83,0.0,144098206.83,False,0.0002542076740983689,0.0010693261449241033,0.0020325663756908248,0.004507367609135155,8.543492105430928e-07,False
2026-06-30,64352617000159,COBUCCIO FUNDO DE INVESTIMENTO EM DIREITOS CREDITÓRIOS CONSIGNADO PRIVADO - RESP LIMITADA,Classe,64094429.03,BANCO DAYCOVAL S.A.,24,0.0,36409.22,173583.07,303894.72000000003,603556.8299999998,56899707.61,0.0,56899707.61,False,0.0006398841317349961,0.0030506847449861614,0.00534088368402426,0.010607380166816992,4.922159766570825e-06,False
2026-06-30,43143355000142,VLTZ I FUNDO DE INVESTIMENTO EM DIREITOS CREDITÓRIOS NÃO PADRONIZADO,Classe,63689379.59,FINVEST DISTRIBUIDORA DE TÍTULOS E VALORES MOBILIÁRIOS LTDA.,24,0.0,35951.52,165638.05,293676.31,594198.26,52870824.12,0.0,52870824.12,False,0.0006799878874292077,0.0031328819392724837,0.005554600573909117,0.011238679742372816,5.465669182809423e-06,False
2026-06-30,41391264000109,ULEND FUNDO DE INVESTIMENTO EM DIREITOS CREDITORIOS,Classe,2464954.2,FIDD DISTRIBUIDORA DE TITULOS E VALORES MOBILIARIOS LTDA.,7,0.0,35869.56,250993.74,290098.08,290098.08,179254.63,0.0,179254.63,False,0.20010395268451361,1.4002078495824626,1.6183575286172525,1.6183575286172525,0.45237490038776623,True
2026-06-30,51628065000117,KYOMI RENDA FUNDO DE INVESTIMENTO EM DIREITOS CREDITÓRIOS,Classe,107579251.03,BANCO DAYCOVAL S.A.,24,0.0,35802.08,111291.23999999999,191550.86,362968.66000000003,0.0,23201513.44,23201513.44,False,0.001543092440611064,0.004796723295133457,0.008255964012664856,0.015644180322057475,1.139455661641357e-05,False
2026-06-30,66687599000191,SELEÇÃO CONSIGNADO CLT  FUNDO DE INVESTIMENTO EM DIREITOS CREDITÓRIOS RESPONSABILIDADE LIMITADA,Classe,10813271.44,ID CORRETORA DE TITULOS E VALORES MOBILIARIOS S.A.,25,0.0,35643.91,134445.75,239604.35000000003,513008.11,9696526.56,0.0,9696526.56,False,0.0036759462039776024,0.013865351594519841,0.024710327818665823,0.052906379085914654,0.00011615114591122513,False
2026-06-30,62475218000150,FIG NOBILE FUNDO DE INVESTIMENTO EM DIREITOS CREDITÓRIOS DE RESPONSABILIDADE LIMITADA,Classe,1308887.27,CATÁLISE DISTRIBUIDORA DE TITULOS E VALORES MOBILIARIOS LTDA.,25,0.0,35548.37,125621.54,200240.49,340231.74,365609.23,0.0,365609.23,False,0.09723050482067973,0.34359510015652506,0.5476899201915663,0.930588486510584,0.043859062421239874,False
2026-06-30,47227461000165,FUNDO DE INVESTIMENTO EM DIREITOS CREDITÓRIOS CV 01 RESPONSABILIDADE LIMITADA,Classe,47814147.04,BANCO DAYCOVAL S.A.,24,0.0,35395.85,139276.83000000002,237964.88,476704.56,47126661.47,0.0,47126661.47,False,0.0007510790897533102,0.002955372302123739,0.005049474598396584,0.010115389996455865,4.509023773744078e-06,False
2026-06-30,55581400000120,INSS SOLIS ITER FUNDO DE INVESTIMENTO EM DIREITOS CREDITÓRIOS - RESPONSABILIDADE LIMITADA,Classe,517208086.1,HEMERA DISTRIBUIDORA DE TITULOS E VALORES MOBILIARIOS LTDA,25,0.0,35070.35,161960.5,310896.52,737446.0700000002,515375764.72,0.0,515375764.72,False,6.804811634682408e-05,0.0003142571131337384,0.000603242413171888,0.0014308900815323542,8.218153196210912e-08,False
2026-06-30,47240716000120,PORTOSEG FUNDO DE INVESTIMENTO EM DIREITOS CREDITÓRIOS DE RESPONSABILIDADE ILIMITADA,Classe,10983998.9,BANCO DAYCOVAL S.A.,24,0.0,35000.01,86061.68,135915.16,242555.05000000002,8247826.09,0.0,8247826.09,False,0.004243543646299167,0.010434468314547111,0.01647890711041896,0.02940836134919038,4.7107790145936054e-05,False
2026-06-30,62159526000176,SIMPLIX CONSIGNADO PRIVADO I FUNDO DE INVESTIMENTO EM DIREITOS CREDITÓRIOS RESP LIMITADA,Classe,98605671.44,BANCO DAYCOVAL S.A.,24,0.0,34218.33,159910.82,304847.52,688945.94,94888760.81,0.0,94888760.81,False,0.00036061520571985223,0.0016852451084296124,0.0032126831186088498,0.0072605642029566295,2.2073326476967943e-06,False
2026-06-30,52511329000110,FUNDO DE INVESTIMENTO EM DIREITOS CREDITÓRIOS CONCRÉDITO DE RESPONSABILIDADE ILIMITADA,Classe,103048400.38,BANCO DAYCOVAL S.A.,24,0.0,33941.31,133822.47,237003.48,469543.59,101921930.82,0.0,101921930.82,False,0.00033301282390285863,0.0013129899416479678,0.0023253433102495068,0.004606894573349882,9.316950221861401e-07,False
2026-06-30,55508226000190,THE ONE FUNDO DE INVESTIMENTO EM DIREITOS CREDITÓRIOS - RESPONSABILIDADE LIMITADA,Classe,47567189.28,QI CORRETORA DE TÍTULOS E VALORES MOBILIÁRIOS S.A.,25,0.0,33668.45,153192.94,265253.68,570776.32,45447200.58,0.0,45447200.58,False,0.0007408256079653124,0.003370789356548746,0.005836524067815312,0.012559108431668334,6.532777934494247e-06,False
2026-06-30,62190416000177,BIAGRO FUNDO DE INVESTIMENTO EM DIREITOS CREDITÓRIOS,Classe,271101548.08,FIDD DISTRIBUIDORA DE TITULOS E VALORES MOBILIARIOS LTDA.,25,0.0,33478.69,2475289.43,3656112.5300000007,4234737.98,261319430.5,0.0,261319430.5,False,0.00012811404776117482,0.00947227469945064,0.013990970832151728,0.016205216626629684,4.340406010923099e-05,False
2026-06-30,62339527000100,FIDC UP.P CONSIGNADO PRIVADO - RESP LIMITADA,Classe,327690730.93,BANCO DAYCOVAL S.A.,24,0.0,33385.31,157946.69999999998,300677.07,656239.6499999998,270063383.82,0.0,270063383.82,False,0.0001236202758321789,0.000584850481268031,0.0011133574116823047,0.002429946780335798,2.485940124366082e-07,False
2026-06-30,54478603000122,NOVALAR-ELETRO FUNDO DE INVESTIMENTO EM DIREITOS  CREDITÓRIOS RESPONSABILIDADE LIMITADA,Classe,28076452.27,ID CORRETORA DE TITULOS E VALORES MOBILIARIOS S.A.,25,0.0,32613.48,110174.3,171701.97000000003,330594.34,21970238.69,0.0,21970238.69,False,0.0014844390386547957,0.005014706556199003,0.007815207309429556,0.015047371340142687,1.0510963693189894e-05,False
2026-06-30,46075403000109,HUBCRED FUNDO DE INVESTIMENTO EM DIREITOS CREDITÓRIOS,Classe,8179204.88,APEX GROUP DISTRIBUIDORA DE TÍTULOS E VALORES MOBILIÁRIOS S.A.,24,0.0,32352.4,130914.11,240705.16999999998,471335.75,6345485.86,0.0,6345485.86,False,0.00509849059848035,0.02063106165364617,0.03793329231372678,0.07427890635942572,0.00024183483768651373,False
2026-06-30,62323195000168,FIBRA RUBICON FUNDO DE INVESTIMENTO EM DIREITOS CREDITÓRIOS RESPONSABILIDADE LIMITADA,Classe,223298358.63,LIMINE TRUST DISTRIBUIDORA DE TITULOS E VALORES MOBILIARIOS LTDA.,25,0.0,32345.27,127124.26,241914.43,579783.64,207752716.29,0.0,207752716.29,False,0.0001556912014322333,0.0006119017949327241,0.001164434498475168,0.002790739155442308,3.136819390869321e-07,False
2026-06-30,63457729000101,ALTIORA FUNDO DE  INVESTIMENTO EM DIREITOS CREDITÓRIOS NÃO PADRONIZADOS RESPONSABILIDADE  LIMITADA,Classe,398074.89,ID CORRETORA DE TITULOS E VALORES MOBILIARIOS S.A.,25,0.0,32130.03,67446.73,77532.79,98548.29000000001,419543.66,0.0,419543.66,False,0.07658328098677501,0.16076212425662684,0.1848026734571558,0.23489400364195712,0.008455871556582588,False
2026-06-30,62161418000138,AIBR FUNDO DE INVESTIMENTO EM DIREITOS CREDITÓRIOS DE RESPONSABILIDADE LIMITADA,Classe,30933490.24,QI CORRETORA DE TÍTULOS E VALORES MOBILIÁRIOS S.A.,25,0.0,32122.26,79691.57,110322.95,166600.42999999996,18017399.6,0.0,18017399.6,False,0.0017828466212183025,0.004423033943255607,0.006123133884425807,0.009246641230069625,6.187771191066813e-06,False
2026-06-30,55676289000155,MIDCARD FUNDO DE INVESTIMENTO EM DIREITOS CREDITÓRIOS RESPONSABILIDADE LIMITADA,Classe,70702525.78,FIDD DISTRIBUIDORA DE TITULOS E VALORES MOBILIARIOS LTDA.,3,0.0,31729.76,55176431.04,55176431.04,55176431.04,55176431.04,0.0,55176431.04,False,0.0005750600283841772,1.0,1.0,1.0,0.9878369691701626,False
2026-06-30,61145490000109,EOS FINANCIAMENTO FUNDO DE INVESTIMENTO EM DIREITOS CREDITÓRIOS DE RESPONSABILIDADE LIMITADA,Classe,6192805.38,VERT DISTRIBUIDORA DE TÍTULOS E VALORES MOBILIÁRIOS LTDA.,25,0.0,31614.87,280844.18,460097.87000000005,950024.4700000001,5533104.96,0.0,5533104.96,False,0.005713766543116507,0.05075706714950876,0.08315364941134246,0.17169825565716362,0.0016005475075578435,False
2026-06-30,60940790000117,RIACHUELO MIDWAY EP FUNDO DE  INVESTIMENTO EM DIREITOS  CREDITÓRIOS CRÉDITO PESSOAL -  RESP LIMITADA,Classe,293144756.12,GENIAL INVESTIMENTOS CORRETORA DE VALORES MOBILIÁRIOS S.A.,24,0.0,31522.72,145870.51,283402.41000000003,646791.3800000001,234171681.01,0.0,234171681.01,False,0.00013461371530511354,0.0006229212233129539,0.0012102334867207863,0.0027620392748189727,3.18837811719579e-07,False
2026-06-30,55175561000113,FUNDO DE INVESTIMENTO EM DIREITOS CREDITÓRIOS PRATA DIGITAL III FGTS RESPONSABILIDADE LIMITADA,Classe,139891954.25,QI CORRETORA DE TÍTULOS E VALORES MOBILIÁRIOS S.A.,25,0.0,30402.0,134789.91,255550.41,602829.29,133532449.73,0.0,133532449.73,False,0.0002276749963134223,0.0010094168890973135,0.0019137701024486403,0.0045144778757441285,8.195829830724113e-07,False
2026-06-30,63813211000163,NEO CONSIGNADO PRIVADO I - FUNDO DE INVESTIMENTO EM DIREITOS CREDITÓRIOS RESPONSABILIDADE LIMITADA,Classe,18746605.65,VORTX DISTRIBUIDORA DE TITULOS E VALORES MOBILIARIOS LTDA.,24,0.0,30062.14,119913.94,214670.51,455195.81000000006,17873860.75,0.0,17873860.75,False,0.0016819052369533537,0.006708899754631914,0.012010304488916868,0.0254671229885239,2.779572260516166e-05,False
2026-06-30,62324138000101,BTG PACTUAL FINANTO FGTS FUNDO DE INVESTIMENTO EM DIREITOS CREDITÓRIOS RESPONSABILIDADE LIMITADA,Classe,14217238.42,BTG PACTUAL SERVIÇOS FINANCEIROS S/A DTVM,25,0.0,29170.84,76487.35999999999,117258.35999999999,210512.6,0.0,0.0,0.0,True,,,,,,
2026-06-30,58088190000120,MAIS TODOS PF FUNDO DE INVESTIMENTO EM DIREITOS CREDITÓRIOS FINANCEIRO RESPONSABILIDADE LIMITADA,Classe,27433632.37,BANCO DAYCOVAL S.A.,24,0.0,28977.78,109214.18999999999,196967.52,416691.4,26691534.04,0.0,26691534.04,False,0.0010856543485501368,0.00409171649094171,0.007379400513467078,0.015611369484254643,1.045830335274753e-05,False
2026-06-30,42888490000154,ICRED OPARÁ FIDC NÃO-PADRONIZADOS - SEGMENTO FINANCEIRO - DE RESPONSABILIDADE LIMITADA,Classe,72874218.1,QI CORRETORA DE TÍTULOS E VALORES MOBILIÁRIOS S.A.,25,0.0,28601.86,116995.76000000001,202669.93,342930.04,984528.6,0.0,984528.6,False,0.029051324664413,0.11883429287884578,0.20585479182626082,0.34831902293138056,0.005835764654173722,False
2026-06-30,51254064000150,GRANA TECH CRÉDITO POPULAR FUNDO DE INVESTIMENTO EM DIREITOS CREDITÓRIOS FINANCEIRO - RESP LIMITADA,Classe,50233110.67,LIMINE TRUST DISTRIBUIDORA DE TITULOS E VALORES MOBILIARIOS LTDA.,24,0.0,28263.32,126785.06,232598.64999999997,496999.04999999993,49868379.8,0.0,49868379.8,False,0.0005667583369131235,0.0025423938076287772,0.00466425119349877,0.009966216107145313,4.211902490025196e-06,False
2026-06-30,53121758000144,FUNDO DE INVESTIMENTO EM DIREITOS CREDITÓRIOS PRATA DIGITAL II RESPONSABILIDADE LIMITADA,Classe,96203798.57,QI CORRETORA DE TÍTULOS E VALORES MOBILIÁRIOS S.A.,25,0.0,28165.24,131697.93,246169.47,534385.54,91643984.65,0.0,91643984.65,False,0.0003073332102217797,0.0014370602773654058,0.0026861497886648254,0.005831103285620831,1.389679684692017e-06,False
2026-06-30,57224939000157,VCTEX CL I FUNDO DE INVESTIMENTO EM DIREITOS CREDITÓRIOS RESPONSABILIDADE LIMITADA,Classe,99274611.39,QI CORRETORA DE TÍTULOS E VALORES MOBILIÁRIOS S.A.,25,0.0,28151.52,129193.68,246391.38,560095.4800000001,98343482.76,0.0,98343482.76,False,0.0002862570981821104,0.0013136984411594168,0.002505416455519477,0.005695298399863179,1.309463677216766e-06,False
2026-06-30,54996578000179,SANREMO FUNDO DE INVESTIMENTO EM DIREITOS CREDITÓRIOS,Classe,61231191.9,QI CORRETORA DE TÍTULOS E VALORES MOBILIÁRIOS S.A.,25,0.0,28018.54,116449.63,210074.28999999998,451295.5600000001,58073728.28,0.0,58073728.28,False,0.00048246497736308244,0.002005203272614823,0.0036173721960321846,0.007771079511618366,2.487408461191476e-06,False
2026-06-30,52430088000185,GUARDIAN MULTI CONSIGNADO V FUNDO DE INVESTIMENTO EM DIREITOS CREDITÓRIOS-RESPONSABILIDADE LIMITADA,Classe,3161189.65,QI CORRETORA DE TÍTULOS E VALORES MOBILIÁRIOS S.A.,25,0.0,27697.98,123928.62,200936.05000000002,373282.83999999997,2178469.11,0.0,2178469.11,False,0.01271442402963428,0.056887939990115356,0.09223727299029731,0.17135099060459022,0.001330882992734897,False
2026-06-30,53877402000135,SÓLIDO FUNDO DE INVESTIMENTO EM DIREITOS CREDITÓRIOS,Classe,254502042.9,QI CORRETORA DE TÍTULOS E VALORES MOBILIÁRIOS S.A.,4,0.0,27401.27,89519.87,89519.87,89519.87,209930989.28,0.0,209930989.28,False,0.00013052513158718536,0.00042642522815248076,0.00042642522815248076,0.00042642522815248076,4.673282602460418e-08,False
2026-06-30,36083634000100,BRASIL MICROCRÉDITO FUNDO DE INVESTIMENTO EM DIREITOS CREDITÓRIOS,Classe,-379375.23,BANCO GENIAL S.A.,24,0.0,26896.32,132899.03999999998,261098.64,584221.8500000001,0.0,0.0,0.0,True,,,,,,
2026-06-30,63762529000162,FUNDO DE INVESTIMENTO EM DIREITOS CREDITÓRIOS INTRA RC CONSIG C,Classe,393964.61,INTRA INVESTIMENTOS DTVM LTDA,24,0.0,26452.32,104517.79,162517.6,280507.14,0.0,379792.13,379792.13,False,0.0696494685132101,0.27519735598523326,0.42791197384737806,0.7385807072937505,0.027539855515544002,False
2026-06-30,58442027000114,BANQI II FUNDO DE INVESTIMENTO EM DIREITOS CREDITÓRIOS,Classe,111639253.06,GENIAL INVESTIMENTOS CORRETORA DE VALORES MOBILIÁRIOS S.A.,24,0.0,26348.5,88596.68000000001,155548.30000000002,333848.0399999999,105685425.6,0.0,105685425.6,False,0.00024931062963898405,0.0008383055610271395,0.0014718046420962704,0.0031588843788504357,4.333201684462625e-07,False
2026-06-30,66737102000100,PAN CONSIGNADO FUNDO DE INVESTIMENTO EM DIREITOS CREDITÓRIOS RESPONSABILIDADE LIMITADA,Classe,1016603043.91,BTG PACTUAL SERVIÇOS FINANCEIROS S/A DTVM,25,0.0,26234.78,71230.14,95985.76000000001,135884.46999999997,0.0,0.0,0.0,True,,,,,,
2026-06-30,59827367000126,DOTZFIN FUNDO DE INVESTIMENTO EM DIREITOS CREDITÓRIOS - RESPONSABILIDADE LIMITADA,Classe,10182056.72,BANVOX DISTRIBUIDORA DE TITULOS E VALORES MOBILIARIOS LTDA,24,0.0,26072.5,122316.28,236021.93000000002,532386.0299999999,7484972.66,0.0,7484972.66,False,0.0034833126564820342,0.016341580063967794,0.03153277115644134,0.07112731791862015,0.00021171763028416621,False
2026-06-30,49998666000170,VSI SAC FUNDO DE INVESTIMENTO EM DIREITOS CREDITÓRIOS,Classe,14719659.74,FIDD DISTRIBUIDORA DE TITULOS E VALORES MOBILIARIOS LTDA.,25,0.0,25487.23,108354.43999999999,193723.04,431022.42000000004,14145736.65,0.0,14145736.65,False,0.0018017605325630036,0.0076598654902853705,0.01369480040475658,0.030470128962849032,3.803498633776248e-05,False
2026-06-30,53937754000139,VALOR MAX FUNDO DE INVESTIMENTO EM DIREITOS CREDITÓRIOS SEGMENTO NPL-RESPONSABILIDADE LIMITADA,Classe,33928240.78,OSLO CAPITAL DISTRIBUIDORA DE TITULOS E VALORES MOBILIARIOS S.A.,24,0.0,25079.05,93745.12,164929.12,319306.86000000004,32120905.17,0.0,32120905.17,False,0.0007807703384219417,0.002918508040288828,0.0051346348780369686,0.009940780258528438,4.4172392153452755e-06,False
2026-06-30,61942198000117,FUNDO DE INVESTIMENTO EM DIREITOS CREDITÓRIOS HAM - RESPONSABILIDADE LIMITADA,Classe,98490212.12,BANCO DAYCOVAL S.A.,24,0.0,24581.63,119415.16,235339.72,541310.76,86964672.87,0.0,86964672.87,False,0.0002826622488047082,0.0013731456240686252,0.002706153110606187,0.00622449026870007,1.6169289697066623e-06,False
2026-06-30,63672361000102,GUARDIAN WAREHOUSE III FUNDO DE INVESTIMENTO EM DIREITOS CREDITÓRIOS RESPONSABILIDADE LIMITADA,Classe,11820515.5,BANCO DAYCOVAL S.A.,24,0.0,24007.59,105303.75,180582.33999999997,367981.24,11309308.8,0.0,11309308.8,False,0.002122816736598438,0.009311245440570161,0.015967584155098847,0.032537907179614724,4.6268649703875306e-05,False
2026-06-30,24552987000115,NDMP I FUNDO DE INVESTIMENTO EM DIREITOS CREDITÓRIOS,Classe,101456182.22,LIMINE TRUST DISTRIBUIDORA DE TITULOS E VALORES MOBILIARIOS LTDA.,24,0.0,23653.74,110021.96999999999,212483.81000000003,477834.83999999997,80961932.96,0.0,80961932.96,False,0.0002921587854342158,0.0013589345755165873,0.0026244903281271662,0.005901969265433408,1.4586532364541057e-06,False
2026-06-30,63395725000146,FUNDO DE INVESTIMENTO EM DIREITOS CREDITÓRIOS DOTZ NOVERDE - RESPONSABILIDADE LIMITADA,Classe,255391245.82,GENIAL INVESTIMENTOS CORRETORA DE VALORES MOBILIÁRIOS S.A.,24,0.0,23574.5,108644.57,206625.56,460254.73999999993,251474789.52,0.0,251474789.52,False,9.374498352299088e-05,0.00043202966868915267,0.0008216551662868253,0.0018302221899797852,1.4049871548464464e-07,False
2026-06-30,59309090000140,FIDC MULTISEGMENTOS NPL IPANEMA X RESP LIMITADA,Classe,121289604.82,APEX GROUP DISTRIBUIDORA DE TÍTULOS E VALORES MOBILIÁRIOS S.A.,24,0.0,23464.83,85949.93,150323.08000000002,336526.29000000004,136156386.97,0.0,136156386.97,False,0.00017233734327255703,0.0006312588921659456,0.001104047216184735,0.0024716158932312775,3.7551004243322527e-07,False
2026-06-30,44642151000119,EMPRESTA I FUNDO DE INVESTIMENTO EM DIREITOS CREDITÓRIOS FINANCEIROS DE RESPONSABILIDE LIMITADA,Classe,34481928.6,VORTX DISTRIBUIDORA DE TITULOS E VALORES MOBILIARIOS LTDA.,24,0.0,22975.29,96661.11,178080.21,384042.87,31881829.81,0.0,31881829.81,False,0.0007206390014914895,0.0030318557804257973,0.005585633292106203,0.012045822723749117,6.149163214764389e-06,False
2026-06-30,53032513000140,COBUCCIO EMPRÉSTIMOS FUNDO DE INVESTIMENTO EM DIREITOS CREDITÓRIOS,Classe,13167308.02,QI CORRETORA DE TÍTULOS E VALORES MOBILIÁRIOS S.A.,25,0.0,22829.79,108921.09,192283.34000000003,398596.61999999994,12321866.7,0.0,12321866.7,False,0.0018527866398684546,0.008839658198866897,0.015605049517375484,0.03234872034445884,4.3616443363566316e-05,False
2026-06-30,63757872000119,AFINZ SINAI FUNDO DE INVESTIMENTO EM DIREITOS  CREDITÓRIOS RESPONSABILIDADE LIMITADA,Classe,9884999.38,ID CORRETORA DE TITULOS E VALORES MOBILIARIOS S.A.,25,0.0,22693.92,66572.36,114063.64,233082.02,6901493.01,0.0,6901493.01,False,0.0032882624045431,0.00964608091372971,0.016527386151768342,0.03377269522149382,5.053170180964948e-05,False
2026-06-30,54837634000122,CL VIII FUNDO DE INVESTIMENTO EM DIREITOS CREDITÓRIOS RESPONSABILIDADE LIMITADA,Classe,27105100.55,QI CORRETORA DE TÍTULOS E VALORES MOBILIÁRIOS S.A.,25,0.0,22681.18,100473.34,172789.62999999998,347889.43999999994,23523225.0,0.0,23523225.0,False,0.0009642036753038753,0.004271240019172541,0.00734549067995566,0.014789189832601607,9.315931880105557e-06,False
2026-06-30,56822910000104,FUNDO DE INVESTIMENTO EM DIREITOS CREDITÓRIOS CONCRÉDITO II RESPONSABILIDADE LIMITADA,Classe,62979761.14,BANCO DAYCOVAL S.A.,24,0.0,22228.7,106084.01999999999,197605.08000000002,437115.00000000006,62350524.54,0.0,62350524.54,False,0.000356511836331698,0.0017014134328884988,0.003169260907712646,0.007010606618386599,2.066125059069493e-06,False
2026-06-30,62543802000103,PINE LIFT I CARTÃO INSS FIDC - RESP LIMITADA,Classe,160667845.39,BANCO DAYCOVAL S.A.,24,0.0,22141.3,99984.62,188499.16,423491.49000000005,160274912.0,0.0,160274912.0,False,0.00013814576295009915,0.0006238320068458374,0.0011760989767381684,0.0026422818438359215,2.9278702958290127e-07,False
2026-06-30,61452743000197,PIEMONTE FUNDO DE INVESTIMENTO EM DIREITOS CREDITÓRIOS RESPONSABILIDADE LIMITADA,Classe,1858424.86,VORTX DISTRIBUIDORA DE TITULOS E VALORES MOBILIARIOS LTDA.,24,0.0,21928.49,93692.34,167871.46,332705.60000000003,1401284.0,0.0,1401284.0,False,0.0156488549073564,0.0668617781977101,0.11979831354671858,0.2374291007390365,0.002458404691121345,False
2026-06-30,55819223000177,INVESTMONEY FUNDO DE INVESTIMENTO EM DIREITOS CREDITÓRIOS  RESPONSABILIDADE LIMITADA,Classe,8188729.29,ID CORRETORA DE TITULOS E VALORES MOBILIARIOS S.A.,25,0.0,21375.17,100936.82999999999,185370.68999999997,409236.8500000001,8258659.08,0.0,8258659.08,False,0.0025882131460982886,0.012221939303008496,0.022445615953431506,0.04955245712842769,9.993482871608645e-05,False
2026-06-30,41341254000150,BS PLUS FUNDO DE INVESTIMENTO EM DIREITOS CREDITÓRIOS,Classe,42551342.23,QI CORRETORA DE TÍTULOS E VALORES MOBILIÁRIOS S.A.,25,0.0,20872.65,93735.8,169121.79,356368.7099999999,31044325.87,0.0,31044325.87,False,0.0006723499195120387,0.003019418118226318,0.005447752053248242,0.011479350896273784,5.454630233287345e-06,False
2026-06-30,54233886000142,SHR FUNDO DE INVESTIMENTO EM DIREITOS  CREDITÓRIOS RESPONSABILIDADE LIMITADA,Classe,32964993.32,BANCO DAYCOVAL S.A.,24,0.0,20617.06,65239.31,117368.87,257175.86000000002,30412703.89,0.0,30412703.89,False,0.0006779094708109493,0.0021451335019722247,0.0038592053644592927,0.008456198466607305,3.097682576476917e-06,False
2026-06-30,33489701000195,EXTRA BALANCE TOP SIERRA FUNDO DE INVESTIMENTO EM DIREITOS CREDITÓRIOS SEGMENTO FINANCEIRO,Classe,143612699.46,HEMERA DISTRIBUIDORA DE TITULOS E VALORES MOBILIARIOS LTDA,25,0.0,20060.05,78076.81000000001,137661.63,286041.74,154825543.05,0.0,154825543.05,False,0.00012956550711739937,0.0005042889465259978,0.0008891403013231672,0.001847510006198554,1.4358547060091607e-07,False
2026-06-30,51497411000175,ST 1001 FUNDO DE INVESTIMENTO EM DIREITOS CREDITÓRIOS DE RESPONSABILIDADE LIMITADA,Classe,29035607.05,BANCO DAYCOVAL S.A.,1,0.0,20021.97,20021.97,20021.97,20021.97,20021.97,0.0,20021.97,False,1.0,1.0,1.0,1.0,1.0,False
2026-06-30,55483719000112,FUNDO DE INVESTIMENTO EM DIREITOS CREDITÓRIOS FGTS VISION RESPONSABILIDADE LIMITADA,Classe,32393175.24,QI CORRETORA DE TÍTULOS E VALORES MOBILIÁRIOS S.A.,25,0.0,19815.55,94194.62,181094.47999999998,406661.94000000006,31176912.33,0.0,31176912.33,False,0.0006355841075683584,0.0030212940589809845,0.005808608565311381,0.013043688730159767,6.876448626352062e-06,False
2026-06-30,60021170000184,GRBK CONSIGNADO FUNDO DE INVESTIMENTO EM DIREITOS CREDITÓRIOS  RESPONSABILIDADE LIMITADA,Classe,1634827.23,ID CORRETORA DE TITULOS E VALORES MOBILIARIOS S.A.,25,0.0,19559.81,88424.93000000001,154479.93999999997,316567.89,1507364.8,0.0,1507364.8,False,0.012976162107540259,0.058661931073353976,0.10248344660827954,0.21001411867916778,0.001852393099378132,False
2026-06-30,62222488000159,GONN III FUNDO DE INVESTIMENTO EM DIREITOS CREDITÓRIOS DE RESPONSABILIDADE LIMITADA,Classe,169285530.81,GENIAL INVESTIMENTOS CORRETORA DE VALORES MOBILIÁRIOS S.A.,24,0.0,19177.12,91551.13999999998,177979.9,405221.26,163278188.11,0.0,163278188.11,False,0.00011745059289291251,0.0005607064915389817,0.0010900408809050202,0.002481784399316115,2.573686654033873e-07,False
2026-06-30,64353123000199,PAYROLL LOANS FUNDO DE INVESTIMENTO EM DIREITOS CREDITÓRIOS  CONSIGNADOS - RESPONSABILIDADE LIMITADA,Classe,66546.24,BANCO DAYCOVAL S.A.,6,0.0,19161.03,69796.41,71802.32,71802.32,71802.32,0.0,71802.32,False,0.26685809037925234,0.9720634375045263,1.0,1.0,0.21190853986164584,False
2026-06-30,62604155000194,LIFT CRÉDITO ESTRUTURADO I FUNDO DE INVESTIMENTO EM DIREITOS CREDITÓRIOS RESPOSABILIDADE LIMITADA,Classe,103305144.42,BANCO DAYCOVAL S.A.,24,0.0,18156.81,66664.67000000001,109848.69,210101.55,32761786.64,0.0,32761786.64,False,0.0005542069545691907,0.00203483011267178,0.0033529517546482626,0.006413006479429291,1.8762868849367047e-06,False
2026-06-30,45964979000156,LIMELIGHT FUNDO DE INVESTIMENTO EM DIREITOS CREDITÓRIOS - RESPONSABILIADE LIMITADA,Classe,17858956.03,HEMERA DISTRIBUIDORA DE TITULOS E VALORES MOBILIARIOS LTDA,25,0.0,17501.36,77837.12,138975.37,304456.44000000006,16308603.37,0.0,16308603.37,False,0.001073136650817942,0.004772764303237819,0.008521598499087173,0.018668455728100775,1.4300826572587872e-05,False
2026-06-30,59448501000188,ALCAR FUNDO DE INVESTIMENTO EM DIREITOS CREDITÓRIOS  RESPONSABILIDADE LIMITADA,Classe,7195163.26,ID CORRETORA DE TITULOS E VALORES MOBILIARIOS S.A.,25,0.0,17403.04,81988.32,153110.46000000002,334783.32,6512423.39,0.0,6512423.39,False,0.002672283258905254,0.012589525448528925,0.023510519944864954,0.051406872672631936,0.00010766642358606475,False
2026-06-30,65425932000121,KESH FUNDO DE INVESTIMENTO EM DIREITOS CREDITÓRIOS FINANCEIRO DE RESPONSABILIDADE LIMITADA,Classe,1724008.4,GENIAL INVESTIMENTOS CORRETORA DE VALORES MOBILIÁRIOS S.A.,24,0.0,17382.39,44659.69,64939.600000000006,109342.58999999998,1557600.48,0.0,1557600.48,False,0.011159723063259457,0.028672108524260345,0.04169207754738237,0.07019938129448958,0.0002949420822398647,False
2026-06-30,57133534000103,JIF INFRA - FUNDO DE INVESTIMENTO EM DIREITOS CREDITÓRIOS CRÉDITO PRIVADO,Classe,1101076.89,BANCO DAYCOVAL S.A.,1,0.0,17275.59,17275.59,17275.59,17275.59,17275.59,0.0,17275.59,False,1.0,1.0,1.0,1.0,1.0,False
2026-06-30,64809660000109,CRÉDITOS COLATERALIZADOS I FIDC DE CLASSE ÚNICA FECHADA DE RESPONSABILIDADE LIMITADA,Classe,919953.46,APEX GROUP DISTRIBUIDORA DE TÍTULOS E VALORES MOBILIÁRIOS S.A.,6,0.0,16530.22,53191.3,55291.490000000005,55291.490000000005,54123.0,0.0,54123.0,False,0.305419507418288,0.9827855070857122,1.0215895275576004,1.0215895275576004,0.21218837606157634,False
2026-06-30,57127130000107,HBCJ FUNDO DE INVESTIMENTO EM DIREITOS CREDITÓRIOS - RESPONSABILIDADE LIMITADA,Classe,1609741.81,QI CORRETORA DE TÍTULOS E VALORES MOBILIÁRIOS S.A.,25,0.0,16465.41,55421.88999999999,89140.08,161395.14000000004,1401801.93,0.0,1401801.93,False,0.011745889092904874,0.039536177553985814,0.06358963994292689,0.11513405463780468,0.0006280502432085175,False
2026-06-30,26690373000125,SIMPLIC FUNDO DE INVESTIMENTO EM DIREITOS CREDITÓRIOS - RESPONSABILIDADE LIMITADA,Classe,328162522.39,LIMINE TRUST DISTRIBUIDORA DE TITULOS E VALORES MOBILIARIOS LTDA.,25,0.0,16422.24,71696.0,134202.88,299465.28,272490897.92,0.0,272490897.92,False,6.026711396731266e-05,0.0002631133757027329,0.0004925040837121845,0.00109899186463072,4.900788374196053e-08,False
2026-06-30,64168514000133,VATZ I FUNDO DE INVESTIMENTO EM DIREITOS CREDITORIOS FINANCEIRO RESPONSABILIDADE LIMITADA,Classe,2035198.9,FINVEST DISTRIBUIDORA DE TÍTULOS E VALORES MOBILIÁRIOS LTDA.,25,0.0,16011.04,70265.70999999999,118840.14000000003,249527.51000000004,1810949.25,0.0,1810949.25,False,0.008841241685817534,0.03880048543602201,0.06562312002945418,0.13778824006249762,0.0007978638708993772,False
2026-06-30,36017588000133,JEITTO FUNDO DE INVESTIMENTO EM DIREITOS CREDITÓRIOS,Classe,-667710.98,"MASTER S/A CORRETORA DE CAMBIO, TITULOS E VALORES MOBILIARIOS",25,0.0,14864.91,69340.65,133860.9,316066.17,5970.77,0.0,5970.77,False,2.4896135674293265,11.613351376790597,22.41936969603585,52.935579498121676,112.49376164608434,True
2026-06-30,44179672000181,LATACHE CRÉDITO ESTRUTURADO FIDC,Classe,317272614.73,APEX GROUP DISTRIBUIDORA DE TÍTULOS E VALORES MOBILIÁRIOS S.A.,7,0.0,14671.45,71418402.97999999,107173959.13,107173959.13,190254143.65,0.0,190254143.65,False,7.711500900075141e-05,0.37538421823487045,0.5633199733466093,0.5633199733466093,0.11488631427984229,False
2026-06-30,32295244000135,CREDORES FUNDO DE INVESTIMENTO EM DIREITOS CREDITÓRIOS  NÃO-PADRONIZADOS RESPONSABILIDADE LIMITADA,Classe,13698875.57,ID CORRETORA DE TITULOS E VALORES MOBILIARIOS S.A.,1,0.0,14559.2,14559.2,14559.2,14559.2,6679286.06,0.0,6679286.06,False,0.0021797539241791364,0.0021797539241791364,0.0021797539241791364,0.0021797539241791364,4.751327169974343e-06,False
2026-06-30,64656842000189,FUNDO DE INVESTIMENTO EM DIREITOS CREDITÓRIOS CONSIGNADO EXT SETHI - RESPONSABILIDADE LIMITADA,Classe,14565525.73,BANCO DAYCOVAL S.A.,24,0.0,14431.92,65907.84,128595.59000000001,300049.68999999994,14271229.2,0.0,14271229.2,False,0.001011259772914305,0.0046182314835221065,0.009010827882996933,0.02102479651857879,1.8445385367678703e-05,False
2026-06-30,33827572000106,MEGA INFINITY FUNDO DE INVESTIMENTO EM DIREITOS CREDITÓRIOS RESPONSABILIDADE LIMITADA,Classe,16408230.24,TRUSTEE DISTRIBUIDORA DE TITULOS E VALORES MOBILIARIOS LTDA.,10,0.0,13817.31,1000589.1900000001,9232436.99,9232436.99,8179322.99,0.0,8179322.99,False,0.0016892975148301362,0.12233154152529684,1.1287531989245971,1.1287531989245971,0.5317074915854001,True
2026-06-30,42067134000170,BANQI EP FUNDO DE INVESTIMENTO EM DIREITOS CREDITÓRIOS RESPONSABILIDADE LIMITADA,Classe,185616518.04,BANCO GENIAL S.A.,24,0.0,13715.94,66611.34,124682.36,273877.38,183351322.88,0.0,183351322.88,False,7.480687777189819e-05,0.000363298933183023,0.0006800188732840628,0.0014937300462197788,9.385974831985671e-08,False
2026-06-30,60234640000198,BANQI III FUNDO DE INVESTIMENTO EM DIREITOS CREDITÓRIOS,Classe,35923262.72,GENIAL INVESTIMENTOS CORRETORA DE VALORES MOBILIÁRIOS S.A.,24,0.0,13558.78,55675.06,106138.15999999997,245087.54,36303774.55,0.0,36303774.55,False,0.00037348127482793666,0.0015335887435980126,0.0029236122501206966,0.006751020879728332,1.9089810710190522e-06,False
2026-06-30,54990152000108,FUNDO DE INVESTIMENTO EM DIREITOS CREDITÓRIOS K8 CONSIGNADOS - RESPONSABILIDADE LIMITADA,Classe,2929726.1,BANVOX DISTRIBUIDORA DE TITULOS E VALORES MOBILIARIOS LTDA,24,0.0,13366.75,58465.380000000005,108379.86,237494.72999999998,2667278.44,0.0,2667278.44,False,0.005011381563898519,0.021919488840467665,0.04063312565147867,0.08904009661623478,0.0003346066288705238,False
2026-06-30,54479396000120,NOVALAR S/A FUNDO DE INVESTIMENTO EM DIREITOS CREDITÓRIOS  RESPONSABILIDADE LIMITADA,Classe,2081248.82,ID CORRETORA DE TITULOS E VALORES MOBILIARIOS S.A.,25,0.0,11626.54,45678.9,80246.14,169395.64,1759282.69,0.0,1759282.69,False,0.006608682087356865,0.025964502612141317,0.045612987870641754,0.09628676560217847,0.0003878338764073423,False
2026-06-30,46082763000120,MENTORE FUNDO DE INVESTIMENTO EM DIREITOS CREDITÓRIOS - RESPONSABILIDADE LIMITADA,Classe,286656199.11,HEMERA DISTRIBUIDORA DE TITULOS E VALORES MOBILIARIOS LTDA,25,0.0,11422.61,56615.33,111796.51999999999,273509.3400000001,238909650.24,0.0,238909650.24,False,4.781142155005149e-05,0.00023697380973571508,0.00046794476442325894,0.0011448233243204805,5.244760692409022e-08,False
2026-06-30,66320254000103,FUNDO DE INVESTIMENTO EM DIREITOS CREDITÓRIOS SOLVERA VAREJO RESPONSABILIDADE LIMITADA,Classe,3036937.3,QI CORRETORA DE TÍTULOS E VALORES MOBILIÁRIOS S.A.,25,0.0,11044.81,55059.9,109477.07999999999,270045.63999999996,1465265.56,0.0,1465265.56,False,0.0075377530882524794,0.03757673796687066,0.07471483872179456,0.1842980872354633,0.0013593283114157193,False
2026-06-30,60681487000147,SIM FUNDO DE INVESTIMENTO EM DIREITOS CREDITÓRIOS,Classe,3555557.49,LIMINE TRUST DISTRIBUIDORA DE TITULOS E VALORES MOBILIARIOS LTDA.,25,0.0,10565.05,38235.229999999996,63855.93999999999,130515.21000000002,4124109.93,0.0,4124109.93,False,0.002561777008693849,0.009271147144227554,0.015483568838816086,0.03164687950013011,4.323612555652459e-05,False
2026-06-30,35686610000175,IRONSIDE - FUNDO DE INVESTIMENTO EM DIREITOS CREDITÓRIOS NÃOPADRONIZADOS,Classe,7889438.61,PLANNER CORRETORA DE VALORES S.A.,1,0.0,10550.53,10550.53,10550.53,10550.53,10550.53,0.0,10550.53,False,1.0,1.0,1.0,1.0,1.0,False
2026-06-30,47466676000139,ARTESANAL CDC FUNDO DE INVESTIMENTO EM DIREITOS CREDITÓRIOS - RESPONSABILIDADE LIMITADA,Classe,122026057.91,QI CORRETORA DE TÍTULOS E VALORES MOBILIÁRIOS S.A.,25,0.0,10463.1,50189.130000000005,98305.14,239210.34999999998,112701274.05,0.0,112701274.05,False,9.283923441147647e-05,0.00044532886094733555,0.00087226289878841,0.0021225168217164445,1.8036146134822267e-07,False
2026-06-30,63887027000168,ADIANTA PLANTÃO FUNDO DE INVESTIMENTO EM DIREITOS CREDITÓRIOS NÃO-PADRONIZADOS - RESPONSABILIDADE LI,Classe,-2140.96,AZUMI DISTRIBUIDORA DE TÍTULOS E VALORES MOBILIÁRIOS LTDA.,1,0.0,10260.0,10260.0,10260.0,10260.0,9747.0,0.0,9747.0,False,1.0526315789473684,1.0526315789473684,1.0526315789473684,1.0526315789473684,1.10803324099723,True
2026-06-30,50948092000104,CESSIONÁRIO 1 FUNDO DE INVESTIMENTO EM DIREITOS CREDITÓRIOS NÃO-PADRONIZADOS RESP LIMITADA,Classe,20805134.4,ID CORRETORA DE TITULOS E VALORES MOBILIARIOS S.A.,1,0.0,10000.0,10000.0,10000.0,10000.0,10000.0,0.0,10000.0,False,1.0,1.0,1.0,1.0,1.0,False
2026-06-30,42888478000140,FUNDO DE INVESTIMENTO EM DIREITOS CREDITÓRIOS JUVO - RESPONSABILIDADE LIMITADA,Classe,110593461.46,QI CORRETORA DE TÍTULOS E VALORES MOBILIÁRIOS S.A.,25,0.0,9680.89,47791.159999999996,94833.93999999999,232152.69,0.0,67474452.81,67474452.81,False,0.0001434748945243058,0.000708285254784862,0.0014054792006545208,0.003440601299186734,4.737151404768703e-07,False
2026-06-30,54565372000194,CRÉDITO PLUS I FUNDO DE INVESTIMENTO EM DIREITOS CREDITÓRIOS FINANCEIROS DE RESPONSABILIDADE LIMITAD,Classe,91917167.8,QI CORRETORA DE TÍTULOS E VALORES MOBILIÁRIOS S.A.,21,0.0,9589.05,42169.29,81009.66,160143.43999999997,76377146.39,0.0,76377146.39,False,0.0001255486811596235,0.0005521192135756618,0.0010606531381304202,0.002096745526237249,2.106829926355603e-07,False
2026-06-30,64782540000157,RCP EP FUNDO DE INVESTIMENTO EM DIREITOS CREDITÓRIOS DE RESPONSABILIDADE LIMITADA,Classe,99425649.45,GENIAL INVESTIMENTOS CORRETORA DE VALORES MOBILIÁRIOS S.A.,24,0.0,9366.91,36467.18,68352.17,152607.5,5477156.85,0.0,5477156.85,False,0.0017101774253552736,0.006658049239542958,0.012479498373321189,0.027862539667820544,3.2808987901479766e-05,False
2026-06-30,65564636000101,NEO CONSIGNADO PRIVADO PULL I FUNDO DE INVESTIMENTO EM DIREITOS CREDITÓRIOS RESP LIMITADA,Classe,13560868.68,VORTX DISTRIBUIDORA DE TITULOS E VALORES MOBILIARIOS LTDA.,24,0.0,9297.07,45715.259999999995,88603.49,193120.81,12205510.08,0.0,12205510.08,False,0.0007617108944290839,0.0037454608369796205,0.007259302513312086,0.015822428455198163,1.0515396228818248e-05,False
2026-06-30,63565588000140,VIVO PAY III FUNDO DE INVESTIMENTO EM DIREITOS CREDITÓRIOS RESPONSABILIDADE LIMITADA,Classe,4361044.62,QI CORRETORA DE TÍTULOS E VALORES MOBILIÁRIOS S.A.,25,0.0,9219.66,31093.41,53391.899999999994,118474.62,3876130.96,0.0,3876130.96,False,0.0023785728849574266,0.008021764569069152,0.01377453459415623,0.03056517471225998,3.966762803684969e-05,False
2026-06-30,61784056000179,TV LAR FUNDO DE  INVESTIMENTO EM DIREITOS CREDITÓRIOS PADRONIZADOS RESPONSABILIDADE  LIMITADA,Classe,2099377.7,ID CORRETORA DE TITULOS E VALORES MOBILIARIOS S.A.,25,0.0,8858.04,43632.95,84004.39000000001,190615.25999999998,1373653.24,0.0,1373653.24,False,0.006448526995066092,0.031764166333564645,0.061153999826040535,0.13876519521040112,0.0007769470237998019,False
2026-06-30,53327560000111,LEVANTE - MICROCRÉDITO FUNDO DE INVESTIMENTO EM DIREITOS CREDITÓRIOS,Classe,3424876.45,VERT DISTRIBUIDORA DE TÍTULOS E VALORES MOBILIÁRIOS LTDA.,25,0.0,8448.51,25344.46,40610.64,108238.08999999998,2101109.97,0.0,2101109.97,False,0.0040209746851089375,0.012062414800687465,0.019328183950314604,0.05151471914628056,0.00016352457328743628,False
2026-06-30,63168433000170,LARCA AURORA FUNDO DE INVESTIMENTO  EM DIREITOS CREDITÓRIOS CONSIGNADO DE RESPONSABILIDADE  LIMITADA,Classe,279033501.11,VERT DISTRIBUIDORA DE TÍTULOS E VALORES MOBILIÁRIOS LTDA.,25,0.0,8240.76,133918.75,291532.39,445733.38,243021002.71,0.0,243021002.71,False,3.390966174982745e-05,0.0005510583386070829,0.001199618085470124,0.0018341352188884646,2.3055305903836981e-07,False
2026-06-30,63066147000102,FUNDO DE INVESTIMENTO EM DIREITOS CREDITÓRIOS INCLUSÃO CREDIÁRIA RESPONSABILIDADE LIMITADA,Classe,156443253.15,VORTX DISTRIBUIDORA DE TITULOS E VALORES MOBILIARIOS LTDA.,24,0.0,8047.0,28966.25,51928.37,105185.86999999998,145661706.47,0.0,145661706.47,False,5.5244444095932197e-05,0.00019885974633948006,0.0003564998053259454,0.0007221243836084243,2.279229256074158e-08,False
2026-06-30,64630838000141,MODDE PERFORMANCE FUNDO DE INVESTIMENTO EM DIREITOS CREDITÓRIOS DE RESPONSABILIDADE LIMITADA,Classe,4809305.26,QI CORRETORA DE TÍTULOS E VALORES MOBILIÁRIOS S.A.,20,0.0,7969.95,19231.289999999997,23512.059999999994,26044.209999999992,2600996.43,0.0,2600996.43,False,0.0030641910569635033,0.00739381637674912,0.009039635629180772,0.010013166377164151,1.558200175705607e-05,False
2026-06-30,66617173000161,WAIMEA FUNDO DE INVESTIMENTO EM DIREITOS CREDITÓRIOS NÃO PADRONIZADOS RESPONSABILIDADE LIMITADA,Classe,4156300.04,ID CORRETORA DE TITULOS E VALORES MOBILIARIOS S.A.,24,0.0,7675.75,23653.87,43626.52,99549.93999999999,3102184.49,1030387.15,4132571.64,False,0.0018573785692436295,0.005723765263026389,0.010556748630254839,0.0240891020584945,2.49389651191598e-05,False
2026-06-30,63310209000171,ORIGINAL II FUNDO DE INVESTIMENTO EM DIREITOS CREDITÓRIOS,Classe,1057122.09,QI CORRETORA DE TÍTULOS E VALORES MOBILIÁRIOS S.A.,3,0.0,7493.47,10562.95,10562.95,10562.95,1056295.23,0.0,1056295.23,False,0.007094105688615105,0.009999997822578448,0.009999997822578448,0.009999997822578448,5.494228330314553e-05,False
2026-06-30,26489103000150,INVISTA III FUNDO DE INVESTIMENTO EM DIREITOS CREDITÓRIOS - RESPONSABILIDADE LIMITADA,Classe,136418699.99,HEMERA DISTRIBUIDORA DE TITULOS E VALORES MOBILIARIOS LTDA,25,0.0,7414.25,5678532.07,5765343.27,5893819.91,14487177.04,92190810.14,106677987.18,False,6.950121759880772e-05,0.05323058880384098,0.05404435743872834,0.05524869812227741,0.0025911466490599684,False
2026-06-30,45963809000157,PAYJOY I FUNDO DE INVESTIMENTO EM DIREITOS CREDITÓRIOS SEGMENTO FINANCEIRO,Classe,496711110.05,GENIAL INVESTIMENTOS CORRETORA DE VALORES MOBILIÁRIOS S.A.,24,0.0,6964.74,32485.8,60869.42999999999,128886.08,418356511.42,0.0,418356511.42,False,1.66478584888282e-05,7.765099649037512e-05,0.00014549655219514782,0.00030807714588337696,4.0211797258966405e-09,False
2026-06-30,58505957000170,FIRENZE CAPITAL FUNDO DE INVESTIMENTO EM DIREITOS CREDITÓRIOS,Classe,15470938.02,FIDD DISTRIBUIDORA DE TITULOS E VALORES MOBILIARIOS LTDA.,25,0.0,6000.0,1469630.51,2475867.43,4957265.8100000005,0.0,13160622.28,13160622.28,False,0.0004559054938548088,0.1116687705742741,0.18812692723219773,0.3766741195462682,0.008978188096834493,False
2026-06-30,40782833000176,FUNDO DE INVESTIMENTO EM DIREITOS CREDITORIOS GO KENERSON RESPONSABILIDADE LIMITADA,Classe,53607894.73,QI CORRETORA DE TÍTULOS E VALORES MOBILIÁRIOS S.A.,25,0.0,5953.87,13723.64,20602.729999999996,33797.13999999999,51226673.57,0.0,51226673.57,False,0.00011622597340551855,0.00026790027623493803,0.0004021875434064027,0.0006597566783995261,2.757173758781709e-08,False
2026-06-30,63394409000150,FUNDO DE INVESTIMENTO EM DIREITOS CREDITÓRIOS JUVO CDC CREDITO PESSOAL - RESP LIMITADA,Classe,937868.61,GENIAL INVESTIMENTOS CORRETORA DE VALORES MOBILIÁRIOS S.A.,24,0.0,5676.65,27854.49,53999.68,117623.29,234854.05,0.0,234854.05,False,0.02417096916148561,0.11860340496576492,0.22992867272248446,0.5008356892291191,0.010549622388569033,False
2026-06-30,40770569000150,ENDLESS SUMMIT FUNDO DE INVESTIMENTO EM DIREITOS CREDITÓRIOS,Classe,229652471.92,APEX GROUP DISTRIBUIDORA DE TÍTULOS E VALORES MOBILIÁRIOS S.A.,4,0.0,5214.88,17851555.98,17851555.98,17851555.98,195926490.68,0.0,195926490.68,False,2.661651307028861e-05,0.0911135391546227,0.0911135391546227,0.0911135391546227,0.004183359198728405,False
2026-06-30,59931773000134,IBCB CREDIÁRIO FUNDO DE  INVESTIMENTO EM DIREITOS CREDITÓRIOS - RESPONSABILIDADE LIMITADA,Classe,6567396.83,HEMERA DISTRIBUIDORA DE TITULOS E VALORES MOBILIARIOS LTDA,25,0.0,5202.94,40320.72,66930.58,175107.53999999998,5450523.76,0.0,5450523.76,False,0.0009545761525127266,0.007397586319300808,0.012279660257824471,0.032126736385422155,4.930946238283688e-05,False
2026-06-30,60736775000151,FACIO 3 FUNDO DE INVESTIMENTO EM DIREITOS CREDITÓRIOS RESPONSABILIDADE LIMITADA,Classe,52120538.31,QI CORRETORA DE TÍTULOS E VALORES MOBILIÁRIOS S.A.,25,0.0,5166.75,25290.32,49363.16,118454.79000000001,50963158.03,0.0,50963158.03,False,0.0001013820610755428,0.0004962471121807755,0.0009686048099872825,0.0023243220118005707,2.1646324568067423e-07,False
2026-06-30,41778453000120,FUNDO DE INVESTIMENTO EM DIREITOS CREDITÓRIOS DE RESPONSABILIDADE LIMITADA INCLUSÃO FINANCEIRA,Classe,347646895.16,VORTX DISTRIBUIDORA DE TITULOS E VALORES MOBILIARIOS LTDA.,24,0.0,5033.52,19942.32,37941.17,86498.98,288856645.3,0.0,288856645.3,False,1.7425667997952065e-05,6.90388132815444e-05,0.00013134947946444214,0.0002994529688252943,3.765711566207973e-09,False
2026-06-30,43271544000109,CBZ I FUNDO DE INVESTIMENTO EM DIREITOS CREDITORIOS,Classe,4571111.31,LASTRO RDV DTVM LTDA,25,0.0,4565.28,18858.59,30922.14,47246.00000000001,4095202.46,235561.27,4330763.7299999995,False,0.0010541512501306555,0.004354564500797646,0.007140112443862183,0.010909392187045034,6.600112543244309e-06,False
2026-06-30,55255330000110,FUNDO DE INVESTIMENTO EM DIREITOS CREDITÓRIOS DE RESPONSABILIDADE LIMITADA INCLUSÃO FINANCEIRA PLUS,Classe,67540425.16,VORTX DISTRIBUIDORA DE TITULOS E VALORES MOBILIARIOS LTDA.,24,0.0,4562.11,21784.85,42651.49,99731.40000000001,40228305.71,0.0,40228305.71,False,0.00011340547207947525,0.0005415303880069871,0.0010602358028068192,0.002479134983186942,2.5632108088778064e-07,False
2026-06-30,53926245000100,FRAM CAPITAL FUNDO DE INVESTIMENTO EM DIREITOS CREDITÓRIOS CONSIGNADO I RESPONSABILIDADE LIMITADA,Classe,11997823.34,VORTX DISTRIBUIDORA DE TITULOS E VALORES MOBILIARIOS LTDA.,24,0.0,4433.5,20928.91,39557.54,87356.08999999998,11937353.51,0.0,11937353.51,False,0.00037139722772606406,0.0017532286350125858,0.003313761292807689,0.007317877444679946,2.2495283017939997e-06,False
2026-06-30,51027087000121,NAVESA FUNDO DE INVESTIMENTO EM DIREITOS CREDITÓRIOS,Classe,48187084.68,QI CORRETORA DE TÍTULOS E VALORES MOBILIÁRIOS S.A.,25,0.0,4322.98,19856.66,37961.54,82542.63999999998,48164940.38,0.0,48164940.38,False,8.97536665859774e-05,0.00041226377201632067,0.0007881571055730641,0.0017137494482246877,1.196975129419678e-07,False
2026-06-30,60368384000121,ONCRED FUNDO DE INVESTIMENTO EM DIREITOS CREDITÓRIOS,Classe,19007377.8,LIMINE TRUST DISTRIBUIDORA DE TITULOS E VALORES MOBILIARIOS LTDA.,25,0.0,4072.15,17262.95,33573.520000000004,81450.99,18984005.61,0.0,18984005.61,False,0.00021450425603830193,0.0009093418088175544,0.0017685161229785374,0.004290506001383341,7.384051584166772e-07,False
2026-06-30,58152340000118,MONEE II FUNDO DE INVESTIMENTO EM DIREITOS CREDITÓRIOS SEGMENTO FINANCEIRO - RESP. LIMITADA,Classe,442213717.89,QI CORRETORA DE TÍTULOS E VALORES MOBILIÁRIOS S.A.,25,0.0,4063.78,19406.89,37849.40000000001,90551.39,418207518.86,0.0,418207518.86,False,9.717137585372776e-06,4.640492847403035e-05,9.050387258262219e-05,0.00021652262553010953,1.8788597036208394e-09,False
2026-06-30,61918781000192,PARCELA DIÁRIA FUNDO DE INVESTIMENTO EM DIREITOS CREDITÓRIOS  RESPONSABILIDADE LIMITADA,Classe,8025527.26,ID CORRETORA DE TITULOS E VALORES MOBILIARIOS S.A.,25,0.0,3863.25,17036.2,31155.840000000004,64155.39,8038901.59,0.0,8038901.59,False,0.00048056938584814795,0.0021192198721765917,0.003875633959589248,0.007980616416527125,2.6531341992894038e-06,False
2026-06-30,43444591000107,FUNDO DE INVESTIMENTO EM DIREITOS CREDITÓRIOS OUZE - RESPONSABILIDADE LIMITADA,Classe,7661363.89,BANVOX DISTRIBUIDORA DE TITULOS E VALORES MOBILIARIOS LTDA,24,0.0,2758.43,13255.6,24950.52,54447.93000000001,0.0,7452964.6,7452964.6,False,0.00037011178075366144,0.0017785674173200823,0.00334773091502407,0.007305539865304071,2.2455895696527896e-06,False
2026-06-30,41865425000140,BEAT FUNDO DE INVESTIMENTO EM DIREITOS CREDITORIOS - RESPONSABILIDADE LIMITADA,Classe,30671117.33,LASTRO RDV DTVM LTDA,25,0.0,2748.42,10539.15,16299.67,25402.71,35696121.26,0.0,35696121.26,False,7.699491997971772e-05,0.00029524636369413767,0.00045662300061337255,0.0007116378223553805,2.941187735769397e-08,False
2026-06-30,62627291000108,FACIO 4 FUNDO DE INVESTIMENTO EM DIREITOS CREDITÓRIOS FINANCEIROS DE RESPONSABILIDADE LIMITADA,Classe,410773065.35,QI CORRETORA DE TÍTULOS E VALORES MOBILIÁRIOS S.A.,25,0.0,2499.8,12274.28,23448.05,51268.21000000001,340980732.63,0.0,340980732.63,False,7.331206020700725e-06,3.599698993350128e-05,6.87664954531129e-05,0.00015035515234120694,9.209577800569816e-10,False
2026-06-30,60800084000170,INVICTO 22 FUNDO DE INVESTIMENTOS EM DIREITOS CREDITÓRIOS RESPONSABILIDADE LIMITADA,Classe,7896.94,ID CORRETORA DE TITULOS E VALORES MOBILIARIOS S.A.,14,0.0,2328.77,9861.960000000001,14924.210000000001,17547.96,17460.25,0.0,17460.25,False,0.1333755244054352,0.5648235277272663,0.8547535115476583,1.0050234103177216,0.08719616484489878,False
2026-06-30,60113723000129,FAIR DRIVE FUNDO DE INVESTIMENTO EM DIREITOS CREDITÓRIOS DE RESPONSABILIDADE LIMITADA,Classe,4853407.15,FIDD DISTRIBUIDORA DE TITULOS E VALORES MOBILIARIOS LTDA.,25,0.0,2124.89,6874.69,15167.77,34964.159999999996,2595300.53,0.0,2595300.53,False,0.0008187452572207505,0.0026488993935511584,0.005844321235506395,0.01347210451962571,1.001072497885815e-05,False
2026-06-30,48359929000138,KYOMI FUNDO DE INVESTIMENTO EM DIREITOS CREDITÓRIOS RESPONSABILIDADE LIMITADA,Classe,66792698.88,BTG PACTUAL SERVIÇOS FINANCEIROS S/A DTVM,25,0.0,1740.93,8550.86,16979.27,41702.73,0.0,0.0,0.0,True,,,,,,
2026-06-30,61544063000101,CREDIÁRIO AMERICANAS FUNDO DE INVESTIMENTO EM DIREITOS CREDITÓRIOS DE RESPONSABILIDADE LIMITADA,Classe,1143281.52,GENIAL INVESTIMENTOS CORRETORA DE VALORES MOBILIÁRIOS S.A.,24,0.0,1655.6,5925.49,9499.81,16260.339999999998,163883.33,0.0,163883.33,False,0.010102308758309952,0.03615675859161514,0.05796690853181956,0.09921899927222616,0.0004934996413434239,False
2026-06-30,65675575000150,R2 FUNDO DE  INVESTIMENTO EM DIREITOS CREDITÓRIOS,Classe,455559.82,QI CORRETORA DE TÍTULOS E VALORES MOBILIÁRIOS S.A.,25,0.0,1557.46,7763.259999999999,15414.88,33220.39,140695.66,0.0,140695.66,False,0.011069708902179357,0.05517767925464083,0.10956187276849903,0.2361152433557652,0.0022758041043319894,False
2026-06-30,36335723000199,FUNDO DE INVESTIMENTO EM DIREITOS CREDITÓRIOS COMERCIAIS,Classe,64057913.76,APEX GROUP DISTRIBUIDORA DE TÍTULOS E VALORES MOBILIÁRIOS S.A.,24,0.0,1552.4,6780.47,12698.2,27519.249999999996,6382825.44,0.0,6382825.44,False,0.00024321517399980783,0.0010622991438098924,0.0019894324416930946,0.004311452703616472,7.849001046211407e-07,False
2026-06-30,42926752000128,QR CREDITO CRIPTO I - FUNDO DE INVESTIMENTOS EM DIREITOS CREDITORIOS,Classe,1593981.18,VORTX DISTRIBUIDORA DE TITULOS E VALORES MOBILIARIOS LTDA.,24,0.0,787.75,3685.16,7205.5599999999995,16698.989999999998,322013.59,0.0,322013.59,False,0.00244632532434423,0.011444113274846566,0.022376571125460883,0.0518580287248125,0.0001123764153355721,False
2026-06-30,57968717000149,SAYURI FUNDO DE INVESTIMENTO EM COTAS DE FUNDOS DE INVESTIMENTOS EM DIREITOS CREDITÓRIOS,Classe,1309951.56,BANVOX DISTRIBUIDORA DE TITULOS E VALORES MOBILIARIOS LTDA,3,0.0,704.56,1301987.9000000001,1301987.9000000001,1301987.9000000001,0.0,0.0,0.0,True,,,,,,
2026-06-30,63796349000100,W CAPITAL BONA CRÉDITO EMPRESARIAL FUNDO DE INVESTIMENTO EM DIREITOS  CREDITÓRIOS RESPONSABILIDADE L,Classe,650109.88,QI CORRETORA DE TÍTULOS E VALORES MOBILIÁRIOS S.A.,25,0.0,515.05,2108.23,3663.9,5479.740000000001,714223.45,0.0,714223.45,False,0.0007211328611515065,0.0029517793066021567,0.0051299071740083585,0.007672304794808965,3.2272563574547004e-06,False
2026-06-30,57691078000117,MENTORE II FUNDO DE INVESTIMENTO EM DIREITOS CREDITÓRIOS,Classe,106952.59,HEMERA DISTRIBUIDORA DE TITULOS E VALORES MOBILIARIOS LTDA,25,0.0,125.22,7289.69,13783.98,65167.35,260278.03,0.0,260278.03,False,0.00048110092119569214,0.028007319711156563,0.052958676535241944,0.2503759153240863,0.004052535075262606,False
2026-06-30,66311371000100,TIKTOK PARCELADO FIDC CRÉDITO PESSOAL - RESPONSABILIDADE LIMITADA,Classe,182597.66,GENIAL INVESTIMENTOS CORRETORA DE VALORES MOBILIÁRIOS S.A.,2,0.0,112.99,341.87,341.87,341.87,335.37,0.0,335.37,False,0.3369114709127232,1.0193815785550289,1.0193815785550289,1.0193815785550289,0.5792747870578748,False
2026-06-30,23884789000196,III FIDC POLO RECUPERAÇÃO DE  CRÉDITO FUNDO DE INVESTIMENTO EM DIREITOS CREDITÓRIOS,Classe,8749676.22,BEM - DISTRIBUIDORA DE TITULOS E VALORES MOBILIARIOS LTDA.,1,0.0,1.0,1.0,1.0,1.0,1.0,0.0,1.0,False,1.0,1.0,1.0,1.0,1.0,False
2026-06-30,50739342000104,RIGEL FUNDO DE INVESTIMENTO EM DIREITOS CREDITÓRIOS NÃO-PADRONIZADOS,Classe,146681617.49,QI CORRETORA DE TÍTULOS E VALORES MOBILIÁRIOS S.A.,1,0.0,1.0,1.0,1.0,1.0,1.0,0.0,1.0,False,1.0,1.0,1.0,1.0,1.0,False
2026-06-30,30283468000100,CANAL 26 FUNDO DE INVESTIMENTO EM DIREITOS CREDITÓRIOS NÃO-PADRONIZADOS,Classe,-123478.24,QI CORRETORA DE TÍTULOS E VALORES MOBILIÁRIOS S.A.,1,0.0,0.1,0.1,0.1,0.1,0.1,0.0,0.1,False,1.0,1.0,1.0,1.0,1.0,False
2026-06-30,07507899000182,GP FIDC FCVS,Classe,4812296.83,OLIVEIRA TRUST DTVM S.A.,1,0.0,0.0,0.0,0.0,0.0,3052857.06,0.0,3052857.06,False,0.0,0.0,0.0,0.0,0.0,False
2026-06-30,07742454000187,GP - FIDC FCVS 2,Classe,97880805.34,OLIVEIRA TRUST DTVM S.A.,1,0.0,0.0,0.0,0.0,0.0,95150688.72,0.0,95150688.72,False,0.0,0.0,0.0,0.0,0.0,False
2026-06-30,08417544000165,PRAVALER CRÉDITO UNIVERSITÁRIO FUNDO DE INVESTIMENTO EM DIREITOS CREDITÓRIOS - RESP LIMITADA,Classe,1240666511.7,OLIVEIRA TRUST DTVM S.A.,1,0.0,0.0,0.0,0.0,0.0,1131079037.48,0.0,1131079037.48,False,0.0,0.0,0.0,0.0,0.0,False
2026-06-30,09009924000123,ECO MULTI COMMODITIES FIDC AGROPECUARIOS,Classe,56563787.96,OLIVEIRA TRUST DTVM S.A.,1,0.0,0.0,0.0,0.0,0.0,55780585.61,0.0,55780585.61,False,0.0,0.0,0.0,0.0,0.0,False
2026-06-30,09260031000156,FUNDO DE INVESTIMENTO EM QUOTAS DE FUNDO DE INVESTIMENTO EM DIREITOS CREDITÓRIOS NÃO PADRONIZADO SRM,Classe,80996734.05,QI CORRETORA DE TÍTULOS E VALORES MOBILIÁRIOS S.A.,1,0.0,0.0,0.0,0.0,0.0,0.0,0.0,0.0,True,,,,,,
2026-06-30,09410142000100,TARGET FUNDO DE INVESTIMENTO EM DIREITOS CREDITORIOS- MULTICREDITO,Classe,35832812.16,MONETAR DISTRIBUIDORA DE TITULOS E VALORES MOBILIARIOS LTDA.,1,0.0,0.0,0.0,0.0,0.0,17937318.39,13927906.43,31865224.82,False,0.0,0.0,0.0,0.0,0.0,False
2026-06-30,10528349000154,CREDENCIAL - FUNDO DE INVESTIMENTO EM DIREITOS CREDITÓRIOS RESPONSABILIDADE LIMITADA,Classe,251620870.57,OLIVEIRA TRUST DTVM S.A.,1,0.0,0.0,0.0,0.0,0.0,0.0,42017516.25,42017516.25,False,0.0,0.0,0.0,0.0,0.0,False
2026-06-30,10896292000146,INCENTIVO MULTISETORIAL I - FIDC,Classe,4069414.36,RJI CORRETORA DE TÍTULOS E VALORES MOBILIÁRIOS LTDA.,1,0.0,0.0,0.0,0.0,0.0,0.0,0.0,0.0,True,,,,,,
2026-06-30,11375619000105,CJP FIDC-NP CRÉDITOS JUDICIAIS E PRECATÓRIOS,Classe,290687822.15,RJI CORRETORA DE TÍTULOS E VALORES MOBILIÁRIOS LTDA.,1,0.0,0.0,0.0,0.0,0.0,268975450.28,0.0,268975450.28,False,0.0,0.0,0.0,0.0,0.0,False
2026-06-30,11726466000195,MERITA FUNDO DE INVESTIMENTO EM COTAS DE FUNDO DE INVESTIMENTO EM DIREITOS CREDITÓRIOS,Classe,30158437.63,MONETAR DISTRIBUIDORA DE TITULOS E VALORES MOBILIARIOS LTDA.,1,0.0,0.0,0.0,0.0,0.0,0.0,0.0,0.0,True,,,,,,
2026-06-30,12330846000179,LHOTSE FUNDO DE INVESTIMENTO EM DIREITOS CREDITÓRIOS,Classe,1458174.99,MONETAR DISTRIBUIDORA DE TITULOS E VALORES MOBILIARIOS LTDA.,1,0.0,0.0,0.0,0.0,0.0,99419.92,0.0,99419.92,False,0.0,0.0,0.0,0.0,0.0,False
2026-06-30,12440789000180,LME REC MULTISETORIAL IPCA - FUNDO DE INVESTIMENTO EM DIREITOS CREDITORIOS,Classe,38442603.41,RJI CORRETORA DE TÍTULOS E VALORES MOBILIÁRIOS LTDA.,1,0.0,0.0,0.0,0.0,0.0,66470947.12,0.0,66470947.12,False,0.0,0.0,0.0,0.0,0.0,False
2026-06-30,12610459000196,FUNDO DE INVESTIMENTO EM DIREITOS CREDITORIOS GOAL ONE,Classe,212964931.68,OLIVEIRA TRUST DTVM S.A.,1,0.0,0.0,0.0,0.0,0.0,0.0,185054922.81,185054922.81,False,0.0,0.0,0.0,0.0,0.0,False
2026-06-30,13344834000166,INCENTIVO FUNDO DE INVESTIMENTO EM DIREITOS CREDITÓRIOS MULTISSETORIAL II,Classe,-26083273.04,RJI CORRETORA DE TÍTULOS E VALORES MOBILIÁRIOS LTDA.,1,0.0,0.0,0.0,0.0,0.0,27474572.83,0.0,27474572.83,False,0.0,0.0,0.0,0.0,0.0,False
2026-06-30,13598246000159,DUAS RODAS FUNDO DE INVESTIMENTO EM DIREITOS CREDITÓRIOS NÃO-PADRONIZADO,Classe,99126150.52,MONETAR DISTRIBUIDORA DE TITULOS E VALORES MOBILIARIOS LTDA.,1,0.0,0.0,0.0,0.0,0.0,3108274.19,35136188.21,38244462.4,False,0.0,0.0,0.0,0.0,0.0,False
2026-06-30,13633964000119,FUNDO DE INVESTIMENTO EM DIREITOS CREDITORIOS MULTISSETORIAL INVEST DUNAS LP,Classe,76832.1,QI CORRETORA DE TÍTULOS E VALORES MOBILIÁRIOS S.A.,1,0.0,0.0,0.0,0.0,0.0,0.0,0.0,0.0,True,,,,,,
2026-06-30,13895002000138,POLICARD II FUNDO DE INVESTIMENTO EM DIREITOS CREDITÓRIOS RESPONSABILIDADE LIMITADA,Classe,85428393.89,OLIVEIRA TRUST DTVM S.A.,1,0.0,0.0,0.0,0.0,0.0,0.0,65272146.06,65272146.06,False,0.0,0.0,0.0,0.0,0.0,False
2026-06-30,15254288000106,FUNDO DE INVESTIMENTO EM DIREITOS CREDITORIOS CAIXA DUBLIN,Classe,243696856.53,CAIXA ECONOMICA FEDERAL,1,0.0,0.0,0.0,0.0,0.0,0.0,233791640.35,233791640.35,False,0.0,0.0,0.0,0.0,0.0,False
2026-06-30,17198845000136,INVISTA I FIC DE FIDC MULTISSETORIAL - RESPONSABILIDADE LIMITADA,Classe,1809956971.41,QI CORRETORA DE TÍTULOS E VALORES MOBILIÁRIOS S.A.,1,0.0,0.0,0.0,0.0,0.0,0.0,0.0,0.0,True,,,,,,
2026-06-30,17334148000165,FUNDO DE INVESTIMENTO EM DIREITOS CREDITÓRIOS EMPIRICA HOME EQUITY,Classe,101967957.21,OLIVEIRA TRUST DTVM S.A.,1,0.0,0.0,0.0,0.0,0.0,0.0,96543395.4,96543395.4,False,0.0,0.0,0.0,0.0,0.0,False
2026-06-30,17334155000167,OP 1 FUNDO DE INVESTIMENTO EM COTAS DE FUNDOS DE INVESTIMENTO EM DIREITOS CREDITÓRIOS - RESPONSABILI,Classe,638630353.09,QI CORRETORA DE TÍTULOS E VALORES MOBILIÁRIOS S.A.,1,0.0,0.0,0.0,0.0,0.0,0.0,0.0,0.0,True,,,,,,
2026-06-30,18063954000109,FIDC DONEGAL - RESPONSABILIDADE LIMITADA - SEGMENTO COMERCIAL,Classe,358653673.33,OLIVEIRA TRUST DTVM S.A.,1,0.0,0.0,0.0,0.0,0.0,0.0,191025887.14,191025887.14,False,0.0,0.0,0.0,0.0,0.0,False
2026-06-30,18151682000107,STONE FUNDO DE INVESTIMENTO EM COTAS DE FUNDO DE INVESTIMENTO EM DIREITOS CREDITÓRIOS,Classe,55811788.86,QI CORRETORA DE TÍTULOS E VALORES MOBILIÁRIOS S.A.,1,0.0,0.0,0.0,0.0,0.0,0.0,0.0,0.0,True,,,,,,
2026-06-30,19117931000100,FIDC MRFG FUNDO DE INVESTIMENTO EM DIREITOS CREDITÓRIOS - RESPONSABILIDADE LIMITADA,Classe,160517474.38,OLIVEIRA TRUST DTVM S.A.,1,0.0,0.0,0.0,0.0,0.0,0.0,107885509.54,107885509.54,False,0.0,0.0,0.0,0.0,0.0,False
2026-06-30,19746810000110,FUNDO DE INVESTIMENTO EM DIREITOS CREDITÓRIOS SUMITOMO RESPONSABILIDADE LIMITADA,Classe,691010142.71,OLIVEIRA TRUST DTVM S.A.,1,0.0,0.0,0.0,0.0,0.0,481771502.21,0.0,481771502.21,False,0.0,0.0,0.0,0.0,0.0,False
2026-06-30,19832159000109,INX SSPI BONDS FUNDO DE INVESTIMENTO EM DIREITOS CREDITÓRIOS NÃO-PADRONIZADOS,Classe,4789521.41,RJI CORRETORA DE TÍTULOS E VALORES MOBILIÁRIOS LTDA.,1,0.0,0.0,0.0,0.0,0.0,6267352.23,0.0,6267352.23,False,0.0,0.0,0.0,0.0,0.0,False
2026-06-30,20093934000122,DBS FUNDO DE INVESTIMENTO EM DIREITOS CREDITORIOS,Fundo,119630503.72,QI CORRETORA DE TÍTULOS E VALORES MOBILIÁRIOS S.A.,1,0.0,0.0,0.0,0.0,0.0,0.0,0.0,0.0,True,,,,,,
2026-06-30,20649717000176,ELDORADO I FUNDO DE INVESTIMENTO EM DIREITOS CREDITÓRIOS NÃO PADRONIZADOS,Classe,6647275.56,MONETAR DISTRIBUIDORA DE TITULOS E VALORES MOBILIARIOS LTDA.,1,0.0,0.0,0.0,0.0,0.0,6251630.56,0.0,6251630.56,False,0.0,0.0,0.0,0.0,0.0,False
2026-06-30,20658724000134,SIERRA FUNDO DE INVESTIMENTO EM COTAS DE FUNDO DE INVESTIMENTO EM DIREITOS CREDITÓRIOS,Classe,993077.38,MONETAR DISTRIBUIDORA DE TITULOS E VALORES MOBILIARIOS LTDA.,1,0.0,0.0,0.0,0.0,0.0,0.0,0.0,0.0,True,,,,,,
2026-06-30,21081952000157,FICOU FÁCIL FUNDO DE INVESTIMENTO EM DIREITOS CREDITÓRIOS EDUCACIONAL RESPONSABILIDADE LIMITADA,Classe,188782589.3,OLIVEIRA TRUST DTVM S.A.,1,0.0,0.0,0.0,0.0,0.0,0.0,180033582.74,180033582.74,False,0.0,0.0,0.0,0.0,0.0,False
2026-06-30,21093180000173,FIPER FUNDO DE INVESTIMENTO EM DIREITOS CREDITÓRIOS RESPONSABILIDADE LIMITADA,Classe,224417220.64,OLIVEIRA TRUST DTVM S.A.,1,0.0,0.0,0.0,0.0,0.0,0.0,173970587.1,173970587.1,False,0.0,0.0,0.0,0.0,0.0,False
2026-06-30,21205491000187,INOVA CREDTECH I FUNDO DE INVESTIMENTO EM DIREITOS CREDITORIOS FINANCEIRO- RESPONSABILIDADE LIMITADA,Classe,24368680.57,MONETAR DISTRIBUIDORA DE TITULOS E VALORES MOBILIARIOS LTDA.,1,0.0,0.0,0.0,0.0,0.0,22612717.44,0.02,22612717.46,False,0.0,0.0,0.0,0.0,0.0,False
2026-06-30,21796827000123,ASPEN FUNDO DE INVESTIMENTO EM COTAS DE FUNDO DE INVESTIMENTO EM DIREITOS CREDITÓRIOS - RESPONSABILI,Classe,51837680.58,QI CORRETORA DE TÍTULOS E VALORES MOBILIÁRIOS S.A.,1,0.0,0.0,0.0,0.0,0.0,0.0,0.0,0.0,True,,,,,,
2026-06-30,22282851000107,VIRGÍNIA FIC DE FIDC MULTISSETORIAL - RESPONSABILIDADE LIMITADA,Classe,33268434.22,QI CORRETORA DE TÍTULOS E VALORES MOBILIÁRIOS S.A.,1,0.0,0.0,0.0,0.0,0.0,0.0,0.0,0.0,True,,,,,,
2026-06-30,22802113000143,FUNDO DE INVESTIMENTO EM DIREITOS CREDITÓRIOS MUSTANG MULTICARTEIRA - RESPONSABILIDADE LIMITADA,Classe,189997633.62,OLIVEIRA TRUST DTVM S.A.,1,0.0,0.0,0.0,0.0,0.0,187405033.28,0.0,187405033.28,False,0.0,0.0,0.0,0.0,0.0,False
2026-06-30,22945949000105,PENCA FUNDO DE INVESTIMENTO EM COTAS DE FUNDOS DE INVESTIMENTO EM DIREITOS CREDITÓRIOS NP,Classe,19220031.03,WNT CAPITAL DISTRIBUIDORA DE TITULOS E VALORES MOBILIARIOS S.A.,1,0.0,0.0,0.0,0.0,0.0,0.0,0.0,0.0,True,,,,,,
2026-06-30,23246620000100,FUNDO DE INVESTIMENTO EM DIREITOS CREDITÓRIOS MARTE FORNECEDORES,Classe,0.02,QI CORRETORA DE TÍTULOS E VALORES MOBILIÁRIOS S.A.,1,0.0,0.0,0.0,0.0,0.0,0.0,0.0,0.0,True,,,,,,
2026-06-30,23980344000100,NOBEL FUNDO DE INVESTIMENTO EM COTAS DE FUNDOS DE INVESTIMENTO EM DIREITOS CREDITÓRIOS,Classe,37934543.49,QI CORRETORA DE TÍTULOS E VALORES MOBILIÁRIOS S.A.,1,0.0,0.0,0.0,0.0,0.0,0.0,0.0,0.0,True,,,,,,
2026-06-30,24331364000112,CIPA FUNDO DE INVESTIMENTO EM COTAS DE FUNDOS DE INVESTIMENTO EM DIREITOS CREDITORIOS,Classe,100815150.63,QI CORRETORA DE TÍTULOS E VALORES MOBILIÁRIOS S.A.,1,0.0,0.0,0.0,0.0,0.0,0.0,0.0,0.0,True,,,,,,
2026-06-30,24445360000165,AR BANK FUNDO DE INVESTIMENTO EM DIREITOS CREDITORIOS IMOBILIÁRIOS I,Classe,53917.13,PLANNER CORRETORA DE VALORES S.A.,1,0.0,0.0,0.0,0.0,0.0,0.0,0.0,0.0,True,,,,,,
2026-06-30,24976450000182,VALE 40 FUNDO DE INVESTIMENTO EM COTAS DE FUNDOS DE INVESTIMENTO EM DIREITOS CREDITÓRIOS,Classe,61412113.39,QI CORRETORA DE TÍTULOS E VALORES MOBILIÁRIOS S.A.,1,0.0,0.0,0.0,0.0,0.0,0.0,0.0,0.0,True,,,,,,
2026-06-30,25235009000102,FUNDO DE INVESTIMENTO EM DIREITOS CREDITÓRIOS EMPÍRICA IMOBILIÁRIO,Classe,17130000.41,OLIVEIRA TRUST DTVM S.A.,1,0.0,0.0,0.0,0.0,0.0,0.0,7294271.37,7294271.37,False,0.0,0.0,0.0,0.0,0.0,False
2026-06-30,25248974000110,FUNDO DE INVESTIMENTO EM DIREITOS CREDITÓRIOS ANGÁ SABEMI CONSIGNADOS VI - RESPONSABILIDADE LIMITADA,Classe,56139932.1,OLIVEIRA TRUST DTVM S.A.,1,0.0,0.0,0.0,0.0,0.0,0.0,53877956.35,53877956.35,False,0.0,0.0,0.0,0.0,0.0,False
2026-06-30,25306519000123,FUNDO DE INVESTIMENTO EM DIREITOS CREDITÓRIOS GOAL NP,Classe,36923613.99,OLIVEIRA TRUST DTVM S.A.,1,0.0,0.0,0.0,0.0,0.0,0.0,27668242.64,27668242.64,False,0.0,0.0,0.0,0.0,0.0,False
2026-06-30,26000088000135,RNX FEEDER FUNDO DE INVESTIMENTO EM COTAS DE FIDC MULTISSETORIAL,Classe,178445318.09,QI CORRETORA DE TÍTULOS E VALORES MOBILIÁRIOS S.A.,1,0.0,0.0,0.0,0.0,0.0,0.0,0.0,0.0,True,,,,,,
2026-06-30,26207801000116,AQUIRAZ FIC DE FUNDOS DE INVESTIMENTO EM DIREITOS CREDITORIOS MULTISSETORIAL,Classe,150614162.77,QI CORRETORA DE TÍTULOS E VALORES MOBILIÁRIOS S.A.,1,0.0,0.0,0.0,0.0,0.0,0.0,0.0,0.0,True,,,,,,
2026-06-30,26286853000125,MILAS FUNDO DE INVESTIMENTO EM DIREITOS CREDITÓRIOS NÃO PADRONIZADOS RESPONSABILIDADE LIMITADA,Classe,1823444.45,OLIVEIRA TRUST DTVM S.A.,1,0.0,0.0,0.0,0.0,0.0,1266246.77,0.0,1266246.77,False,0.0,0.0,0.0,0.0,0.0,False
2026-06-30,26287464000114,TAPSO FUNDO DE INVESTIMENTO EM DIREITOS CREDITÓRIOS RESPONSABILIDADE LIMITADA,Classe,41496046291.59,OLIVEIRA TRUST DTVM S.A.,1,0.0,0.0,0.0,0.0,0.0,0.0,28186458808.25,28186458808.25,False,0.0,0.0,0.0,0.0,0.0,False
2026-06-30,26395682000172,FUNDO DE INVESTIMENTO EM DIREITOS CREDITÓRIOS XPCE IV,Classe,224728496.36,XP INVESTIMENTOS CCTVM S.A.,1,0.0,0.0,0.0,0.0,0.0,199562584.61,0.0,199562584.61,False,0.0,0.0,0.0,0.0,0.0,False
2026-06-30,26558776000115,WNT AÇÕES JUDICIAIS FUNDO DE INVESTIMENTO EM DIREITOS CREDITÓRIOS-NÃO PADRONIZADO,Classe,11333181.3,WNT CAPITAL DISTRIBUIDORA DE TITULOS E VALORES MOBILIARIOS S.A.,1,0.0,0.0,0.0,0.0,0.0,12484665.18,0.0,12484665.18,False,0.0,0.0,0.0,0.0,0.0,False
2026-06-30,26709975000187,ARON FUNDO DE INVESTIMENTO EM DIREITOS CREDITÓRIOS - RESPONSABILIDADE LIMITADA,Classe,743782066.5,OLIVEIRA TRUST DTVM S.A.,1,0.0,0.0,0.0,0.0,0.0,0.0,627536646.1,627536646.1,False,0.0,0.0,0.0,0.0,0.0,False
2026-06-30,26722650000134,VERDECARD FUNDO DE INVESTIMENTO EM DIREITOS CREDITÓRIOS RESPONSABILIDADE LIMITADA,Classe,1610706096.38,OLIVEIRA TRUST DTVM S.A.,1,0.0,0.0,0.0,0.0,0.0,0.0,1166143632.18,1166143632.18,False,0.0,0.0,0.0,0.0,0.0,False
2026-06-30,26749095000134,PRAVALER CRÉDITO UNIVERSITÁRIO II FUNDO DE INVESTIMENTO EM DIREITOS CREDITÓRIOS - RESP LIMITADAL,Classe,392878603.09,OLIVEIRA TRUST DTVM S.A.,1,0.0,0.0,0.0,0.0,0.0,349521335.44,0.0,349521335.44,False,0.0,0.0,0.0,0.0,0.0,False
2026-06-30,27467600000110,FUNDO DE INVESTIMENTO EM DIREITOS CREDITORIOS LOTEAMENTO,Classe,0.01,OLIVEIRA TRUST DTVM S.A.,1,0.0,0.0,0.0,0.0,0.0,0.0,0.0,0.0,True,,,,,,
2026-06-30,27500576000174,HOD MULTIPLICA 90 FUNDO DE INVESTIMENTO EM COTAS DE FUNDO DE  INVESTIMENTO EM DIREITOS CREDITÓRIOS,Classe,137782957.98,PLANNER CORRETORA DE VALORES S.A.,1,0.0,0.0,0.0,0.0,0.0,0.0,0.0,0.0,True,,,,,,
2026-06-30,27944627000157,RESQ II FUNDO DE INVESTIMENTO EM COTAS DE FUNDOS DE INVESTIMENTO EM DIREITOS CREDITÓRIOS NP,Classe,252514001.85,QI CORRETORA DE TÍTULOS E VALORES MOBILIÁRIOS S.A.,1,0.0,0.0,0.0,0.0,0.0,0.0,0.0,0.0,True,,,,,,
2026-06-30,28065377000148,SERRANA - FUNDO DE INVESTIMENTO EM QUOTAS DE FUNDO DE INVESTIMENTO EM DIREITOS CREDITÓRIOS,Classe,109552994.22,QORE DISTRIBUIDORA DE TÍTULOS E VALORES MOBILIÁRIOS LTDA.,1,0.0,0.0,0.0,0.0,0.0,0.0,0.0,0.0,True,,,,,,
2026-06-30,28079865000104,XPLORER FUNDO DE INVESTIMENTO EM COTAS DE FUNDOS DE INVESTIMENTO EM DIREITOS CREDITÓRIOS,Classe,34622221.18,QI CORRETORA DE TÍTULOS E VALORES MOBILIÁRIOS S.A.,1,0.0,0.0,0.0,0.0,0.0,0.0,0.0,0.0,True,,,,,,
2026-06-30,28079873000150,MULTIPLIKE INVESTIMENTOS FUNDO DE INVESTIMENTO EM DIREITOS CREDITÓRIOS MULTISSETORIAL - RESPONSABILI,Classe,717547129.56,QI CORRETORA DE TÍTULOS E VALORES MOBILIÁRIOS S.A.,1,0.0,0.0,0.0,0.0,0.0,0.0,0.0,0.0,True,,,,,,
2026-06-30,28481469000109,MAJORITY - FUNDO DE INVESTIMENTO EM DIREITOS CREDITÓRIOS RESPONSABILIDADE LIMITADA,Classe,441852859.55,OLIVEIRA TRUST DTVM S.A.,1,0.0,0.0,0.0,0.0,0.0,0.0,241667561.7,241667561.7,False,0.0,0.0,0.0,0.0,0.0,False
2026-06-30,28536554000127,GÁTRIA II - FUNDO DE INVESTIMENTO EM DIREITOS CREDITÓRIOS - RESPONSABILIDADE LIMITADA,Classe,9879439.6,OLIVEIRA TRUST DTVM S.A.,1,0.0,0.0,0.0,0.0,0.0,12706939.21,0.0,12706939.21,False,0.0,0.0,0.0,0.0,0.0,False
2026-06-30,28819553000190,PÁTRIA CRÉDITO ESTRUTURADO FUNDO DE INVESTIMENTO EM DIREITOS CREDITÓRIOS - RESPONSABILIDADE LIMITADA,Classe,375489546.81,OLIVEIRA TRUST DTVM S.A.,1,0.0,0.0,0.0,0.0,0.0,238084071.22,0.0,238084071.22,False,0.0,0.0,0.0,0.0,0.0,False
2026-06-30,28819664000104,TREVYS FUNDO DE INVESTIMENTO EM COTAS DE FUNDOS DE INVESTIMENTO EM DIREITOS CREDITÓRIOS,Classe,17362334.92,QI CORRETORA DE TÍTULOS E VALORES MOBILIÁRIOS S.A.,1,0.0,0.0,0.0,0.0,0.0,0.0,0.0,0.0,True,,,,,,
2026-06-30,29152737000101,POUSO ALEGRE FIC FIDC MULTISSETORIAL - RESPONSABILIDADE LIMITADA,Classe,24673528.87,QI CORRETORA DE TÍTULOS E VALORES MOBILIÁRIOS S.A.,1,0.0,0.0,0.0,0.0,0.0,0.0,0.0,0.0,True,,,,,,
2026-06-30,29152752000150,CHEVAL FUNDO DE INVESTIMENTO EM DIREITOS CREDITÓRIOS,Classe,6809130.08,WNT CAPITAL DISTRIBUIDORA DE TITULOS E VALORES MOBILIARIOS S.A.,1,0.0,0.0,0.0,0.0,0.0,0.0,0.0,0.0,True,,,,,,
2026-06-30,29226492000110,TAURUS FUNDO DE INVESTIMENTO EM COTAS DE FUNDO DE INVESTIMENTO EM DIREITOS CREDITÓRIOS NÃO PADRONIZA,Classe,356391372.75,QI CORRETORA DE TÍTULOS E VALORES MOBILIÁRIOS S.A.,1,0.0,0.0,0.0,0.0,0.0,0.0,0.0,0.0,True,,,,,,
2026-06-30,29226634000149,ARATU FUNDO DE INVESTIMENTO EM DIREITOS CREDITORIOS,Classe,6448585.28,MONETAR DISTRIBUIDORA DE TITULOS E VALORES MOBILIARIOS LTDA.,1,0.0,0.0,0.0,0.0,0.0,6036809.57,0.0,6036809.57,False,0.0,0.0,0.0,0.0,0.0,False
2026-06-30,29242769000106,COBUCCIO MASTER FUNDO DE INVESTIMENTO EM DIREITOS CREDITÓRIOS DE CLASSE ÚNICA FECHADA,Classe,1308355355.32,QI CORRETORA DE TÍTULOS E VALORES MOBILIÁRIOS S.A.,1,0.0,0.0,0.0,0.0,0.0,0.0,0.0,0.0,True,,,,,,
2026-06-30,29242992000145,UNIQUE FUNDO DE INVESTIMENTO EM COTAS DE FUNDO DE INVESTIMENTO EM DIREITOS CREDITÓRIOS NÃO PADRONIZA,Classe,64135808.17,QI CORRETORA DE TÍTULOS E VALORES MOBILIÁRIOS S.A.,1,0.0,0.0,0.0,0.0,0.0,0.0,0.0,0.0,True,,,,,,
2026-06-30,29242999000167,HOD II LONG PRAZO FUNDO DE INVESTIMENTO EM COTAS DE FUNDOS DE INVESTIMENTO EM DIREITOS CREDITÓRIOS,Classe,1216374305.64,QI CORRETORA DE TÍTULOS E VALORES MOBILIÁRIOS S.A.,1,0.0,0.0,0.0,0.0,0.0,0.0,0.0,0.0,True,,,,,,
2026-06-30,29284735000176,ACREDITAR FUNDO DE INVESTIMENTO EM COTAS DE FUNDOS DE INVESTIMENTO EM DIREITOS CREDITÓRIOS,Classe,109825516.77,QI CORRETORA DE TÍTULOS E VALORES MOBILIÁRIOS S.A.,1,0.0,0.0,0.0,0.0,0.0,0.0,0.0,0.0,True,,,,,,
2026-06-30,29301202000155,RSCRED MULTIESTRÉGIA - FUNDO DE INVESTIMENTO EM DIREITOS CREDITÓRIOS NÃO-PADRONIZADOS,Classe,3599850973.43,RJI CORRETORA DE TÍTULOS E VALORES MOBILIÁRIOS LTDA.,1,0.0,0.0,0.0,0.0,0.0,4011090870.02,0.0,4011090870.02,False,0.0,0.0,0.0,0.0,0.0,False
2026-06-30,29306608000120,TAURUS FUNDO DE INVESTIMENTO EM DIREITOS CREDITÓRIOS,Classe,14558112.36,PLANNER CORRETORA DE VALORES S.A.,1,0.0,0.0,0.0,0.0,0.0,0.0,0.0,0.0,True,,,,,,
2026-06-30,29461840000133,SIGMA CREDIT FEEDER FUNDO DE INVESTIMENTO EM DIREITOS CREDITÓRIOS,Classe,26587432.05,QI CORRETORA DE TÍTULOS E VALORES MOBILIÁRIOS S.A.,1,0.0,0.0,0.0,0.0,0.0,0.0,0.0,0.0,True,,,,,,
2026-06-30,29665263000100,FUNDO DE INVESTIMENTO EM DIREITOS CREDITÓRIOS COMERCIAIS DE RESPONSABILIDADE LIMITADA FORTBRASIL,Classe,112895536.7,OLIVEIRA TRUST DTVM S.A.,1,0.0,0.0,0.0,0.0,0.0,0.0,110994595.05,110994595.05,False,0.0,0.0,0.0,0.0,0.0,False
2026-06-30,30144052000100,DSX FUNDO DE INVESTIMENTO EM COTAS DE FUNDOS DE INVESTIMENTO DE DIREITOS CREDITÓRIOS,Classe,13218426.58,QI CORRETORA DE TÍTULOS E VALORES MOBILIÁRIOS S.A.,1,0.0,0.0,0.0,0.0,0.0,0.0,0.0,0.0,True,,,,,,
2026-06-30,30283991000128,ZEUS FUNDO DE INVESTIMENTO EM DIREITOS CREDITÓRIOS NÃO PADRONIZADOS,Classe,988619.76,QI CORRETORA DE TÍTULOS E VALORES MOBILIÁRIOS S.A.,1,0.0,0.0,0.0,0.0,0.0,0.0,0.0,0.0,True,,,,,,
2026-06-30,30418918000116,FRADE FUNDO DE INVESTIMENTO EM DIREITOS CREDITÓRIOS,Classe,78523295.45,XP INVESTIMENTOS CCTVM S.A.,1,0.0,0.0,0.0,0.0,0.0,0.0,0.0,0.0,True,,,,,,
2026-06-30,30590978000111,AUTOMOTIVO FUNDO DE INVESTIMENTO EM DIREITOS CREDITÓRIOS,Classe,183510468.34,OLIVEIRA TRUST DTVM S.A.,1,0.0,0.0,0.0,0.0,0.0,171345583.02,0.0,171345583.02,False,0.0,0.0,0.0,0.0,0.0,False
2026-06-30,30591284000107,MOLEIRO CONSIGNADO FIDC FINANCEIROS DE RESPONSABILIDADE LIMITADA,Classe,173979165.62,OLIVEIRA TRUST DTVM S.A.,1,0.0,0.0,0.0,0.0,0.0,165514290.69,0.0,165514290.69,False,0.0,0.0,0.0,0.0,0.0,False
2026-06-30,30804773000191,PROSSEG FUNDO DE INVESTIMENTO EM COTAS DE DIREITOS CREDITÓRIOS,Classe,42598384.22,XP INVESTIMENTOS CCTVM S.A.,1,0.0,0.0,0.0,0.0,0.0,0.0,0.0,0.0,True,,,,,,
2026-06-30,31024416000173,GII CAPITAL FUNDO DE INVESTIMENTO EM DIREITOS CREDITÓRIOS,Classe,40626414.78,QI CORRETORA DE TÍTULOS E VALORES MOBILIÁRIOS S.A.,1,0.0,0.0,0.0,0.0,0.0,0.0,0.0,0.0,True,,,,,,
2026-06-30,31164462000178,TARANIS - FUNDO DE INVESTIMENTO EM DIREITOS CREDITÓRIOS - RESPONSABILIDADE LIMITADA,Classe,636635521.16,OLIVEIRA TRUST DTVM S.A.,1,0.0,0.0,0.0,0.0,0.0,647159898.26,0.0,647159898.26,False,0.0,0.0,0.0,0.0,0.0,False
2026-06-30,31216543000174,FUNDO DE INVESTIMENTO EM DIREITOS CREDITÓRIOS XPCE INFRA,Classe,647834872.81,XP INVESTIMENTOS CCTVM S.A.,1,0.0,0.0,0.0,0.0,0.0,388808435.52,0.0,388808435.52,False,0.0,0.0,0.0,0.0,0.0,False
2026-06-30,31216568000178,FUNDO DE INVESTIMENTO EM DIREITOS CREDITÓRIOS XPCE SECURITIZAÇÃO,Classe,115215198.7,XP INVESTIMENTOS CCTVM S.A.,1,0.0,0.0,0.0,0.0,0.0,52854023.99,0.0,52854023.99,False,0.0,0.0,0.0,0.0,0.0,False
2026-06-30,31770515000102,CASA 5 FUNDO DE INVESTIMENTO EM COTAS DE FUNDO DE INVESTIMENTO EM DIREITOS CREDITÓRIOS,Classe,32554938.89,QI CORRETORA DE TÍTULOS E VALORES MOBILIÁRIOS S.A.,1,0.0,0.0,0.0,0.0,0.0,0.0,0.0,0.0,True,,,,,,
2026-06-30,32068046000139,FUNDO DE INVESTIMENTO EM DIREITOS CREDITORIOS BUDAPESTE 01,Classe,42533144.67,MONETAR DISTRIBUIDORA DE TITULOS E VALORES MOBILIARIOS LTDA.,1,0.0,0.0,0.0,0.0,0.0,35318520.18,3794441.77,39112961.95,False,0.0,0.0,0.0,0.0,0.0,False
2026-06-30,32101535000145,FUNDO DE INVESTIMENTO EM DIREITOS CREDITÓRIOS FINANCEIROS DE RESPONSABILIDADE LIMITADA DMCARD,Classe,54326229.06,OLIVEIRA TRUST DTVM S.A.,1,0.0,0.0,0.0,0.0,0.0,53176442.25,0.0,53176442.25,False,0.0,0.0,0.0,0.0,0.0,False
2026-06-30,32113780000172,PASSO FUNDO RS FUNDO DE INVESTIMENTO EM DIREITOS  CREDITÓRIOS RESPONSABILIDADE LIMITADA,Classe,765710103.17,MONETAR DISTRIBUIDORA DE TITULOS E VALORES MOBILIARIOS LTDA.,1,0.0,0.0,0.0,0.0,0.0,0.0,151752391.35,151752391.35,False,0.0,0.0,0.0,0.0,0.0,False
2026-06-30,32274625000138,WELLESLEY FUNDO DE INVESTIMENTO EM DIREITOS CREDITÓRIOS RESPONSABILIDADE LIMITADA,Classe,-1436261.01,APEX DISTRIBUIDORA DE TÍTULOS E VALORES MOBILIÁRIOS S.A.,1,0.0,0.0,0.0,0.0,0.0,0.0,0.0,0.0,True,,,,,,
2026-06-30,32388193000196,PSS KYROS FUNDO DE INVESTIMENTO EM DIREITOS CREDITÓRIOS - NÃO PADRONIZADOS,Classe,324720.36,QI CORRETORA DE TÍTULOS E VALORES MOBILIÁRIOS S.A.,1,0.0,0.0,0.0,0.0,0.0,0.0,0.0,0.0,True,,,,,,
2026-06-30,32525711000176,UNIÃO FUNDO DE INVESTIMENTO EM DIREITOS CREDITÓRIOS,Classe,10845384.46,QI CORRETORA DE TÍTULOS E VALORES MOBILIÁRIOS S.A.,1,0.0,0.0,0.0,0.0,0.0,0.0,0.0,0.0,True,,,,,,
2026-06-30,32525937000177,CONFIANÇA FUNDO DE INVESTIMENTO EM COTAS DE FUNDO DE INVESTIMENTO EM DIREITOS CREDITÓRIOS,Classe,69354277.58,QI CORRETORA DE TÍTULOS E VALORES MOBILIÁRIOS S.A.,1,0.0,0.0,0.0,0.0,0.0,0.0,0.0,0.0,True,,,,,,
2026-06-30,32525986000100,PARAGON FUNDO DE INVESTIMENTO EM COTAS DE FUNDO DE INVESTIMENTO EM DIREITOS CREDITÓRIOS,Classe,56168154.62,QI CORRETORA DE TÍTULOS E VALORES MOBILIÁRIOS S.A.,1,0.0,0.0,0.0,0.0,0.0,0.0,0.0,0.0,True,,,,,,
2026-06-30,32724252000150,RB CAPITAL CREDIT ALPHA STRATEGY I FIDC - RESPONSABILIDADE LIMITADA,Classe,439934830.91,OLIVEIRA TRUST DTVM S.A.,1,0.0,0.0,0.0,0.0,0.0,337630889.21,0.0,337630889.21,False,0.0,0.0,0.0,0.0,0.0,False
2026-06-30,32999032000139,DCASH FUNDO DE INVESTIMENTO EM COTAS DE FUNDOS DE INVESTIMENTO EM DIREITOS CREDITÓRIOS,Classe,82259899.93,QI CORRETORA DE TÍTULOS E VALORES MOBILIÁRIOS S.A.,1,0.0,0.0,0.0,0.0,0.0,0.0,0.0,0.0,True,,,,,,
2026-06-30,33447973000122,LEGACY A FUNDO DE INVESTIMENTO EM DIREITOS CREDITÓRIOS,Classe,58379877.5,PLANNER CORRETORA DE VALORES S.A.,1,0.0,0.0,0.0,0.0,0.0,0.0,0.0,0.0,True,,,,,,
2026-06-30,33499715000190,ATICCA FUNDO DE INVESTIMENTO EM COTAS DE FUNDOS DE INVESTIMENTO EM DIREITOS CREDITÓRIOS MULTISSETORI,Classe,33027052.63,QI CORRETORA DE TÍTULOS E VALORES MOBILIÁRIOS S.A.,1,0.0,0.0,0.0,0.0,0.0,0.0,0.0,0.0,True,,,,,,
2026-06-30,33632618000123,NOVA CAPITAL FUNDO DE INVESTIMENTO EM QUOTAS FUNDOS DE INVESTIMENTO EM DIREITOS CREDITORIOS,Classe,65768736.74,QI CORRETORA DE TÍTULOS E VALORES MOBILIÁRIOS S.A.,1,0.0,0.0,0.0,0.0,0.0,0.0,0.0,0.0,True,,,,,,
2026-06-30,34407714000130,FUNDO DE INVESTIMENTO EM DIREITOS CREDITORIÓS ANTECIPA  RESPONSABILIDADE LIMITADA,Classe,169841163.37,OLIVEIRA TRUST DTVM S.A.,1,0.0,0.0,0.0,0.0,0.0,153820186.64,0.0,153820186.64,False,0.0,0.0,0.0,0.0,0.0,False
2026-06-30,34408539000104,PRAVALER CREDITO UNIVERSITARIO III FUNDO DE INVESTIMENTO EM DIREITOS CREDITÓRIOS - RESP LIMITADA,Classe,146783175.86,OLIVEIRA TRUST DTVM S.A.,1,0.0,0.0,0.0,0.0,0.0,474976724.27,0.0,474976724.27,False,0.0,0.0,0.0,0.0,0.0,False
2026-06-30,34475989000101,BLACKCOMB FUNDO DE INVESTIMENTO EM COTAS DE FUNDO DE INVESTIMENTO EM DIREITOS CREDITÓRIOS,Classe,128060042.03,WNT CAPITAL DISTRIBUIDORA DE TITULOS E VALORES MOBILIARIOS S.A.,1,0.0,0.0,0.0,0.0,0.0,0.0,0.0,0.0,True,,,,,,
2026-06-30,34508740000155,FUNDO DE INVESTIMENTO EM DIREITOS CREDITÓRIOS ENERGIA SOLAR,Classe,18507021.97,OLIVEIRA TRUST DTVM S.A.,1,0.0,0.0,0.0,0.0,0.0,15769896.15,0.0,15769896.15,False,0.0,0.0,0.0,0.0,0.0,False
2026-06-30,34661403000101,FUNDO DE INVESTIMENTO EM DIREITOS CREDITÓRIOS FISERV - RESPONSABILIDADE LIMITADA,Classe,58397851.2,OLIVEIRA TRUST DTVM S.A.,1,0.0,0.0,0.0,0.0,0.0,0.0,52847543.56,52847543.56,False,0.0,0.0,0.0,0.0,0.0,False
2026-06-30,35162655000140,INTRABANK FUNDO DE INVESTIMENTO EM DIREITOS CREDITÓRIOS,Classe,252494613.72,OLIVEIRA TRUST DTVM S.A.,1,0.0,0.0,0.0,0.0,0.0,0.0,72185597.84,72185597.84,False,0.0,0.0,0.0,0.0,0.0,False
2026-06-30,35654837000139,PLATINUM FUNDO DE INVESTIMENTO EM DIREITOS CREDITÓRIOS,Classe,30290062.09,QI CORRETORA DE TÍTULOS E VALORES MOBILIÁRIOS S.A.,1,0.0,0.0,0.0,0.0,0.0,0.0,0.0,0.0,True,,,,,,
2026-06-30,35689357000103,ÁSTER FUNDO DE INVESTIMENTO EM DIREITOS CREDITÓRIOS NÃO-PADRONIZADOS,Classe,118089087.76,OLIVEIRA TRUST DTVM S.A.,1,0.0,0.0,0.0,0.0,0.0,0.0,0.0,0.0,True,,,,,,
2026-06-30,35871456000101,SEJA FUNDO DE INVESTIMENTO EM COTAS DE FUNDO DE INVESTIMENTO EM DIREITOS CREDITÓRIOS,Classe,50973028.99,QI CORRETORA DE TÍTULOS E VALORES MOBILIÁRIOS S.A.,1,0.0,0.0,0.0,0.0,0.0,0.0,0.0,0.0,True,,,,,,
2026-06-30,35946113000169,FIDC FINANCEIROS FACTA CONSIGNADO INSS DE RESPONSABILIDADE LIMITADA,Classe,52485945.72,OLIVEIRA TRUST DTVM S.A.,1,0.0,0.0,0.0,0.0,0.0,0.0,46999092.41,46999092.41,False,0.0,0.0,0.0,0.0,0.0,False
2026-06-30,36113052000111,SOMMA POSITANO FUNDO DE INVESTIMENTO EM COTAS DE FUNDO DE INVESTIMENTO EM DIREITOS CREDITÓRIOS,Classe,31441186.06,QI CORRETORA DE TÍTULOS E VALORES MOBILIÁRIOS S.A.,1,0.0,0.0,0.0,0.0,0.0,0.0,0.0,0.0,True,,,,,,
2026-06-30,36293650000110,FUNDO DE INVESTIMENTO EM COTAS DE FUNDOS DE INVESTIMENTO EM DIREITOS CREDITÓRIOS IOX D30,Classe,13850617.69,QI CORRETORA DE TÍTULOS E VALORES MOBILIÁRIOS S.A.,1,0.0,0.0,0.0,0.0,0.0,0.0,0.0,0.0,True,,,,,,
2026-06-30,36420767000117,U.NIC FUNDO DE INVESTIMENTO EM COTAS DE FUNDO DE INVESTIMENTOS EM DIREITOS CREDITÓRIOS,Classe,15488.3,QI CORRETORA DE TÍTULOS E VALORES MOBILIÁRIOS S.A.,1,0.0,0.0,0.0,0.0,0.0,0.0,0.0,0.0,True,,,,,,
2026-06-30,36731351000110,COPPER CAPITAL FUNDO DE INVESTIMENTO EM DIREITOS CREDITÓRIOS PADRONIZADO,Classe,31645506.33,MONETAR DISTRIBUIDORA DE TITULOS E VALORES MOBILIARIOS LTDA.,1,0.0,0.0,0.0,0.0,0.0,0.0,27929319.46,27929319.46,False,0.0,0.0,0.0,0.0,0.0,False
2026-06-30,36814213000102,LINCOLN FUNDO DE INVESTIMENTO EM DIREITOS CREDITÓRIOS NÃO-PADRONIZADOS,Classe,3278776.82,WNT CAPITAL DISTRIBUIDORA DE TITULOS E VALORES MOBILIARIOS S.A.,1,0.0,0.0,0.0,0.0,0.0,0.0,0.0,0.0,True,,,,,,
2026-06-30,37013332000110,VERDE AM CE II FUNDO DE INVESTIMENTO EM COTAS DE FIDC RESPONSABILIDADE LIMITADA,Classe,253816727.67,INTRAG DTVM LTDA.,25,0.0,0.0,0.0,0.0,0.0,0.0,0.0,0.0,True,,,,,,
2026-06-30,37054545000190,AGROHUB FUNDO DE INVESTIMENTO EM DIREITOS CREDITÓRIOS RESPONSABILIDADE LIMITADA,Classe,108614144.14,QI CORRETORA DE TÍTULOS E VALORES MOBILIÁRIOS S.A.,1,0.0,0.0,0.0,0.0,0.0,0.0,0.0,0.0,True,,,,,,
2026-06-30,37121165000121,COOPERA FEEDER FUNDO DE INVESTIMENTO EM DIREITOS CREDITÓRIOS,Classe,89023685.87,QI CORRETORA DE TÍTULOS E VALORES MOBILIÁRIOS S.A.,1,0.0,0.0,0.0,0.0,0.0,0.0,0.0,0.0,True,,,,,,
2026-06-30,37121216000115,HOD MULTIPLICA 30 FUNDO DE INVESTIMENTO EM COTAS DE FUNDO DE INVESTIMENTO EM DIREITOS CREDITÓRIOS,Classe,75078473.17,QI CORRETORA DE TÍTULOS E VALORES MOBILIÁRIOS S.A.,1,0.0,0.0,0.0,0.0,0.0,0.0,0.0,0.0,True,,,,,,
2026-06-30,37266557000189,FUNDO DE INVESTIMENTO EM DIREITOS CREDITÓRIOS TM II RESPONSABILIDADE LIMITADA,Classe,2778320.22,OLIVEIRA TRUST DTVM S.A.,1,0.0,0.0,0.0,0.0,0.0,0.0,0.0,0.0,True,,,,,,
2026-06-30,37980187000147,QUINTO ANDAR FUNDO DE INVESTIMENTO EM DIREITOS CREDITÓRIOS DE RESPONSABILIDADE LIMITADA,Classe,66250848.21,OLIVEIRA TRUST DTVM S.A.,1,0.0,0.0,0.0,0.0,0.0,58791561.42,0.0,58791561.42,False,0.0,0.0,0.0,0.0,0.0,False
2026-06-30,38082159000175,FACTA INSS CB FUNDO DE INVESTIMENTO EM DIREITOS CREDITÓRIOS - RESPONSABILIDADE LIMITADA,Classe,278780352.94,OLIVEIRA TRUST DTVM S.A.,1,0.0,0.0,0.0,0.0,0.0,246864220.53,0.0,246864220.53,False,0.0,0.0,0.0,0.0,0.0,False
2026-06-30,39270085000163,PHD FEEDER FUNDO DE INVESTIMENTO EM DIREITOS CREDITÓRIOS,Classe,37393966.55,QI CORRETORA DE TÍTULOS E VALORES MOBILIÁRIOS S.A.,1,0.0,0.0,0.0,0.0,0.0,0.0,0.0,0.0,True,,,,,,
2026-06-30,39285627000171,GV LAGUNA FUNDO DE INVESTIMENTO EM COTAS DE FUNDO DE INVESTIMENTO EM DIREITOS CREDITÓRIOS,Classe,219321907.98,QI CORRETORA DE TÍTULOS E VALORES MOBILIÁRIOS S.A.,1,0.0,0.0,0.0,0.0,0.0,0.0,0.0,0.0,True,,,,,,
2026-06-30,39380171000129,STARTER FUNDO DE INVESTIMENTO EM DIREITOS CREDITÓRIOS,Classe,229795917.25,QI CORRETORA DE TÍTULOS E VALORES MOBILIÁRIOS S.A.,1,0.0,0.0,0.0,0.0,0.0,0.0,0.0,0.0,True,,,,,,
2026-06-30,39469191000170,EVEREST K2 FUNDO DE INVESTIMENTO EM COTAS DE FUNDO DE INVESTIMENTO EM DIREITOS CREDITÓRIOS,Classe,4509361.65,QI CORRETORA DE TÍTULOS E VALORES MOBILIÁRIOS S.A.,1,0.0,0.0,0.0,0.0,0.0,0.0,0.0,0.0,True,,,,,,
2026-06-30,39806180000139,BM INFRA FUNDO DE INVESTIMENTO EM COTAS DE FUNDOS DE  INVESTIMENTO EM DIREITOS CREDITÓRIO,Classe,228040590.28,QI CORRETORA DE TÍTULOS E VALORES MOBILIÁRIOS S.A.,1,0.0,0.0,0.0,0.0,0.0,0.0,0.0,0.0,True,,,,,,
2026-06-30,39883874000170,FUNDO DE INVESTIMENTO EM DIREITOS CREDITÓRIOS NÃO-PADRONIZADOS TRYBE VQV SSI - RESPONSABILIDADE LIMI,Classe,30290746.27,OLIVEIRA TRUST DTVM S.A.,1,0.0,0.0,0.0,0.0,0.0,0.0,27902839.25,27902839.25,False,0.0,0.0,0.0,0.0,0.0,False
2026-06-30,40101938000112,CENTRAL AGRO FUNDO DE INVESTIMENTO EM DIREITOS CREDITÓRIOS NÃO PADRONIZADO,Classe,8529515.75,MONETAR DISTRIBUIDORA DE TITULOS E VALORES MOBILIARIOS LTDA.,1,0.0,0.0,0.0,0.0,0.0,7704850.53,0.0,7704850.53,False,0.0,0.0,0.0,0.0,0.0,False
2026-06-30,40132398000134,IC PRECATÓRIOS ESTADUAIS FUNDO DE INVESTIMENTO EM DIREITOS CREDITÓRIOS DE RESPONSABILIDADE LIMITADA,Classe,22127543.17,OLIVEIRA TRUST DTVM S.A.,1,0.0,0.0,0.0,0.0,0.0,19862477.84,0.0,19862477.84,False,0.0,0.0,0.0,0.0,0.0,False
2026-06-30,40132424000124,SAINTE JULIE FUNDO DE INVESTIMENTO EM DIREITOS CREDITÓRIOS NÃO-PADRONIZADOS RESP LIMITADA,Classe,601049791.94,OLIVEIRA TRUST DTVM S.A.,1,0.0,0.0,0.0,0.0,0.0,357902898.55,0.0,357902898.55,False,0.0,0.0,0.0,0.0,0.0,False
2026-06-30,40169680000196,GREEN FIDC SOLAR GD -FUNDO DE INVESTIMENTO EM DIREITOS CREDITORIOS SOCIOAMBIENTAL-ENERGIA SOLAR - IS,Classe,198886567.39,OLIVEIRA TRUST DTVM S.A.,1,0.0,0.0,0.0,0.0,0.0,0.0,173344031.01,173344031.01,False,0.0,0.0,0.0,0.0,0.0,False
2026-06-30,40814799000174,BLC III FUNDO DE INVESTIMENTO EM DIREITOS CREDITÓRIOS,Classe,619769179.52,QI CORRETORA DE TÍTULOS E VALORES MOBILIÁRIOS S.A.,1,0.0,0.0,0.0,0.0,0.0,0.0,0.0,0.0,True,,,,,,
2026-06-30,40902151000150,JP CAPITAL FUNDO DE INVESTIMENTO EM COTAS DE  FUNDOS DE INVESTIMENTO EM DIREITOS CREDITÓRIOS,Classe,51871628.36,QI CORRETORA DE TÍTULOS E VALORES MOBILIÁRIOS S.A.,1,0.0,0.0,0.0,0.0,0.0,0.0,0.0,0.0,True,,,,,,
2026-06-30,40989019000127,FUNDO DE INVESTIMENTO EM COTAS DE FUNDOS DE INVESTIMENTO EM DIREITOS CREDITÓRIOS GRAMADO,Classe,98759150.99,QI CORRETORA DE TÍTULOS E VALORES MOBILIÁRIOS S.A.,1,0.0,0.0,0.0,0.0,0.0,0.0,0.0,0.0,True,,,,,,
2026-06-30,40995902000120,KEYCASH HOME EQUITY FUNDO DE INVESTIMENTO EM DIREITOS CREDITÓRIOS,Classe,40546244.23,OLIVEIRA TRUST DTVM S.A.,1,0.0,0.0,0.0,0.0,0.0,0.0,25930767.9,25930767.9,False,0.0,0.0,0.0,0.0,0.0,False
2026-06-30,40996065000153,FARMTECH FUNDO DE INVESTIMENTO EM DIREITOS CREDITÓRIOS DO AGRONEGÓCIO - RESPONSABILIDADE LIMITADA,Classe,3224208.89,OLIVEIRA TRUST DTVM S.A.,1,0.0,0.0,0.0,0.0,0.0,3093691.33,0.0,3093691.33,False,0.0,0.0,0.0,0.0,0.0,False
2026-06-30,41163552000106,BRAVE RAGNAR FUNDO DE INVESTIMENTO EM COTAS DE FUNDO DE INVESTIMENTO EM DIREITOS CREDITÓRIOS,Classe,7084851.62,QI CORRETORA DE TÍTULOS E VALORES MOBILIÁRIOS S.A.,1,0.0,0.0,0.0,0.0,0.0,0.0,0.0,0.0,True,,,,,,
2026-06-30,41251476000182,RDP FUNDO DE INVESTIMENTO EM COTAS DE  FUNDOS DE INVESTIMENTO EM DIREITOS CREDITÓRIOS NÃO PADRONIZAD,Classe,63090854.06,QI CORRETORA DE TÍTULOS E VALORES MOBILIÁRIOS S.A.,1,0.0,0.0,0.0,0.0,0.0,0.0,0.0,0.0,True,,,,,,
2026-06-30,41251934000183,SUBLIME FUNDO DE  INVESTIMENTO EM COTAS DE FUNDO DE INVESTIMENTO EM DIREITOS  CREDITÓRIOS,Classe,23708879.47,QI CORRETORA DE TÍTULOS E VALORES MOBILIÁRIOS S.A.,1,0.0,0.0,0.0,0.0,0.0,0.0,0.0,0.0,True,,,,,,
2026-06-30,41341126000107,TK FUNDO DE INVESTIMENTO EM COTAS DE FUNDO DE INVESTIMENTO EM DIREITOS CREDITÓRIOS,Classe,190014670.48,QI CORRETORA DE TÍTULOS E VALORES MOBILIÁRIOS S.A.,1,0.0,0.0,0.0,0.0,0.0,0.0,0.0,0.0,True,,,,,,
2026-06-30,41351648000190,ACCESS FUNDO DE INVESTIMENTO EM COTAS DE FUNDOS DE INVESTIMENTO EM DIREITOS CREDITÓRIOS,Classe,26019848.0,QI CORRETORA DE TÍTULOS E VALORES MOBILIÁRIOS S.A.,1,0.0,0.0,0.0,0.0,0.0,0.0,0.0,0.0,True,,,,,,
2026-06-30,41395100000141,BARU FUNDO DE INVESTIMENTO EM COTAS DE FUNDO DE INVESTIMENTO EM DIREITOS CREDITÓRIOS,Classe,23987191.23,QI CORRETORA DE TÍTULOS E VALORES MOBILIÁRIOS S.A.,1,0.0,0.0,0.0,0.0,0.0,0.0,0.0,0.0,True,,,,,,
2026-06-30,41575962000156,HAWK FUNDO DE INVESTIMENTO EM DIREITOS CREDITÓRIOS NÃO  PADRONIZADOS,Classe,57418025.79,MONETAR DISTRIBUIDORA DE TITULOS E VALORES MOBILIARIOS LTDA.,1,0.0,0.0,0.0,0.0,0.0,47930614.35,2178620.93,50109235.28,False,0.0,0.0,0.0,0.0,0.0,False
2026-06-30,41673339000136,SSE FUNDO DE INVESTIMENTO EM COTAS DE FUNDOS DE INVESTIMENTO EM DIREITOS CREDITÓRIOS NÃO PADRONIZADO,Classe,316669615.39,QI CORRETORA DE TÍTULOS E VALORES MOBILIÁRIOS S.A.,1,0.0,0.0,0.0,0.0,0.0,0.0,0.0,0.0,True,,,,,,
2026-06-30,41687404000182,CASH PLUS LONGO PRAZO FUNDO DE INVESTIMENTO EM COTAS DE FUNDOS DE INVESTIMENTO EM DIREITOS CREDITÓRI,Classe,433410462.7,QI CORRETORA DE TÍTULOS E VALORES MOBILIÁRIOS S.A.,1,0.0,0.0,0.0,0.0,0.0,0.0,0.0,0.0,True,,,,,,
2026-06-30,41820715000178,ATALHOCRED FUNDO DE INVESTIMENTO EM DIREITOS CREDITÓRIOS RESPONSABILIDADE LIMITADA,Classe,8543083.31,MONETAR DISTRIBUIDORA DE TITULOS E VALORES MOBILIARIOS LTDA.,1,0.0,0.0,0.0,0.0,0.0,4318677.48,5029366.91,9348044.39,False,0.0,0.0,0.0,0.0,0.0,False
2026-06-30,41907181000111,FIDEM BANK FUNDO DE INVESTIMENTO EM COTAS DE FUNDO DE INVESTIMENTO EM DIREITOS CREDITÓRIOS,Classe,23376841.11,QI CORRETORA DE TÍTULOS E VALORES MOBILIÁRIOS S.A.,1,0.0,0.0,0.0,0.0,0.0,0.0,0.0,0.0,True,,,,,,
2026-06-30,41992676000196,STARS BANK FUNDO DE INVESTIMENTO EM COTAS DE FUNDO DE INVESTIMENTO EM DIREITOS CREDITÓRIOS,Classe,448999595.71,QI CORRETORA DE TÍTULOS E VALORES MOBILIÁRIOS S.A.,1,0.0,0.0,0.0,0.0,0.0,0.0,0.0,0.0,True,,,,,,
2026-06-30,42067232000107,JPI FUNDO DE INVESTIMENTO EM COTAS DE FUNDO DE INVESTIMENTO EM DIREITOS CREDITÓRIOS,Classe,50869741.7,QI CORRETORA DE TÍTULOS E VALORES MOBILIÁRIOS S.A.,1,0.0,0.0,0.0,0.0,0.0,0.0,0.0,0.0,True,,,,,,
2026-06-30,42196288000161,FUNDO DE INVESTIMENTO EM COTAS DE FUNDOS DE INVESTIMENTO EM DIREITOS CREDITÓRIOS EXODUS INSTITUCIONA,Classe,415928822.46,QI CORRETORA DE TÍTULOS E VALORES MOBILIÁRIOS S.A.,1,0.0,0.0,0.0,0.0,0.0,0.0,0.0,0.0,True,,,,,,
2026-06-30,42357817000161,CONCRETO FUNDO DE INVESTIMENTO EM DIREITOS CREDITÓRIOS NÃO PADRONIZADOS RESP LIMITADA,Classe,46452202.63,ID CORRETORA DE TITULOS E VALORES MOBILIARIOS S.A.,1,0.0,0.0,0.0,0.0,0.0,43389589.92,0.0,43389589.92,False,0.0,0.0,0.0,0.0,0.0,False
2026-06-30,42449623000196,FUNDO DE INVESTIMENTO EM DIREITOS CREDITÓRIOS RECONLOG BANK,Classe,72872864.74,MONETAR DISTRIBUIDORA DE TITULOS E VALORES MOBILIARIOS LTDA.,1,0.0,0.0,0.0,0.0,0.0,66074692.97,0.0,66074692.97,False,0.0,0.0,0.0,0.0,0.0,False
2026-06-30,42462162000191,EXES MÁQUINAS FUNDO DE INVESTIMENTO EM DIREITOS CREDITÓRIOS,Classe,63007728.64,OLIVEIRA TRUST DTVM S.A.,1,0.0,0.0,0.0,0.0,0.0,0.0,60686493.39,60686493.39,False,0.0,0.0,0.0,0.0,0.0,False
2026-06-30,42533772000139,CAMPINAS FUNDO DE INVESTIMENTO EM COTAS DE FUNDOS DE INVESTIMENTO EM DIREITOS CREDITÓRIOS - RESPONSA,Classe,255969794.62,QI CORRETORA DE TÍTULOS E VALORES MOBILIÁRIOS S.A.,1,0.0,0.0,0.0,0.0,0.0,0.0,0.0,0.0,True,,,,,,
2026-06-30,42605393000107,FUNDO DE INVESTIMENTO EM DIREITOS CREDITÓRIOS QUASAR DUCOCO,Classe,1571611.02,CBSF DISTRIBUIDORA DE TÍTULOS E VALORES MOBILIÁRIOS S.A.,1,0.0,0.0,0.0,0.0,0.0,1745701.8,0.0,1745701.8,False,0.0,0.0,0.0,0.0,0.0,False
2026-06-30,42827518000143,VERDE AM CRÉDITO ESTRUTURADO FIDC - CIC EM DIREITOS CREDITÓRIOS - RESPONSABILIDADE LIMITADA,Classe,965774948.8,INTRAG DTVM LTDA.,1,0.0,0.0,0.0,0.0,0.0,0.0,0.0,0.0,True,,,,,,
2026-06-30,42933402000199,FUNDO DE  INVESTIMENTO EM DIREITOS CREDITÓRIOS FUTURO  PREVIDÊNCIA CONSIGNADO PÚBLICO I,Classe,88822071.02,OLIVEIRA TRUST DTVM S.A.,1,0.0,0.0,0.0,0.0,0.0,84712286.79,0.0,84712286.79,False,0.0,0.0,0.0,0.0,0.0,False
2026-06-30,43121036000136,JIVE BOSSANOVA HY ADVISORY - FIC FIDC,Classe,1222037129.19,XP INVESTIMENTOS CCTVM S.A.,1,0.0,0.0,0.0,0.0,0.0,0.0,0.0,0.0,True,,,,,,
2026-06-30,43309133000157,NACIONAL FEITO PRA VOCÊ FUNDO DE INVESTIMENTO EM DIREITOS CREDITÓRIOS DE RESPONSABILIDADE LIMITADA,Classe,224125653.94,OLIVEIRA TRUST DTVM S.A.,1,0.0,0.0,0.0,0.0,0.0,215747784.28,0.0,215747784.28,False,0.0,0.0,0.0,0.0,0.0,False
2026-06-30,43551156000173,ORRAM CORE FUNDO DE INVESTIMENTO EM COTAS DE FUNDO DE INVESTIMENTO EM DIREITOS CREDITÓRIOS,Classe,689641593.97,QI CORRETORA DE TÍTULOS E VALORES MOBILIÁRIOS S.A.,1,0.0,0.0,0.0,0.0,0.0,0.0,0.0,0.0,True,,,,,,
2026-06-30,43551206000112,ORRAM 60 FUNDO DE INVESTIMENTO EM COTAS DE FUNDO DE INVESTIMENTO EM DIREITOS CREDITÓRIOS,Classe,426286828.45,QI CORRETORA DE TÍTULOS E VALORES MOBILIÁRIOS S.A.,1,0.0,0.0,0.0,0.0,0.0,0.0,0.0,0.0,True,,,,,,
2026-06-30,43616659000180,TALÓ 1 FUNDO DE INVESTIMENTO EM DIREITOS CREDITÓRIOS RESPONSABILIDADE LIMITADA,Classe,7003747.49,OLIVEIRA TRUST DTVM S.A.,1,0.0,0.0,0.0,0.0,0.0,4421258.16,0.0,4421258.16,False,0.0,0.0,0.0,0.0,0.0,False
2026-06-30,43702477000121,PCS II GLOBAL FUNDO DE INVESTIMENTO EM DIREITOS CREDITÓRIOS,Classe,826467300.23,QI CORRETORA DE TÍTULOS E VALORES MOBILIÁRIOS S.A.,1,0.0,0.0,0.0,0.0,0.0,0.0,0.0,0.0,True,,,,,,
2026-06-30,43702714000154,SAVANA FUNDO DE INVESTIMENTO EM COTAS DE FUNDOS DE  INVESTIMENTO EM DIREITOS CREDITÓRIOS NP,Classe,107172286.15,QI CORRETORA DE TÍTULOS E VALORES MOBILIÁRIOS S.A.,1,0.0,0.0,0.0,0.0,0.0,0.0,0.0,0.0,True,,,,,,
2026-06-30,43861501000175,OASIS FUNDO DE INVESTIMENTO EM COTAS DE DIREITOS CREDITÓRIOS,Classe,201713003.24,XP INVESTIMENTOS CCTVM S.A.,1,0.0,0.0,0.0,0.0,0.0,0.0,0.0,0.0,True,,,,,,
2026-06-30,44002502000127,KP GUARDIAN FUNDO DE INVESTIMENTO EM COTAS DE FIDC RESPONSABILIDADE LIMITADA,Classe,16644690.61,QI CORRETORA DE TÍTULOS E VALORES MOBILIÁRIOS S.A.,1,0.0,0.0,0.0,0.0,0.0,0.0,0.0,0.0,True,,,,,,
2026-06-30,44372728000110,AURORA FUNDO DE INVESTIMENTO EM DIREITOS CREDITÓRIOS NÃO PADRONIZADOS - RESPONSABILIDADE LIMITADA,Classe,133985895.65,OLIVEIRA TRUST DTVM S.A.,1,0.0,0.0,0.0,0.0,0.0,92670464.74,0.0,92670464.74,False,0.0,0.0,0.0,0.0,0.0,False
2026-06-30,44571204000158,SABIA CREDIT FEEDER FUNDO DE INVESTIMENTO EM COTAS DE FUNDOS DE INVESTIMENTO EM DIREITOS CREDITÓRIOS,Classe,53101367.43,QI CORRETORA DE TÍTULOS E VALORES MOBILIÁRIOS S.A.,1,0.0,0.0,0.0,0.0,0.0,0.0,0.0,0.0,True,,,,,,
2026-06-30,44574109000108,PLATINA 137 FUNDO DE INVESTIMENTO EM DIREITOS CREDITÓRIOS,Classe,18243396.15,WNT CAPITAL DISTRIBUIDORA DE TITULOS E VALORES MOBILIARIOS S.A.,1,0.0,0.0,0.0,0.0,0.0,0.0,0.0,0.0,True,,,,,,
2026-06-30,44574361000117,FUNDO DE INVESTIMENTO EM DIREITOS CREDITORIOS UPL 02 - RESPONSABILIDADE LIMITADA,Classe,482864460.3,OLIVEIRA TRUST DTVM S.A.,1,0.0,0.0,0.0,0.0,0.0,356985832.75,0.0,356985832.75,False,0.0,0.0,0.0,0.0,0.0,False
2026-06-30,44674270000153,ALUME FUNDO DE INVESTIMENTO EM DIREITOS CREDITÓRIOS - RESPONSABILIDADE LIMITADA,Classe,106254467.18,OLIVEIRA TRUST DTVM S.A.,1,0.0,0.0,0.0,0.0,0.0,0.0,89473784.29,89473784.29,False,0.0,0.0,0.0,0.0,0.0,False
2026-06-30,44705452000144,SEVEN CAPITAL FUNDO DE INVESTIMENTO EM COTAS DE FUNDO DE INVESTIMENTO EM DIREITOS CREDITÓRIOS,Classe,47033191.38,QI CORRETORA DE TÍTULOS E VALORES MOBILIÁRIOS S.A.,1,0.0,0.0,0.0,0.0,0.0,0.0,0.0,0.0,True,,,,,,
2026-06-30,44705662000132,OPERA I FUNDO DE INVESTIMENTO EM COTAS DE FUNDO DE INVESTIMENTO EM DIREITOS CREDITÓRIOS,Classe,22380812.0,QI CORRETORA DE TÍTULOS E VALORES MOBILIÁRIOS S.A.,1,0.0,0.0,0.0,0.0,0.0,0.0,0.0,0.0,True,,,,,,
2026-06-30,44900271000179,DVNP FUNDO DE INVESTIMENTO EM DIREITOS CREDITÓRIOS NÃO PADRONIZADOS DE RESPONSABILIDADE ILIMITADA,Classe,54670659.65,OLIVEIRA TRUST DTVM S.A.,1,0.0,0.0,0.0,0.0,0.0,55000000.0,0.0,55000000.0,False,0.0,0.0,0.0,0.0,0.0,False
2026-06-30,45025014000106,OC FUNDO DE INVESTIMENTO EM COTAS DE FUNDO DE INVESTIMENTO EM DIREITOS CREDITÓRIOS,Classe,29821739.16,QI CORRETORA DE TÍTULOS E VALORES MOBILIÁRIOS S.A.,1,0.0,0.0,0.0,0.0,0.0,0.0,0.0,0.0,True,,,,,,
2026-06-30,45026487000110,EVEREST 30 FUNDO DE INVESTIMENTO EM COTAS DE FUNDO DE INVESTIMENTO EM DIREITOS CREDITÓRIOS,Classe,21845417.26,QI CORRETORA DE TÍTULOS E VALORES MOBILIÁRIOS S.A.,1,0.0,0.0,0.0,0.0,0.0,0.0,0.0,0.0,True,,,,,,
2026-06-30,45080955000134,GREEN FIDC SOLAR GD II-FUNDO DE INVESTIMENTO EM DIREITOS CREDITÓRIOS SOCIOAMBIENTAL-ENERGIA SOLAR-IS,Classe,175734983.31,OLIVEIRA TRUST DTVM S.A.,1,0.0,0.0,0.0,0.0,0.0,0.0,165107991.32,165107991.32,False,0.0,0.0,0.0,0.0,0.0,False
2026-06-30,45207108000198,KUARÁ SPECIAL SITUATIONS I FUNDO DE INVESTIMENTO EM DIREITOS CREDITÓRIOS NP RESPONSABILIDADE LIMITAD,Classe,80038118.93,MONETAR DISTRIBUIDORA DE TITULOS E VALORES MOBILIARIOS LTDA.,1,0.0,0.0,0.0,0.0,0.0,70542508.24,0.0,70542508.24,False,0.0,0.0,0.0,0.0,0.0,False
2026-06-30,45359065000166,JCI IV B - FUNDO DE INVESTIMENTO EM DIREITOS CREDITÓRIOS RESPONSABILIDADE LIMITADA,Classe,1847862.74,XP INVESTIMENTOS CCTVM S.A.,1,0.0,0.0,0.0,0.0,0.0,0.0,0.0,0.0,True,,,,,,
2026-06-30,45445355000122,BEMOL CRÉDITO PESSOAL FIDC FINANCEIROS DE RESPONSABILIDADE LIMITADA,Classe,916110806.89,OLIVEIRA TRUST DTVM S.A.,1,0.0,0.0,0.0,0.0,0.0,0.0,823106946.47,823106946.47,False,0.0,0.0,0.0,0.0,0.0,False
2026-06-30,45756256000161,OP QI FUNDO DE INVESTIMENTO EM COTAS DE FUNDOS DE INVESTIMENTO EM DIREITOS CREDITÓRIOS,Classe,27713574.59,QI CORRETORA DE TÍTULOS E VALORES MOBILIÁRIOS S.A.,1,0.0,0.0,0.0,0.0,0.0,0.0,0.0,0.0,True,,,,,,
2026-06-30,45772950000172,LEXIS FEEDER FUNDO DE INVESTIMENTO EM DIREITOS CREDITÓRIOS,Classe,75677017.47,QI CORRETORA DE TÍTULOS E VALORES MOBILIÁRIOS S.A.,1,0.0,0.0,0.0,0.0,0.0,0.0,0.0,0.0,True,,,,,,
2026-06-30,45777614000112,MR FUNDO DE INVESTIMENTO EM COTAS DE FUNDOS DE INVESTIMENTO EM DIREITOS CREDITÓRIOS,Classe,46432892.69,QI CORRETORA DE TÍTULOS E VALORES MOBILIÁRIOS S.A.,1,0.0,0.0,0.0,0.0,0.0,0.0,0.0,0.0,True,,,,,,
2026-06-30,45880965000154,FUNDO DE INVESTIMENTO EM DIREITOS CREDITÓRIOS SANTAFUSVE RESPONSABILIDADE LIMITADA,Classe,73950047.44,OLIVEIRA TRUST DTVM S.A.,1,0.0,0.0,0.0,0.0,0.0,0.0,72818152.45,72818152.45,False,0.0,0.0,0.0,0.0,0.0,False
2026-06-30,46390338000106,VTR OP FUNDO DE INVESTIMENTO EM COTAS DE FUNDOS DE INVESTIMENTO EM DIREITOS CREDITÓRIOS - RESPONSABI,Classe,54436245.33,QI CORRETORA DE TÍTULOS E VALORES MOBILIÁRIOS S.A.,1,0.0,0.0,0.0,0.0,0.0,0.0,0.0,0.0,True,,,,,,
2026-06-30,46655552000139,FUNDO DE INVESTIMENTO EM DIREITOS CREDITÓRIOS BULLLA CARTÕES RESPONSABILIDADE LIMITADA,Classe,763807133.95,OLIVEIRA TRUST DTVM S.A.,1,0.0,0.0,0.0,0.0,0.0,646722012.94,0.0,646722012.94,False,0.0,0.0,0.0,0.0,0.0,False
2026-06-30,46801085000108,CARAJÁS FUNDO DE INVESTIMENTO EM COTAS DE FUNDOS DE INVESTIMENTO EM DIREITOS CREDITÒRIOS,Classe,14150172.08,QI CORRETORA DE TÍTULOS E VALORES MOBILIÁRIOS S.A.,1,0.0,0.0,0.0,0.0,0.0,0.0,0.0,0.0,True,,,,,,
2026-06-30,47151680000108,FARM TECH IBBA I FUNDO DE INVESTIMENTO EM DIREITOS CREDITÓRIOS RESPONSABILIDADE LIMITADA,Classe,9399387.71,OLIVEIRA TRUST DTVM S.A.,1,0.0,0.0,0.0,0.0,0.0,2813571.42,0.0,2813571.42,False,0.0,0.0,0.0,0.0,0.0,False
2026-06-30,47167918000193,GV ATACAMA FUNDO DE INVESTIMENTO EM DIREITOS CREDITÓRIOS,Classe,151199850.68,QI CORRETORA DE TÍTULOS E VALORES MOBILIÁRIOS S.A.,1,0.0,0.0,0.0,0.0,0.0,0.0,0.0,0.0,True,,,,,,
2026-06-30,47167977000161,FMD INVESTIMENTOS FUNDO DE INVESTIMENTO EM DIREITOS CREDITÓRIOS,Classe,54706193.6,QI CORRETORA DE TÍTULOS E VALORES MOBILIÁRIOS S.A.,1,0.0,0.0,0.0,0.0,0.0,0.0,0.0,0.0,True,,,,,,
2026-06-30,47168002000158,MOBI FUNDO DE INVESTIMENTO EM COTAS DE FUNDO DE INVESTIMENTO EM DIREITOS CREDITÓRIOS,Classe,19501282.77,QI CORRETORA DE TÍTULOS E VALORES MOBILIÁRIOS S.A.,1,0.0,0.0,0.0,0.0,0.0,0.0,0.0,0.0,True,,,,,,
2026-06-30,47629727000104,CORES I FUNDO DE INVESTIMENTO EM DIREITOS CREDITÓRIOS,Classe,52134046.56,XP INVESTIMENTOS CCTVM S.A.,1,0.0,0.0,0.0,0.0,0.0,50971140.05,0.0,50971140.05,False,0.0,0.0,0.0,0.0,0.0,False
2026-06-30,47715992000105,FUNDO DE INVESTIMENTO EM COTAS DE FUNDO DE INVESTIMENTO EM DIREITOS CREDITÓRIOS SRM 360,Classe,22680385.18,QI CORRETORA DE TÍTULOS E VALORES MOBILIÁRIOS S.A.,1,0.0,0.0,0.0,0.0,0.0,0.0,0.0,0.0,True,,,,,,
2026-06-30,47859989000157,MATCHPOINT  FUNDO DE INVESTIMENTO EM COTAS DE FUNDO DE INVESTIMENTO EM DIREITOS CREDITÓRIOS,Classe,51500720.41,QI CORRETORA DE TÍTULOS E VALORES MOBILIÁRIOS S.A.,1,0.0,0.0,0.0,0.0,0.0,0.0,0.0,0.0,True,,,,,,
2026-06-30,47862169000114,VKR FUNDO DE INVESTIMENTO EM COTAS DE FUNDO DE INVESTIMENTO EM DIREITOS CREDITÓRIOS,Classe,13109046.57,QORE DISTRIBUIDORA DE TÍTULOS E VALORES MOBILIÁRIOS LTDA.,1,0.0,0.0,0.0,0.0,0.0,0.0,0.0,0.0,True,,,,,,
2026-06-30,47896557000116,UC SUB FUNDO DE INVESTIMENTO EM COTAS DE FUNDO DE INVESTIMENTO EM DIREITOS CREDITÓRIOS,Classe,53833304.03,WNT CAPITAL DISTRIBUIDORA DE TITULOS E VALORES MOBILIARIOS S.A.,1,0.0,0.0,0.0,0.0,0.0,0.0,0.0,0.0,True,,,,,,
2026-06-30,48660463000106,FARMTECH UP CREDIT FUNDO DE INVESTIMENTO EM DIREITOS CREDITÓRIOS RESPONSABILIDADE LIMITADA,Classe,246112959.46,OLIVEIRA TRUST DTVM S.A.,1,0.0,0.0,0.0,0.0,0.0,167091207.57,0.0,167091207.57,False,0.0,0.0,0.0,0.0,0.0,False
2026-06-30,48905593000161,PÁTRIA INFRA CRÉDITO FUNDO DE INVESTIMENTO EM DIREITOS CREDITÓRIOS - RESPONSABILIDADE LIMITADA,Classe,395294364.67,OLIVEIRA TRUST DTVM S.A.,1,0.0,0.0,0.0,0.0,0.0,283234906.79,0.0,283234906.79,False,0.0,0.0,0.0,0.0,0.0,False
2026-06-30,48997793000191,IA FUNDO DE INVESTIMENTO EM DIREITOS CREDITÓRIOS - RESPONSABILIDADE LIMITADA,Classe,781782715.39,OLIVEIRA TRUST DTVM S.A.,1,0.0,0.0,0.0,0.0,0.0,777454728.78,0.0,777454728.78,False,0.0,0.0,0.0,0.0,0.0,False
2026-06-30,49000918000120,SARDENHA FUNDO DE INVESTIMENTO EM COTAS DE FUNDO DE INVESTIMENTO EM DIREITOS CREDITÓRIOS,Classe,9426720.98,QI CORRETORA DE TÍTULOS E VALORES MOBILIÁRIOS S.A.,1,0.0,0.0,0.0,0.0,0.0,0.0,0.0,0.0,True,,,,,,
2026-06-30,49113994000141,FUNDO DE INVESTIMENTO EM DIREITOS CREDITÓRIOS CAP - RESPONSABILIDADE LIMITADA,Classe,99273854.97,OLIVEIRA TRUST DTVM S.A.,1,0.0,0.0,0.0,0.0,0.0,85101841.38,0.0,85101841.38,False,0.0,0.0,0.0,0.0,0.0,False
2026-06-30,49176545000142,RIVER II FUNDO DE  INVESTIMENTO EM DIREITOS CREDITÓRIOS NÃO-PADRONIZADOS  RESPONSABILIDADE LIMITADA,Classe,32348816.08,ID CORRETORA DE TITULOS E VALORES MOBILIARIOS S.A.,1,0.0,0.0,0.0,0.0,0.0,52865684.57,0.0,52865684.57,False,0.0,0.0,0.0,0.0,0.0,False
2026-06-30,49319863000115,CHIMERA ALTERNATIVE ASSETS I FUNDO DE INVESTIMENTO EM DIREITOS CREDITÓRIOS NP DE RESP. LIMITADA,Classe,81705280.85,MONETAR DISTRIBUIDORA DE TITULOS E VALORES MOBILIARIOS LTDA.,1,0.0,0.0,0.0,0.0,0.0,81593808.14,0.0,81593808.14,False,0.0,0.0,0.0,0.0,0.0,False
2026-06-30,49583436000140,OSAKA FUNDO DE INVESTIMENTO EM DIREITOS CREDITÓRIOS DE RESPONSABILIDADE LIMITADA,Classe,33085953.36,MONETAR DISTRIBUIDORA DE TITULOS E VALORES MOBILIARIOS LTDA.,1,0.0,0.0,0.0,0.0,0.0,26614237.13,624523.59,27238760.72,False,0.0,0.0,0.0,0.0,0.0,False
2026-06-30,49628680000181,RD FUNDO DE INVESTIMENTO EM DIREITOS CREDITÓRIOS COMERCIAIS CRÉDITO CORPORATIVO DE RESPONSA LIMITADA,Classe,272562955.16,OLIVEIRA TRUST DTVM S.A.,1,0.0,0.0,0.0,0.0,0.0,164222193.63,0.0,164222193.63,False,0.0,0.0,0.0,0.0,0.0,False
2026-06-30,49740972000101,PSS SPECTRUM-A PRINCIPAL FUNDO DE INVESTIMENTO EM DIREITOS CREDITÓRIOS,Classe,236424598.46,QI CORRETORA DE TÍTULOS E VALORES MOBILIÁRIOS S.A.,1,0.0,0.0,0.0,0.0,0.0,0.0,0.0,0.0,True,,,,,,
2026-06-30,49788461000160,NICE FUNDO DE INVESTIMENTO EM DIREITOS CREDITÓRIOS NÃO PADRONIZADOS,Classe,3808168.8,MONETAR DISTRIBUIDORA DE TITULOS E VALORES MOBILIARIOS LTDA.,1,0.0,0.0,0.0,0.0,0.0,183232835.78,0.0,183232835.78,False,0.0,0.0,0.0,0.0,0.0,False
2026-06-30,49853069000157,INTERTRADE FUNDO DE INVESTIMENTO EM DIREITOS CRÉDITÓRIOS,Classe,3729537.79,RJI CORRETORA DE TÍTULOS E VALORES MOBILIÁRIOS LTDA.,1,0.0,0.0,0.0,0.0,0.0,3662443.74,0.0,3662443.74,False,0.0,0.0,0.0,0.0,0.0,False
2026-06-30,49916055000135,ASA FIC DE FUNDO DE INVESTIMENTO EM  DIREITOS CREDITÓRIOS 90 RESPONSABILIDADE LIMITADA,Classe,104101367.08,QI CORRETORA DE TÍTULOS E VALORES MOBILIÁRIOS S.A.,1,0.0,0.0,0.0,0.0,0.0,0.0,0.0,0.0,True,,,,,,
2026-06-30,49916151000183,ASA LONGO PRAZO FUNDO DE INVESTIMENTO EM COTAS DE FUNDO DE INVEST EM DIREITOS CREDITÓRIOS RESP. LTDA,Classe,1099424222.75,QI CORRETORA DE TÍTULOS E VALORES MOBILIÁRIOS S.A.,1,0.0,0.0,0.0,0.0,0.0,0.0,0.0,0.0,True,,,,,,
2026-06-30,50059717000187,TK 180 FUNDO DE INVESTIMENTO EM COTAS DE FIDC - RESPONSABILIDADE LIMITADA,Classe,33161880.4,QI CORRETORA DE TÍTULOS E VALORES MOBILIÁRIOS S.A.,1,0.0,0.0,0.0,0.0,0.0,0.0,0.0,0.0,True,,,,,,
2026-06-30,50277965000102,PÁTRIA CRÉDITO ESTRUTURADO MASTER FUNDO DE INVESTIMENTO EM DIREITOS CREDITÓRIOS,Classe,424798102.73,XP INVESTIMENTOS CCTVM S.A.,1,0.0,0.0,0.0,0.0,0.0,124210226.46,0.0,124210226.46,False,0.0,0.0,0.0,0.0,0.0,False
2026-06-30,50284896000156,VSG FUNDO DE INVESTIMENTO EM COTAS DE FUNDO DE INVESTIMENTO EM DIREITOS CREDITÓRIOS,Classe,31185740.44,QI CORRETORA DE TÍTULOS E VALORES MOBILIÁRIOS S.A.,1,0.0,0.0,0.0,0.0,0.0,0.0,0.0,0.0,True,,,,,,
2026-06-30,50362898000116,INOVA3 FUNDO DE INVESTIMENTO EM DIREITOS CREDITÓRIOS - RESPONSABILIDADE LIMITADA,Classe,6663179.56,MONETAR DISTRIBUIDORA DE TITULOS E VALORES MOBILIARIOS LTDA.,1,0.0,0.0,0.0,0.0,0.0,1285359.6,1584738.98,2870098.58,False,0.0,0.0,0.0,0.0,0.0,False
2026-06-30,50367933000190,CAPITANIA YIELD 120 FUNDO DE INVESTIMENTO EM COTAS DE FUNDOS DE INVESTIMENTO EM DIREITOS CREDITÓRIOS,Classe,498188915.03,XP INVESTIMENTOS CCTVM S.A.,1,0.0,0.0,0.0,0.0,0.0,0.0,0.0,0.0,True,,,,,,
2026-06-30,50442399000139,PRINZ DISCOVERY MASTER FUNDO DE INVESTIMENTO EM DIREITOS CREDITÓRIOS,Classe,483106385.91,XP INVESTIMENTOS CCTVM S.A.,1,0.0,0.0,0.0,0.0,0.0,15919208.01,0.0,15919208.01,False,0.0,0.0,0.0,0.0,0.0,False
2026-06-30,50469304000170,TK 30 FUNDO DE INVESTIMENTO EM COTAS DE FUNDO DE INVESTIMENTO EM DIREITOS CREDITÓRIOS - RL,Classe,313198622.86,QI CORRETORA DE TÍTULOS E VALORES MOBILIÁRIOS S.A.,1,0.0,0.0,0.0,0.0,0.0,0.0,0.0,0.0,True,,,,,,
2026-06-30,50473039000102,SELLER FIDC SEGMENTO MEIOS DE PAGAMENTO DE RESPONSABILIDADE LIMITADA,Classe,3656448188.16,OLIVEIRA TRUST DTVM S.A.,1,0.0,0.0,0.0,0.0,0.0,0.0,3608841970.11,3608841970.11,False,0.0,0.0,0.0,0.0,0.0,False
2026-06-30,50519168000186,STRUTTURA AGRO FUNDO DE INVESTIMENTO EM DIREITOS CREDITÓRIOS DO AGRONEGÓCIO DE RESPONSABILIDADE LTDA,Classe,78290.63,OLIVEIRA TRUST DTVM S.A.,1,0.0,0.0,0.0,0.0,0.0,0.0,0.0,0.0,True,,,,,,
2026-06-30,50536324000117,MAQNELSON FUNDO DE INVESTIMENTO EM DIREITOS CREDITÓRIOS - RESPONSABILIDADE LIMITADA,Classe,100033081.36,OLIVEIRA TRUST DTVM S.A.,1,0.0,0.0,0.0,0.0,0.0,0.0,66558392.93,66558392.93,False,0.0,0.0,0.0,0.0,0.0,False
2026-06-30,50589310000161,SUSTINERI GERMINARE FUNDO DE INVESTIMENTO EM DIREITOS CREDITÓRIOS NÃO-PADRONIZADOS,Classe,127486551.17,MONETAR DISTRIBUIDORA DE TITULOS E VALORES MOBILIARIOS LTDA.,1,0.0,0.0,0.0,0.0,0.0,128000000.0,0.0,128000000.0,False,0.0,0.0,0.0,0.0,0.0,False
2026-06-30,50706970000185,MONTBLANC FUNDO DE INVESTIMENTO EM DIREITOS CREDITÓRIOS,Classe,96379154.02,MONETAR DISTRIBUIDORA DE TITULOS E VALORES MOBILIARIOS LTDA.,1,0.0,0.0,0.0,0.0,0.0,0.0,34227011.67,34227011.67,False,0.0,0.0,0.0,0.0,0.0,False
2026-06-30,50792099000180,BAMAQ CAPITAL FUNDO DE INVESTIMENTO EM DIREITOS CREDITÓRIOS NÃO PADRONIZADOS,Classe,26272006.29,MONETAR DISTRIBUIDORA DE TITULOS E VALORES MOBILIARIOS LTDA.,1,0.0,0.0,0.0,0.0,0.0,19276719.18,0.0,19276719.18,False,0.0,0.0,0.0,0.0,0.0,False
2026-06-30,50808063000147,FUNDO DE INVESTIMENTO EM COTAS DE FUNDOS DE INVESTIMENTO EM DIREITOS CREDITÓRIOS ALION MZ,Classe,69384482.92,QI CORRETORA DE TÍTULOS E VALORES MOBILIÁRIOS S.A.,1,0.0,0.0,0.0,0.0,0.0,0.0,0.0,0.0,True,,,,,,
2026-06-30,50901127000150,IOX 90 FUNDO DE INVESTIMENTO EM COTAS DE FUNDO DE INVESTIMENTO EM DIREITOS CREDITÓRIOS,Classe,15235110.17,QI CORRETORA DE TÍTULOS E VALORES MOBILIÁRIOS S.A.,1,0.0,0.0,0.0,0.0,0.0,0.0,0.0,0.0,True,,,,,,
2026-06-30,50988212000105,CARTÃO DE COMPRA SUPPLIER FUNDO DE INVESTIMENTO EM DIREITOS CREDITÓRIOS II-RESPONSABILIDADE LIMITADA,Classe,193612039.06,OLIVEIRA TRUST DTVM S.A.,1,0.0,0.0,0.0,0.0,0.0,0.0,174122010.64,174122010.64,False,0.0,0.0,0.0,0.0,0.0,False
2026-06-30,51045717000190,SOLAR BR FUNDO DE INVESTIMENTO EM DIREITOS CREDITÓRIOS,Classe,61877061.89,QI CORRETORA DE TÍTULOS E VALORES MOBILIÁRIOS S.A.,1,0.0,0.0,0.0,0.0,0.0,0.0,0.0,0.0,True,,,,,,
2026-06-30,51114682000102,ARIA FUNDO DE INVESTIMENTO EM DIREITOS CREDITÓRIOS NÃO PADRONIZADOS DE RESPONSABILIDADE LIMITADA,Classe,38133853.41,MONETAR DISTRIBUIDORA DE TITULOS E VALORES MOBILIARIOS LTDA.,1,0.0,0.0,0.0,0.0,0.0,15796889.14,23116668.87,38913558.010000005,False,0.0,0.0,0.0,0.0,0.0,False
2026-06-30,51190919000126,CÉREBRO FUNDO DE INVESTIMENTO EM DIREITOS CREDITÓRIOS,Classe,16262027.51,QI CORRETORA DE TÍTULOS E VALORES MOBILIÁRIOS S.A.,1,0.0,0.0,0.0,0.0,0.0,0.0,0.0,0.0,True,,,,,,
2026-06-30,51290497000160,MT INSS RECEIVABLES V FUNDO DE INVESTIMENTO EM DIREITOS CREDITÓRIOS CONSIGNADOS,Classe,493570021.43,OLIVEIRA TRUST DTVM S.A.,1,0.0,0.0,0.0,0.0,0.0,0.0,462835577.18,462835577.18,False,0.0,0.0,0.0,0.0,0.0,False
2026-06-30,51296133000198,BTF FUNDO DE INVESTIMENTO EM DIREITOS CREDITÓRIOS,Classe,24272118.31,MONETAR DISTRIBUIDORA DE TITULOS E VALORES MOBILIARIOS LTDA.,1,0.0,0.0,0.0,0.0,0.0,3139245.87,21307586.2,24446832.07,False,0.0,0.0,0.0,0.0,0.0,False
2026-06-30,51364521000169,ORRAM 90 FUNDO DE INVESTIMENTO EM COTAS DE FUNDO DE INVESTIMENTO EM DIREITOS CREDITÓRIOS,Classe,122833214.12,QI CORRETORA DE TÍTULOS E VALORES MOBILIÁRIOS S.A.,1,0.0,0.0,0.0,0.0,0.0,0.0,0.0,0.0,True,,,,,,
2026-06-30,51476020000174,ORRAM HIGH YIELD FUNDO DE INVESTIMENTO EM QUOTAS DE FUNDO DE INVESTIMENTO EM DIREITOS CREDITÓRIOS,Classe,22297963.89,QI CORRETORA DE TÍTULOS E VALORES MOBILIÁRIOS S.A.,1,0.0,0.0,0.0,0.0,0.0,0.0,0.0,0.0,True,,,,,,
2026-06-30,51497417000142,FLEX FUNDO DE INVESTIMENTO EM COTAS DE FUNDO DE INVESTIMENTO EM DIREITOS CREDITÓRIOS,Classe,5702833.56,QI CORRETORA DE TÍTULOS E VALORES MOBILIÁRIOS S.A.,1,0.0,0.0,0.0,0.0,0.0,0.0,0.0,0.0,True,,,,,,
2026-06-30,51679169000150,CREDIT OPS II FUNDO DE INVESTIMENTO EM DIREITOS CREDITÓRIOS,Classe,1177031022.4,QORE DISTRIBUIDORA DE TÍTULOS E VALORES MOBILIÁRIOS LTDA.,1,0.0,0.0,0.0,0.0,0.0,0.0,0.0,0.0,True,,,,,,
2026-06-30,51920831000112,INOVA CREDTECH II FUNDO DE INVESTIMENTOS EM DIREITOS  CREDITÓRIOS,Classe,9107388.62,MONETAR DISTRIBUIDORA DE TITULOS E VALORES MOBILIARIOS LTDA.,1,0.0,0.0,0.0,0.0,0.0,0.0,5855267.18,5855267.18,False,0.0,0.0,0.0,0.0,0.0,False
2026-06-30,51956448000114,FIDC SOMACRED CONSIGNADO PÚBLICO II - RESPONSABILIDADE LIMITADA,Classe,180061282.8,OLIVEIRA TRUST DTVM S.A.,1,0.0,0.0,0.0,0.0,0.0,169094974.15,0.0,169094974.15,False,0.0,0.0,0.0,0.0,0.0,False
2026-06-30,52029150000121,LONG SHOT I FUNDO DE INVESTIMENTO EM COTAS DE FUNDO DE INVESTIMENTO EM DIREITOS CREDITÓRIOS,Classe,16263674.72,WNT CAPITAL DISTRIBUIDORA DE TITULOS E VALORES MOBILIARIOS S.A.,1,0.0,0.0,0.0,0.0,0.0,0.0,0.0,0.0,True,,,,,,
2026-06-30,52099923000146,EVERBLUE FUNDO DE INVESTIMENTO EM COTAS DE FUNDO DE INVESTIMENTO EM DIREITOS CREDITÓRIOS,Classe,28517435.29,QI CORRETORA DE TÍTULOS E VALORES MOBILIÁRIOS S.A.,1,0.0,0.0,0.0,0.0,0.0,0.0,0.0,0.0,True,,,,,,
2026-06-30,52100879000147,SOTREQ FUNDO DE INVESTIMENTO EM DIREITOS CREDITÓRIOS -  RESPONSABILIDADE LIMITADA,Classe,205217344.77,OLIVEIRA TRUST DTVM S.A.,1,0.0,0.0,0.0,0.0,0.0,101577391.46,0.0,101577391.46,False,0.0,0.0,0.0,0.0,0.0,False
2026-06-30,52178495000147,IOX 60 FUNDO DE INVESTIMENTO EM COTAS DE FUNDO DE INVESTIMENTO EM DIREITOS CREDITÓRIOS,Classe,5653266.02,QI CORRETORA DE TÍTULOS E VALORES MOBILIÁRIOS S.A.,1,0.0,0.0,0.0,0.0,0.0,0.0,0.0,0.0,True,,,,,,
2026-06-30,52203566000114,FUNDO DE INVESTIMENTO EM COTAS DE FUNDO DE INVESTIMENTO EM DIREITOS CREDITÓRIOS PARAGUAÇU I,Classe,14586872.49,QI CORRETORA DE TÍTULOS E VALORES MOBILIÁRIOS S.A.,1,0.0,0.0,0.0,0.0,0.0,0.0,0.0,0.0,True,,,,,,
2026-06-30,52256912000122,FUNDO DE INVESTIMENTO EM DIREITOS CREDITÓRIOS ACR I BANCOS EMISSORES DE CARTÃO DE CRÉDITO RESP LIMI,Classe,2661592324.9,OLIVEIRA TRUST DTVM S.A.,1,0.0,0.0,0.0,0.0,0.0,0.0,2393814408.84,2393814408.84,False,0.0,0.0,0.0,0.0,0.0,False
2026-06-30,52286780000181,THE CAPITAL UNIVERSE FUNDO DE INVESTIMENTO EM DIREITOS CREDITÓRIOS RESPONSABILIDADE LIMITADA,Classe,30024214.14,MONETAR DISTRIBUIDORA DE TITULOS E VALORES MOBILIARIOS LTDA.,1,0.0,0.0,0.0,0.0,0.0,699200.02,23402449.56,24101649.58,False,0.0,0.0,0.0,0.0,0.0,False
2026-06-30,52319921000115,ESTAIADA ÉXES FUNDO DE INVESTIMENTO EM DIREITOS CREDITÓRIOS RESPONSABILIDADE LIMITADA,Classe,75062769.76,OLIVEIRA TRUST DTVM S.A.,1,0.0,0.0,0.0,0.0,0.0,0.0,74726614.06,74726614.06,False,0.0,0.0,0.0,0.0,0.0,False
2026-06-30,52341847000133,GUARDIAN MULTI CONSIGNADO III FIDC RESPONSABILIDADE LIMITADA,Classe,331524918.49,OLIVEIRA TRUST DTVM S.A.,1,0.0,0.0,0.0,0.0,0.0,0.0,325534498.58,325534498.58,False,0.0,0.0,0.0,0.0,0.0,False
2026-06-30,52362629000185,3T - FUNDO DE INVESTIMENTO EM COTAS DE FUNDO DE INVESTIMENTO EM DIREITOS CREDITÓRIOS NÃO PADRONIZADO,Classe,21472860.17,QI CORRETORA DE TÍTULOS E VALORES MOBILIÁRIOS S.A.,1,0.0,0.0,0.0,0.0,0.0,0.0,0.0,0.0,True,,,,,,
2026-06-30,52498585000115,SALENTO FUNDO DE INVESTIMENTO EM DIREITOS CREDITÓRIOS,Classe,241072740.86,QI CORRETORA DE TÍTULOS E VALORES MOBILIÁRIOS S.A.,1,0.0,0.0,0.0,0.0,0.0,0.0,0.0,0.0,True,,,,,,
2026-06-30,52607408000120,ISIDORO FUNDO DE INVESTIMENTO EM COTAS DE FUNDO DE INVESTIMENTO EM DIREITOS CREDITÓRIOS,Classe,8464769.52,QI CORRETORA DE TÍTULOS E VALORES MOBILIÁRIOS S.A.,1,0.0,0.0,0.0,0.0,0.0,0.0,0.0,0.0,True,,,,,,
2026-06-30,52610624000124,AETOS ENERGIA FUNDO DE INVESTIMENTO EM DIREITOS CREDITÓRIOS,Classe,7350884666.57,XP INVESTIMENTOS CCTVM S.A.,1,0.0,0.0,0.0,0.0,0.0,7365283084.6,0.0,7365283084.6,False,0.0,0.0,0.0,0.0,0.0,False
2026-06-30,52810196000183,FUNDO DE INVESTIMENTO EM DIREITOS CREDITÓRIOS FUTURO PREVIDÊNCIA CONSIGNADO PÚBLICO II RESP LTDA,Classe,576453917.4,OLIVEIRA TRUST DTVM S.A.,1,0.0,0.0,0.0,0.0,0.0,0.0,529116695.14,529116695.14,False,0.0,0.0,0.0,0.0,0.0,False
2026-06-30,52923834000172,FUNDO DE INVESTIMENTO EM DIREITOS CREDITÓRIOS COOPER CARD II - CRÉDITOS FINANCEIROS,Classe,72000774.17,OLIVEIRA TRUST DTVM S.A.,1,0.0,0.0,0.0,0.0,0.0,63928706.34,0.0,63928706.34,False,0.0,0.0,0.0,0.0,0.0,False
2026-06-30,52968533000165,MCPO FUNDO DE INVESTIMENTO EM DIREITOS CREDITÓRIOS,Classe,113318733.22,OLIVEIRA TRUST DTVM S.A.,1,0.0,0.0,0.0,0.0,0.0,96556579.53,0.0,96556579.53,False,0.0,0.0,0.0,0.0,0.0,False
2026-06-30,53036495000175,XP RETURN I CONSIGNADO FUNDO DE INVESTIMENTO EM DIREITOS CREDITÓRIOS RESP LIMITADA,Classe,1546482100.39,OLIVEIRA TRUST DTVM S.A.,1,0.0,0.0,0.0,0.0,0.0,1483298090.12,0.0,1483298090.12,False,0.0,0.0,0.0,0.0,0.0,False
2026-06-30,53110325000193,FUNDO DE INVESTIMENTO EM DIREITOS CREDITÓRIOS DIRETO RESPONSABILIDADE LIMITADA,Classe,224078725.96,OLIVEIRA TRUST DTVM S.A.,1,0.0,0.0,0.0,0.0,0.0,175281867.37,0.0,175281867.37,False,0.0,0.0,0.0,0.0,0.0,False
2026-06-30,53190018000160,FUNDO DE INVESTIMENTO EM COTAS DE FUNDO DE INVESTIMENTO EM DIREITOS CREDITÓRIOS ILHA DE MARÉ,Classe,10696902.12,QI CORRETORA DE TÍTULOS E VALORES MOBILIÁRIOS S.A.,1,0.0,0.0,0.0,0.0,0.0,0.0,0.0,0.0,True,,,,,,
2026-06-30,53214328000177,ANFEH-SIRIUS FUNDO DE INVESTIMENTO EM DIREITOS CREDITÓRIOS - RESPONSABILIDADE LIMITADA,Classe,767655.43,QI CORRETORA DE TÍTULOS E VALORES MOBILIÁRIOS S.A.,1,0.0,0.0,0.0,0.0,0.0,0.0,0.0,0.0,True,,,,,,
2026-06-30,53214754000100,ANFEH FUNDO DE INVESTIMENTO EM COTAS DE FUNDO DE INVESTIMENTO EM DIREITOS CREDITÓRIOS,Classe,741798.71,QI CORRETORA DE TÍTULOS E VALORES MOBILIÁRIOS S.A.,1,0.0,0.0,0.0,0.0,0.0,0.0,0.0,0.0,True,,,,,,
2026-06-30,53293984000102,SERENA FUNDO DE INVESTIMENTO EM DIREITOS CREDITÓRIOS,Classe,865057055.5,XP INVESTIMENTOS CCTVM S.A.,1,0.0,0.0,0.0,0.0,0.0,483335123.5,0.0,483335123.5,False,0.0,0.0,0.0,0.0,0.0,False
2026-06-30,53311084000140,CHIMERA ALTERNATIVE ASSETS IV FUNDO DE INVESTIMENTO EM DIREITOS CREDITÓRIOS DE RESP. LIMITADA,Classe,12975039.5,MONETAR DISTRIBUIDORA DE TITULOS E VALORES MOBILIARIOS LTDA.,1,0.0,0.0,0.0,0.0,0.0,12811991.9,0.0,12811991.9,False,0.0,0.0,0.0,0.0,0.0,False
2026-06-30,53323357000177,EMBRAPREC FUNDO DE INVESTIMENTO EM DIREITOS CREDITÓRIO NÃO PADRONIZADO,Classe,16513142.21,MONETAR DISTRIBUIDORA DE TITULOS E VALORES MOBILIARIOS LTDA.,1,0.0,0.0,0.0,0.0,0.0,17797653.74,0.0,17797653.74,False,0.0,0.0,0.0,0.0,0.0,False
2026-06-30,53323703000117,REAL MINAS 2 FUNDO DE INVESTIMENTO EM DIREITOS CREDITÓRIOS,Classe,334462880.04,OLIVEIRA TRUST DTVM S.A.,1,0.0,0.0,0.0,0.0,0.0,0.0,0.0,0.0,True,,,,,,
2026-06-30,53465254000141,CORAM DEO FUNDO DE INVESTIMENTO EM DIREITOS CREDITÓRIOS RESPONSABILIDADE LIMITADA,Classe,98140641.49,MONETAR DISTRIBUIDORA DE TITULOS E VALORES MOBILIARIOS LTDA.,1,0.0,0.0,0.0,0.0,0.0,74727121.59,0.0,74727121.59,False,0.0,0.0,0.0,0.0,0.0,False
2026-06-30,53622208000109,IC PRECATÓRIOS ESTADUAIS II FUNDO DE INVESTIMENTO EM DIREITOS CREDITÓRIOS - DE RESP LTDA,Classe,50167278.6,OLIVEIRA TRUST DTVM S.A.,1,0.0,0.0,0.0,0.0,0.0,49671366.53,0.0,49671366.53,False,0.0,0.0,0.0,0.0,0.0,False
2026-06-30,53624183000182,PAGEDU FUNDO DE INVESTIMENTO EM DIREITOS CREDITÓRIOS,Classe,34050633.76,OLIVEIRA TRUST DTVM S.A.,1,0.0,0.0,0.0,0.0,0.0,23042677.41,0.0,23042677.41,False,0.0,0.0,0.0,0.0,0.0,False
2026-06-30,53643695000196,CUIVRÉ FUNDO DE INVESTIMENTO EM DIREITOS CREDITÓRIOS,Classe,38689765.57,XP INVESTIMENTOS CCTVM S.A.,1,0.0,0.0,0.0,0.0,0.0,38401315.98,0.0,38401315.98,False,0.0,0.0,0.0,0.0,0.0,False
2026-06-30,53662209000187,PNEUCASH FUNDO DE INVESTIMENTO EM DIREITOS CREDITÓRIOS DE CLASSE ÚNICA FECHADA - RESP LTDA,Classe,270289137.35,OLIVEIRA TRUST DTVM S.A.,1,0.0,0.0,0.0,0.0,0.0,247118610.53,0.0,247118610.53,False,0.0,0.0,0.0,0.0,0.0,False
2026-06-30,53779703000126,XP CREDIT OPPORTUNITIES FUNDO DE INVESTIMENTO EM DIREITOS CREDITÓRIOS DE RESPONSABILIDADE LIMITADA,Classe,864281715.99,XP INVESTIMENTOS CCTVM S.A.,1,0.0,0.0,0.0,0.0,0.0,430010402.64,0.0,430010402.64,False,0.0,0.0,0.0,0.0,0.0,False
2026-06-30,53864681000100,PCS II BRASIL FUNDO DE INVESTIMENTO EM DIREITOS CREDITÓRIOS,Classe,638743807.64,QI CORRETORA DE TÍTULOS E VALORES MOBILIÁRIOS S.A.,1,0.0,0.0,0.0,0.0,0.0,0.0,0.0,0.0,True,,,,,,
2026-06-30,53880657000157,G5 F GJS FUNDO DE INVESTIMENTO EM COTAS DE FUNDO DE INVESTIMENTO EM DIREITOS CREDITÓRIOS,Classe,189618047.66,QI CORRETORA DE TÍTULOS E VALORES MOBILIÁRIOS S.A.,1,0.0,0.0,0.0,0.0,0.0,0.0,0.0,0.0,True,,,,,,
2026-06-30,53942302000145,M5 FALCON FUNDO DE INVESTIMENTO EM COTAS DE FUNDO DE INVESTIMENTO EM DIREITOS CREDITÓRIOS,Classe,110522098.2,QORE DISTRIBUIDORA DE TÍTULOS E VALORES MOBILIÁRIOS LTDA.,1,0.0,0.0,0.0,0.0,0.0,0.0,0.0,0.0,True,,,,,,
2026-06-30,53942327000149,MENESTYS IX FUNDO DE INVESTIMENTO EM COTAS DE FUNDO DE INVESTIMENTO EM DIREITOS CREDITÓRIOS,Classe,3928132.95,QORE DISTRIBUIDORA DE TÍTULOS E VALORES MOBILIÁRIOS LTDA.,1,0.0,0.0,0.0,0.0,0.0,0.0,0.0,0.0,True,,,,,,
2026-06-30,53961195000100,PSS ESPECTRO FUNDO DE INVESTIMENTO EM DIREITOS CREDITÓRIOS,Classe,151186365.26,QI CORRETORA DE TÍTULOS E VALORES MOBILIÁRIOS S.A.,1,0.0,0.0,0.0,0.0,0.0,0.0,0.0,0.0,True,,,,,,
2026-06-30,53969337000178,DIAMANTE FUNDO DE INVESTIMENTO EM DIREITOS CREDITÓRIOS DE CLASSE ÚNICA FECHADA,Classe,5795961.68,QI CORRETORA DE TÍTULOS E VALORES MOBILIÁRIOS S.A.,1,0.0,0.0,0.0,0.0,0.0,0.0,0.0,0.0,True,,,,,,
2026-06-30,53996774000180,FICRED FUNDO DE INVESTIMENTO EM DIREITOS CREDITÓRIOS,Classe,52696510.0,INTEGRAL ACCESS DISTRIBUIDORA DE TÍTULOS E VALORES MOBILIÁRIOS LTDA.,1,0.0,0.0,0.0,0.0,0.0,52616769.22,0.0,52616769.22,False,0.0,0.0,0.0,0.0,0.0,False
2026-06-30,54335957000118,CREDIT RESTRUCTURING FUNDO DE INVESTIMENTO EM DIREITOS CREDITÓRIOS,Classe,238354584.31,XP INVESTIMENTOS CCTVM S.A.,1,0.0,0.0,0.0,0.0,0.0,217055096.42,0.0,217055096.42,False,0.0,0.0,0.0,0.0,0.0,False
2026-06-30,54443741000176,GARE FUNDO DE INVESTIMENTO EM DIREITOS CREDITÓRIOS,Classe,138214122.07,QI CORRETORA DE TÍTULOS E VALORES MOBILIÁRIOS S.A.,1,0.0,0.0,0.0,0.0,0.0,0.0,0.0,0.0,True,,,,,,
2026-06-30,54518191000107,ICRED FGTS FUNDO DE INVESTIMENTO EM DIREITOS CREDITÓRIOS RESPONSABILIDADE LIMITADA,Classe,797908932.37,OLIVEIRA TRUST DTVM S.A.,1,0.0,0.0,0.0,0.0,0.0,767761876.75,0.0,767761876.75,False,0.0,0.0,0.0,0.0,0.0,False
2026-06-30,54559035000194,ESTRATÉGIA VINCULADA I FUNDO DE INVESTIMENTO EM DIREITOS CREDITÓRIOS - RESPONSABILIDADE LIMITADA,Classe,97953864.1,OLIVEIRA TRUST DTVM S.A.,1,0.0,0.0,0.0,0.0,0.0,96003844.76,0.0,96003844.76,False,0.0,0.0,0.0,0.0,0.0,False
2026-06-30,54565154000150,VANGUARDA FUNDO DE INVESTIMENTO EM DIREITOS  CREDITÓRIOS,Classe,41632306.07,WNT CAPITAL DISTRIBUIDORA DE TITULOS E VALORES MOBILIARIOS S.A.,1,0.0,0.0,0.0,0.0,0.0,0.0,0.0,0.0,True,,,,,,
2026-06-30,54760649000130,IMPULSE CREDIT I FUNDO DE INVESTIMENTO EM DIREITOS CREDITÓRIOS NÃO PADRONIZADOS,Classe,3140277.07,MONETAR DISTRIBUIDORA DE TITULOS E VALORES MOBILIARIOS LTDA.,1,0.0,0.0,0.0,0.0,0.0,2062155.92,692726.41,2754882.33,False,0.0,0.0,0.0,0.0,0.0,False
2026-06-30,54775576000150,CHRONOS FUNDO DE INVESTIMENTO EM DIREITOS CREDITÓRIOS,Classe,67149918.6,PLANNER CORRETORA DE VALORES S.A.,1,0.0,0.0,0.0,0.0,0.0,0.0,0.0,0.0,True,,,,,,
2026-06-30,54836930000109,FUNDO DE INVESTIMENTO EM DIREITOS CREDITÓRIOS METEORO - RESP LTDA,Classe,2688587997.05,OLIVEIRA TRUST DTVM S.A.,1,0.0,0.0,0.0,0.0,0.0,0.0,1502857015.26,1502857015.26,False,0.0,0.0,0.0,0.0,0.0,False
2026-06-30,54875483000105,CHIMERA ALTERNATIVE ASSETS VIII FUNDO DE INVESTIMENTO EM DIREITOS CREDITÓRIOS NP DE RESP LIMITADA,Classe,53640789.96,MONETAR DISTRIBUIDORA DE TITULOS E VALORES MOBILIARIOS LTDA.,1,0.0,0.0,0.0,0.0,0.0,53548453.95,0.0,53548453.95,False,0.0,0.0,0.0,0.0,0.0,False
2026-06-30,54976534000187,BURITI FUNDO DE INVESTIMENTO EM COTAS DE FUNDO DE INVESTIMENTO EM DIREITOS CREDITÓRIOS,Classe,47204101.53,QI CORRETORA DE TÍTULOS E VALORES MOBILIÁRIOS S.A.,1,0.0,0.0,0.0,0.0,0.0,0.0,0.0,0.0,True,,,,,,
2026-06-30,54979338000166,MEDITERRANEO FUNDO DE INVESTIMENTO EM DIREITOS CREDITÓRIOS,Classe,6124389.07,QI CORRETORA DE TÍTULOS E VALORES MOBILIÁRIOS S.A.,1,0.0,0.0,0.0,0.0,0.0,0.0,0.0,0.0,True,,,,,,
2026-06-30,55072790000102,FUNDO DE INVESTIMENTO EM DIREITOS CREDITÓRIOS FUTURO CONSIGNADO PÚBLICO III RESP LTDA,Classe,335957104.15,OLIVEIRA TRUST DTVM S.A.,1,0.0,0.0,0.0,0.0,0.0,0.0,319650446.03,319650446.03,False,0.0,0.0,0.0,0.0,0.0,False
2026-06-30,55085520000136,VOLAR FUNDO DE INVESTIMENTO EM COTAS FIDC RESP LIMITADA,Classe,1591681.32,QORE DISTRIBUIDORA DE TÍTULOS E VALORES MOBILIÁRIOS LTDA.,1,0.0,0.0,0.0,0.0,0.0,0.0,0.0,0.0,True,,,,,,
2026-06-30,55154982000168,RJ3D FUNDO DE INVESTIMENTO EM DIREITOS CREDITÓRIOS,Classe,44501151.54,MONETAR DISTRIBUIDORA DE TITULOS E VALORES MOBILIARIOS LTDA.,1,0.0,0.0,0.0,0.0,0.0,1548893.45,0.0,1548893.45,False,0.0,0.0,0.0,0.0,0.0,False
2026-06-30,55159493000107,FUNDO DE INVESTIMENTO EM DIREITOS CREDITORIOS NEW EDAN II,Classe,1000724.87,PLANNER CORRETORA DE VALORES S.A.,1,0.0,0.0,0.0,0.0,0.0,0.0,0.0,0.0,True,,,,,,
2026-06-30,55167862000103,FUNDO DE INVESTIMENTO EM DIREITOS CREDITÓRIOS - PAGBANK MULTIADQUIRÊNCIA - RESPONSABILIDADE LIMITADA,Classe,217083099.02,OLIVEIRA TRUST DTVM S.A.,1,0.0,0.0,0.0,0.0,0.0,171739834.87,0.0,171739834.87,False,0.0,0.0,0.0,0.0,0.0,False
2026-06-30,55211792000135,BW2 FUNDO DE INVESTIMENTO EM COTAS DE FUNDO DE INVESTIMENTO EM DIREITOS CREDITÓRIOS,Classe,32489154.48,QI CORRETORA DE TÍTULOS E VALORES MOBILIÁRIOS S.A.,1,0.0,0.0,0.0,0.0,0.0,0.0,0.0,0.0,True,,,,,,
2026-06-30,55241106000179,ARM CAPITAL PRECATÓRIOS FUNDO DE INVESTIMENTO EM DIREITOS CREDITÓRIOS - DE RESPONSABILIDADE LIMITADA,Classe,20274305.17,OLIVEIRA TRUST DTVM S.A.,1,0.0,0.0,0.0,0.0,0.0,18127699.91,0.0,18127699.91,False,0.0,0.0,0.0,0.0,0.0,False
2026-06-30,55296116000101,MATRI NOW FUNDO DE INVESTIMENTO EM COTAS DE FUNDO DE INVESTIMENTO EM DIREITOS CREDITÓRIOS,Classe,34074383.47,QI CORRETORA DE TÍTULOS E VALORES MOBILIÁRIOS S.A.,1,0.0,0.0,0.0,0.0,0.0,0.0,0.0,0.0,True,,,,,,
2026-06-30,55333402000108,CLASSE I DO TUNDRA FIDC DE RESPONSABILIDADE LIMITADA,Classe,26866701.22,MONETAR DISTRIBUIDORA DE TITULOS E VALORES MOBILIARIOS LTDA.,1,0.0,0.0,0.0,0.0,0.0,26837445.55,0.0,26837445.55,False,0.0,0.0,0.0,0.0,0.0,False
2026-06-30,55374251000128,FUNDO DE INVESTIMENTO EM DIREITOS CREDITÓRIOS BLUE II SEGMENTO CRÉDITO CORPORATIVO DE RESP LTDA,Classe,43984629.1,OLIVEIRA TRUST DTVM S.A.,1,0.0,0.0,0.0,0.0,0.0,43399957.38,0.0,43399957.38,False,0.0,0.0,0.0,0.0,0.0,False
2026-06-30,55471753000177,SELLER II FUNDO DE INVESTIMENTO EM DIREITOS CREDITÓRIOS SEGMENTO MEIOS DE PAGAMENTO RESP LTDA,Classe,2879663753.83,OLIVEIRA TRUST DTVM S.A.,1,0.0,0.0,0.0,0.0,0.0,2633221900.31,0.0,2633221900.31,False,0.0,0.0,0.0,0.0,0.0,False
2026-06-30,55499498000170,MENESTYS VII GABLES FUNDO DE INVESTIMENTO EM COTAS DE FUNDO DE INVESTIMENTO EM DIREITOS CREDITÓRIOS,Classe,23601543.29,QORE DISTRIBUIDORA DE TÍTULOS E VALORES MOBILIÁRIOS LTDA.,1,0.0,0.0,0.0,0.0,0.0,0.0,0.0,0.0,True,,,,,,
2026-06-30,55507580000108,ARUBA FUNDO DE INVESTIMENTO EM COTAS DE DIREITOS CREDITÓRIOS,Classe,41323728.23,XP INVESTIMENTOS CCTVM S.A.,1,0.0,0.0,0.0,0.0,0.0,0.0,0.0,0.0,True,,,,,,
2026-06-30,55523204000107,DMX FUNDO DE INVESTIMENTO EM DIREITOS CREDITÓRIOS MULTISSETORIAL - RESPONSABILIDADE LIMITADA,Classe,100424580.43,MONETAR DISTRIBUIDORA DE TITULOS E VALORES MOBILIARIOS LTDA.,1,0.0,0.0,0.0,0.0,0.0,0.0,94519264.54,94519264.54,False,0.0,0.0,0.0,0.0,0.0,False
2026-06-30,55554537000195,ITAMARACÁ FUNDO DE INVESTIMENTO EM DIREITOS CREDITÓRIOS RESPONSABILIDADE LIMITADA,Classe,689251.07,MONETAR DISTRIBUIDORA DE TITULOS E VALORES MOBILIARIOS LTDA.,1,0.0,0.0,0.0,0.0,0.0,590249.46,0.0,590249.46,False,0.0,0.0,0.0,0.0,0.0,False
2026-06-30,55619752000127,MAX 90 FUNDO DE INVESTIMENTO EM COTAS DE FUNDO DE INVESTIMENTO EM DIREITOS CREDITÓRIOS,Classe,8247082.33,QI CORRETORA DE TÍTULOS E VALORES MOBILIÁRIOS S.A.,1,0.0,0.0,0.0,0.0,0.0,0.0,0.0,0.0,True,,,,,,
2026-06-30,55634639000110,MONTE BRAVO MULTICRÉDITO FIC FIDC,Classe,25626511.97,XP INVESTIMENTOS CCTVM S.A.,1,0.0,0.0,0.0,0.0,0.0,0.0,0.0,0.0,True,,,,,,
2026-06-30,55651473000140,VEXO FUNDO DE INVESTIMENTO EM DIREITOS CREDITÓRIOS RESPONSABILIDADE LIMITADA,Classe,11569301.92,MONETAR DISTRIBUIDORA DE TITULOS E VALORES MOBILIARIOS LTDA.,1,0.0,0.0,0.0,0.0,0.0,10322977.93,0.0,10322977.93,False,0.0,0.0,0.0,0.0,0.0,False
2026-06-30,55835986000101,ORRAM ESTRUTURADO FIC DE FUNDOS DE INVESTIMENTO EM DIREITOS CREDITÓRIOS - RESPONSABILIDADE LIMITADA,Classe,48154004.44,QI CORRETORA DE TÍTULOS E VALORES MOBILIÁRIOS S.A.,1,0.0,0.0,0.0,0.0,0.0,0.0,0.0,0.0,True,,,,,,
2026-06-30,55897261000148,VIA CERTA FUNDO DE INVESTIMENTO EM DIREITOS CREDITÓRIOS FINANCEIROS,Classe,31314232.14,OLIVEIRA TRUST DTVM S.A.,1,0.0,0.0,0.0,0.0,0.0,28860811.89,0.0,28860811.89,False,0.0,0.0,0.0,0.0,0.0,False
2026-06-30,55914922000104,ORRAM VD FUNDO DE INVESTIMENTO EM COTAS DE FUNDO DE INVESTIMENTO EM DIREITOS CREDITÓRIOS - RESP LTDA,Classe,26715962.72,QI CORRETORA DE TÍTULOS E VALORES MOBILIÁRIOS S.A.,1,0.0,0.0,0.0,0.0,0.0,0.0,0.0,0.0,True,,,,,,
2026-06-30,55983705000168,PRAVALER CRÉDITO UNIVERSITÁRIO IV FUNDO DE INVESTIMENTO EM DIREITOS CREDITÓRIOS - RESP LIMITADA,Classe,260834195.78,OLIVEIRA TRUST DTVM S.A.,1,0.0,0.0,0.0,0.0,0.0,0.0,192482978.65,192482978.65,False,0.0,0.0,0.0,0.0,0.0,False
2026-06-30,56006031000104,HOME EQUITY MULTI FUNDO DE INVESTIMENTO EM DIREITOS CREDITÓRIOS RESPONSABILIDADE LIMITADA,Classe,114499497.05,OLIVEIRA TRUST DTVM S.A.,1,0.0,0.0,0.0,0.0,0.0,109729960.73,0.0,109729960.73,False,0.0,0.0,0.0,0.0,0.0,False
2026-06-30,56023806000150,CONQUISTA FUNDO DE INVESTIMENTO EM COTAS DE FUNDO DE INVESTIMENTO EM DIREITOS CREDITÓRIOS,Classe,142501637.35,QI CORRETORA DE TÍTULOS E VALORES MOBILIÁRIOS S.A.,1,0.0,0.0,0.0,0.0,0.0,0.0,0.0,0.0,True,,,,,,
2026-06-30,56030860000122,FAMA FUNDO DE INVESTIMENTO EM COTAS DE FUNDO DE INVESTIMENTO EM DIREITOS CREDITÓRIOS,Classe,3078709.14,QI CORRETORA DE TÍTULOS E VALORES MOBILIÁRIOS S.A.,1,0.0,0.0,0.0,0.0,0.0,0.0,0.0,0.0,True,,,,,,
2026-06-30,56034650000102,TTMR FUNDO DE INVESTIMENTO EM  DIREITOS CREDITÓRIOS - RESPONSABILIDADE LIMITADA,Classe,7086834.17,OLIVEIRA TRUST DTVM S.A.,1,0.0,0.0,0.0,0.0,0.0,0.0,5513313.27,5513313.27,False,0.0,0.0,0.0,0.0,0.0,False
2026-06-30,56073212000153,EVEREST TRACKER FUNDO DE INVESTIMENTO EM COTAS DE FUNDO DE INVESTIMENTO EM DIREITOS CREDITÓRIOS,Classe,35719092.46,QI CORRETORA DE TÍTULOS E VALORES MOBILIÁRIOS S.A.,1,0.0,0.0,0.0,0.0,0.0,0.0,0.0,0.0,True,,,,,,
2026-06-30,56112240000132,FUNDO DE INVESTIMENTO EM DIREITOS CREDITÓRIOS AUTO GWM - RESPONSABILIDADE LIMITADA,Classe,197555010.67,INTEGRAL ACCESS DISTRIBUIDORA DE TÍTULOS E VALORES MOBILIÁRIOS LTDA.,1,0.0,0.0,0.0,0.0,0.0,0.0,135814158.29,135814158.29,False,0.0,0.0,0.0,0.0,0.0,False
2026-06-30,56154338000152,KUARÁ ORIZ LSN I FUNDO DE INVESTIMENTOS EM DIREITOS CREDITÓRIOS NP RESP LIMITADA,Classe,27765085.2,MONETAR DISTRIBUIDORA DE TITULOS E VALORES MOBILIARIOS LTDA.,1,0.0,0.0,0.0,0.0,0.0,26993220.39,0.0,26993220.39,False,0.0,0.0,0.0,0.0,0.0,False
2026-06-30,56263685000113,LONDON FUNDO DE INVESTIMENTO EM DIREITOS CREDITORIOS,Classe,27292128.56,QORE DISTRIBUIDORA DE TÍTULOS E VALORES MOBILIÁRIOS LTDA.,1,0.0,0.0,0.0,0.0,0.0,0.0,0.0,0.0,True,,,,,,
2026-06-30,56320097000174,VERAXS THERAS FUNDO DE INVESTIMENTO EM DIREITOS CREDITÓRIOS NÃO PADRONIZADO DE RESP LIMITADA,Classe,12994236.49,MONETAR DISTRIBUIDORA DE TITULOS E VALORES MOBILIARIOS LTDA.,1,0.0,0.0,0.0,0.0,0.0,14594442.67,0.0,14594442.67,False,0.0,0.0,0.0,0.0,0.0,False
2026-06-30,56322644000150,REVO FUNDO DE INVESTIMENTO EM COTAS DE FUNDO DE INVESTIMENTO EM DIREITOS CREDITÓRIOS,Classe,42086124.21,QI CORRETORA DE TÍTULOS E VALORES MOBILIÁRIOS S.A.,1,0.0,0.0,0.0,0.0,0.0,0.0,0.0,0.0,True,,,,,,
2026-06-30,56659005000185,CHIMERA ALTERNATIVE ASSETS X FUNDO DE INVESTIMENTO EM DIREITOS CREDITÓRIOS DE RESP. LIMITADA,Classe,42176456.66,MONETAR DISTRIBUIDORA DE TITULOS E VALORES MOBILIARIOS LTDA.,1,0.0,0.0,0.0,0.0,0.0,41613234.93,0.0,41613234.93,False,0.0,0.0,0.0,0.0,0.0,False
2026-06-30,56924025000136,ASA FUNDO DE INVESTIMENTO EM COTAS DE FUNDO DE INVESTIMENTO EM DIREITOS CREDITÓRIOS 90 II RESP LIM,Classe,310328448.55,QI CORRETORA DE TÍTULOS E VALORES MOBILIÁRIOS S.A.,1,0.0,0.0,0.0,0.0,0.0,0.0,0.0,0.0,True,,,,,,
2026-06-30,56924942000110,ASA LP II FUNDO DE INVESTIMENTO EM COTAS DE FUNDO DE INVESTIMENTO EM DIREITOS CREDITÓRIOS RESP LIM,Classe,1798768995.61,QI CORRETORA DE TÍTULOS E VALORES MOBILIÁRIOS S.A.,1,0.0,0.0,0.0,0.0,0.0,0.0,0.0,0.0,True,,,,,,
2026-06-30,56964123000105,CAVORETTO FUNDO DE INVESTIMENTO FINANCEIRO MULTIMERCADO CRÉDITO PRIVADO,Classe,34119935.95,QI CORRETORA DE TÍTULOS E VALORES MOBILIÁRIOS S.A.,1,0.0,0.0,0.0,0.0,0.0,0.0,0.0,0.0,True,,,,,,
2026-06-30,56992610000173,VINCI CRÉDITO PORTFÓLIO CDI+ FUNDO DE INVESTIMENTO EM DIREITOS CREDITÓRIOS,Classe,154197008.11,XP INVESTIMENTOS CCTVM S.A.,1,0.0,0.0,0.0,0.0,0.0,0.0,0.0,0.0,True,,,,,,
2026-06-30,57008828000103,KUARÁ GS2 IGSC I FUNDO DE INVESTIMENTO EM DIREITOS CREDITÓRIOS RESPONSABILIDADE LIMITADA,Classe,1261670.95,MONETAR DISTRIBUIDORA DE TITULOS E VALORES MOBILIARIOS LTDA.,1,0.0,0.0,0.0,0.0,0.0,680575.84,0.0,680575.84,False,0.0,0.0,0.0,0.0,0.0,False
2026-06-30,57025352000119,M7 CAPITAL FUNDO DE INVESTIMENTO EM COTAS DE FUNDO DE INVESTIMENTO EM DIREITOS CREDITÓRIOS-RESP LIM,Classe,9197449.54,QI CORRETORA DE TÍTULOS E VALORES MOBILIÁRIOS S.A.,1,0.0,0.0,0.0,0.0,0.0,0.0,0.0,0.0,True,,,,,,
2026-06-30,57153497000103,ITHAKA FUNDO DE INVESTIMENTO EM DIREITOS CREDITÓRIOS,Classe,1188185.57,PLANNER CORRETORA DE VALORES S.A.,1,0.0,0.0,0.0,0.0,0.0,0.0,0.0,0.0,True,,,,,,
2026-06-30,57325152000181,MAX 30 FUNDO DE INVESTIMENTO EM COTAS DE FUNDO DE INVESTIMENTO EM DIREITOS CREDITÓRIOS,Classe,21750198.23,QI CORRETORA DE TÍTULOS E VALORES MOBILIÁRIOS S.A.,1,0.0,0.0,0.0,0.0,0.0,0.0,0.0,0.0,True,,,,,,
2026-06-30,57339373000109,EMPHASIS FUNDO DE INVESTIMENTO EM DIREITOS CREDITÓRIOS,Classe,103634100.66,QI CORRETORA DE TÍTULOS E VALORES MOBILIÁRIOS S.A.,1,0.0,0.0,0.0,0.0,0.0,0.0,0.0,0.0,True,,,,,,
2026-06-30,57382221000199,CREDIT FORT FUNDO DE INVESTIMENTO EM DIREITOS CREDITÓRIOS - RESPONSABILIDADE LIMITADA,Classe,176130766.67,XP INVESTIMENTOS CCTVM S.A.,1,0.0,0.0,0.0,0.0,0.0,0.0,0.0,0.0,True,,,,,,
2026-06-30,57474036000124,C18 FUNDO DE INVESTIMENTO EM DIREITOS  CREDITÓRIOS,Classe,437392.3,OLIVEIRA TRUST DTVM S.A.,1,0.0,0.0,0.0,0.0,0.0,0.0,456120.04,456120.04,False,0.0,0.0,0.0,0.0,0.0,False
2026-06-30,57519386000160,MAX 365 FUNDO DE INVESTIMENTO EM COTAS DE FUNDO DE INVESTIMENTO EM DIREITOS CREDITÓRIOS,Classe,6162574.49,QI CORRETORA DE TÍTULOS E VALORES MOBILIÁRIOS S.A.,1,0.0,0.0,0.0,0.0,0.0,0.0,0.0,0.0,True,,,,,,
2026-06-30,57555582000190,ALDEBARAN FUNDO DE INVESTIMENTO EM DIREITOS CREDITÓRIOS - RESPONSABILIDADE LIMITADA,Classe,1002415606.75,BANCO J. SAFRA S.A.,1,0.0,0.0,0.0,0.0,0.0,0.0,572962687.08,572962687.08,False,0.0,0.0,0.0,0.0,0.0,False
2026-06-30,57671358000163,ASTRO SAÚDE FUNDO DE INVESTIMENTO EM DIREITOS CREDITÓRIOS DE RESPONSABILIDADE LIMITADA,Classe,3659129.56,MONETAR DISTRIBUIDORA DE TITULOS E VALORES MOBILIARIOS LTDA.,1,0.0,0.0,0.0,0.0,0.0,758284.73,0.0,758284.73,False,0.0,0.0,0.0,0.0,0.0,False
2026-06-30,57816252000100,NATURA PAY FUNDO DE INVESTIMENTO EM DIREITOS CREDITÓRIOS CRÉDITO PESSOAL SOCIAL E IS RESP LTDA,Classe,1009314406.64,OLIVEIRA TRUST DTVM S.A.,1,0.0,0.0,0.0,0.0,0.0,0.0,879180395.05,879180395.05,False,0.0,0.0,0.0,0.0,0.0,False
2026-06-30,57832889000190,ALDEBARAN III FUNDO DE INVESTIMENTO EM DIREITOS CREDITÓRIOS - RESPONSABILIDADE LIMITADA,Classe,332397292.12,BANCO J. SAFRA S.A.,1,0.0,0.0,0.0,0.0,0.0,205475523.53,0.0,205475523.53,False,0.0,0.0,0.0,0.0,0.0,False
2026-06-30,57833038000162,ALDEBARAN II FUNDO DE INVESTIMENTO EM DIREITOS CREDITÓRIOS -  RESPONSABILIDADE LIMITADA,Classe,1477350540.58,BANCO J. SAFRA S.A.,1,0.0,0.0,0.0,0.0,0.0,1197695524.22,0.0,1197695524.22,False,0.0,0.0,0.0,0.0,0.0,False
2026-06-30,57889361000158,FRUTOS CAPITAL FUNDO DE INVESTIMENTO EM DIREITOS CREDITORIOS,Classe,24735274.94,MONETAR DISTRIBUIDORA DE TITULOS E VALORES MOBILIARIOS LTDA.,1,0.0,0.0,0.0,0.0,0.0,842689.34,23639244.75,24481934.09,False,0.0,0.0,0.0,0.0,0.0,False
2026-06-30,58021121000108,AROEIRA ASSET FUNDO DE INVESTIMENTO EM COTAS DE DIREITOS CREDITÓRIOS MULTISSETORIAL,Classe,102953088.63,XP INVESTIMENTOS CCTVM S.A.,1,0.0,0.0,0.0,0.0,0.0,2431217.19,0.0,2431217.19,False,0.0,0.0,0.0,0.0,0.0,False
2026-06-30,58154011000106,FARMTECH KEY ACCOUNTS - FUNDO DE INVESTIMENTO EM DIREITOS CREDITÓRIOS DO AGRONEGÓCIO - RESP LTDA,Classe,365458694.08,OLIVEIRA TRUST DTVM S.A.,1,0.0,0.0,0.0,0.0,0.0,306218406.44,0.0,306218406.44,False,0.0,0.0,0.0,0.0,0.0,False
2026-06-30,58223658000142,CORRESPONDENTE BANQUEIRO XP FUNDO DE INVESTIMENTO EM DIREITOS CREDITÓRIOS - RESP LTDA,Classe,290981671.0,OLIVEIRA TRUST DTVM S.A.,1,0.0,0.0,0.0,0.0,0.0,224073512.52,0.0,224073512.52,False,0.0,0.0,0.0,0.0,0.0,False
2026-06-30,58223796000121,SENIOR SELECT FUNDO DE INVESTIMENTO EM COTAS DE FUNDO DE INVESTIMENTO EM DIREITOS CREDITÓRIOS,Classe,12111160.17,MONETAR DISTRIBUIDORA DE TITULOS E VALORES MOBILIARIOS LTDA.,1,0.0,0.0,0.0,0.0,0.0,0.0,0.0,0.0,True,,,,,,
2026-06-30,58232693000128,ALLOY FUNDO DE INVESTIMENTO EM DIREITOS CREDITÓRIOS,Classe,91758214.7,MONETAR DISTRIBUIDORA DE TITULOS E VALORES MOBILIARIOS LTDA.,1,0.0,0.0,0.0,0.0,0.0,92052823.13,210250.96,92263074.08999999,False,0.0,0.0,0.0,0.0,0.0,False
2026-06-30,58274981000145,P1 FUNDO DE INVESTIMENTO EM DIREITOS CREDITÓRIOS - RESPONSABILIDADE LIMITADA,Classe,40960297.13,OLIVEIRA TRUST DTVM S.A.,1,0.0,0.0,0.0,0.0,0.0,0.0,0.0,0.0,True,,,,,,
2026-06-30,58288437000152,ALTOMAX FUNDO DE INVESTIMENTO EM DIREITOS CREDITÓRIOS SEGMENTO RECEBÍVEIS COMERCIAIS DE RESP LTDA,Classe,89924502.54,OLIVEIRA TRUST DTVM S.A.,1,0.0,0.0,0.0,0.0,0.0,87600428.58,0.0,87600428.58,False,0.0,0.0,0.0,0.0,0.0,False
2026-06-30,58349979000198,VOLKSWAGEN TERA FUNDO DE INVESTIMENTO EM DIREITOS CREDITÓRIOS RECEBÍVEIS COMERCIAIS RESP LTDA,Classe,1085890404.56,OLIVEIRA TRUST DTVM S.A.,1,0.0,0.0,0.0,0.0,0.0,951472214.89,0.0,951472214.89,False,0.0,0.0,0.0,0.0,0.0,False
2026-06-30,58363671000105,ROCK AX FUNDO DE INVESTIMENTO EM DIREITOS CREDITÓRIOS,Classe,46092085.96,MONETAR DISTRIBUIDORA DE TITULOS E VALORES MOBILIARIOS LTDA.,1,0.0,0.0,0.0,0.0,0.0,0.0,46040747.06,46040747.06,False,0.0,0.0,0.0,0.0,0.0,False
2026-06-30,58364147000140,QUATÁ 60 FIC DE FUNDO DE INVESTIMENTO EM DIREITOS CREDITÓRIOS - RESPONSABILIDADE LIMITADA,Classe,11119346.66,QI CORRETORA DE TÍTULOS E VALORES MOBILIÁRIOS S.A.,1,0.0,0.0,0.0,0.0,0.0,0.0,0.0,0.0,True,,,,,,
2026-06-30,58476088000100,SAGA FUNDO DE INVESTIMENTO EM DIREITOS CREDITÓRIOS CRÉDITO PRIVADO - RESPONSABILIDADE LIMITADA,Classe,167604412.23,OLIVEIRA TRUST DTVM S.A.,1,0.0,0.0,0.0,0.0,0.0,167364859.77,0.0,167364859.77,False,0.0,0.0,0.0,0.0,0.0,False
2026-06-30,58476520000155,BRADESCO FARMTECH PLUS - FUNDO DE INVESTIMENTO NAS CADEIAS PRODUTIVAS DO AGRONEGÓCIO - RESP LTDA,Classe,288572745.95,OLIVEIRA TRUST DTVM S.A.,1,0.0,0.0,0.0,0.0,0.0,185770178.41,0.0,185770178.41,False,0.0,0.0,0.0,0.0,0.0,False
2026-06-30,58493475000147,PÉRGAMO FUNDO DE INVESTIMENTO EM DIREITOS CREDITÓRIOS,Classe,9880932.9,WNT CAPITAL DISTRIBUIDORA DE TITULOS E VALORES MOBILIARIOS S.A.,1,0.0,0.0,0.0,0.0,0.0,0.0,0.0,0.0,True,,,,,,
2026-06-30,58525584000107,SOLIS PORTFOLIO CRÉDITO FIC FIDC RESPONSABILIDADE LIMITADA,Classe,110787614.72,XP INVESTIMENTOS CCTVM S.A.,1,0.0,0.0,0.0,0.0,0.0,0.0,0.0,0.0,True,,,,,,
2026-06-30,58532245000140,PETROBRAS BIOECONOMIA FUNDO DE INVESTIMENTO EM DIREITOS CREDITÓRIOS IS DE RESPONSABILIDADE LIMITADA,Classe,125683195.36,OLIVEIRA TRUST DTVM S.A.,1,0.0,0.0,0.0,0.0,0.0,103124551.98,0.0,103124551.98,False,0.0,0.0,0.0,0.0,0.0,False
2026-06-30,58545868000157,POTENCIAL INVEST FUNDO DE INVESTIMENTO EM DIREITOS CREDITÓRIOS,Classe,1108025278.38,OLIVEIRA TRUST DTVM S.A.,1,0.0,0.0,0.0,0.0,0.0,954963657.66,0.0,954963657.66,False,0.0,0.0,0.0,0.0,0.0,False
2026-06-30,58645480000128,POTENCIAL INVEST FUNDO DE INVESTIMENTO EM COTAS DE FUNDOS DE INVESTIMENTO EM  DIREITOS CREDITÓRIOS,Classe,1141150790.24,OLIVEIRA TRUST DTVM S.A.,1,0.0,0.0,0.0,0.0,0.0,0.0,0.0,0.0,True,,,,,,
2026-06-30,58649649000118,BI5 FUNDO DE INVESTIMENTO EM DIREITOS CREDITÓRIOS DE RESPONSABILIDADE LIMITADA,Classe,45329584.41,MONETAR DISTRIBUIDORA DE TITULOS E VALORES MOBILIARIOS LTDA.,1,0.0,0.0,0.0,0.0,0.0,257586.12,40954683.12,41212269.239999995,False,0.0,0.0,0.0,0.0,0.0,False
2026-06-30,58900579000129,MONEE FUNDO DE INVESTIMENTO EM COTAS DE FUNDOS DE INVESTIMENTO EM DIREITOS CREDITÓRIOS RESP LIMITADA,Classe,3438585492.93,QI CORRETORA DE TÍTULOS E VALORES MOBILIÁRIOS S.A.,1,0.0,0.0,0.0,0.0,0.0,0.0,0.0,0.0,True,,,,,,
2026-06-30,60646521000142,RIPRESA FUNDO DE INVESTIMENTO EM DIREITOS CREDITÓRIOS,Classe,5802241.27,MONETAR DISTRIBUIDORA DE TITULOS E VALORES MOBILIARIOS LTDA.,1,0.0,0.0,0.0,0.0,0.0,5715879.11,0.0,5715879.11,False,0.0,0.0,0.0,0.0,0.0,False
2026-06-30,60715499000145,SEVEN CRÉDITO ESTRUTURADO 360 FUNDO DE INVESTIMENTO EM DIREITOS CREDITÓRIOS - RESPONSABILIDADE LIMIT,Classe,343410226.07,XP INVESTIMENTOS CCTVM S.A.,1,0.0,0.0,0.0,0.0,0.0,61548978.75,0.0,61548978.75,False,0.0,0.0,0.0,0.0,0.0,False
2026-06-30,60716732000104,FUNDO DE INVESTIMENTO EM DIREITOS CREDITÓRIOS LE CAPITAL,Classe,6642821.81,MONETAR DISTRIBUIDORA DE TITULOS E VALORES MOBILIARIOS LTDA.,1,0.0,0.0,0.0,0.0,0.0,0.0,5241295.98,5241295.98,False,0.0,0.0,0.0,0.0,0.0,False
2026-06-30,60759882000103,TENDA FUNDO DE INVESTIMENTO EM DIREITOS CREDITÓRIOS NÃO PADRONIZADO,Classe,74355470.78,MONETAR DISTRIBUIDORA DE TITULOS E VALORES MOBILIARIOS LTDA.,1,0.0,0.0,0.0,0.0,0.0,21849700.63,40449852.22,62299552.849999994,False,0.0,0.0,0.0,0.0,0.0,False
2026-06-30,60942242000126,CARTÃO DE COMPRA SUPPLIER FUNDO DE INVESTIMENTO EM DIREITOS CREDITÓRIOS III - RESPONSABILIDADE LTDA,Classe,1073810964.54,OLIVEIRA TRUST DTVM S.A.,1,0.0,0.0,0.0,0.0,0.0,0.0,979679412.7,979679412.7,False,0.0,0.0,0.0,0.0,0.0,False
2026-06-30,61102744000101,FIC AJ BETA FUNDO DE INVESTIMENTO EM COTAS DE DIREITOS CREDITÓRIOS RESPONSABILIDADE LIMITADA,Classe,161560692.81,XP INVESTIMENTOS CCTVM S.A.,1,0.0,0.0,0.0,0.0,0.0,0.0,0.0,0.0,True,,,,,,
2026-06-30,61157943000117,JEITTO FUNDO DE INVESTIMENTO EM DIREITOS CREDITÓRIOS  GUARDIAN RESPONSABILIDADE LIMITADA,Classe,404964651.84,OLIVEIRA TRUST DTVM S.A.,1,0.0,0.0,0.0,0.0,0.0,357260831.55,0.0,357260831.55,False,0.0,0.0,0.0,0.0,0.0,False
2026-06-30,61226894000127,ARC LC FUNDO DE INVESTIMENTO EM DIREITOS CREDITÓRIOS,Classe,11945630.17,OLIVEIRA TRUST DTVM S.A.,1,0.0,0.0,0.0,0.0,0.0,0.0,0.0,0.0,True,,,,,,
2026-06-30,61228249000143,BS PLUS 2 FUNDO DE INVESTIMENTO EM DIREITOS CREDITÓRIOS,Classe,4166799.72,QI CORRETORA DE TÍTULOS E VALORES MOBILIÁRIOS S.A.,1,0.0,0.0,0.0,0.0,0.0,0.0,0.0,0.0,True,,,,,,
2026-06-30,61289111000154,ITAÚ POOL FEEDER FUNDO DE INVESTIMENTO EM COTAS DE FIDC RESPONSABILIDADE LIMITADA,Classe,301536912.8,INTRAG DTVM LTDA.,25,0.0,0.0,0.0,0.0,0.0,0.0,0.0,0.0,True,,,,,,
2026-06-30,61289877000139,ORRAM ALOCAÇÃO FUNDO DE INVESTIMENTO EM COTAS DE FIDC - RESPONSABILIDADE LIMITIDA,Classe,59539407.76,QI CORRETORA DE TÍTULOS E VALORES MOBILIÁRIOS S.A.,1,0.0,0.0,0.0,0.0,0.0,0.0,0.0,0.0,True,,,,,,
2026-06-30,61295347000101,SALIS FUNDO DE INVESTIMENTO EM DIREITOS CREDITÓRIOS - RESPONSABILIDADE LIMITADA,Classe,17998245.9,MONETAR DISTRIBUIDORA DE TITULOS E VALORES MOBILIARIOS LTDA.,1,0.0,0.0,0.0,0.0,0.0,12111216.88,0.0,12111216.88,False,0.0,0.0,0.0,0.0,0.0,False
2026-06-30,61331497000115,VERONA FUNDO DE INVESTIMENTOS EM COTAS DE FUNDOS DE INVESTIMENTO EM DIREITOS CREDITORIOS,Classe,47370806.65,QI CORRETORA DE TÍTULOS E VALORES MOBILIÁRIOS S.A.,1,0.0,0.0,0.0,0.0,0.0,0.0,0.0,0.0,True,,,,,,
2026-06-30,61351481000174,FUNDO DE INVESTIMENTO EM DIREITOS CREDITÓRIOS STELLANTIS MOBILITY I - RESPONSABILIDADE LIMITADA,Classe,598467081.89,QI CORRETORA DE TÍTULOS E VALORES MOBILIÁRIOS S.A.,1,0.0,0.0,0.0,0.0,0.0,582544271.78,0.0,582544271.78,False,0.0,0.0,0.0,0.0,0.0,False
2026-06-30,61385893000125,FUNDO DE INVESTIMENTO EM COTAS DE FIDC SÊNIOR EXODUS INSTITUCIONAL - RESPONSABILIDADE LIMITADA,Classe,354481941.72,QI CORRETORA DE TÍTULOS E VALORES MOBILIÁRIOS S.A.,1,0.0,0.0,0.0,0.0,0.0,0.0,0.0,0.0,True,,,,,,
2026-06-30,61415547000142,EICON FUNDO DE INVESTIMENTO EM DIREITOS CREDITÓRIOS,Classe,161430685.28,MONETAR DISTRIBUIDORA DE TITULOS E VALORES MOBILIARIOS LTDA.,1,0.0,0.0,0.0,0.0,0.0,153322028.51,0.0,153322028.51,False,0.0,0.0,0.0,0.0,0.0,False
2026-06-30,61532126000100,VICTORY FUND - FUNDO DE INVESTIMENTO EM DIREITOS CREDITÓRIOS - RESPONSABILIDADE LIMITADA,Classe,39418101.06,MONETAR DISTRIBUIDORA DE TITULOS E VALORES MOBILIARIOS LTDA.,1,0.0,0.0,0.0,0.0,0.0,30326001.99,0.0,30326001.99,False,0.0,0.0,0.0,0.0,0.0,False
2026-06-30,61604072000132,NTZ EMPORIUM FUNDO DE INVESTIMENTO EM DIREITOS CREDITÓRIOS RESPONSABILIDADE LIMITADA,Classe,109593974.45,MONETAR DISTRIBUIDORA DE TITULOS E VALORES MOBILIARIOS LTDA.,1,0.0,0.0,0.0,0.0,0.0,107959072.98,1474435.88,109433508.86,False,0.0,0.0,0.0,0.0,0.0,False
2026-06-30,64884451000111,KATIV FUNDO DE INVESTIMENTO EM DIREITOS CREDITÓRIOS,Classe,6760095.47,QI CORRETORA DE TÍTULOS E VALORES MOBILIÁRIOS S.A.,1,0.0,0.0,0.0,0.0,0.0,0.0,0.0,0.0,True,,,,,,
2026-06-30,64895700000174,SYNTHEKE FUNDO DE INVESTIMENTO EM COTAS DE FUNDO DE INVESTIMENTO EM DIREITOS CREDITÓRIOS,Classe,6864894.75,QI CORRETORA DE TÍTULOS E VALORES MOBILIÁRIOS S.A.,1,0.0,0.0,0.0,0.0,0.0,0.0,0.0,0.0,True,,,,,,
2026-06-30,65205033000113,ARC DEB III FUNDO DE INVESTIMENTO EM DIREITOS CREDITÓRIOS DE RESPONSABILIDADE LIMITADA,Classe,177199430.58,OLIVEIRA TRUST DTVM S.A.,1,0.0,0.0,0.0,0.0,0.0,176652472.4,0.0,176652472.4,False,0.0,0.0,0.0,0.0,0.0,False
2026-06-30,65604780000124,BULL CONSIGNADO PRIVADO FUNDO DE INVESTIMENTO EM DIREITOS  CREDITÓRIOS DE RESPONSABILIDADE LIMITADA,Classe,38323060.28,XP INVESTIMENTOS CCTVM S.A.,1,0.0,0.0,0.0,0.0,0.0,0.0,32672740.88,32672740.88,False,0.0,0.0,0.0,0.0,0.0,False
2026-06-30,65873297000145,ARCELORMITTAL VÉRTICE FUNDO DE INVESTIMENTO EM DIREITOS CREDITÓRIOS COMERCIAIS - RESP LIMITADA,Classe,162575853.76,OLIVEIRA TRUST DTVM S.A.,1,0.0,0.0,0.0,0.0,0.0,0.0,147349177.1,147349177.1,False,0.0,0.0,0.0,0.0,0.0,False
2026-06-30,65976848000104,FUNDO DE INVESTIMENTO EM DIREITOS CREDITÓRIOS AGIBANK II RESPONSABILIDADE LIMITADA,Classe,2967229777.92,OLIVEIRA TRUST DTVM S.A.,1,0.0,0.0,0.0,0.0,0.0,0.0,2965967821.98,2965967821.98,False,0.0,0.0,0.0,0.0,0.0,False
2026-06-30,66057766000110,OPR FUNDO DE INVESTIMENTO EM COTAS DE FUNDO DE INVESTIMENTO EM DIREITOS CREDITÓRIOS,Classe,3926613.83,QI CORRETORA DE TÍTULOS E VALORES MOBILIÁRIOS S.A.,1,0.0,0.0,0.0,0.0,0.0,0.0,0.0,0.0,True,,,,,,
2026-06-30,66193864000185,BLACK STONE FUNDO DE INVESTIMENTO EM DIREITOS CREDITÓRIOS RESPONSABILIDADE LIMITADA,Classe,16112755.61,OLIVEIRA TRUST DTVM S.A.,1,0.0,0.0,0.0,0.0,0.0,14883392.33,0.0,14883392.33,False,0.0,0.0,0.0,0.0,0.0,False
2026-06-30,66263596000120,IGUAÇU FUNDO DE INVESTIMENTO EM DIREITOS CREDITÓRIOS DE CLASSE ÚNICA FECHADA,Classe,111203681.55,QORE DISTRIBUIDORA DE TÍTULOS E VALORES MOBILIÁRIOS LTDA.,1,0.0,0.0,0.0,0.0,0.0,0.0,0.0,0.0,True,,,,,,
2026-06-30,66321785000102,R4 FUNDO DE INVESTIMENTO EM DIREITOS CREDITÓRIOS,Classe,2143342.29,QI CORRETORA DE TÍTULOS E VALORES MOBILIÁRIOS S.A.,1,0.0,0.0,0.0,0.0,0.0,0.0,0.0,0.0,True,,,,,,
2026-06-30,66573074000125,SEVEN CRÉDITO ESTRUTURADO 90 FUNDO DE INVESTIMENTO EM DIREITOS CREDITÓRIOS RESPONSABILIDADE LIMITADA,Classe,17154885.74,XP INVESTIMENTOS CCTVM S.A.,1,0.0,0.0,0.0,0.0,0.0,6338403.26,0.0,6338403.26,False,0.0,0.0,0.0,0.0,0.0,False
2026-06-30,66584389000178,NEXUN FUNDO DE INVESTIMENTO EM DIREITOS CREDITORIOS DE RESPONSABILIDADE LIMTADA,Classe,25502436.23,OLIVEIRA TRUST DTVM S.A.,1,0.0,0.0,0.0,0.0,0.0,20540962.33,0.0,20540962.33,False,0.0,0.0,0.0,0.0,0.0,False
2026-06-30,66587464000154,TUERI 30 FUNDO DE INVESTIMENTO EM COTAS DE FUNDO DE INVESTIMENTO EM DIREITOS CREDITÓRIOS RL,Classe,9381044.91,QI CORRETORA DE TÍTULOS E VALORES MOBILIÁRIOS S.A.,1,0.0,0.0,0.0,0.0,0.0,0.0,0.0,0.0,True,,,,,,
2026-06-30,66678853000195,AUREVIA FUNDO DE INVESTIMENTO EM COTAS DE FUNDO DE INVESTIMENTO EM DIREITOS CREDITÓRIOS RL,Classe,3701667.5,QI CORRETORA DE TÍTULOS E VALORES MOBILIÁRIOS S.A.,1,0.0,0.0,0.0,0.0,0.0,0.0,0.0,0.0,True,,,,,,
2026-06-30,66687692000104,OMIE I FUNDO DE INVESTIMENTO EM DIREITOS CREDITÓRIOS - RESPONSABILIDADE LIMITADA,Classe,15291115.46,QI CORRETORA DE TÍTULOS E VALORES MOBILIÁRIOS S.A.,1,0.0,0.0,0.0,0.0,0.0,0.0,0.0,0.0,True,,,,,,
2026-06-30,66688902000170,CLT  NOW III FUNDO DE INVESTIMENTO EM DIREITOS CREDITÓRIOS DE RESPONSABILIDADE  LIMITADA,Classe,15105594.44,OLIVEIRA TRUST DTVM S.A.,1,0.0,0.0,0.0,0.0,0.0,0.0,13931836.27,13931836.27,False,0.0,0.0,0.0,0.0,0.0,False
2026-06-30,66745267000116,ARC SPECIAL I FUNDO DE INVESTIMENTO EM DIREITOS CREDITÓRIOS DE RESPONSABILIDADE LIMITADA,Classe,210241498.47,OLIVEIRA TRUST DTVM S.A.,1,0.0,0.0,0.0,0.0,0.0,204611450.31,0.0,204611450.31,False,0.0,0.0,0.0,0.0,0.0,False
2026-06-30,66869706000100,CAJU CONSIGNADO PRIVADO FUNDO DE INVESTIMENTO EM DIREITOS CREDITÓRIOS DE RESPONSABILIDADE LIMITADA,Classe,6817591.34,OLIVEIRA TRUST DTVM S.A.,1,0.0,0.0,0.0,0.0,0.0,0.0,4791829.87,4791829.87,False,0.0,0.0,0.0,0.0,0.0,False
2026-06-30,66915152000122,FUNDO DE INVESTIMENTO EM DIREITOS CREDITÓRIOS MAIM RESPONSABILIDADE LIMITADA,Classe,20810342.0,QI CORRETORA DE TÍTULOS E VALORES MOBILIÁRIOS S.A.,1,0.0,0.0,0.0,0.0,0.0,0.0,0.0,0.0,True,,,,,,
2026-06-30,67315973000190,AGIBANK SELEÇÃO FIC FIDC - RESPONSABILIDADE LIMITADA,Classe,24920142.71,OLIVEIRA TRUST DTVM S.A.,1,0.0,0.0,0.0,0.0,0.0,0.0,0.0,0.0,True,,,,,,
2026-06-30,64015781000170,GRANO FUNDO DE INVESTIMENTO EM DIREITOS CREDITÓRIOS,Classe,39121.48,QI CORRETORA DE TÍTULOS E VALORES MOBILIÁRIOS S.A.,1,0.0,0.0,0.0,0.0,0.0,0.0,0.0,0.0,True,,,,,,
2026-06-30,60261869000111,JIVEMAUÁ BOSSANOVA CRÉDITO SECURITIZADO (VAREJO) FUNDO DE INVESTIMENTO EM DIREITOS CREDITÓRIOS RL,Classe,205926088.48,XP INVESTIMENTOS CCTVM S.A.,1,0.0,0.0,0.0,0.0,0.0,100696524.81,0.0,100696524.81,False,0.0,0.0,0.0,0.0,0.0,False
2026-06-30,63677254000169,LC2M FUNDO DE INVESTIMENTO EM DIREITOS CREDITÓRIOS - DE RESPONSABILIDADE LIMITADA,Classe,56436204.07,OLIVEIRA TRUST DTVM S.A.,1,0.0,0.0,0.0,0.0,0.0,0.0,50053467.46,50053467.46,False,0.0,0.0,0.0,0.0,0.0,False
2026-06-30,64027271000113,REDWOOD HIGH YIELD CP FIC EM FUNDOS DE INVESTIMENTO EM DIREITOS CREDITÓRIOS RESP LIMITADA,Classe,23784154.32,PLANNER CORRETORA DE VALORES S.A.,1,0.0,0.0,0.0,0.0,0.0,0.0,0.0,0.0,True,,,,,,
2026-06-30,62853435000136,CAP FUNDO DE INVESTIMENTO EM DIREITOS CREDITÓRIOS  RESPONSABILIDADE LIMITADA,Classe,23168911.85,MONETAR DISTRIBUIDORA DE TITULOS E VALORES MOBILIARIOS LTDA.,1,0.0,0.0,0.0,0.0,0.0,23168664.8,79636.25,23248301.05,False,0.0,0.0,0.0,0.0,0.0,False
2026-06-30,60292446000169,XP FUNDO DE INVESTIMENTO EM DIREITOS CREDITÓRIOS CRÉDITO IMOBILIÁRIO RESPONSABILIDADE LIMITADA,Classe,62158112.7,XP INVESTIMENTOS CCTVM S.A.,1,0.0,0.0,0.0,0.0,0.0,52283123.97,0.0,52283123.97,False,0.0,0.0,0.0,0.0,0.0,False
2026-06-30,63679105000139,FUNDO DE INVESTIMENTO EM COTAS DE FUNDO DE INVESTIMENTO EM DIREITOS CREDITÓRIOS RIZA SRM - RESPONSAB,Classe,66864128.68,QI CORRETORA DE TÍTULOS E VALORES MOBILIÁRIOS S.A.,1,0.0,0.0,0.0,0.0,0.0,0.0,0.0,0.0,True,,,,,,
2026-06-30,59213700000107,ITAUNA PIPELINE FIC FIDC - RESPONSABILIDADE LIMITADA,Classe,28441889.16,QI CORRETORA DE TÍTULOS E VALORES MOBILIÁRIOS S.A.,1,0.0,0.0,0.0,0.0,0.0,0.0,0.0,0.0,True,,,,,,
2026-06-30,63679664000149,TD I FUNDO DE INVESTIMENTO EM DIREITOS CREDITÓRIOS DE RESPONSABILIDADE LIMITADA,Classe,28464608.1,OLIVEIRA TRUST DTVM S.A.,1,0.0,0.0,0.0,0.0,0.0,0.0,22677687.99,22677687.99,False,0.0,0.0,0.0,0.0,0.0,False
2026-06-30,61921850000117,IPO II FUNDO DE INVESTIMENTO EM DIREITOS CREDITÓRIOS - RESPONSABILIDADE LIMITADA,Classe,73745410.4,QI CORRETORA DE TÍTULOS E VALORES MOBILIÁRIOS S.A.,1,0.0,0.0,0.0,0.0,0.0,0.0,0.0,0.0,True,,,,,,
2026-06-30,59685331000155,CROMO FUNDO DE INVESTIMENTO EM DIREITOS CREDITÓRIOS RESPONSABILIDADE LIMITADA,Classe,33495278.66,XP INVESTIMENTOS CCTVM S.A.,1,0.0,0.0,0.0,0.0,0.0,30493017.19,0.0,30493017.19,False,0.0,0.0,0.0,0.0,0.0,False
2026-06-30,60309214000176,EXPOBAND FUNDO DE INVESTIMENTO EM DIREITOS CREDITORIOS RESPONSABILIDADE LIMITADA,Classe,92579639.75,MONETAR DISTRIBUIDORA DE TITULOS E VALORES MOBILIARIOS LTDA.,1,0.0,0.0,0.0,0.0,0.0,141514.48,61766200.8,61907715.279999994,False,0.0,0.0,0.0,0.0,0.0,False
2026-06-30,63679792000192,BLUE HEALTH FIDC RECEBÍVEIS COMERCIAIS DE RESPONSABILIDADE LIMITADA,Classe,142173656.83,OLIVEIRA TRUST DTVM S.A.,1,0.0,0.0,0.0,0.0,0.0,0.0,132968814.92,132968814.92,False,0.0,0.0,0.0,0.0,0.0,False
2026-06-30,62342629000177,HEALTH I FUNDO DE INVESTIMENTO EM DIREITOS CREDITÓRIOS - RESPONSABILIDADE LIMITADA,Classe,1845904.27,MONETAR DISTRIBUIDORA DE TITULOS E VALORES MOBILIARIOS LTDA.,1,0.0,0.0,0.0,0.0,0.0,437037.39,1152580.8,1589618.19,False,0.0,0.0,0.0,0.0,0.0,False
2026-06-30,59092306000168,AMYX FUNDO DE INVESTIMENTO EM DIREITOS CREDITÓRIOS,Classe,51398371.75,OLIVEIRA TRUST DTVM S.A.,1,0.0,0.0,0.0,0.0,0.0,0.0,51199786.98,51199786.98,False,0.0,0.0,0.0,0.0,0.0,False
2026-06-30,64060613000105,POTENCIAL CAPITAL FUNDO DE INVESTIMENTO EM DIREITOS CREDITÓRIOS RESPONSABILIDADE LIMITADA,Classe,32958331.29,OLIVEIRA TRUST DTVM S.A.,1,0.0,0.0,0.0,0.0,0.0,0.0,10397903.42,10397903.42,False,0.0,0.0,0.0,0.0,0.0,False
2026-06-30,62017163000134,ARTESANAL CDI + FIDC III FUNDO DE INVESTIMENTO EM DIREITOS CREDITÓRIOS - RESPONSABILIDADE LIMITADA,Classe,300047870.17,XP INVESTIMENTOS CCTVM S.A.,1,0.0,0.0,0.0,0.0,0.0,0.0,0.0,0.0,True,,,,,,
2026-06-30,59695343000160,MEZZO HEALTH FUND FUNDO DE INVESTIMENTO EM COTAS DE FUNDOS DE INVESTIMENTO EM DIREITOS CREDITÓRIOS,Classe,22761016.92,QI CORRETORA DE TÍTULOS E VALORES MOBILIÁRIOS S.A.,1,0.0,0.0,0.0,0.0,0.0,0.0,0.0,0.0,True,,,,,,
2026-06-30,64097712000153,CUSTOM CREDIT FUNDO DE INVESTIMENTO EM DIREITOS CREDITÓRIOS - RESPONSABILIDADE LIMITADA,Classe,1902734.16,MONETAR DISTRIBUIDORA DE TITULOS E VALORES MOBILIARIOS LTDA.,1,0.0,0.0,0.0,0.0,0.0,0.0,1787567.59,1787567.59,False,0.0,0.0,0.0,0.0,0.0,False
2026-06-30,61669748000176,LAVORO FORNECEDORES FUNDO DE INVESTIMENTO EM DIREITOS CREDITÓRIOS DO AGRONEGÓCIO - RESP LTDA,Classe,20713043.47,OLIVEIRA TRUST DTVM S.A.,1,0.0,0.0,0.0,0.0,0.0,0.0,18046950.06,18046950.06,False,0.0,0.0,0.0,0.0,0.0,False
2026-06-30,64118207000148,JIVEMAUÁ BOSSANOVA CRÉDITO SECURITIZADO II FUNDO DE INVESTIMENTO EM DIREITOS CREDITÓRIOS,Classe,370378260.21,XP INVESTIMENTOS CCTVM S.A.,1,0.0,0.0,0.0,0.0,0.0,26173104.28,0.0,26173104.28,False,0.0,0.0,0.0,0.0,0.0,False
2026-06-30,62031792000119,DS CAPITAL FUNDO DE INVESTIMENTO EM DIREITOS CREDITÓRIOS,Classe,14451592.14,MONETAR DISTRIBUIDORA DE TITULOS E VALORES MOBILIARIOS LTDA.,1,0.0,0.0,0.0,0.0,0.0,3628822.31,10049481.11,13678303.42,False,0.0,0.0,0.0,0.0,0.0,False
2026-06-30,62948345000129,ARES ENYO FUNDO DE INVESTIMENTO EM DIREITOS CREDITÓRIOS DE RESPONSABILIDADE LIMITADA,Classe,93882720.88,XP INVESTIMENTOS CCTVM S.A.,1,0.0,0.0,0.0,0.0,0.0,61227586.39,0.0,61227586.39,False,0.0,0.0,0.0,0.0,0.0,False
2026-06-30,62639578000140,A4 FUNDO DE INVESTIMENTO EM DIREITOS CREDITÓRIOS  RESPONSABILIDADE LIMITADA,Classe,26121257.79,MONETAR DISTRIBUIDORA DE TITULOS E VALORES MOBILIARIOS LTDA.,1,0.0,0.0,0.0,0.0,0.0,4611991.62,0.0,4611991.62,False,0.0,0.0,0.0,0.0,0.0,False
2026-06-30,63706874000189,STRATEGIC CREDIT PRIVATE CLIENTS FUNDO DE INVESTIMENTO EM COTAS DE FUNDO DE INVESTIMENTO EM DIREITOS,Classe,70888865.63,QI CORRETORA DE TÍTULOS E VALORES MOBILIÁRIOS S.A.,1,0.0,0.0,0.0,0.0,0.0,0.0,0.0,0.0,True,,,,,,
2026-06-30,59137241000120,STERN FUNDO DE INVESTIMENTO EM DIREITOS CREDITÓRIOS RESPONSABILIDADE LIMITADA,Classe,26879134.86,OLIVEIRA TRUST DTVM S.A.,1,0.0,0.0,0.0,0.0,0.0,15557114.95,0.0,15557114.95,False,0.0,0.0,0.0,0.0,0.0,False
2026-06-30,63728565000100,ALDEBARAN IV FUNDO DE INVESTIMENTO EM DIREITOS CREDITÓRIOS - RESPONSABILIDADE LIMITADA,Classe,148419679.36,BANCO J. SAFRA S.A.,1,0.0,0.0,0.0,0.0,0.0,0.0,0.0,0.0,True,,,,,,
2026-06-30,64126861000101,MEU PRECATÓRIO FUNDO DE INVESTIMENTO EM DIREITOS CREDITÓRIOS RESPONSABILIDADE LIMITADA,Classe,20899158.23,OLIVEIRA TRUST DTVM S.A.,1,0.0,0.0,0.0,0.0,0.0,0.0,20701175.94,20701175.94,False,0.0,0.0,0.0,0.0,0.0,False
2026-06-30,64137473000118,VALLORI FUNDO DE INVESTIMENTO EM DIREITOS CREDITÓRIOS,Classe,92118.62,MONETAR DISTRIBUIDORA DE TITULOS E VALORES MOBILIARIOS LTDA.,1,0.0,0.0,0.0,0.0,0.0,0.0,0.0,0.0,True,,,,,,
2026-06-30,60369537000155,ASA FIC FIDC D1 RESPONSABILIDADE LIMITADA,Classe,137974246.34,QI CORRETORA DE TÍTULOS E VALORES MOBILIÁRIOS S.A.,1,0.0,0.0,0.0,0.0,0.0,0.0,0.0,0.0,True,,,,,,
2026-06-30,60369814000120,BR4 FUND FUNDO DE INVESTIMENTO EM DIREITOS CREDITÓRIOS  RESPONSABILIDADE LIMITADA,Classe,13856619.28,RJI CORRETORA DE TÍTULOS E VALORES MOBILIÁRIOS LTDA.,1,0.0,0.0,0.0,0.0,0.0,13841763.7,0.0,13841763.7,False,0.0,0.0,0.0,0.0,0.0,False
2026-06-30,63762704000111,BRAVE 180 FUNDO DE INVESTIMENTO EM COTAS DE FUNDOS DE INVESTIMENTO EM DIREITOS CREDITÓRIOS,Classe,37245885.25,XP INVESTIMENTOS CCTVM S.A.,1,0.0,0.0,0.0,0.0,0.0,0.0,0.0,0.0,True,,,,,,
2026-06-30,59714044000126,NTZ ALPHA FUNDO DE INVESTIMENTO EM DIREITOS CRÉDITORIOS  NÃO PADRONIZADODE RESPONSABILIDADE LIMITADA,Classe,13916467.49,MONETAR DISTRIBUIDORA DE TITULOS E VALORES MOBILIARIOS LTDA.,1,0.0,0.0,0.0,0.0,0.0,0.0,0.0,0.0,True,,,,,,
2026-06-30,62359143000141,XP VINTAGE I FUNDO DE INVESTIMENTO EM DIREITOS CREDITÓRIOS MULTICARTEIRA OUTROS RL,Classe,145041562.65,XP INVESTIMENTOS CCTVM S.A.,1,0.0,0.0,0.0,0.0,0.0,0.0,0.0,0.0,True,,,,,,
2026-06-30,60369959000120,ASA FUNDO DE INVESTIMENTO EM COTAS DE FIDC 30 RESPONSABILIDADE LIMITADA,Classe,20411606.04,QI CORRETORA DE TÍTULOS E VALORES MOBILIÁRIOS S.A.,1,0.0,0.0,0.0,0.0,0.0,0.0,0.0,0.0,True,,,,,,
2026-06-30,62359769000158,ELITE CRED FUNDO DE INVESTIMENTO EM DIREITOS CREDITÓRIOS,Classe,1818569.98,MONETAR DISTRIBUIDORA DE TITULOS E VALORES MOBILIARIOS LTDA.,1,0.0,0.0,0.0,0.0,0.0,0.0,2198466.19,2198466.19,False,0.0,0.0,0.0,0.0,0.0,False
2026-06-30,63778221000105,LTA IRONTREND ONE FUNDO DE INVESTIMENTO EM DIREITOS CREDITÓRIOS,Classe,29434682.36,MONETAR DISTRIBUIDORA DE TITULOS E VALORES MOBILIARIOS LTDA.,1,0.0,0.0,0.0,0.0,0.0,27588532.63,0.0,27588532.63,False,0.0,0.0,0.0,0.0,0.0,False
2026-06-30,59912498000101,INNOVAR FUNDO DE INVESTIMENTO EM DIREITOS CREDITORIOS RESPONSABILIDADE LIMITADA,Classe,22618103.41,MONETAR DISTRIBUIDORA DE TITULOS E VALORES MOBILIARIOS LTDA.,1,0.0,0.0,0.0,0.0,0.0,0.0,17934913.82,17934913.82,False,0.0,0.0,0.0,0.0,0.0,False
2026-06-30,62363602000160,GUARDIAN FUTURO V FUNDO DE  INVESTIMENTO EM DIREITOS CREDITÓRIOS RESPONSABILIDADE LIMITADA,Classe,209541559.77,OLIVEIRA TRUST DTVM S.A.,1,0.0,0.0,0.0,0.0,0.0,0.0,177948877.51,177948877.51,False,0.0,0.0,0.0,0.0,0.0,False
2026-06-30,62543489000103,IALA FUNDO DE INVESTIMENTO EM DIREITOS CREDITÓRIOS,Classe,5520645.88,MONETAR DISTRIBUIDORA DE TITULOS E VALORES MOBILIARIOS LTDA.,1,0.0,0.0,0.0,0.0,0.0,0.0,5095717.79,5095717.79,False,0.0,0.0,0.0,0.0,0.0,False
2026-06-30,62690693000149,FIDC RANDONCORP SEGMENTO RECEBÍVEIS COMERCIAIS RESPONSABILIDADE LIMITADA,Classe,658827258.1,INTEGRAL ACCESS DISTRIBUIDORA DE TÍTULOS E VALORES MOBILIÁRIOS LTDA.,1,0.0,0.0,0.0,0.0,0.0,0.0,617591011.1,617591011.1,False,0.0,0.0,0.0,0.0,0.0,False
2026-06-30,60430405000191,TERCON MC MS FUNDO DE INVESTIMENTO EM COTAS DE FUNDO DE INVESTIMENTO EM DIREITOS CREDITÓRIOS,Classe,33345817.17,QI CORRETORA DE TÍTULOS E VALORES MOBILIÁRIOS S.A.,1,0.0,0.0,0.0,0.0,0.0,0.0,0.0,0.0,True,,,,,,
2026-06-30,63809103000117,NOVUS CRÉDITO HIGH YIELD FUNDO DE INVESTIMENTO EM DIREITOS CREDITÓRIOS,Classe,8386842.08,XP INVESTIMENTOS CCTVM S.A.,1,0.0,0.0,0.0,0.0,0.0,1038341.6,0.0,1038341.6,False,0.0,0.0,0.0,0.0,0.0,False
2026-06-30,59260452000155,GOPIN FUNDO DE INVESTIMENTO EM COTAS DE FUNDO DE INVESTIMENTO EM DIREITOS CREDITÓRIOS,Classe,39742976.58,QI CORRETORA DE TÍTULOS E VALORES MOBILIÁRIOS S.A.,1,0.0,0.0,0.0,0.0,0.0,0.0,0.0,0.0,True,,,,,,
2026-06-30,60447905000136,ÉXES SPECIAL OPPORTUNITIES II FUNDO DE INVESTIMENTO EM DIREITOS CREDITÓRIOS RESP LTDA,Classe,43861313.04,OLIVEIRA TRUST DTVM S.A.,1,0.0,0.0,0.0,0.0,0.0,27045931.13,0.0,27045931.13,False,0.0,0.0,0.0,0.0,0.0,False
2026-06-30,62390922000100,FUNDO DE INVESTIMENTO EM DIREITOS CREDITÓRIOS CLT NOW RESPONSABILIDADE LIMITADA,Classe,474420536.29,OLIVEIRA TRUST DTVM S.A.,1,0.0,0.0,0.0,0.0,0.0,0.0,421565079.71,421565079.71,False,0.0,0.0,0.0,0.0,0.0,False
2026-06-30,63464553000115,PKT SUB I FUNDO DE INVESTIMENTO EM COTAS DE FIDC DE RESPONSABILIDADE LIMITADA,Classe,25044458.94,OLIVEIRA TRUST DTVM S.A.,1,0.0,0.0,0.0,0.0,0.0,0.0,0.0,0.0,True,,,,,,
2026-06-30,60528786000146,FUNDO DE INVESTIMENTO EM DIREITOS CREDITÓRIOS AGIBANK I RESPONSABILIDADE LIMITADA,Classe,2374382918.49,OLIVEIRA TRUST DTVM S.A.,1,0.0,0.0,0.0,0.0,0.0,2372987761.72,0.0,2372987761.72,False,0.0,0.0,0.0,0.0,0.0,False
2026-06-30,63024768000115,BRAVIUM  FUNDO DE INVESTIMENTO EM DIREITOS CREDITÓRIOS,Classe,13508790.08,PLANNER CORRETORA DE VALORES S.A.,1,0.0,0.0,0.0,0.0,0.0,0.0,0.0,0.0,True,,,,,,
2026-06-30,62729814000119,DIRECIONAL RECEBÍVEIS FUNDO DE  INVESTIMENTO EM DIREITOS CREDITÓRIOS FINANCEIROS DE  RESP LTDA,Classe,267236880.65,OLIVEIRA TRUST DTVM S.A.,1,0.0,0.0,0.0,0.0,0.0,0.0,260285171.94,260285171.94,False,0.0,0.0,0.0,0.0,0.0,False
2026-06-30,61753889000172,NACIONAL 2 FUNDO DE INVESTIMENTO EM DIREITOS CREDITORIOS DE RESPONSABILIDADE LIMITADA,Classe,65847054.45,OLIVEIRA TRUST DTVM S.A.,1,0.0,0.0,0.0,0.0,0.0,58676802.56,0.0,58676802.56,False,0.0,0.0,0.0,0.0,0.0,False
2026-06-30,61927592000186,WELLGROW FUNDO DE INVESTIMENTO EM DIREITOS CREDITÓRIOS - RESPONSABILIDADE LIMITADA,Classe,85543950.64,QI CORRETORA DE TÍTULOS E VALORES MOBILIÁRIOS S.A.,1,0.0,0.0,0.0,0.0,0.0,0.0,0.0,0.0,True,,,,,,
2026-06-30,63823888000182,VETBANK FUNDO DE INVESTIMENTO EM DIREITOS CREDITÓRIOS RESPONSABILIDADE LIMITADA,Classe,9343871.55,MONETAR DISTRIBUIDORA DE TITULOS E VALORES MOBILIARIOS LTDA.,1,0.0,0.0,0.0,0.0,0.0,0.0,10397352.9,10397352.9,False,0.0,0.0,0.0,0.0,0.0,False
2026-06-30,64438386000109,HEAD CRÉDITO AO TRABALHADOR FUNDO DE INVESTIMENTO EM DIREITOS CREDITÓRIOS RESP LIMITADA,Classe,3031520.81,OLIVEIRA TRUST DTVM S.A.,1,0.0,0.0,0.0,0.0,0.0,0.0,2946943.54,2946943.54,False,0.0,0.0,0.0,0.0,0.0,False
2026-06-30,59560195000177,OCCAM PORTFOLIO CRÉDITO FUNDO DE INVESTIMENTO EM DIREITOS CREDITÓRIOS DE RESPONSABILIDADE LIMITADA,Classe,123109892.55,XP INVESTIMENTOS CCTVM S.A.,1,0.0,0.0,0.0,0.0,0.0,47218404.23,0.0,47218404.23,False,0.0,0.0,0.0,0.0,0.0,False
2026-06-30,63834653000196,APOLLO CT FUNDO DE INVESTIMENTO EM DIREITOS CREDITÓRIOS CRÉDITO CONSIGNADO PRIVADO - RESP LIMITADA,Classe,10512600.75,OLIVEIRA TRUST DTVM S.A.,1,0.0,0.0,0.0,0.0,0.0,0.0,7840752.79,7840752.79,False,0.0,0.0,0.0,0.0,0.0,False
2026-06-30,59986749000100,XP KAMINO FUNDO DE INVESTIMENTO EM COTAS DE DIREITOS CREDITÓRIOS RESPONSABILIDADE LIMITADA,Classe,18871035.27,XP INVESTIMENTOS CCTVM S.A.,1,0.0,0.0,0.0,0.0,0.0,0.0,0.0,0.0,True,,,,,,
2026-06-30,59599914000163,FUNDO DE INVESTIMENTO EM DIREITOS CREDITÓRIOS  FUTURO PREVIDENCIA CONSIGNADO PUBLICO IV RESP LTDA,Classe,154948511.59,OLIVEIRA TRUST DTVM S.A.,1,0.0,0.0,0.0,0.0,0.0,152721017.26,0.0,152721017.26,False,0.0,0.0,0.0,0.0,0.0,False
2026-06-30,63070011000168,FIONA FUNDO DE INVESTIMENTO EM DIREITOS CREDITÓRIOS RESPONSABILIDADE LIMITADA,Classe,192413380.92,OLIVEIRA TRUST DTVM S.A.,1,0.0,0.0,0.0,0.0,0.0,0.0,120833780.9,120833780.9,False,0.0,0.0,0.0,0.0,0.0,False
2026-06-30,61799604000134,GCB FORNECEDORES FUNDO DE INVESTIMENTO EM DIREITOS CREDITÓRIOS COMERCIAIS RESPONSABILIDADE LIMITADA,Classe,785615459.71,OLIVEIRA TRUST DTVM S.A.,1,0.0,0.0,0.0,0.0,0.0,0.0,769855278.46,769855278.46,False,0.0,0.0,0.0,0.0,0.0,False
2026-06-30,62588266000154,VTK FUNDO DE  INVESTIMENTO EM DIREITOS CREDITÓRIOS RESPONSABILIDADE  LIMITADA,Classe,3085111034.31,OLIVEIRA TRUST DTVM S.A.,1,0.0,0.0,0.0,0.0,0.0,0.0,2738344752.38,2738344752.38,False,0.0,0.0,0.0,0.0,0.0,False
2026-06-30,59773387000161,ITAÚ PIRINEUS III PRIVATE FIC FIDC DE INFRAESTRUTURA RESPONSABILIDADE LIMITADA,Classe,289213926.41,INTRAG DTVM LTDA.,25,0.0,0.0,0.0,0.0,0.0,0.0,0.0,0.0,True,,,,,,
2026-06-30,59773538000181,ITAÚ PIRINEUS III FIC FIDC DE DE INFRAESTRUTURA RESPONSABILIDADE LIMITADA,Classe,261596805.1,INTRAG DTVM LTDA.,25,0.0,0.0,0.0,0.0,0.0,0.0,0.0,0.0,True,,,,,,
2026-06-30,63867299000104,VDP FUNDO DE INVESTIMENTO EM DIREITOS CREDITÓRIOS CRÉDITO PRIVADO - RESPONSABILIDADE LIMITADA,Classe,106367071.63,OLIVEIRA TRUST DTVM S.A.,1,0.0,0.0,0.0,0.0,0.0,105596208.55,0.0,105596208.55,False,0.0,0.0,0.0,0.0,0.0,False
2026-06-30,64603028000104,CREDIT CASH FUNDO DE INVESTIMENTO EM DIREITOS CREDITÓRIOS,Classe,14488410.55,PLANNER CORRETORA DE VALORES S.A.,1,0.0,0.0,0.0,0.0,0.0,0.0,0.0,0.0,True,,,,,,
2026-06-30,61802352000155,XP CRÉDITO ESTRUTURADO 90 FUNDO DE INVESTIMENTO EM DIREITOS CREDITÓRIOS - RESPONSABILIDADE LIMITADA,Classe,109816506.77,XP INVESTIMENTOS CCTVM S.A.,1,0.0,0.0,0.0,0.0,0.0,41152853.63,0.0,41152853.63,False,0.0,0.0,0.0,0.0,0.0,False
2026-06-30,63881926000153,ITAIM DELTA NPL FUNDO DE INVESTIMENTO EM DIREITOS CREDITÓRIOS,Classe,686626.9,MONETAR DISTRIBUIDORA DE TITULOS E VALORES MOBILIARIOS LTDA.,1,0.0,0.0,0.0,0.0,0.0,700870.75,0.0,700870.75,False,0.0,0.0,0.0,0.0,0.0,False
2026-06-30,64689513000134,CRÉD. AO TRAB. FIC DE FUNDO DE INVESTIMENTO EM DIREITOS CREDITÓRIOS RESP LIMITADA,Classe,2399410.0,OLIVEIRA TRUST DTVM S.A.,1,0.0,0.0,0.0,0.0,0.0,0.0,0.0,0.0,True,,,,,,
2026-06-30,60026040000134,VIP II FGTS FUNDO DE INVESTIMENTO EM DIREITOS CREDITORIOS DE RESPONSABILIDADE LIMITADA,Classe,58252875.46,OLIVEIRA TRUST DTVM S.A.,1,0.0,0.0,0.0,0.0,0.0,0.0,54592627.54,54592627.54,False,0.0,0.0,0.0,0.0,0.0,False
2026-06-30,62782703000176,PORTI FUNDO DE INVESTIMENTO EM DIREITOS CREDITÓRIOS,Classe,2634886.74,MONETAR DISTRIBUIDORA DE TITULOS E VALORES MOBILIARIOS LTDA.,1,0.0,0.0,0.0,0.0,0.0,0.0,2392143.36,2392143.36,False,0.0,0.0,0.0,0.0,0.0,False
2026-06-30,63937880000147,GPMG FUNDO DE INVESTIMENTO EM DIREITOS CREDITÓRIOS RESPONSABILIDADE LIMITADA,Classe,16275376.1,MONETAR DISTRIBUIDORA DE TITULOS E VALORES MOBILIARIOS LTDA.,1,0.0,0.0,0.0,0.0,0.0,15506174.27,0.0,15506174.27,False,0.0,0.0,0.0,0.0,0.0,False
2026-06-30,64642939000132,VQV FUNDO DE INVESTIMENTO EM COTAS DE FUNDO DE INVESTIMENTO EM DIREITOS  CREDITÓRIOS RESPONSABILIDAD,Classe,6254022.5,QI CORRETORA DE TÍTULOS E VALORES MOBILIÁRIOS S.A.,1,0.0,0.0,0.0,0.0,0.0,0.0,0.0,0.0,True,,,,,,
2026-06-30,63244964000103,CHAPADA FUNDO DE INVESTIMENTO EM DIREITOS CREDITÓRIOS RESPONSABILIDADE LIMITADA,Classe,30352033.29,MONETAR DISTRIBUIDORA DE TITULOS E VALORES MOBILIARIOS LTDA.,1,0.0,0.0,0.0,0.0,0.0,27249138.46,0.0,27249138.46,False,0.0,0.0,0.0,0.0,0.0,False
2026-06-30,59063143000195,GUARDIAN MULTI CONSIGNADO XIII FUNDO DE  INVESTIMENTO EM DIREITOS CREDITÓRIOS RESP LTDA,Classe,821140488.29,OLIVEIRA TRUST DTVM S.A.,1,0.0,0.0,0.0,0.0,0.0,800541957.17,0.0,800541957.17,False,0.0,0.0,0.0,0.0,0.0,False
2026-06-30,63535955000163,FATURACRED FUNDO DE INVESTIMENTO EM DIREITOS CREDITÓRIOS RESPONSABILIDADE,Classe,17090372.29,MONETAR DISTRIBUIDORA DE TITULOS E VALORES MOBILIARIOS LTDA.,1,0.0,0.0,0.0,0.0,0.0,17042073.74,0.0,17042073.74,False,0.0,0.0,0.0,0.0,0.0,False
2026-06-30,59602002000101,LARCA CONSIGNADO III FUNDO DE INVESTIMENTO EM  DIREITOS CREDITORIOS - RESPONSABILIDADE LIMITADA,Classe,83569753.26,OLIVEIRA TRUST DTVM S.A.,1,0.0,0.0,0.0,0.0,0.0,78650186.5,0.0,78650186.5,False,0.0,0.0,0.0,0.0,0.0,False
2026-06-30,64011100000104,NTZ ALPHA 2 FUNDO DE INVESTIMENTO EM DIREITOS CREDITÓRIOS - RESPONSABILIDADE LIMITADA,Classe,23101691.91,MONETAR DISTRIBUIDORA DE TITULOS E VALORES MOBILIARIOS LTDA.,1,0.0,0.0,0.0,0.0,0.0,0.0,0.0,0.0,True,,,,,,
2026-06-30,59201703000120,ITAÚ SONETO CRÉD PRIV FI EM COTAS DE FUNDO DE INVESTIMENTO EM DIREITOS CREDITÓRIOS RESP LIMITADA,Classe,471133192.25,INTRAG DTVM LTDA.,25,0.0,0.0,0.0,0.0,0.0,0.0,0.0,0.0,True,,,,,,
2026-06-30,64012744000109,GUARDIAN FUTURO VI FUNDO DE INVESTIMENTO EM DIREITOS CREDITÓRIOS RESPONSABILIDADE LIMITADA,Classe,102373454.8,OLIVEIRA TRUST DTVM S.A.,1,0.0,0.0,0.0,0.0,0.0,0.0,67993978.35,67993978.35,False,0.0,0.0,0.0,0.0,0.0,False
2026-06-30,60124803000180,INOVA III FUNDO DE INVESTIMENTO EM COTAS DE FIDC DE RESPONSABILIDADE LIMITADA,Classe,17766938.27,MONETAR DISTRIBUIDORA DE TITULOS E VALORES MOBILIARIOS LTDA.,1,0.0,0.0,0.0,0.0,0.0,0.0,0.0,0.0,True,,,,,,
2026-06-30,63296865000167,ICRED FGTS 2 FUNDO DE INVESTIMENTO EM DIREITOS CREDITÓRIOS RESPONSABILIDADE LIMITADA,Classe,96825558.24,OLIVEIRA TRUST DTVM S.A.,1,0.0,0.0,0.0,0.0,0.0,0.0,94378004.04,94378004.04,False,0.0,0.0,0.0,0.0,0.0,False
2026-06-30,59773698000120,ITAÚ PIRINEUS III DISTRIBUIDORES FIC FIDC DE INFRAESTRUTURA RESPONSABILIDADE LIMITADA,Classe,86910934.35,INTRAG DTVM LTDA.,25,0.0,0.0,0.0,0.0,0.0,0.0,0.0,0.0,True,,,,,,
2026-06-30,61734134000120,BERM FUNDO DE INVESTIMENTO EM DIREITOS CREDITÓRIOS,Classe,12088490.52,MONETAR DISTRIBUIDORA DE TITULOS E VALORES MOBILIARIOS LTDA.,1,0.0,0.0,0.0,0.0,0.0,0.0,0.0,0.0,True,,,,,,
2026-06-30,60103810000103,JIVEMAUÁ BOSSANOVA CRÉDITO SECURITIZADO FUNDO DE INVESTIMENTO EM DIREITOS CREDITÓRIOS RESP LIMITADA,Classe,457588450.78,XP INVESTIMENTOS CCTVM S.A.,1,0.0,0.0,0.0,0.0,0.0,0.0,0.0,0.0,True,,,,,,
2026-06-30,63663195000170,PG2 FUNDO DE INVESTIMENTO EM COTAS DE FUNDOS DE INVESTIMENTO EM DIREITOS CREDITÓRIOS RESP LIMITADA,Classe,47997739.27,OLIVEIRA TRUST DTVM S.A.,1,0.0,0.0,0.0,0.0,0.0,0.0,0.0,0.0,True,,,,,,
2026-06-30,59151364000115,POSITIVO TEC FUNDO DE INVESTIMENTO EM DIREITOS CREDITORIOS - RECEBIVEIS COMERCIAIS DE RESP LTDA,Classe,10307772.38,OLIVEIRA TRUST DTVM S.A.,1,0.0,0.0,0.0,0.0,0.0,6730177.5,0.0,6730177.5,False,0.0,0.0,0.0,0.0,0.0,False
2026-06-30,62809011000174,VECTRO CAPITAL FUNDO DE INVESTIMENTO EM DIREITOS CREDITÓRIOS,Classe,5380264.02,MONETAR DISTRIBUIDORA DE TITULOS E VALORES MOBILIARIOS LTDA.,1,0.0,0.0,0.0,0.0,0.0,0.0,3971551.76,3971551.76,False,0.0,0.0,0.0,0.0,0.0,False
2026-06-30,62410525000152,ILLASI FUNDO DE INVESTIMENTO EM COTAS DE FUNDO DE INVESTIMENTO EM DIREITOS CREDITÓRIOS,Classe,131686267.78,QI CORRETORA DE TÍTULOS E VALORES MOBILIÁRIOS S.A.,1,0.0,0.0,0.0,0.0,0.0,0.0,0.0,0.0,True,,,,,,
2026-06-30,62838279000134,TRENTINO FUNDO DE INVESTIMENTO EM DIREITOS CREDITÓRIO,Classe,6848609.65,WNT CAPITAL DISTRIBUIDORA DE TITULOS E VALORES MOBILIARIOS S.A.,1,0.0,0.0,0.0,0.0,0.0,0.0,0.0,0.0,True,,,,,,
2026-06-30,63974556000107,EVOLUTION FUNDO DE INVESTIMENTO EM DIREITOS CREDITÓRIOS,Classe,4023501.89,MONETAR DISTRIBUIDORA DE TITULOS E VALORES MOBILIARIOS LTDA.,1,0.0,0.0,0.0,0.0,0.0,0.0,0.0,0.0,True,,,,,,
2026-06-30,62590185000199,BC CONSÓRCIO II FUNDO DE INVESTIMENTO EM DIREITOS CREDITÓRIOS  RESPONSABILIDADE LIMITADA,Classe,37506944.66,OLIVEIRA TRUST DTVM S.A.,1,0.0,0.0,0.0,0.0,0.0,0.0,38312834.92,38312834.92,False,0.0,0.0,0.0,0.0,0.0,False
2026-06-30,62790827000101,MRV PRÓ  SOLUTO I FUNDO DE INVESTIMENTO EM DIREITOS CREDITÓRIOS IMOBILIÁRIOS DE RESP LIMITADA,Classe,299790011.19,OLIVEIRA TRUST DTVM S.A.,1,0.0,0.0,0.0,0.0,0.0,0.0,295544550.03,295544550.03,False,0.0,0.0,0.0,0.0,0.0,False
2026-06-30,63123419000150,77SOL FUNDO DE INVESTIMENTO EM DIREITOS CREDITÓRIOS FINANCEIROS DE RESPONSABILIDADE LIMITADA,Classe,41254406.98,OLIVEIRA TRUST DTVM S.A.,1,0.0,0.0,0.0,0.0,0.0,0.0,33934241.58,33934241.58,False,0.0,0.0,0.0,0.0,0.0,False
2026-06-30,63974821000149,ACROSS FUNDO DE INVESTIMENTO EM COTAS DE FUNDO DE INVESTIMENTO EM  DIREITOS CREDITÓRIOS,Classe,11462847.77,QI CORRETORA DE TÍTULOS E VALORES MOBILIÁRIOS S.A.,1,0.0,0.0,0.0,0.0,0.0,0.0,0.0,0.0,True,,,,,,
2026-06-30,63653518000144,BANREG FUNDO DE INVESTIMENTO EM DIREITOS CREDITÓRIOS,Classe,3175867.04,MONETAR DISTRIBUIDORA DE TITULOS E VALORES MOBILIARIOS LTDA.,1,0.0,0.0,0.0,0.0,0.0,234776.79,2683061.26,2917838.05,False,0.0,0.0,0.0,0.0,0.0,False
2026-06-30,62124571000195,ARC TATICO FUNDO DE INVESTIMENTO EM DIREITOS CREDITÓRIOS,Classe,6174424.38,OLIVEIRA TRUST DTVM S.A.,1,0.0,0.0,0.0,0.0,0.0,9748060.07,0.0,9748060.07,False,0.0,0.0,0.0,0.0,0.0,False
2026-06-30,59791370000137,TATUHY FUNDO DE INVESTIMENTO EM COTAS DE FUNDO DE INVESTIMENTO EM DIREITOS CREDITÓRIOS,Classe,5804996.77,QI CORRETORA DE TÍTULOS E VALORES MOBILIÁRIOS S.A.,1,0.0,0.0,0.0,0.0,0.0,0.0,0.0,0.0,True,,,,,,
2026-06-30,63614498000100,VENICE FUNDO DE INVESTIMENTO EM DIREITOS  CREDITÓRIOS RESPONSABILIDADE LIMITADA,Classe,221095575.37,OLIVEIRA TRUST DTVM S.A.,1,0.0,0.0,0.0,0.0,0.0,0.0,120833780.9,120833780.9,False,0.0,0.0,0.0,0.0,0.0,False
2026-06-30,63975281000118,ITAIM SUB FUNDO DE INVESTIMENTO EM DIREITOS CREDITÓRIOS - RESPONSABILIDADE LIMITADA,Classe,11926153.95,MONETAR DISTRIBUIDORA DE TITULOS E VALORES MOBILIARIOS LTDA.,1,0.0,0.0,0.0,0.0,0.0,0.0,0.0,0.0,True,,,,,,
2026-06-30,63572282000111,SELLER 3 FUNDO DE INVESTIMENTO EM DIREITOS CREDITÓRIOS SEGMENTO MEIOS DE PAGAMENTO DE RESP LIMITADA,Classe,1876075238.87,OLIVEIRA TRUST DTVM S.A.,1,0.0,0.0,0.0,0.0,0.0,0.0,1849120045.1,1849120045.1,False,0.0,0.0,0.0,0.0,0.0,False
2026-06-30,63912733000112,JIVEMAUÁ BOSSANOVA CRÉDITO SECURITIZADO II (VAREJO) FUNDO DE INVESTIMENTO EM DIREITOS CREDITÓRIOS,Classe,180733186.93,XP INVESTIMENTOS CCTVM S.A.,1,0.0,0.0,0.0,0.0,0.0,100801782.02,0.0,100801782.02,False,0.0,0.0,0.0,0.0,0.0,False
2026-06-30,58041846000150,FEEDER CB FUNDO DE INVESTIMENTO EM DIREITOS CREDITÓRIOS - RESPONSABILIDADE LIMITADA,Classe,-260481.74,BANVOX DISTRIBUIDORA DE TITULOS E VALORES MOBILIARIOS LTDA,1,1.0,-220301.96,-220301.96,-220301.96,-220301.96,0.0,0.0,0.0,True,,,,,,
